id,split,age,job,marital,education,default,balance,housing,loan,contact,day,month,duration,campaign,pdays,previous,poutcome,y,was_contacted_before,campaign_intensity,age_group,quarter
1,labeled,31,management,married,tertiary,no,460.0,no,no,cellular,28,aug,13.0,14,-1,0,unknown,no,0,14.0,adulto_joven,Q3
2,labeled,34,blue-collar,married,secondary,no,1826.0,yes,no,cellular,20,may,203.0,2,-1,0,unknown,no,0,2.0,adulto_joven,Q2
3,labeled,50,blue-collar,married,secondary,no,290.0,yes,no,cellular,7,aug,226.0,3,-1,0,unknown,no,0,3.0,adulto,Q3
4,labeled,42,admin.,divorced,secondary,no,1077.0,yes,no,cellular,14,may,213.0,1,-1,0,unknown,no,0,1.0,adulto_joven,Q2
5,labeled,47,services,single,secondary,no,41.0,yes,no,cellular,5,may,298.0,1,-1,0,unknown,no,0,1.0,adulto,Q2
6,labeled,48,management,married,tertiary,no,6609.0,no,no,cellular,17,jun,159.0,3,-1,0,unknown,no,0,3.0,adulto,Q2
7,labeled,48,blue-collar,married,secondary,no,750.0,yes,no,cellular,16,apr,227.0,1,-1,0,unknown,no,0,1.0,adulto,Q2
8,labeled,33,management,married,secondary,no,13689.540000000003,yes,no,cellular,23,may,415.0,1,-1,0,unknown,no,0,1.0,adulto_joven,Q2
9,labeled,53,technician,divorced,primary,no,7280.0,yes,no,cellular,30,may,153.0,1,-1,0,unknown,no,0,1.0,adulto,Q2
10,labeled,43,management,married,tertiary,no,2883.0,no,no,cellular,20,nov,230.0,1,-1,0,unknown,no,0,1.0,adulto_joven,Q4
11,labeled,37,management,single,tertiary,no,42.0,no,no,cellular,28,jan,253.0,2,-1,0,unknown,no,0,2.0,adulto_joven,Q1
12,labeled,37,services,married,secondary,no,1322.0,yes,no,telephone,13,may,121.0,2,341,4,failure,no,1,0.4,adulto_joven,Q2
13,labeled,38,blue-collar,married,primary,no,504.0,yes,yes,cellular,12,jun,122.0,1,-1,0,unknown,no,0,1.0,adulto_joven,Q2
14,labeled,30,services,single,secondary,no,0.0,yes,no,cellular,18,may,131.0,6,363,9,failure,no,1,0.6,joven,Q2
15,labeled,29,management,single,tertiary,no,27.0,yes,no,cellular,14,may,107.0,4,371,3,failure,no,1,1.0,joven,Q2
16,labeled,46,management,married,tertiary,no,1366.0,yes,no,cellular,17,nov,308.0,3,-1,0,unknown,no,0,3.0,adulto,Q4
17,labeled,46,unemployed,married,secondary,no,3538.0,yes,no,cellular,12,aug,235.0,2,-1,0,unknown,no,0,2.0,adulto,Q3
18,labeled,31,blue-collar,single,tertiary,no,2189.0,yes,no,cellular,23,may,146.0,3,-1,0,unknown,no,0,3.0,adulto_joven,Q2
20,labeled,33,technician,married,secondary,no,349.0,yes,no,cellular,20,apr,210.0,1,242,1,other,no,1,0.5,adulto_joven,Q2
21,labeled,28,management,married,tertiary,no,316.0,yes,no,cellular,27,may,4.0,4,-1,0,unknown,no,0,4.0,joven,Q2
22,labeled,38,unemployed,single,tertiary,no,0.0,no,no,cellular,6,feb,39.0,2,-1,0,unknown,no,0,2.0,adulto_joven,Q1
23,labeled,41,technician,single,secondary,no,1674.0,yes,no,cellular,2,jun,76.0,2,-1,0,unknown,no,0,2.0,adulto_joven,Q2
25,labeled,37,technician,divorced,secondary,no,83.0,no,no,cellular,21,jul,191.0,1,-1,0,unknown,no,0,1.0,adulto_joven,Q3
27,labeled,57,retired,married,secondary,no,374.0,yes,yes,cellular,16,jul,236.0,1,-1,0,unknown,no,0,1.0,adulto,Q3
28,labeled,32,technician,single,secondary,no,225.0,yes,no,cellular,18,may,442.0,1,266,8,failure,yes,1,0.1111111111111111,adulto_joven,Q2
29,labeled,35,technician,divorced,secondary,no,0.0,no,no,cellular,25,aug,124.0,4,-1,0,unknown,no,0,4.0,adulto_joven,Q3
30,labeled,32,management,married,tertiary,no,549.0,yes,no,cellular,22,jul,72.0,1,-1,0,unknown,no,0,1.0,adulto_joven,Q3
32,labeled,39,management,married,secondary,no,0.0,yes,no,cellular,27,aug,63.0,3,-1,0,unknown,no,0,3.0,adulto_joven,Q3
33,labeled,41,technician,married,tertiary,no,736.0,yes,no,cellular,14,may,125.0,1,-1,0,unknown,no,0,1.0,adulto_joven,Q2
34,labeled,58,management,married,tertiary,no,2725.0,no,no,cellular,18,jun,188.0,1,-1,0,unknown,no,0,1.0,adulto,Q2
35,labeled,34,technician,single,secondary,no,337.0,yes,no,cellular,6,feb,154.0,2,197,6,failure,no,1,0.2857142857142857,adulto_joven,Q1
36,labeled,39,blue-collar,single,secondary,no,912.0,no,no,cellular,5,jun,20.0,1,-1,0,unknown,no,0,1.0,adulto_joven,Q2
37,labeled,41,admin.,divorced,secondary,no,3832.0,no,no,cellular,26,apr,234.0,10,-1,0,unknown,no,0,10.0,adulto_joven,Q2
38,labeled,27,admin.,married,secondary,no,-245.0,yes,yes,cellular,4,jun,344.0,2,-1,0,unknown,no,0,2.0,joven,Q2
39,labeled,53,technician,divorced,secondary,no,749.0,yes,no,cellular,16,may,343.0,4,-1,0,unknown,no,0,4.0,adulto,Q2
40,labeled,34,management,married,tertiary,no,566.0,no,no,cellular,10,aug,122.0,1,-1,0,unknown,no,0,1.0,adulto_joven,Q3
41,labeled,37,admin.,married,secondary,no,168.0,yes,no,cellular,5,may,147.0,2,347,1,failure,no,1,1.0,adulto_joven,Q2
42,labeled,73,retired,married,primary,no,800.0,no,no,cellular,23,oct,427.0,1,182,2,failure,yes,1,0.3333333333333333,senior,Q4
43,labeled,41,blue-collar,married,secondary,no,-250.0,yes,no,cellular,3,jun,147.0,2,-1,0,unknown,no,0,2.0,adulto_joven,Q2
44,labeled,32,entrepreneur,married,primary,no,798.0,no,no,cellular,8,aug,131.0,3,-1,0,unknown,no,0,3.0,adulto_joven,Q3
45,labeled,48,technician,married,secondary,no,10.0,no,no,cellular,9,jun,65.0,6,-1,0,unknown,no,0,6.0,adulto,Q2
46,labeled,46,entrepreneur,single,tertiary,no,1413.0,yes,no,cellular,19,nov,93.0,1,189,8,failure,no,1,0.1111111111111111,adulto,Q4
48,labeled,41,blue-collar,married,primary,no,-195.0,yes,yes,cellular,6,jun,42.0,1,-1,0,unknown,no,0,1.0,adulto_joven,Q2
49,labeled,33,blue-collar,single,secondary,no,-313.0,no,no,cellular,18,may,268.0,2,-1,0,unknown,no,0,2.0,adulto_joven,Q2
50,labeled,31,technician,married,secondary,no,167.0,no,no,cellular,27,aug,81.0,3,-1,0,unknown,no,0,3.0,adulto_joven,Q3
53,labeled,35,blue-collar,divorced,secondary,no,270.0,no,yes,cellular,10,jul,144.0,5,-1,0,unknown,no,0,5.0,adulto_joven,Q3
55,labeled,44,self-employed,single,tertiary,no,2726.0,yes,no,cellular,12,may,897.0,4,-1,0,unknown,yes,0,4.0,adulto_joven,Q2
56,labeled,41,technician,married,tertiary,no,186.0,yes,no,telephone,11,jul,117.0,2,-1,0,unknown,no,0,2.0,adulto_joven,Q3
57,labeled,49,self-employed,married,secondary,no,2576.0,yes,no,cellular,15,may,64.0,6,-1,0,unknown,no,0,6.0,adulto,Q2
58,labeled,34,blue-collar,married,secondary,no,8307.0,yes,yes,cellular,19,nov,50.0,1,-1,0,unknown,no,0,1.0,adulto_joven,Q4
59,labeled,31,technician,single,secondary,no,1091.0,yes,no,cellular,12,jun,93.0,8,-1,0,unknown,no,0,8.0,adulto_joven,Q2
61,labeled,41,unemployed,married,tertiary,no,1668.0,no,no,cellular,9,jun,291.0,3,-1,0,unknown,no,0,3.0,adulto_joven,Q2
62,labeled,31,services,married,secondary,no,341.0,yes,no,cellular,28,jan,155.0,1,-1,0,unknown,no,0,1.0,adulto_joven,Q1
63,labeled,34,admin.,married,secondary,no,391.0,yes,no,cellular,16,jul,101.0,3,-1,0,unknown,no,0,3.0,adulto_joven,Q3
64,labeled,43,management,married,primary,no,8171.0,yes,no,cellular,19,may,114.0,2,-1,0,unknown,no,0,2.0,adulto_joven,Q2
65,labeled,48,services,married,secondary,no,124.0,yes,no,telephone,20,apr,70.0,4,-1,0,unknown,no,0,4.0,adulto,Q2
66,labeled,43,technician,married,secondary,no,7870.0,yes,no,cellular,11,aug,209.0,2,-1,0,unknown,no,0,2.0,adulto_joven,Q3
67,labeled,37,self-employed,married,tertiary,no,0.0,no,no,cellular,6,jun,143.0,1,-1,0,unknown,no,0,1.0,adulto_joven,Q2
68,labeled,43,technician,married,secondary,no,49.0,no,no,cellular,28,may,63.0,1,-1,0,unknown,no,0,1.0,adulto_joven,Q2
70,labeled,57,retired,married,primary,no,5807.0,no,no,cellular,17,jun,97.0,1,-1,0,unknown,no,0,1.0,adulto,Q2
72,labeled,50,management,single,primary,no,758.0,no,no,cellular,17,jun,174.0,2,-1,0,unknown,no,0,2.0,adulto,Q2
75,labeled,41,blue-collar,married,secondary,no,4894.0,yes,no,telephone,31,jul,121.0,2,-1,0,unknown,no,0,2.0,adulto_joven,Q3
76,labeled,56,services,married,secondary,no,13689.540000000003,yes,no,cellular,21,nov,189.0,1,-1,0,unknown,no,0,1.0,adulto,Q4
78,labeled,36,services,divorced,secondary,no,1585.0,no,no,cellular,6,jun,250.0,3,-1,0,unknown,no,0,3.0,adulto_joven,Q2
79,labeled,53,technician,married,secondary,no,724.0,yes,no,cellular,14,may,230.0,1,-1,0,unknown,no,0,1.0,adulto,Q2
81,labeled,60,management,married,primary,no,4902.0,no,no,cellular,9,jun,313.0,1,-1,0,unknown,no,0,1.0,adulto,Q2
82,labeled,49,management,married,tertiary,no,851.0,yes,no,cellular,20,nov,408.0,1,-1,0,unknown,no,0,1.0,adulto,Q4
83,labeled,26,entrepreneur,single,tertiary,no,81.0,no,no,cellular,21,jul,262.0,3,-1,0,unknown,no,0,3.0,joven,Q3
84,labeled,37,management,married,tertiary,no,4041.0,no,yes,cellular,25,jul,106.0,2,-1,0,unknown,no,0,2.0,adulto_joven,Q3
85,labeled,46,blue-collar,married,primary,no,2756.0,yes,no,cellular,17,nov,332.0,1,-1,0,unknown,no,0,1.0,adulto,Q4
86,labeled,38,management,single,tertiary,no,0.0,yes,no,cellular,17,nov,213.0,2,-1,0,unknown,no,0,2.0,adulto_joven,Q4
87,labeled,51,technician,married,secondary,no,468.0,yes,no,cellular,13,may,213.0,5,-1,0,unknown,no,0,5.0,adulto,Q2
88,labeled,34,technician,single,secondary,no,23.0,no,no,cellular,13,aug,990.0,1,-1,0,unknown,yes,0,1.0,adulto_joven,Q3
90,labeled,40,entrepreneur,married,primary,no,0.0,yes,no,cellular,11,jul,271.0,2,-1,0,unknown,no,0,2.0,adulto_joven,Q3
91,labeled,33,blue-collar,married,primary,no,237.0,yes,yes,cellular,8,may,253.0,3,-1,0,unknown,no,0,3.0,adulto_joven,Q2
92,labeled,42,management,married,tertiary,no,491.0,yes,no,cellular,11,jul,144.0,2,-1,0,unknown,no,0,2.0,adulto_joven,Q3
93,labeled,28,student,single,secondary,no,11555.0,no,no,cellular,8,apr,125.0,2,-1,0,unknown,no,0,2.0,joven,Q2
94,labeled,59,blue-collar,married,secondary,no,5318.0,yes,no,cellular,5,may,200.0,3,-1,0,unknown,no,0,3.0,adulto,Q2
95,labeled,46,self-employed,married,secondary,no,543.0,no,no,cellular,12,aug,1031.94,4,-1,0,unknown,yes,0,4.0,adulto,Q3
96,labeled,45,blue-collar,married,secondary,no,778.0,yes,yes,cellular,3,jun,34.0,1,-1,0,unknown,no,0,1.0,adulto_joven,Q2
97,labeled,44,entrepreneur,married,secondary,no,6657.0,yes,no,cellular,19,nov,354.0,2,-1,0,unknown,no,0,2.0,adulto_joven,Q4
98,labeled,48,services,married,primary,yes,-577.0,yes,no,cellular,2,jun,25.0,7,-1,0,unknown,no,0,7.0,adulto,Q2
99,labeled,52,entrepreneur,married,primary,no,601.0,no,no,cellular,21,jul,122.0,2,-1,0,unknown,no,0,2.0,adulto,Q3
100,labeled,56,management,married,tertiary,no,327.0,yes,no,cellular,15,may,127.0,2,-1,0,unknown,no,0,2.0,adulto,Q2
101,labeled,59,retired,married,primary,no,1428.0,no,no,cellular,18,jun,140.0,2,-1,0,unknown,no,0,2.0,adulto,Q2
102,labeled,38,entrepreneur,single,secondary,no,2540.0,no,no,cellular,10,aug,223.0,1,414,4,failure,yes,1,0.2,adulto_joven,Q3
104,labeled,47,entrepreneur,married,secondary,no,199.0,yes,no,cellular,6,may,135.0,2,-1,0,unknown,no,0,2.0,adulto,Q2
105,labeled,41,blue-collar,married,secondary,no,774.0,yes,no,cellular,15,may,432.0,3,-1,0,unknown,no,0,3.0,adulto_joven,Q2
108,labeled,55,blue-collar,married,secondary,no,29.0,no,no,cellular,13,aug,123.0,2,-1,0,unknown,no,0,2.0,adulto,Q3
109,labeled,44,unemployed,married,tertiary,no,171.0,no,no,cellular,8,aug,126.0,2,-1,0,unknown,no,0,2.0,adulto_joven,Q3
110,labeled,60,unemployed,divorced,secondary,no,386.0,yes,no,cellular,4,feb,80.0,1,-1,0,unknown,no,0,1.0,adulto,Q1
111,labeled,57,management,married,tertiary,no,0.0,yes,no,cellular,21,nov,67.0,1,-1,0,unknown,no,0,1.0,adulto,Q4
112,labeled,39,blue-collar,married,primary,no,13.0,yes,no,cellular,7,may,109.0,1,-1,0,unknown,no,0,1.0,adulto_joven,Q2
113,labeled,34,admin.,single,secondary,no,6988.0,yes,no,cellular,15,may,14.0,5,-1,0,unknown,no,0,5.0,adulto_joven,Q2
114,labeled,29,student,single,secondary,no,875.0,yes,no,cellular,7,may,230.0,1,-1,0,unknown,no,0,1.0,joven,Q2
115,labeled,35,services,married,secondary,no,149.0,yes,no,cellular,2,jun,563.0,1,-1,0,unknown,yes,0,1.0,adulto_joven,Q2
116,labeled,57,technician,married,secondary,no,287.0,no,no,cellular,19,aug,151.0,11,-1,0,unknown,no,0,11.0,adulto,Q3
118,labeled,44,entrepreneur,married,tertiary,no,3468.0,yes,yes,cellular,28,aug,210.0,3,-1,0,unknown,no,0,3.0,adulto_joven,Q3
120,labeled,29,technician,married,secondary,no,453.0,yes,no,cellular,21,jul,130.0,4,-1,0,unknown,no,0,4.0,joven,Q3
121,labeled,36,technician,married,tertiary,no,831.0,no,no,cellular,28,aug,68.0,6,-1,0,unknown,no,0,6.0,adulto_joven,Q3
122,labeled,34,blue-collar,married,secondary,no,329.0,yes,no,cellular,20,apr,10.0,3,-1,0,unknown,no,0,3.0,adulto_joven,Q2
123,labeled,49,technician,divorced,tertiary,no,0.0,yes,no,cellular,12,jun,177.0,3,-1,0,unknown,no,0,3.0,adulto,Q2
124,labeled,37,blue-collar,single,primary,no,843.0,yes,no,cellular,15,may,151.0,1,352,1,failure,no,1,0.5,adulto_joven,Q2
125,labeled,46,management,divorced,tertiary,no,1304.0,no,no,cellular,11,aug,716.0,3,-1,0,unknown,yes,0,3.0,adulto,Q3
126,labeled,36,management,married,tertiary,no,1844.0,no,no,cellular,8,may,362.0,1,-1,0,unknown,no,0,1.0,adulto_joven,Q2
127,labeled,31,management,single,tertiary,no,61.0,yes,no,cellular,18,may,175.0,1,293,5,failure,no,1,0.16666666666666666,adulto_joven,Q2
128,labeled,26,blue-collar,married,primary,no,5124.0,yes,no,cellular,22,jul,246.0,3,-1,0,unknown,no,0,3.0,joven,Q3
130,labeled,32,blue-collar,single,primary,no,879.0,no,yes,cellular,29,jul,80.0,8,-1,0,unknown,no,0,8.0,adulto_joven,Q3
131,labeled,46,management,married,tertiary,no,1283.0,yes,no,cellular,27,may,89.0,1,-1,0,unknown,no,0,1.0,adulto,Q2
132,labeled,28,technician,single,secondary,no,392.0,yes,no,cellular,11,may,15.0,7,-1,0,unknown,no,0,7.0,joven,Q2
134,labeled,41,admin.,married,tertiary,no,5424.0,yes,no,cellular,14,may,149.0,2,-1,0,unknown,no,0,2.0,adulto_joven,Q2
135,labeled,24,admin.,married,secondary,no,299.0,yes,no,cellular,6,may,209.0,1,321,1,failure,no,1,0.5,joven,Q2
136,labeled,30,technician,single,tertiary,no,1187.0,yes,no,cellular,30,apr,284.0,1,339,1,failure,no,1,0.5,joven,Q2
138,labeled,47,management,married,secondary,no,144.0,no,no,cellular,9,jun,52.0,1,-1,0,unknown,no,0,1.0,adulto,Q2
139,labeled,60,retired,married,secondary,no,68.0,yes,no,cellular,12,may,113.0,3,-1,0,unknown,no,0,3.0,adulto,Q2
140,labeled,42,technician,divorced,secondary,no,0.0,yes,no,cellular,30,may,115.0,6,-1,0,unknown,no,0,6.0,adulto_joven,Q2
141,labeled,49,technician,married,tertiary,no,281.0,yes,no,cellular,19,may,168.0,4,-1,0,unknown,no,0,4.0,adulto,Q2
142,labeled,29,student,single,secondary,no,2933.0,no,no,cellular,11,aug,91.0,1,-1,0,unknown,no,0,1.0,joven,Q3
145,labeled,34,unemployed,married,secondary,no,0.0,yes,no,cellular,13,may,172.0,1,-1,0,unknown,no,0,1.0,adulto_joven,Q2
146,labeled,40,blue-collar,married,primary,no,1403.0,yes,no,telephone,12,may,58.0,2,334,1,failure,no,1,1.0,adulto_joven,Q2
147,labeled,30,unemployed,single,tertiary,no,295.0,no,no,cellular,11,feb,528.0,3,-1,0,unknown,yes,0,3.0,joven,Q1
148,labeled,49,unemployed,divorced,secondary,no,58.0,no,no,cellular,9,jul,218.0,3,-1,0,unknown,no,0,3.0,adulto,Q3
149,labeled,32,technician,married,secondary,no,269.0,yes,no,cellular,19,aug,168.0,2,-1,0,unknown,no,0,2.0,adulto_joven,Q3
150,labeled,57,admin.,married,secondary,no,-620.4,yes,no,telephone,15,may,8.0,7,-1,0,unknown,no,0,7.0,adulto,Q2
151,labeled,31,blue-collar,married,secondary,no,184.0,yes,no,cellular,2,jun,40.0,1,-1,0,unknown,no,0,1.0,adulto_joven,Q2
152,labeled,30,services,single,primary,no,78.0,yes,no,cellular,15,may,317.0,1,-1,0,unknown,no,0,1.0,joven,Q2
153,labeled,45,technician,single,tertiary,no,2090.0,no,no,cellular,29,aug,29.0,14,-1,0,unknown,no,0,14.0,adulto_joven,Q3
154,labeled,51,management,single,tertiary,no,294.0,yes,no,cellular,15,may,415.0,4,375,1,failure,yes,1,2.0,adulto,Q2
155,labeled,36,management,single,secondary,no,0.0,no,no,cellular,13,aug,333.0,5,-1,0,unknown,no,0,5.0,adulto_joven,Q3
156,labeled,34,blue-collar,married,primary,no,-315.0,yes,yes,cellular,9,jul,134.0,4,-1,0,unknown,no,0,4.0,adulto_joven,Q3
157,labeled,50,self-employed,divorced,tertiary,no,53.0,yes,no,cellular,28,may,67.0,2,-1,0,unknown,no,0,2.0,adulto,Q2
158,labeled,44,blue-collar,married,secondary,no,-620.4,yes,no,cellular,5,may,257.0,1,-1,0,unknown,no,0,1.0,adulto_joven,Q2
159,labeled,41,blue-collar,married,secondary,no,343.0,yes,no,cellular,14,may,89.0,7,-1,0,unknown,no,0,7.0,adulto_joven,Q2
160,labeled,35,admin.,single,secondary,no,851.0,yes,no,cellular,11,may,85.0,2,-1,0,unknown,no,0,2.0,adulto_joven,Q2
161,labeled,38,blue-collar,married,secondary,no,5100.0,yes,no,cellular,17,jun,145.0,6,-1,0,unknown,no,0,6.0,adulto_joven,Q2
162,labeled,55,blue-collar,married,primary,no,158.0,no,no,cellular,4,sep,15.0,1,-1,0,unknown,no,0,1.0,adulto,Q3
163,labeled,48,management,divorced,tertiary,no,1325.0,yes,no,cellular,6,may,339.0,1,-1,0,unknown,no,0,1.0,adulto,Q2
164,labeled,38,technician,married,secondary,no,1003.0,no,no,cellular,9,jun,119.0,1,-1,0,unknown,no,0,1.0,adulto_joven,Q2
165,labeled,38,management,married,tertiary,no,0.0,yes,no,cellular,20,may,206.0,1,-1,0,unknown,no,0,1.0,adulto_joven,Q2
166,labeled,42,admin.,divorced,secondary,no,1813.0,yes,no,cellular,14,may,150.0,1,-1,0,unknown,no,0,1.0,adulto_joven,Q2
167,labeled,44,technician,single,secondary,no,42.0,yes,no,cellular,13,may,195.0,3,351,10,failure,no,1,0.2727272727272727,adulto_joven,Q2
168,labeled,43,blue-collar,married,tertiary,no,1942.0,no,no,cellular,19,jun,385.0,1,-1,0,unknown,no,0,1.0,adulto_joven,Q2
169,labeled,53,entrepreneur,married,secondary,no,-121.0,yes,no,cellular,9,may,101.0,3,-1,0,unknown,no,0,3.0,adulto,Q2
170,labeled,41,management,married,tertiary,no,3019.0,yes,no,cellular,14,jul,80.0,3,-1,0,unknown,no,0,3.0,adulto_joven,Q3
171,labeled,26,services,single,secondary,yes,-157.0,yes,no,cellular,15,may,44.0,2,-1,0,unknown,no,0,2.0,joven,Q2
172,labeled,31,services,married,secondary,no,506.0,yes,no,cellular,6,jun,19.0,18,-1,0,unknown,no,0,18.0,adulto_joven,Q2
173,labeled,36,management,single,tertiary,no,3884.0,yes,no,cellular,27,may,21.0,5,-1,0,unknown,no,0,5.0,adulto_joven,Q2
175,labeled,22,student,single,primary,no,3469.0,no,no,cellular,20,oct,332.0,1,183,3,failure,yes,1,0.25,joven,Q4
176,labeled,30,blue-collar,married,primary,no,-509.0,yes,yes,cellular,28,may,244.0,6,-1,0,unknown,no,0,6.0,joven,Q2
177,labeled,49,housemaid,married,primary,no,248.0,yes,no,cellular,21,nov,450.0,1,-1,0,unknown,no,0,1.0,adulto,Q4
178,labeled,30,blue-collar,married,secondary,no,966.0,yes,no,cellular,13,may,256.0,2,351,2,failure,no,1,0.6666666666666666,joven,Q2
179,labeled,45,blue-collar,single,primary,no,1005.0,no,no,cellular,29,jan,182.0,2,-1,0,unknown,no,0,2.0,adulto_joven,Q1
181,labeled,33,management,single,tertiary,no,3152.0,no,no,cellular,29,jun,421.0,2,-1,0,unknown,yes,0,2.0,adulto_joven,Q2
182,labeled,36,admin.,married,secondary,no,2326.0,no,no,cellular,19,nov,111.0,1,-1,0,unknown,no,0,1.0,adulto_joven,Q4
183,labeled,32,management,single,tertiary,no,653.0,yes,yes,cellular,20,apr,148.0,2,-1,0,unknown,no,0,2.0,adulto_joven,Q2
184,labeled,34,blue-collar,married,primary,no,87.0,yes,no,cellular,14,may,406.0,2,-1,0,unknown,no,0,2.0,adulto_joven,Q2
185,labeled,53,housemaid,married,primary,no,2584.0,no,no,cellular,15,apr,99.0,1,-1,0,unknown,no,0,1.0,adulto,Q2
188,labeled,52,services,married,secondary,no,432.0,no,no,cellular,26,aug,73.0,17,-1,0,unknown,no,0,17.0,adulto,Q3
189,labeled,29,technician,single,tertiary,no,2485.0,no,no,telephone,24,jul,48.0,6,-1,0,unknown,no,0,6.0,joven,Q3
190,labeled,48,management,married,primary,no,2533.0,no,no,cellular,26,aug,219.0,6,-1,0,unknown,no,0,6.0,adulto,Q3
193,labeled,57,self-employed,married,secondary,no,11496.0,no,no,cellular,19,nov,198.0,1,-1,0,unknown,no,0,1.0,adulto,Q4
194,labeled,41,management,married,tertiary,no,47.0,yes,no,cellular,17,jul,312.0,5,-1,0,unknown,no,0,5.0,adulto_joven,Q3
195,labeled,46,services,married,secondary,no,446.0,yes,yes,cellular,13,may,389.0,4,-1,0,unknown,no,0,4.0,adulto,Q2
196,labeled,36,technician,married,tertiary,no,0.0,no,no,cellular,22,aug,147.0,2,-1,0,unknown,no,0,2.0,adulto_joven,Q3
199,labeled,34,management,married,tertiary,no,0.0,yes,no,cellular,7,aug,262.0,1,99,2,success,yes,1,0.3333333333333333,adulto_joven,Q3
200,labeled,34,management,married,secondary,no,0.0,no,no,cellular,2,feb,270.0,1,-1,0,unknown,no,0,1.0,adulto_joven,Q1
201,labeled,49,blue-collar,married,primary,no,942.0,yes,no,cellular,12,jun,66.0,1,-1,0,unknown,no,0,1.0,adulto,Q2
203,labeled,39,management,single,tertiary,no,3796.0,no,no,cellular,2,jun,96.0,2,-1,0,unknown,no,0,2.0,adulto_joven,Q2
204,labeled,39,services,married,secondary,no,237.0,yes,no,cellular,17,apr,244.0,2,-1,0,unknown,no,0,2.0,adulto_joven,Q2
205,labeled,27,blue-collar,single,secondary,no,3799.0,no,no,cellular,22,apr,279.0,2,-1,0,unknown,yes,0,2.0,joven,Q2
206,labeled,55,management,married,primary,no,2592.0,no,no,cellular,4,sep,328.0,2,94,2,success,yes,1,0.6666666666666666,adulto,Q3
207,labeled,37,blue-collar,married,primary,no,658.0,yes,no,cellular,5,feb,127.0,2,258,4,failure,no,1,0.4,adulto_joven,Q1
209,labeled,49,management,single,secondary,no,57.0,yes,no,cellular,29,jan,185.0,2,246,1,failure,no,1,1.0,adulto,Q1
210,labeled,48,management,divorced,tertiary,no,516.0,yes,no,cellular,9,apr,528.0,1,-1,0,unknown,no,0,1.0,adulto,Q2
211,labeled,42,management,married,secondary,no,-193.0,yes,no,cellular,12,may,247.0,2,-1,0,unknown,no,0,2.0,adulto_joven,Q2
213,labeled,40,blue-collar,married,primary,no,1197.0,no,yes,telephone,16,jul,201.0,5,-1,0,unknown,no,0,5.0,adulto_joven,Q3
214,labeled,31,blue-collar,single,primary,no,860.0,yes,no,telephone,14,may,113.0,2,-1,0,unknown,no,0,2.0,adulto_joven,Q2
215,labeled,31,management,married,tertiary,no,0.0,no,no,cellular,14,may,298.0,1,-1,0,unknown,no,0,1.0,adulto_joven,Q2
216,labeled,50,technician,married,secondary,no,0.0,no,no,cellular,7,jul,152.0,2,-1,0,unknown,no,0,2.0,adulto,Q3
217,labeled,41,management,married,tertiary,no,773.0,yes,no,cellular,26,aug,106.0,8,-1,0,unknown,no,0,8.0,adulto_joven,Q3
218,labeled,43,blue-collar,married,primary,no,182.0,yes,no,cellular,12,may,58.0,3,347,5,failure,no,1,0.5,adulto_joven,Q2
219,labeled,40,technician,married,secondary,no,53.0,yes,yes,cellular,29,jan,194.0,1,247,1,failure,no,1,0.5,adulto_joven,Q1
220,labeled,30,admin.,married,secondary,no,20.0,yes,no,cellular,11,may,157.0,1,-1,0,unknown,no,0,1.0,joven,Q2
221,labeled,31,blue-collar,divorced,tertiary,no,137.0,no,no,cellular,22,aug,385.0,9,-1,0,unknown,no,0,9.0,adulto_joven,Q3
222,labeled,45,services,divorced,secondary,no,-180.0,no,no,cellular,3,jul,155.0,2,-1,0,unknown,no,0,2.0,adulto_joven,Q3
223,labeled,54,blue-collar,married,primary,no,207.0,no,no,cellular,19,jun,200.0,2,-1,0,unknown,no,0,2.0,adulto,Q2
225,labeled,51,technician,married,secondary,no,509.0,yes,no,cellular,20,nov,26.0,6,-1,0,unknown,no,0,6.0,adulto,Q4
229,labeled,44,technician,divorced,secondary,no,0.0,no,no,cellular,28,jul,264.0,5,-1,0,unknown,no,0,5.0,adulto_joven,Q3
230,labeled,32,management,single,tertiary,no,119.0,yes,no,cellular,5,may,118.0,1,-1,0,unknown,no,0,1.0,adulto_joven,Q2
231,labeled,27,management,single,tertiary,no,451.0,no,no,cellular,23,jun,205.0,3,-1,0,unknown,no,0,3.0,joven,Q2
232,labeled,43,unemployed,divorced,secondary,no,1585.0,yes,no,cellular,19,nov,87.0,1,-1,0,unknown,no,0,1.0,adulto_joven,Q4
233,labeled,32,management,single,tertiary,no,142.0,yes,no,cellular,6,may,118.0,1,-1,0,unknown,no,0,1.0,adulto_joven,Q2
236,labeled,35,services,single,secondary,no,422.0,yes,no,cellular,20,apr,11.0,5,319,2,other,no,1,1.6666666666666667,adulto_joven,Q2
237,labeled,53,technician,married,primary,no,6837.0,yes,no,cellular,19,nov,77.0,1,-1,0,unknown,no,0,1.0,adulto,Q4
238,labeled,38,admin.,married,tertiary,no,1996.0,no,no,cellular,27,mar,164.0,2,130,2,failure,yes,1,0.6666666666666666,adulto_joven,Q1
239,labeled,42,management,married,tertiary,no,1197.0,no,no,telephone,8,sep,376.0,2,-1,0,unknown,yes,0,2.0,adulto_joven,Q3
240,labeled,36,technician,married,tertiary,no,69.0,no,no,cellular,19,aug,209.0,2,-1,0,unknown,no,0,2.0,adulto_joven,Q3
241,labeled,24,technician,single,secondary,no,-55.0,yes,no,cellular,19,may,23.0,1,-1,0,unknown,no,0,1.0,joven,Q2
242,labeled,46,management,single,tertiary,no,588.0,yes,no,cellular,29,jan,190.0,3,-1,0,unknown,no,0,3.0,adulto,Q1
243,labeled,52,blue-collar,married,primary,no,1336.0,yes,no,cellular,29,jul,213.0,2,-1,0,unknown,no,0,2.0,adulto,Q3
244,labeled,35,management,single,tertiary,no,2983.0,yes,no,cellular,25,may,179.0,1,-1,0,unknown,no,0,1.0,adulto_joven,Q2
245,labeled,25,admin.,married,secondary,no,14.0,yes,no,cellular,18,jul,225.0,1,-1,0,unknown,no,0,1.0,joven,Q3
246,labeled,50,blue-collar,married,secondary,no,574.0,no,no,cellular,26,aug,83.0,4,-1,0,unknown,no,0,4.0,adulto,Q3
250,labeled,23,blue-collar,single,primary,no,8618.0,yes,no,cellular,15,may,169.0,1,346,1,failure,no,1,0.5,joven,Q2
252,labeled,24,student,single,secondary,no,514.0,yes,no,telephone,18,may,12.0,3,374,1,other,no,1,1.5,joven,Q2
253,labeled,33,blue-collar,single,primary,no,589.0,yes,no,cellular,21,may,29.0,1,-1,0,unknown,no,0,1.0,adulto_joven,Q2
254,labeled,43,blue-collar,married,secondary,no,3062.0,yes,no,cellular,15,may,253.0,2,-1,0,unknown,no,0,2.0,adulto_joven,Q2
255,labeled,31,blue-collar,married,secondary,no,0.0,no,yes,telephone,15,jul,275.0,2,-1,0,unknown,no,0,2.0,adulto_joven,Q3
256,labeled,66,retired,married,tertiary,no,1938.0,no,no,cellular,28,jan,216.0,1,91,4,success,yes,1,0.2,senior,Q1
257,labeled,32,technician,married,secondary,no,482.0,no,no,cellular,26,aug,98.0,14,-1,0,unknown,no,0,14.0,adulto_joven,Q3
260,labeled,41,technician,single,secondary,no,-48.0,yes,yes,cellular,3,apr,154.0,1,-1,0,unknown,no,0,1.0,adulto_joven,Q2
261,labeled,24,student,single,secondary,no,1841.0,no,no,cellular,9,dec,390.0,1,-1,0,unknown,no,0,1.0,joven,Q4
262,labeled,31,admin.,married,secondary,no,219.0,yes,no,cellular,18,jul,191.0,3,-1,0,unknown,no,0,3.0,adulto_joven,Q3
263,labeled,45,unemployed,married,primary,no,183.0,yes,yes,cellular,27,may,62.0,2,-1,0,unknown,no,0,2.0,adulto_joven,Q2
264,labeled,51,services,married,secondary,no,5800.0,yes,no,cellular,29,may,147.0,2,-1,0,unknown,no,0,2.0,adulto,Q2
265,labeled,32,technician,single,tertiary,no,741.0,yes,no,cellular,11,aug,238.0,1,-1,0,unknown,no,0,1.0,adulto_joven,Q3
267,labeled,45,services,divorced,primary,no,3863.0,yes,no,cellular,20,jun,10.0,3,-1,0,unknown,no,0,3.0,adulto_joven,Q2
268,labeled,44,management,divorced,tertiary,no,469.0,yes,yes,cellular,26,may,127.0,2,-1,0,unknown,no,0,2.0,adulto_joven,Q2
269,labeled,21,services,single,secondary,no,359.0,no,no,telephone,5,jun,329.0,1,95,1,other,no,1,0.5,joven,Q2
271,labeled,37,services,single,secondary,no,1184.0,yes,no,cellular,15,may,102.0,1,333,2,failure,no,1,0.3333333333333333,adulto_joven,Q2
272,labeled,47,blue-collar,married,secondary,yes,-610.0,yes,no,cellular,26,may,118.0,2,-1,0,unknown,no,0,2.0,adulto,Q2
274,labeled,38,admin.,married,primary,no,3918.0,yes,no,cellular,20,apr,196.0,2,315,2,failure,no,1,0.6666666666666666,adulto_joven,Q2
275,labeled,36,blue-collar,divorced,secondary,no,-144.0,yes,no,cellular,26,may,222.0,2,-1,0,unknown,no,0,2.0,adulto_joven,Q2
276,labeled,46,blue-collar,married,secondary,no,130.0,no,no,cellular,20,jun,252.0,3,-1,0,unknown,no,0,3.0,adulto,Q2
277,labeled,56,technician,married,secondary,no,211.0,no,yes,cellular,23,jul,442.0,2,-1,0,unknown,no,0,2.0,adulto,Q3
279,labeled,51,technician,married,primary,no,1549.0,no,no,cellular,20,jun,12.0,5,-1,0,unknown,no,0,5.0,adulto,Q2
280,labeled,39,entrepreneur,married,tertiary,no,2640.0,yes,no,cellular,20,may,253.0,1,-1,0,unknown,no,0,1.0,adulto_joven,Q2
281,labeled,54,services,married,secondary,no,-24.0,no,yes,cellular,9,jul,85.0,1,-1,0,unknown,no,0,1.0,adulto,Q3
282,labeled,40,blue-collar,married,secondary,no,1005.0,yes,no,cellular,6,may,410.0,1,-1,0,unknown,no,0,1.0,adulto_joven,Q2
283,labeled,49,blue-collar,married,primary,no,367.0,no,no,cellular,26,may,59.0,2,-1,0,unknown,no,0,2.0,adulto,Q2
284,labeled,56,management,married,tertiary,no,3173.0,yes,no,cellular,5,feb,139.0,1,-1,0,unknown,no,0,1.0,adulto,Q1
285,labeled,28,blue-collar,married,secondary,no,68.0,yes,no,cellular,13,may,160.0,3,-1,0,unknown,no,0,3.0,joven,Q2
286,labeled,38,blue-collar,married,secondary,no,169.0,yes,yes,cellular,20,may,172.0,1,-1,0,unknown,no,0,1.0,adulto_joven,Q2
287,labeled,44,blue-collar,married,secondary,no,510.0,yes,no,cellular,20,apr,222.0,1,154,1,failure,no,1,0.5,adulto_joven,Q2
288,labeled,32,blue-collar,single,secondary,no,136.0,yes,no,cellular,18,may,232.0,2,-1,0,unknown,no,0,2.0,adulto_joven,Q2
289,labeled,59,retired,divorced,secondary,no,5850.0,no,no,cellular,14,may,1031.94,2,-1,0,unknown,yes,0,2.0,adulto,Q2
290,labeled,26,admin.,single,secondary,no,320.0,yes,no,cellular,22,jul,242.0,7,-1,0,unknown,no,0,7.0,joven,Q3
291,labeled,43,blue-collar,married,secondary,yes,-620.4,yes,no,cellular,30,may,67.0,3,-1,0,unknown,no,0,3.0,adulto_joven,Q2
292,labeled,41,management,married,tertiary,no,3875.0,no,no,cellular,15,oct,231.0,1,-1,0,unknown,no,0,1.0,adulto_joven,Q4
293,labeled,38,unemployed,married,primary,no,1142.0,yes,yes,cellular,8,may,249.0,5,-1,0,unknown,no,0,5.0,adulto_joven,Q2
294,labeled,53,technician,divorced,secondary,no,322.0,no,no,cellular,9,jul,175.0,1,-1,0,unknown,no,0,1.0,adulto,Q3
296,labeled,32,blue-collar,married,secondary,no,29.0,yes,no,cellular,5,may,321.0,2,-1,0,unknown,no,0,2.0,adulto_joven,Q2
297,labeled,49,blue-collar,married,secondary,no,0.0,no,no,cellular,28,aug,173.0,2,-1,0,unknown,no,0,2.0,adulto,Q3
298,labeled,48,management,married,tertiary,no,992.0,yes,no,cellular,29,jan,121.0,3,-1,0,unknown,no,0,3.0,adulto,Q1
299,labeled,25,services,single,secondary,no,362.0,no,no,telephone,25,jul,168.0,1,-1,0,unknown,no,0,1.0,joven,Q3
300,labeled,51,management,married,tertiary,no,179.0,yes,yes,cellular,1,jun,8.0,1,687,2,failure,no,1,0.3333333333333333,adulto,Q2
304,labeled,30,admin.,single,secondary,no,74.0,yes,no,cellular,6,aug,121.0,6,112,3,other,no,1,1.5,joven,Q3
305,labeled,35,technician,married,secondary,no,2190.0,no,no,cellular,19,nov,256.0,3,-1,0,unknown,no,0,3.0,adulto_joven,Q4
306,labeled,31,services,single,secondary,no,2068.0,no,no,cellular,29,aug,319.0,2,-1,0,unknown,no,0,2.0,adulto_joven,Q3
307,labeled,34,management,married,tertiary,no,1004.0,yes,yes,cellular,21,nov,81.0,1,-1,0,unknown,no,0,1.0,adulto_joven,Q4
308,labeled,37,entrepreneur,married,tertiary,no,4802.0,yes,no,cellular,20,may,156.0,2,-1,0,unknown,no,0,2.0,adulto_joven,Q2
311,labeled,36,management,married,tertiary,no,-379.0,yes,no,cellular,31,jul,30.0,29,-1,0,unknown,no,0,29.0,adulto_joven,Q3
312,labeled,45,blue-collar,married,secondary,no,109.0,no,no,cellular,11,aug,209.0,4,-1,0,unknown,no,0,4.0,adulto_joven,Q3
313,labeled,58,retired,married,secondary,no,502.0,yes,no,cellular,12,may,197.0,2,370,3,failure,no,1,0.5,adulto,Q2
314,labeled,34,services,divorced,secondary,no,989.0,yes,no,cellular,6,may,89.0,1,344,1,failure,no,1,0.5,adulto_joven,Q2
315,labeled,53,technician,married,secondary,no,9146.0,no,no,cellular,13,aug,136.0,4,-1,0,unknown,no,0,4.0,adulto,Q3
316,labeled,53,entrepreneur,married,primary,no,24.0,yes,no,telephone,10,sep,230.0,3,-1,0,unknown,yes,0,3.0,adulto,Q3
317,labeled,49,blue-collar,single,primary,no,2146.0,yes,no,cellular,7,may,1031.94,2,353,2,other,yes,1,0.6666666666666666,adulto,Q2
318,labeled,36,blue-collar,divorced,primary,no,112.0,yes,no,cellular,2,jun,123.0,4,-1,0,unknown,no,0,4.0,adulto_joven,Q2
319,labeled,28,blue-collar,single,secondary,no,514.0,no,yes,cellular,8,jul,681.0,1,-1,0,unknown,yes,0,1.0,joven,Q3
323,labeled,45,technician,divorced,secondary,no,809.0,yes,no,cellular,13,may,155.0,2,363,4,failure,no,1,0.4,adulto_joven,Q2
324,labeled,35,self-employed,married,secondary,no,8874.0,no,no,cellular,21,nov,33.0,3,-1,0,unknown,no,0,3.0,adulto_joven,Q4
325,labeled,35,management,married,tertiary,no,1251.0,yes,no,cellular,19,may,210.0,2,-1,0,unknown,no,0,2.0,adulto_joven,Q2
327,labeled,29,technician,single,tertiary,no,405.0,yes,no,cellular,17,jul,119.0,1,-1,0,unknown,no,0,1.0,joven,Q3
328,labeled,36,admin.,single,tertiary,no,970.0,no,no,cellular,11,nov,118.0,4,104,7,failure,no,1,0.5,adulto_joven,Q4
331,labeled,57,technician,married,secondary,no,215.0,yes,no,cellular,5,may,216.0,3,-1,0,unknown,no,0,3.0,adulto,Q2
332,labeled,74,retired,married,secondary,no,911.0,no,no,telephone,17,apr,394.0,2,-1,0,unknown,yes,0,2.0,senior,Q2
333,labeled,26,services,single,secondary,no,255.0,yes,no,cellular,4,may,101.0,2,-1,0,unknown,no,0,2.0,joven,Q2
334,labeled,28,student,single,secondary,no,153.0,no,no,cellular,23,jul,1031.94,2,-1,0,unknown,yes,0,2.0,joven,Q3
335,labeled,40,admin.,single,secondary,no,2378.0,yes,no,cellular,2,jun,65.0,1,-1,0,unknown,no,0,1.0,adulto_joven,Q2
336,labeled,31,blue-collar,single,secondary,no,-223.0,yes,no,cellular,30,may,66.0,2,-1,0,unknown,no,0,2.0,adulto_joven,Q2
337,labeled,26,admin.,single,secondary,no,3521.0,no,yes,cellular,7,sep,57.0,2,-1,0,unknown,no,0,2.0,joven,Q3
338,labeled,35,management,married,tertiary,no,4282.0,yes,no,cellular,9,may,357.0,1,-1,0,unknown,no,0,1.0,adulto_joven,Q2
339,labeled,33,management,married,secondary,no,3125.0,yes,no,cellular,23,may,350.0,5,-1,0,unknown,no,0,5.0,adulto_joven,Q2
340,labeled,50,self-employed,divorced,tertiary,no,3.0,yes,no,cellular,20,apr,76.0,1,-1,0,unknown,yes,0,1.0,adulto,Q2
341,labeled,32,services,married,secondary,yes,-228.0,yes,yes,cellular,25,jul,123.0,2,-1,0,unknown,no,0,2.0,adulto_joven,Q3
342,labeled,32,technician,single,secondary,no,24.0,no,no,cellular,19,aug,156.0,2,-1,0,unknown,no,0,2.0,adulto_joven,Q3
343,labeled,38,management,divorced,tertiary,no,4416.0,yes,no,cellular,30,may,162.0,1,-1,0,unknown,no,0,1.0,adulto_joven,Q2
344,labeled,40,technician,married,secondary,no,100.0,yes,no,cellular,13,may,134.0,2,-1,0,unknown,no,0,2.0,adulto_joven,Q2
345,labeled,31,blue-collar,single,tertiary,no,467.0,yes,yes,cellular,19,may,147.0,1,-1,0,unknown,no,0,1.0,adulto_joven,Q2
346,labeled,45,admin.,married,primary,no,541.0,no,no,cellular,11,may,8.0,5,350,3,other,no,1,1.25,adulto_joven,Q2
348,labeled,30,management,single,tertiary,no,1362.0,no,no,cellular,20,nov,240.0,2,-1,0,unknown,no,0,2.0,joven,Q4
349,labeled,52,admin.,single,primary,no,0.0,no,no,cellular,19,may,182.0,11,-1,0,unknown,no,0,11.0,adulto,Q2
351,labeled,83,retired,married,primary,no,431.0,no,no,telephone,22,jun,883.0,1,140,1,failure,yes,1,0.5,senior,Q2
352,labeled,33,admin.,single,tertiary,no,497.0,yes,no,cellular,7,may,31.0,1,363,2,failure,no,1,0.3333333333333333,adulto_joven,Q2
353,labeled,48,admin.,single,secondary,no,1156.0,yes,no,cellular,28,may,357.0,1,-1,0,unknown,no,0,1.0,adulto,Q2
354,labeled,31,technician,married,secondary,no,2358.0,yes,no,cellular,13,may,247.0,1,-1,0,unknown,no,0,1.0,adulto_joven,Q2
355,labeled,48,blue-collar,married,secondary,no,326.0,yes,no,cellular,14,may,24.0,6,-1,0,unknown,no,0,6.0,adulto,Q2
356,labeled,26,self-employed,married,tertiary,no,470.0,yes,no,cellular,9,feb,133.0,3,-1,0,unknown,no,0,3.0,joven,Q1
357,labeled,35,admin.,married,secondary,no,146.0,yes,yes,cellular,29,jan,41.0,1,184,7,failure,no,1,0.125,adulto_joven,Q1
358,labeled,36,technician,divorced,secondary,no,663.0,yes,yes,cellular,3,apr,190.0,1,133,1,other,no,1,0.5,adulto_joven,Q2
360,labeled,53,technician,married,secondary,no,230.0,no,yes,cellular,13,aug,112.0,2,-1,0,unknown,no,0,2.0,adulto,Q3
361,labeled,34,blue-collar,married,secondary,no,335.0,yes,yes,cellular,15,may,150.0,2,-1,0,unknown,no,0,2.0,adulto_joven,Q2
362,labeled,58,self-employed,married,primary,no,664.0,yes,no,cellular,17,jun,16.0,3,-1,0,unknown,no,0,3.0,adulto,Q2
363,labeled,37,blue-collar,married,secondary,no,2013.0,yes,no,cellular,10,jul,214.0,1,-1,0,unknown,no,0,1.0,adulto_joven,Q3
364,labeled,31,management,married,tertiary,no,6284.0,no,no,cellular,20,nov,303.0,2,-1,0,unknown,no,0,2.0,adulto_joven,Q4
365,labeled,33,technician,married,secondary,no,-198.0,no,no,cellular,15,may,297.0,3,-1,0,unknown,no,0,3.0,adulto_joven,Q2
366,labeled,28,technician,single,tertiary,no,0.0,yes,no,cellular,4,jun,205.0,6,-1,0,unknown,no,0,6.0,joven,Q2
367,labeled,34,management,single,tertiary,no,-286.0,yes,no,cellular,19,aug,181.0,6,-1,0,unknown,no,0,6.0,adulto_joven,Q3
368,labeled,55,management,married,tertiary,no,179.0,yes,no,cellular,8,aug,73.0,6,-1,0,unknown,no,0,6.0,adulto,Q3
370,labeled,37,management,divorced,tertiary,no,158.0,yes,no,cellular,5,jun,227.0,1,-1,0,unknown,no,0,1.0,adulto_joven,Q2
371,labeled,36,entrepreneur,single,secondary,no,481.0,no,no,cellular,25,jul,141.0,3,-1,0,unknown,no,0,3.0,adulto_joven,Q3
372,labeled,51,technician,married,secondary,no,1483.0,yes,no,cellular,18,jul,227.0,2,-1,0,unknown,no,0,2.0,adulto,Q3
373,labeled,32,technician,divorced,secondary,no,-392.0,yes,no,cellular,2,jun,180.0,1,-1,0,unknown,no,0,1.0,adulto_joven,Q2
374,labeled,53,retired,married,secondary,no,4959.0,no,no,cellular,6,may,109.0,1,87,2,failure,no,1,0.3333333333333333,adulto,Q2
375,labeled,48,technician,married,secondary,no,10662.0,no,no,telephone,31,jul,5.0,3,-1,0,unknown,no,0,3.0,adulto,Q3
376,labeled,47,services,divorced,secondary,no,167.0,no,no,cellular,5,may,212.0,1,-1,0,unknown,no,0,1.0,adulto,Q2
379,labeled,37,technician,married,secondary,no,4022.0,yes,no,cellular,26,may,178.0,5,-1,0,unknown,no,0,5.0,adulto_joven,Q2
382,labeled,58,technician,married,secondary,no,165.0,no,no,cellular,12,aug,92.0,4,-1,0,unknown,no,0,4.0,adulto,Q3
383,labeled,43,blue-collar,married,secondary,no,624.0,yes,no,cellular,30,sep,175.0,1,-1,0,unknown,no,0,1.0,adulto_joven,Q3
384,labeled,52,technician,married,secondary,no,1790.0,yes,no,cellular,19,may,144.0,2,-1,0,unknown,no,0,2.0,adulto,Q2
385,labeled,34,blue-collar,married,secondary,no,245.0,yes,no,cellular,29,may,193.0,6,-1,0,unknown,no,0,6.0,adulto_joven,Q2
386,labeled,38,management,divorced,secondary,no,-16.0,no,no,cellular,21,nov,11.0,4,-1,0,unknown,no,0,4.0,adulto_joven,Q4
388,labeled,56,admin.,divorced,secondary,yes,-444.0,yes,yes,cellular,9,may,185.0,2,-1,0,unknown,no,0,2.0,adulto,Q2
389,labeled,51,admin.,divorced,secondary,no,349.0,yes,no,cellular,8,may,186.0,1,-1,0,unknown,no,0,1.0,adulto,Q2
390,labeled,32,blue-collar,married,secondary,no,-33.0,yes,no,cellular,12,may,145.0,1,-1,0,unknown,no,0,1.0,adulto_joven,Q2
391,labeled,34,admin.,divorced,secondary,no,1266.0,yes,no,cellular,15,may,259.0,3,-1,0,unknown,no,0,3.0,adulto_joven,Q2
392,labeled,39,unemployed,married,secondary,no,271.0,yes,no,cellular,3,jun,116.0,1,-1,0,unknown,no,0,1.0,adulto_joven,Q2
396,labeled,46,housemaid,married,primary,no,11.0,yes,no,telephone,21,jul,171.0,1,-1,0,unknown,no,0,1.0,adulto,Q3
397,labeled,51,admin.,married,secondary,no,416.0,yes,yes,cellular,16,oct,95.0,1,-1,0,unknown,no,0,1.0,adulto,Q4
398,labeled,60,retired,married,primary,no,2.0,no,no,cellular,26,aug,63.0,2,-1,0,unknown,no,0,2.0,adulto,Q3
399,labeled,60,management,single,tertiary,no,0.0,no,yes,cellular,23,jul,151.0,1,-1,0,unknown,no,0,1.0,adulto,Q3
400,labeled,58,retired,married,secondary,no,414.0,no,no,cellular,27,aug,104.0,5,-1,0,unknown,no,0,5.0,adulto,Q3
402,labeled,29,blue-collar,single,tertiary,no,450.0,no,no,telephone,21,apr,403.0,1,-1,0,unknown,yes,0,1.0,joven,Q2
403,labeled,38,blue-collar,married,primary,no,2577.0,no,no,cellular,9,jun,172.0,1,-1,0,unknown,no,0,1.0,adulto_joven,Q2
404,labeled,40,technician,single,secondary,no,589.0,no,yes,cellular,14,aug,87.0,6,-1,0,unknown,no,0,6.0,adulto_joven,Q3
405,labeled,38,self-employed,single,secondary,no,1138.0,yes,no,cellular,21,may,91.0,2,-1,0,unknown,no,0,2.0,adulto_joven,Q2
406,labeled,45,technician,single,secondary,no,415.0,yes,no,cellular,30,may,891.0,4,-1,0,unknown,yes,0,4.0,adulto_joven,Q2
407,labeled,35,entrepreneur,single,tertiary,no,139.0,yes,no,cellular,18,jul,799.0,2,-1,0,unknown,yes,0,2.0,adulto_joven,Q3
408,labeled,38,technician,married,secondary,no,4027.0,yes,no,cellular,19,nov,75.0,2,177,5,failure,no,1,0.3333333333333333,adulto_joven,Q4
409,labeled,37,management,married,tertiary,no,857.0,yes,no,cellular,3,jun,101.0,1,-1,0,unknown,no,0,1.0,adulto_joven,Q2
410,labeled,27,housemaid,married,secondary,no,4853.0,yes,yes,telephone,23,jul,82.0,3,-1,0,unknown,no,0,3.0,joven,Q3
411,labeled,36,management,single,tertiary,no,1528.0,yes,no,cellular,8,may,81.0,3,170,1,failure,no,1,1.5,adulto_joven,Q2
412,labeled,27,self-employed,single,secondary,no,57.0,no,no,cellular,29,jan,168.0,1,-1,0,unknown,no,0,1.0,joven,Q1
413,labeled,29,housemaid,single,tertiary,no,21.0,no,no,cellular,5,feb,110.0,2,64,2,success,yes,1,0.6666666666666666,joven,Q1
415,labeled,51,self-employed,divorced,primary,no,10923.0,no,no,cellular,6,may,106.0,2,-1,0,unknown,no,0,2.0,adulto,Q2
416,labeled,40,management,married,secondary,no,635.0,yes,no,cellular,17,apr,74.0,2,256,1,failure,no,1,1.0,adulto_joven,Q2
417,labeled,28,technician,single,tertiary,no,106.0,no,no,cellular,28,jan,321.0,2,-1,0,unknown,no,0,2.0,joven,Q1
418,labeled,47,technician,married,secondary,no,823.0,yes,no,telephone,18,nov,195.0,3,112,8,other,no,1,0.3333333333333333,adulto,Q4
419,labeled,47,technician,married,secondary,no,66.0,no,no,cellular,28,aug,118.0,8,-1,0,unknown,no,0,8.0,adulto,Q3
420,labeled,31,management,married,tertiary,no,1347.0,yes,yes,cellular,21,may,85.0,1,-1,0,unknown,no,0,1.0,adulto_joven,Q2
421,labeled,35,admin.,single,secondary,no,1819.0,yes,no,cellular,25,may,65.0,2,-1,0,unknown,no,0,2.0,adulto_joven,Q2
422,labeled,40,admin.,single,secondary,no,0.0,no,no,cellular,7,jul,173.0,1,-1,0,unknown,no,0,1.0,adulto_joven,Q3
423,labeled,40,management,married,tertiary,no,292.0,yes,no,cellular,23,jul,97.0,5,-1,0,unknown,no,0,5.0,adulto_joven,Q3
424,labeled,33,blue-collar,married,secondary,no,324.0,yes,no,cellular,14,may,178.0,7,365,5,other,no,1,1.1666666666666667,adulto_joven,Q2
425,labeled,25,technician,single,secondary,no,506.0,no,yes,cellular,17,nov,386.0,2,-1,0,unknown,yes,0,2.0,joven,Q4
426,labeled,49,blue-collar,divorced,secondary,no,36.0,yes,no,cellular,13,may,27.0,5,-1,0,unknown,no,0,5.0,adulto,Q2
427,labeled,35,blue-collar,single,secondary,no,0.0,yes,no,cellular,16,apr,169.0,1,-1,0,unknown,no,0,1.0,adulto_joven,Q2
428,labeled,42,entrepreneur,married,primary,yes,62.0,yes,yes,cellular,6,feb,139.0,1,-1,0,unknown,no,0,1.0,adulto_joven,Q1
429,labeled,49,admin.,married,secondary,no,13219.0,no,yes,telephone,8,jul,77.0,2,-1,0,unknown,no,0,2.0,adulto,Q3
430,labeled,38,blue-collar,married,secondary,no,2010.0,yes,no,cellular,18,nov,354.0,1,-1,0,unknown,no,0,1.0,adulto_joven,Q4
431,labeled,53,services,married,secondary,no,-10.0,yes,yes,cellular,16,apr,144.0,2,-1,0,unknown,no,0,2.0,adulto,Q2
432,labeled,41,services,married,secondary,no,102.0,yes,yes,cellular,13,may,83.0,7,-1,0,unknown,no,0,7.0,adulto_joven,Q2
433,labeled,25,technician,married,tertiary,no,907.0,yes,no,cellular,12,may,185.0,2,-1,0,unknown,no,0,2.0,joven,Q2
435,labeled,36,admin.,married,secondary,no,-417.0,yes,yes,cellular,13,may,106.0,1,-1,0,unknown,no,0,1.0,adulto_joven,Q2
436,labeled,31,admin.,single,secondary,no,-407.0,no,yes,cellular,7,jul,230.0,1,-1,0,unknown,no,0,1.0,adulto_joven,Q3
437,labeled,69,retired,single,tertiary,no,2147.0,no,no,cellular,29,jul,417.0,1,184,4,success,yes,1,0.2,senior,Q3
438,labeled,39,management,single,tertiary,no,12437.0,no,no,telephone,18,nov,40.0,1,-1,0,unknown,no,0,1.0,adulto_joven,Q4
440,labeled,39,technician,married,secondary,no,493.0,no,no,cellular,26,may,289.0,1,-1,0,unknown,no,0,1.0,adulto_joven,Q2
442,labeled,35,services,married,secondary,no,190.0,yes,no,cellular,17,apr,203.0,1,-1,0,unknown,no,0,1.0,adulto_joven,Q2
444,labeled,54,management,married,primary,no,3850.0,no,yes,cellular,20,nov,104.0,3,-1,0,unknown,no,0,3.0,adulto,Q4
445,labeled,48,management,married,secondary,no,0.0,yes,no,cellular,8,may,612.0,1,344,1,other,no,1,0.5,adulto,Q2
446,labeled,44,unemployed,married,secondary,no,306.0,yes,no,cellular,12,may,129.0,2,-1,0,unknown,no,0,2.0,adulto_joven,Q2
448,labeled,42,self-employed,divorced,tertiary,no,209.0,yes,no,cellular,8,may,144.0,3,-1,0,unknown,no,0,3.0,adulto_joven,Q2
450,labeled,36,blue-collar,married,secondary,no,0.0,no,no,cellular,20,jun,332.0,3,-1,0,unknown,no,0,3.0,adulto_joven,Q2
451,labeled,39,management,married,tertiary,no,282.0,no,yes,cellular,28,jul,60.0,3,-1,0,unknown,no,0,3.0,adulto_joven,Q3
452,labeled,38,unemployed,married,tertiary,no,2810.0,yes,no,cellular,30,apr,830.0,1,-1,0,unknown,yes,0,1.0,adulto_joven,Q2
453,labeled,30,admin.,single,secondary,no,1004.0,yes,no,cellular,29,jan,253.0,1,-1,0,unknown,no,0,1.0,joven,Q1
455,labeled,32,management,divorced,tertiary,no,945.0,no,no,cellular,12,aug,204.0,2,-1,0,unknown,no,0,2.0,adulto_joven,Q3
458,labeled,37,services,single,secondary,no,21.0,yes,no,cellular,2,feb,96.0,1,271,2,other,no,1,0.3333333333333333,adulto_joven,Q1
459,labeled,56,services,divorced,secondary,no,997.0,no,no,cellular,29,jul,88.0,6,-1,0,unknown,no,0,6.0,adulto,Q3
461,labeled,45,technician,married,secondary,no,-159.0,yes,no,cellular,14,jul,287.0,2,-1,0,unknown,no,0,2.0,adulto_joven,Q3
462,labeled,51,housemaid,married,primary,no,494.0,yes,no,cellular,20,may,142.0,3,-1,0,unknown,no,0,3.0,adulto,Q2
463,labeled,37,blue-collar,married,secondary,no,191.0,yes,no,cellular,5,jun,66.0,3,-1,0,unknown,no,0,3.0,adulto_joven,Q2
464,labeled,47,admin.,single,secondary,no,3686.0,no,no,cellular,12,jul,250.0,2,181,4,success,yes,1,0.4,adulto,Q3
466,labeled,41,management,married,tertiary,no,660.0,yes,no,cellular,21,may,253.0,3,-1,0,unknown,no,0,3.0,adulto_joven,Q2
469,labeled,36,blue-collar,divorced,secondary,no,-10.0,no,no,cellular,5,jun,152.0,2,-1,0,unknown,no,0,2.0,adulto_joven,Q2
471,labeled,42,entrepreneur,married,tertiary,no,0.0,no,no,cellular,9,jul,236.0,1,-1,0,unknown,no,0,1.0,adulto_joven,Q3
472,labeled,64,management,married,tertiary,no,675.0,no,no,telephone,22,apr,135.0,3,-1,0,unknown,no,0,3.0,senior,Q2
474,labeled,34,services,divorced,secondary,no,34.0,no,no,cellular,9,jun,118.0,1,-1,0,unknown,no,0,1.0,adulto_joven,Q2
476,labeled,33,blue-collar,married,primary,no,3068.0,no,no,cellular,18,nov,679.0,1,-1,0,unknown,no,0,1.0,adulto_joven,Q4
477,labeled,57,management,married,secondary,no,72.0,no,yes,telephone,4,feb,140.0,1,-1,0,unknown,no,0,1.0,adulto,Q1
478,labeled,45,entrepreneur,married,secondary,no,72.0,yes,no,cellular,7,may,254.0,1,-1,0,unknown,no,0,1.0,adulto_joven,Q2
479,labeled,38,management,married,tertiary,no,1193.0,yes,no,cellular,2,feb,63.0,1,-1,0,unknown,no,0,1.0,adulto_joven,Q1
481,labeled,35,blue-collar,married,secondary,no,-336.0,yes,no,cellular,8,may,389.0,2,-1,0,unknown,no,0,2.0,adulto_joven,Q2
482,labeled,35,self-employed,married,tertiary,no,8643.0,no,no,cellular,19,nov,140.0,2,-1,0,unknown,no,0,2.0,adulto_joven,Q4
483,labeled,38,technician,single,tertiary,no,0.0,no,no,cellular,28,aug,247.0,2,-1,0,unknown,no,0,2.0,adulto_joven,Q3
484,labeled,30,admin.,single,secondary,no,110.0,yes,no,cellular,21,nov,75.0,1,-1,0,unknown,no,0,1.0,joven,Q4
486,labeled,45,technician,married,secondary,no,105.0,yes,no,cellular,6,may,108.0,1,-1,0,unknown,no,0,1.0,adulto_joven,Q2
487,labeled,23,blue-collar,single,secondary,no,822.0,yes,no,cellular,18,may,123.0,1,-1,0,unknown,no,0,1.0,joven,Q2
488,labeled,44,management,married,tertiary,no,13689.540000000003,no,no,cellular,11,jun,29.0,2,-1,0,unknown,no,0,2.0,adulto_joven,Q2
489,labeled,33,blue-collar,single,primary,no,-5.0,yes,no,cellular,20,apr,257.0,1,-1,0,unknown,no,0,1.0,adulto_joven,Q2
490,labeled,53,management,married,primary,no,992.0,no,no,cellular,4,feb,200.0,3,-1,0,unknown,no,0,3.0,adulto,Q1
491,labeled,47,blue-collar,married,primary,no,216.0,yes,yes,cellular,9,jun,168.0,1,-1,0,unknown,no,0,1.0,adulto,Q2
493,labeled,31,admin.,single,secondary,no,5517.0,yes,no,cellular,21,may,132.0,1,-1,0,unknown,no,0,1.0,adulto_joven,Q2
494,labeled,32,admin.,divorced,secondary,yes,6.0,yes,yes,cellular,18,may,82.0,3,363,2,other,no,1,1.0,adulto_joven,Q2
495,labeled,34,blue-collar,married,secondary,no,357.0,yes,no,telephone,19,nov,46.0,1,182,2,failure,no,1,0.3333333333333333,adulto_joven,Q4
497,labeled,50,management,single,tertiary,no,1208.0,no,no,cellular,14,aug,904.0,3,-1,0,unknown,yes,0,3.0,adulto,Q3
498,labeled,33,entrepreneur,married,tertiary,no,585.0,no,no,cellular,7,aug,22.0,2,-1,0,unknown,no,0,2.0,adulto_joven,Q3
501,labeled,49,blue-collar,married,secondary,no,-449.0,yes,no,cellular,14,may,558.0,1,-1,0,unknown,yes,0,1.0,adulto,Q2
502,labeled,38,management,single,tertiary,no,13689.540000000003,yes,no,cellular,13,may,167.0,1,174,7,other,no,1,0.125,adulto_joven,Q2
503,labeled,59,technician,married,secondary,no,2313.0,no,no,cellular,30,apr,815.0,1,87,1,other,yes,1,0.5,adulto,Q2
504,labeled,31,housemaid,single,primary,no,13689.540000000003,no,no,cellular,21,apr,654.0,2,-1,0,unknown,yes,0,2.0,adulto_joven,Q2
505,labeled,32,admin.,single,secondary,no,1651.0,no,no,cellular,27,may,204.0,2,-1,0,unknown,no,0,2.0,adulto_joven,Q2
506,labeled,30,technician,single,tertiary,no,800.0,yes,yes,cellular,6,jun,91.0,18,-1,0,unknown,no,0,18.0,joven,Q2
507,labeled,34,technician,married,secondary,no,54.0,no,no,cellular,25,aug,132.0,6,-1,0,unknown,no,0,6.0,adulto_joven,Q3
508,labeled,44,technician,married,secondary,no,2770.0,yes,no,cellular,27,jan,701.0,1,-1,0,unknown,yes,0,1.0,adulto_joven,Q1
509,labeled,47,blue-collar,married,primary,no,231.0,no,no,cellular,8,aug,293.0,3,-1,0,unknown,no,0,3.0,adulto,Q3
510,labeled,38,blue-collar,single,tertiary,no,0.0,no,no,cellular,11,sep,260.0,3,95,3,success,yes,1,0.75,adulto_joven,Q3
511,labeled,33,blue-collar,married,secondary,no,-248.0,yes,yes,cellular,27,may,169.0,1,-1,0,unknown,no,0,1.0,adulto_joven,Q2
514,labeled,30,unemployed,married,primary,no,1794.0,no,no,cellular,19,oct,79.0,1,-1,0,unknown,no,0,1.0,joven,Q4
515,labeled,26,services,single,secondary,no,5531.0,yes,no,cellular,7,may,582.0,2,283,4,failure,no,1,0.4,joven,Q2
516,labeled,39,admin.,single,secondary,no,170.0,yes,no,cellular,30,jan,107.0,2,-1,0,unknown,no,0,2.0,adulto_joven,Q1
517,labeled,38,blue-collar,married,secondary,no,-386.0,yes,no,cellular,9,may,412.0,1,-1,0,unknown,no,0,1.0,adulto_joven,Q2
518,labeled,45,housemaid,married,primary,no,4985.0,no,no,cellular,20,jun,48.0,1,-1,0,unknown,no,0,1.0,adulto_joven,Q2
522,labeled,58,management,married,tertiary,no,297.0,no,no,cellular,16,jul,120.0,4,-1,0,unknown,no,0,4.0,adulto,Q3
524,labeled,31,blue-collar,single,primary,no,2486.0,yes,no,cellular,20,apr,14.0,1,-1,0,unknown,no,0,1.0,adulto_joven,Q2
525,labeled,35,management,married,secondary,no,1152.0,yes,no,cellular,27,may,116.0,3,-1,0,unknown,no,0,3.0,adulto_joven,Q2
528,labeled,28,blue-collar,single,secondary,no,3412.0,yes,no,cellular,15,may,22.0,4,-1,0,unknown,no,0,4.0,joven,Q2
529,labeled,31,housemaid,married,primary,no,24.0,no,no,cellular,21,aug,169.0,5,-1,0,unknown,no,0,5.0,adulto_joven,Q3
530,labeled,29,technician,single,tertiary,no,452.0,yes,no,cellular,11,may,59.0,1,-1,0,unknown,no,0,1.0,joven,Q2
531,labeled,53,management,married,tertiary,no,1349.0,no,no,cellular,5,aug,129.0,4,-1,0,unknown,no,0,4.0,adulto,Q3
532,labeled,59,retired,married,primary,no,38.0,no,no,cellular,14,aug,78.0,2,-1,0,unknown,no,0,2.0,adulto,Q3
533,labeled,46,technician,divorced,secondary,no,3454.0,yes,no,cellular,14,may,566.0,2,-1,0,unknown,no,0,2.0,adulto,Q2
534,labeled,42,blue-collar,married,secondary,no,-620.4,yes,no,cellular,26,may,115.0,2,-1,0,unknown,no,0,2.0,adulto_joven,Q2
535,labeled,35,blue-collar,single,tertiary,no,0.0,yes,no,cellular,21,jul,262.0,4,-1,0,unknown,no,0,4.0,adulto_joven,Q3
537,labeled,35,blue-collar,married,primary,no,295.0,yes,no,cellular,13,may,135.0,2,370,2,failure,no,1,0.6666666666666666,adulto_joven,Q2
538,labeled,42,housemaid,married,primary,no,13689.540000000003,no,no,cellular,19,may,107.0,2,-1,0,unknown,no,0,2.0,adulto_joven,Q2
539,labeled,32,management,single,tertiary,no,1164.0,yes,yes,cellular,11,jun,450.0,2,-1,0,unknown,no,0,2.0,adulto_joven,Q2
540,labeled,30,blue-collar,married,primary,no,7.0,yes,yes,telephone,22,jul,80.0,2,-1,0,unknown,no,0,2.0,joven,Q3
541,labeled,40,management,single,secondary,no,193.0,yes,no,cellular,16,may,71.0,11,-1,0,unknown,no,0,11.0,adulto_joven,Q2
542,labeled,49,services,married,secondary,no,5678.0,no,yes,cellular,4,aug,357.0,3,-1,0,unknown,no,0,3.0,adulto,Q3
543,labeled,81,retired,married,secondary,no,6.0,no,no,cellular,19,aug,65.0,5,-1,0,unknown,no,0,5.0,senior,Q3
544,labeled,39,technician,married,tertiary,no,19.0,no,no,cellular,28,jan,114.0,2,-1,0,unknown,no,0,2.0,adulto_joven,Q1
545,labeled,35,entrepreneur,married,tertiary,no,2725.0,yes,yes,cellular,8,aug,275.0,4,-1,0,unknown,no,0,4.0,adulto_joven,Q3
546,labeled,54,technician,married,secondary,no,85.0,yes,no,cellular,10,jul,140.0,3,-1,0,unknown,no,0,3.0,adulto,Q3
547,labeled,34,technician,married,secondary,no,-234.0,yes,no,cellular,20,apr,187.0,3,332,3,other,no,1,0.75,adulto_joven,Q2
549,labeled,77,retired,married,tertiary,no,7795.0,no,no,telephone,4,may,421.0,1,92,2,success,yes,1,0.3333333333333333,senior,Q2
552,labeled,55,admin.,married,primary,no,345.0,yes,no,cellular,14,jul,276.0,3,-1,0,unknown,no,0,3.0,adulto,Q3
553,labeled,34,self-employed,married,primary,no,708.0,yes,no,cellular,2,jun,326.0,3,-1,0,unknown,no,0,3.0,adulto_joven,Q2
554,labeled,35,blue-collar,married,primary,no,627.0,yes,no,cellular,7,may,163.0,1,-1,0,unknown,no,0,1.0,adulto_joven,Q2
555,labeled,47,blue-collar,married,primary,no,880.0,yes,no,cellular,14,may,143.0,1,370,2,failure,no,1,0.3333333333333333,adulto,Q2
557,labeled,56,admin.,divorced,secondary,no,3329.0,yes,no,telephone,17,nov,99.0,3,-1,0,unknown,no,0,3.0,adulto,Q4
558,labeled,42,admin.,divorced,secondary,no,933.0,no,no,cellular,30,jan,931.0,1,-1,0,unknown,yes,0,1.0,adulto_joven,Q1
559,labeled,35,entrepreneur,married,secondary,no,2963.0,no,no,cellular,4,may,429.0,4,164,2,failure,yes,1,1.3333333333333333,adulto_joven,Q2
560,labeled,27,entrepreneur,single,tertiary,no,78.0,no,no,cellular,5,feb,197.0,1,199,3,failure,no,1,0.25,joven,Q1
561,labeled,51,self-employed,married,secondary,no,90.0,yes,no,cellular,23,jul,1031.94,4,-1,0,unknown,yes,0,4.0,adulto,Q3
562,labeled,46,blue-collar,married,primary,no,318.0,yes,no,cellular,21,may,526.0,8,-1,0,unknown,no,0,8.0,adulto,Q2
563,labeled,46,blue-collar,divorced,primary,no,1706.0,no,no,cellular,19,jun,110.0,1,-1,0,unknown,no,0,1.0,adulto,Q2
564,labeled,34,blue-collar,single,secondary,no,13689.540000000003,yes,no,cellular,3,jun,115.0,3,-1,0,unknown,no,0,3.0,adulto_joven,Q2
565,labeled,34,management,married,tertiary,no,694.0,no,no,cellular,5,aug,166.0,1,-1,0,unknown,no,0,1.0,adulto_joven,Q3
566,labeled,36,blue-collar,married,secondary,no,2360.0,yes,no,cellular,17,jun,228.0,2,-1,0,unknown,no,0,2.0,adulto_joven,Q2
568,labeled,32,technician,married,secondary,no,682.0,no,no,cellular,20,aug,161.0,4,-1,0,unknown,no,0,4.0,adulto_joven,Q3
569,labeled,42,blue-collar,married,primary,no,2526.0,yes,no,cellular,15,may,262.0,4,-1,0,unknown,no,0,4.0,adulto_joven,Q2
570,labeled,27,blue-collar,single,primary,no,-84.0,yes,no,cellular,30,may,385.0,5,-1,0,unknown,no,0,5.0,joven,Q2
571,labeled,39,blue-collar,married,primary,no,1566.0,no,no,cellular,17,jun,57.0,1,-1,0,unknown,no,0,1.0,adulto_joven,Q2
574,labeled,26,student,single,tertiary,no,289.0,no,no,cellular,5,mar,87.0,1,91,2,success,yes,1,0.3333333333333333,joven,Q1
577,labeled,39,services,married,secondary,no,-543.0,no,no,cellular,6,jun,29.0,1,-1,0,unknown,no,0,1.0,adulto_joven,Q2
579,labeled,34,admin.,married,secondary,no,234.0,yes,no,cellular,31,jul,56.0,4,-1,0,unknown,no,0,4.0,adulto_joven,Q3
580,labeled,26,technician,single,secondary,no,8.0,yes,no,cellular,22,jul,188.0,2,-1,0,unknown,no,0,2.0,joven,Q3
581,labeled,57,retired,married,primary,no,2918.0,no,yes,telephone,30,jul,78.0,5,-1,0,unknown,no,0,5.0,adulto,Q3
582,labeled,32,blue-collar,single,secondary,no,122.0,yes,no,cellular,17,jul,1031.94,1,-1,0,unknown,yes,0,1.0,adulto_joven,Q3
583,labeled,30,technician,single,secondary,no,184.0,no,no,cellular,25,aug,167.0,4,-1,0,unknown,no,0,4.0,joven,Q3
584,labeled,58,housemaid,married,primary,no,441.0,yes,no,telephone,28,jul,122.0,6,-1,0,unknown,no,0,6.0,adulto,Q3
585,labeled,43,self-employed,single,tertiary,no,0.0,no,no,cellular,19,jun,147.0,1,-1,0,unknown,no,0,1.0,adulto_joven,Q2
586,labeled,29,management,single,tertiary,no,564.0,no,no,cellular,16,dec,314.0,1,195,1,success,yes,1,0.5,joven,Q4
587,labeled,41,admin.,married,secondary,no,0.0,no,no,cellular,20,jun,89.0,1,-1,0,unknown,no,0,1.0,adulto_joven,Q2
588,labeled,67,retired,married,tertiary,no,694.0,no,no,cellular,6,aug,254.0,2,-1,0,unknown,yes,0,2.0,senior,Q3
589,labeled,32,technician,single,tertiary,no,922.0,no,no,cellular,27,aug,85.0,7,-1,0,unknown,no,0,7.0,adulto_joven,Q3
590,labeled,53,technician,married,tertiary,no,3168.0,no,no,cellular,8,aug,92.0,2,-1,0,unknown,no,0,2.0,adulto,Q3
591,labeled,53,entrepreneur,married,tertiary,no,64.0,no,yes,cellular,29,jan,86.0,1,-1,0,unknown,no,0,1.0,adulto,Q1
594,labeled,41,blue-collar,married,primary,no,-1.0,yes,no,cellular,15,jul,155.0,2,-1,0,unknown,no,0,2.0,adulto_joven,Q3
595,labeled,41,blue-collar,single,secondary,yes,-377.0,no,yes,cellular,20,nov,477.0,1,-1,0,unknown,yes,0,1.0,adulto_joven,Q4
596,labeled,45,services,married,secondary,no,1339.0,no,yes,cellular,8,jul,220.0,1,-1,0,unknown,no,0,1.0,adulto_joven,Q3
597,labeled,41,entrepreneur,married,tertiary,no,212.0,yes,no,cellular,14,may,57.0,2,-1,0,unknown,no,0,2.0,adulto_joven,Q2
599,labeled,57,retired,married,primary,no,-469.0,yes,no,cellular,4,feb,75.0,1,190,6,failure,no,1,0.14285714285714285,adulto,Q1
600,labeled,51,technician,married,secondary,no,12.0,no,yes,cellular,25,jul,363.0,6,-1,0,unknown,no,0,6.0,adulto,Q3
601,labeled,57,retired,married,secondary,no,531.0,no,yes,cellular,2,feb,49.0,6,-1,0,unknown,no,0,6.0,adulto,Q1
603,labeled,43,management,single,secondary,no,102.0,yes,no,cellular,27,may,64.0,3,-1,0,unknown,no,0,3.0,adulto_joven,Q2
606,labeled,31,services,single,secondary,no,79.0,no,no,cellular,16,jul,151.0,1,-1,0,unknown,no,0,1.0,adulto_joven,Q3
607,labeled,41,services,married,secondary,no,4000.0,yes,no,telephone,20,nov,281.0,2,-1,0,unknown,no,0,2.0,adulto_joven,Q4
608,labeled,38,technician,married,tertiary,no,3240.0,no,no,cellular,18,nov,578.0,2,-1,0,unknown,yes,0,2.0,adulto_joven,Q4
609,labeled,34,self-employed,single,tertiary,no,460.0,no,no,cellular,21,aug,1031.94,3,-1,0,unknown,yes,0,3.0,adulto_joven,Q3
610,labeled,50,unemployed,divorced,secondary,no,723.0,yes,no,cellular,30,jan,113.0,1,-1,0,unknown,no,0,1.0,adulto,Q1
611,labeled,26,blue-collar,married,secondary,no,474.0,yes,no,cellular,19,may,48.0,2,-1,0,unknown,no,0,2.0,joven,Q2
612,labeled,47,technician,married,secondary,no,2243.0,yes,no,cellular,10,jul,330.0,1,-1,0,unknown,no,0,1.0,adulto,Q3
613,labeled,50,management,married,tertiary,no,-99.0,no,yes,cellular,25,jun,75.0,1,-1,0,unknown,no,0,1.0,adulto,Q2
614,labeled,68,retired,divorced,secondary,no,4194.0,no,no,telephone,14,jul,897.0,2,-1,0,unknown,yes,0,2.0,senior,Q3
615,labeled,29,services,divorced,secondary,no,338.0,yes,no,cellular,12,may,88.0,2,-1,0,unknown,no,0,2.0,joven,Q2
616,labeled,36,services,married,primary,no,185.0,no,no,cellular,9,jun,411.0,1,-1,0,unknown,no,0,1.0,adulto_joven,Q2
618,labeled,34,management,married,tertiary,no,1910.0,yes,no,cellular,14,jul,68.0,3,-1,0,unknown,no,0,3.0,adulto_joven,Q3
619,labeled,46,management,divorced,tertiary,no,-158.0,yes,yes,cellular,27,may,107.0,2,-1,0,unknown,no,0,2.0,adulto,Q2
620,labeled,24,blue-collar,married,secondary,no,-224.0,yes,no,cellular,2,apr,90.0,1,-1,0,unknown,no,0,1.0,joven,Q2
621,labeled,56,blue-collar,married,primary,no,832.0,yes,no,cellular,14,may,214.0,1,349,1,failure,no,1,0.5,adulto,Q2
622,labeled,41,technician,single,secondary,no,883.0,no,yes,cellular,7,jul,60.0,4,-1,0,unknown,no,0,4.0,adulto_joven,Q3
623,labeled,25,technician,single,tertiary,no,770.0,yes,no,cellular,14,may,351.0,1,-1,0,unknown,no,0,1.0,joven,Q2
624,labeled,51,entrepreneur,married,tertiary,no,5397.0,no,no,cellular,6,jun,42.0,1,-1,0,unknown,no,0,1.0,adulto,Q2
625,labeled,32,technician,single,tertiary,no,1094.0,yes,yes,cellular,11,aug,67.0,1,-1,0,unknown,no,0,1.0,adulto_joven,Q3
626,labeled,41,entrepreneur,married,secondary,no,2110.0,yes,no,cellular,18,nov,134.0,1,-1,0,unknown,no,0,1.0,adulto_joven,Q4
627,labeled,37,management,married,tertiary,no,3289.0,no,no,cellular,8,aug,124.0,2,-1,0,unknown,no,0,2.0,adulto_joven,Q3
628,labeled,33,management,married,secondary,no,3942.0,yes,no,cellular,6,may,765.0,1,342,2,failure,yes,1,0.3333333333333333,adulto_joven,Q2
629,labeled,39,management,married,tertiary,no,0.0,yes,no,cellular,2,jun,46.0,2,-1,0,unknown,no,0,2.0,adulto_joven,Q2
630,labeled,32,entrepreneur,divorced,secondary,no,1121.0,yes,yes,cellular,16,apr,211.0,3,-1,0,unknown,no,0,3.0,adulto_joven,Q2
631,labeled,50,blue-collar,married,primary,no,3932.0,yes,no,cellular,20,apr,122.0,2,-1,0,unknown,no,0,2.0,adulto,Q2
632,labeled,36,housemaid,married,secondary,no,2871.0,no,no,cellular,12,jun,283.0,1,-1,0,unknown,no,0,1.0,adulto_joven,Q2
633,labeled,39,self-employed,single,secondary,no,0.0,no,no,cellular,20,jun,13.0,11,-1,0,unknown,no,0,11.0,adulto_joven,Q2
634,labeled,42,technician,single,secondary,no,272.0,no,no,cellular,26,aug,31.0,8,-1,0,unknown,no,0,8.0,adulto_joven,Q3
637,labeled,42,services,divorced,secondary,no,263.0,yes,no,cellular,12,may,955.0,2,-1,0,unknown,yes,0,2.0,adulto_joven,Q2
638,labeled,49,entrepreneur,married,secondary,no,170.0,yes,yes,cellular,6,may,198.0,3,-1,0,unknown,no,0,3.0,adulto,Q2
639,labeled,38,technician,married,secondary,no,1951.0,yes,no,cellular,21,aug,161.0,2,-1,0,unknown,no,0,2.0,adulto_joven,Q3
640,labeled,35,blue-collar,married,secondary,no,145.0,no,yes,cellular,4,oct,5.0,1,808,12,failure,no,1,0.07692307692307693,adulto_joven,Q4
641,labeled,47,blue-collar,married,primary,no,563.0,yes,no,cellular,4,feb,147.0,2,264,4,other,no,1,0.4,adulto,Q1
642,labeled,42,services,married,secondary,no,-255.0,yes,no,cellular,7,may,149.0,1,-1,0,unknown,no,0,1.0,adulto_joven,Q2
643,labeled,40,management,single,tertiary,no,27.0,yes,no,cellular,27,may,240.0,3,-1,0,unknown,no,0,3.0,adulto_joven,Q2
644,labeled,24,blue-collar,married,secondary,no,12.0,yes,no,cellular,27,may,292.0,7,-1,0,unknown,no,0,7.0,joven,Q2
645,labeled,32,management,married,tertiary,no,63.0,yes,no,cellular,21,jul,221.0,8,-1,0,unknown,no,0,8.0,adulto_joven,Q3
646,labeled,55,retired,married,primary,no,3328.0,no,no,cellular,14,aug,632.0,4,-1,0,unknown,yes,0,4.0,adulto,Q3
647,labeled,49,unemployed,married,tertiary,no,-470.0,yes,no,cellular,20,nov,77.0,3,185,7,failure,no,1,0.375,adulto,Q4
648,labeled,38,technician,single,tertiary,no,2267.0,yes,no,cellular,17,apr,222.0,1,-1,0,unknown,no,0,1.0,adulto_joven,Q2
649,labeled,32,blue-collar,married,secondary,no,303.0,no,no,cellular,6,feb,166.0,2,-1,0,unknown,no,0,2.0,adulto_joven,Q1
650,labeled,36,management,single,tertiary,no,0.0,no,no,cellular,11,aug,108.0,2,-1,0,unknown,no,0,2.0,adulto_joven,Q3
651,labeled,31,technician,married,secondary,no,259.0,no,yes,cellular,29,aug,156.0,2,-1,0,unknown,no,0,2.0,adulto_joven,Q3
653,labeled,27,admin.,divorced,secondary,no,81.0,yes,no,cellular,4,jun,236.0,1,-1,0,unknown,no,0,1.0,joven,Q2
654,labeled,41,admin.,married,secondary,no,918.0,yes,yes,cellular,27,may,239.0,1,-1,0,unknown,no,0,1.0,adulto_joven,Q2
656,labeled,32,technician,married,secondary,no,776.0,yes,no,cellular,26,may,116.0,4,-1,0,unknown,no,0,4.0,adulto_joven,Q2
657,labeled,31,unemployed,married,secondary,no,3236.0,no,no,cellular,25,jun,292.0,2,-1,0,unknown,no,0,2.0,adulto_joven,Q2
659,labeled,29,services,married,secondary,no,300.0,yes,no,cellular,28,may,75.0,1,-1,0,unknown,no,0,1.0,joven,Q2
660,labeled,25,admin.,married,secondary,no,250.0,yes,no,cellular,30,jul,62.0,12,-1,0,unknown,no,0,12.0,joven,Q3
662,labeled,47,admin.,single,secondary,no,1534.0,yes,no,cellular,6,apr,104.0,1,312,1,failure,no,1,0.5,adulto,Q2
663,labeled,29,blue-collar,married,secondary,no,132.0,yes,no,cellular,13,may,50.0,1,-1,0,unknown,no,0,1.0,joven,Q2
664,labeled,48,blue-collar,single,secondary,no,306.0,yes,yes,cellular,3,feb,369.0,2,-1,0,unknown,no,0,2.0,adulto,Q1
665,labeled,34,technician,single,secondary,no,111.0,yes,no,cellular,7,may,146.0,2,171,3,failure,no,1,0.5,adulto_joven,Q2
668,labeled,25,management,single,tertiary,no,544.0,yes,no,cellular,17,sep,113.0,4,479,1,failure,no,1,2.0,joven,Q3
670,labeled,30,management,single,tertiary,no,48.0,no,yes,cellular,31,jul,11.0,17,-1,0,unknown,no,0,17.0,joven,Q3
671,labeled,48,blue-collar,married,secondary,no,155.0,yes,no,cellular,9,may,71.0,1,-1,0,unknown,no,0,1.0,adulto,Q2
672,labeled,54,management,divorced,tertiary,no,1293.0,yes,no,cellular,21,jul,179.0,10,-1,0,unknown,no,0,10.0,adulto,Q3
675,labeled,30,unemployed,married,tertiary,no,0.0,yes,no,cellular,18,nov,756.0,1,-1,0,unknown,no,0,1.0,joven,Q4
678,labeled,36,management,married,tertiary,no,425.0,no,no,cellular,28,may,121.0,1,-1,0,unknown,no,0,1.0,adulto_joven,Q2
679,labeled,28,blue-collar,married,primary,no,696.0,yes,no,cellular,26,jun,318.0,2,-1,0,unknown,no,0,2.0,joven,Q2
680,labeled,34,technician,single,secondary,no,933.0,no,no,cellular,29,aug,96.0,4,-1,0,unknown,no,0,4.0,adulto_joven,Q3
681,labeled,37,admin.,married,tertiary,no,0.0,yes,no,cellular,17,nov,65.0,2,119,1,failure,no,1,1.0,adulto_joven,Q4
682,labeled,49,housemaid,divorced,primary,no,197.0,yes,no,cellular,13,may,205.0,3,-1,0,unknown,no,0,3.0,adulto,Q2
683,labeled,34,technician,single,tertiary,no,148.0,yes,yes,cellular,14,oct,104.0,1,85,19,failure,no,1,0.05,adulto_joven,Q4
684,labeled,34,blue-collar,single,secondary,no,3720.0,yes,no,cellular,27,may,47.0,5,-1,0,unknown,no,0,5.0,adulto_joven,Q2
687,labeled,32,services,single,secondary,no,2875.0,no,no,cellular,2,jul,356.0,1,-1,0,unknown,yes,0,1.0,adulto_joven,Q3
688,labeled,40,technician,single,tertiary,no,219.0,no,no,cellular,15,jan,176.0,2,-1,0,unknown,no,0,2.0,adulto_joven,Q1
690,labeled,55,technician,married,secondary,no,576.0,yes,no,cellular,29,jan,243.0,2,-1,0,unknown,no,0,2.0,adulto,Q1
691,labeled,56,management,divorced,tertiary,no,1017.0,yes,no,cellular,9,jun,184.0,5,-1,0,unknown,no,0,5.0,adulto,Q2
692,labeled,34,management,married,secondary,no,283.0,yes,no,cellular,21,may,162.0,3,-1,0,unknown,no,0,3.0,adulto_joven,Q2
695,labeled,28,blue-collar,married,secondary,no,4281.0,no,no,cellular,30,apr,171.0,1,-1,0,unknown,no,0,1.0,joven,Q2
696,labeled,32,unemployed,single,secondary,no,0.0,no,no,cellular,27,may,123.0,2,-1,0,unknown,no,0,2.0,adulto_joven,Q2
697,labeled,46,services,married,secondary,no,1542.0,yes,no,cellular,16,apr,126.0,2,149,8,failure,no,1,0.2222222222222222,adulto,Q2
698,labeled,51,management,single,tertiary,no,2141.0,no,no,cellular,17,nov,176.0,2,-1,0,unknown,no,0,2.0,adulto,Q4
701,labeled,49,blue-collar,married,primary,no,475.0,yes,yes,telephone,9,feb,152.0,3,221,1,failure,no,1,1.5,adulto,Q1
702,labeled,52,technician,married,tertiary,no,223.0,no,no,cellular,29,aug,161.0,3,-1,0,unknown,no,0,3.0,adulto,Q3
703,labeled,47,admin.,married,secondary,no,1059.0,yes,no,cellular,6,jun,83.0,3,-1,0,unknown,no,0,3.0,adulto,Q2
705,labeled,55,services,divorced,primary,no,2916.0,yes,no,cellular,15,may,104.0,2,-1,0,unknown,no,0,2.0,adulto,Q2
706,labeled,57,management,married,tertiary,no,0.0,no,no,cellular,19,aug,188.0,4,-1,0,unknown,no,0,4.0,adulto,Q3
708,labeled,27,entrepreneur,single,secondary,no,367.0,yes,yes,cellular,5,may,273.0,1,-1,0,unknown,no,0,1.0,joven,Q2
709,labeled,44,self-employed,married,tertiary,no,133.0,no,no,cellular,28,aug,86.0,4,-1,0,unknown,no,0,4.0,adulto_joven,Q3
710,labeled,32,blue-collar,married,secondary,no,451.0,no,no,cellular,12,may,121.0,1,-1,0,unknown,no,0,1.0,adulto_joven,Q2
711,labeled,52,retired,married,secondary,no,611.0,no,yes,cellular,9,jun,79.0,1,-1,0,unknown,no,0,1.0,adulto,Q2
712,labeled,49,unemployed,divorced,tertiary,no,779.0,no,no,cellular,8,nov,148.0,1,871,2,failure,no,1,0.3333333333333333,adulto,Q4
713,labeled,56,retired,married,secondary,no,1332.0,no,no,cellular,28,aug,17.0,14,-1,0,unknown,no,0,14.0,adulto,Q3
714,labeled,41,blue-collar,married,primary,no,7735.0,yes,no,cellular,20,nov,220.0,1,190,1,failure,no,1,0.5,adulto_joven,Q4
715,labeled,42,technician,single,secondary,no,0.0,yes,no,cellular,7,may,275.0,4,-1,0,unknown,no,0,4.0,adulto_joven,Q2
716,labeled,39,services,single,secondary,no,478.0,no,no,cellular,15,oct,5.0,1,-1,0,unknown,no,0,1.0,adulto_joven,Q4
717,labeled,29,admin.,single,tertiary,no,10.0,no,no,cellular,29,sep,87.0,1,120,1,failure,no,1,0.5,joven,Q3
718,labeled,42,blue-collar,married,secondary,no,2151.0,yes,no,cellular,13,may,149.0,1,364,2,failure,no,1,0.3333333333333333,adulto_joven,Q2
719,labeled,48,blue-collar,married,secondary,no,697.0,no,no,cellular,13,may,108.0,2,-1,0,unknown,no,0,2.0,adulto,Q2
720,labeled,45,blue-collar,married,secondary,no,831.0,yes,no,cellular,15,may,319.0,5,-1,0,unknown,no,0,5.0,adulto_joven,Q2
721,labeled,34,management,married,tertiary,no,2589.0,yes,no,cellular,21,nov,161.0,3,-1,0,unknown,no,0,3.0,adulto_joven,Q4
722,labeled,57,admin.,married,secondary,no,2142.0,no,no,telephone,8,jul,132.0,7,-1,0,unknown,no,0,7.0,adulto,Q3
723,labeled,48,blue-collar,married,primary,no,1083.0,no,yes,cellular,18,nov,79.0,1,172,8,failure,no,1,0.1111111111111111,adulto,Q4
724,labeled,33,technician,married,tertiary,no,66.0,no,no,cellular,21,jul,204.0,4,-1,0,unknown,no,0,4.0,adulto_joven,Q3
726,labeled,41,blue-collar,single,secondary,no,74.0,yes,no,cellular,1,jul,479.0,9,-1,0,unknown,yes,0,9.0,adulto_joven,Q3
727,labeled,56,services,married,secondary,no,696.0,yes,no,cellular,29,may,151.0,2,-1,0,unknown,no,0,2.0,adulto,Q2
729,labeled,35,blue-collar,divorced,secondary,no,0.0,yes,no,cellular,8,may,477.0,1,-1,0,unknown,no,0,1.0,adulto_joven,Q2
731,labeled,58,management,married,tertiary,no,9338.0,yes,no,telephone,18,nov,52.0,3,172,3,other,no,1,0.75,adulto,Q4
733,labeled,34,management,single,tertiary,no,186.0,yes,no,cellular,15,may,14.0,2,-1,0,unknown,no,0,2.0,adulto_joven,Q2
734,labeled,33,services,married,secondary,no,200.0,yes,yes,cellular,20,may,201.0,1,-1,0,unknown,no,0,1.0,adulto_joven,Q2
735,labeled,43,blue-collar,divorced,primary,no,58.0,yes,no,cellular,9,may,100.0,1,-1,0,unknown,no,0,1.0,adulto_joven,Q2
737,labeled,32,technician,single,secondary,no,0.0,no,no,cellular,21,aug,126.0,2,-1,0,unknown,no,0,2.0,adulto_joven,Q3
739,labeled,32,management,single,tertiary,no,3620.0,no,no,cellular,14,aug,165.0,2,-1,0,unknown,no,0,2.0,adulto_joven,Q3
740,labeled,41,blue-collar,married,primary,no,-524.0,no,yes,telephone,8,jul,554.0,3,-1,0,unknown,no,0,3.0,adulto_joven,Q3
741,labeled,38,blue-collar,divorced,secondary,no,601.0,yes,no,cellular,7,may,245.0,3,-1,0,unknown,no,0,3.0,adulto_joven,Q2
742,labeled,29,services,married,secondary,no,11425.0,yes,no,cellular,28,may,272.0,2,-1,0,unknown,no,0,2.0,joven,Q2
743,labeled,50,blue-collar,divorced,primary,no,-17.0,no,yes,cellular,10,jul,369.0,6,-1,0,unknown,no,0,6.0,adulto,Q3
744,labeled,34,technician,single,secondary,no,173.0,no,no,cellular,19,aug,294.0,3,-1,0,unknown,no,0,3.0,adulto_joven,Q3
745,labeled,43,technician,single,tertiary,yes,0.0,no,no,cellular,29,aug,73.0,4,-1,0,unknown,no,0,4.0,adulto_joven,Q3
746,labeled,26,management,single,tertiary,no,211.0,no,no,cellular,26,may,111.0,1,-1,0,unknown,no,0,1.0,joven,Q2
747,labeled,33,self-employed,married,tertiary,no,264.0,no,no,cellular,4,may,119.0,2,-1,0,unknown,no,0,2.0,adulto_joven,Q2
748,labeled,31,technician,single,tertiary,no,1215.0,no,no,cellular,3,feb,39.0,1,-1,0,unknown,no,0,1.0,adulto_joven,Q1
749,labeled,38,student,single,tertiary,no,799.0,no,no,cellular,27,feb,74.0,2,-1,0,unknown,no,0,2.0,adulto_joven,Q1
750,labeled,55,blue-collar,married,secondary,no,392.0,no,no,cellular,5,may,287.0,1,-1,0,unknown,no,0,1.0,adulto,Q2
751,labeled,51,housemaid,divorced,secondary,no,9223.0,no,no,cellular,18,jul,655.0,4,-1,0,unknown,yes,0,4.0,adulto,Q3
752,labeled,44,blue-collar,married,primary,no,5.0,yes,no,cellular,17,jul,196.0,1,-1,0,unknown,no,0,1.0,adulto_joven,Q3
753,labeled,44,technician,single,secondary,no,-32.0,yes,yes,cellular,14,may,100.0,3,-1,0,unknown,no,0,3.0,adulto_joven,Q2
754,labeled,36,technician,single,secondary,no,1862.0,yes,no,cellular,4,feb,75.0,1,273,1,failure,no,1,0.5,adulto_joven,Q1
755,labeled,42,management,single,secondary,no,9727.0,no,no,cellular,5,aug,81.0,2,-1,0,unknown,no,0,2.0,adulto_joven,Q3
756,labeled,27,admin.,married,secondary,no,191.0,yes,no,cellular,27,may,136.0,2,-1,0,unknown,no,0,2.0,joven,Q2
757,labeled,35,services,married,secondary,no,504.0,yes,yes,cellular,27,may,371.0,2,-1,0,unknown,no,0,2.0,adulto_joven,Q2
758,labeled,46,technician,married,tertiary,no,212.0,yes,no,cellular,14,may,141.0,1,346,2,other,no,1,0.3333333333333333,adulto,Q2
760,labeled,29,blue-collar,single,secondary,no,554.0,yes,no,cellular,15,may,133.0,4,-1,0,unknown,no,0,4.0,joven,Q2
761,labeled,45,admin.,single,secondary,no,0.0,yes,no,cellular,8,may,38.0,1,-1,0,unknown,no,0,1.0,adulto_joven,Q2
762,labeled,58,admin.,married,secondary,no,1144.0,no,no,telephone,4,feb,82.0,3,-1,0,unknown,no,0,3.0,adulto,Q1
763,labeled,29,management,single,tertiary,no,1453.0,no,no,cellular,26,apr,328.0,2,143,2,success,yes,1,0.6666666666666666,joven,Q2
764,labeled,48,services,divorced,secondary,no,3181.0,no,yes,cellular,9,apr,104.0,1,-1,0,unknown,no,0,1.0,adulto,Q2
766,labeled,63,retired,married,tertiary,no,123.0,yes,no,cellular,13,feb,104.0,2,-1,0,unknown,no,0,2.0,senior,Q1
767,labeled,30,management,single,tertiary,no,192.0,yes,no,cellular,17,mar,325.0,2,-1,0,unknown,yes,0,2.0,joven,Q1
768,labeled,52,blue-collar,married,primary,no,1136.0,yes,no,cellular,12,may,22.0,5,-1,0,unknown,no,0,5.0,adulto,Q2
769,labeled,32,services,married,primary,no,220.0,yes,no,cellular,21,jul,1017.0,6,-1,0,unknown,yes,0,6.0,adulto_joven,Q3
770,labeled,59,blue-collar,married,secondary,no,3949.0,no,no,cellular,5,jun,48.0,2,-1,0,unknown,no,0,2.0,adulto,Q2
771,labeled,59,retired,divorced,secondary,no,1022.0,no,no,cellular,5,nov,669.0,1,-1,0,unknown,yes,0,1.0,adulto,Q4
772,labeled,40,services,married,secondary,no,9383.0,yes,no,cellular,21,nov,7.0,8,185,1,failure,no,1,4.0,adulto_joven,Q4
773,labeled,29,services,single,secondary,no,-295.0,yes,no,cellular,18,may,196.0,1,-1,0,unknown,no,0,1.0,joven,Q2
774,labeled,32,blue-collar,married,secondary,no,1784.0,yes,no,cellular,12,may,87.0,4,357,4,failure,no,1,0.8,adulto_joven,Q2
775,labeled,31,technician,single,tertiary,no,444.0,yes,no,cellular,12,aug,130.0,2,-1,0,unknown,no,0,2.0,adulto_joven,Q3
776,labeled,58,management,single,tertiary,no,330.0,no,yes,cellular,28,jul,82.0,3,-1,0,unknown,no,0,3.0,adulto,Q3
777,labeled,26,student,single,secondary,no,207.0,no,no,cellular,16,nov,104.0,1,196,1,failure,no,1,0.5,joven,Q4
778,labeled,42,housemaid,married,primary,no,7.0,yes,no,telephone,28,jul,59.0,5,-1,0,unknown,no,0,5.0,adulto_joven,Q3
779,labeled,30,management,married,tertiary,no,552.0,no,no,cellular,21,aug,137.0,4,-1,0,unknown,no,0,4.0,joven,Q3
780,labeled,37,blue-collar,married,primary,no,704.0,no,no,cellular,18,jun,165.0,7,-1,0,unknown,no,0,7.0,adulto_joven,Q2
781,labeled,29,technician,single,tertiary,no,2899.0,yes,no,cellular,3,jun,250.0,1,-1,0,unknown,no,0,1.0,joven,Q2
783,labeled,45,blue-collar,married,primary,no,135.0,yes,yes,cellular,16,may,187.0,19,-1,0,unknown,no,0,19.0,adulto_joven,Q2
784,labeled,26,services,single,secondary,no,504.0,yes,yes,cellular,30,jan,206.0,5,239,3,failure,no,1,1.25,joven,Q1
785,labeled,46,management,married,tertiary,no,5.0,no,no,cellular,28,aug,205.0,2,-1,0,unknown,no,0,2.0,adulto,Q3
786,labeled,37,entrepreneur,married,tertiary,no,301.0,no,no,cellular,1,sep,76.0,1,-1,0,unknown,no,0,1.0,adulto_joven,Q3
787,labeled,31,entrepreneur,married,tertiary,no,5190.0,no,no,cellular,20,nov,187.0,2,-1,0,unknown,no,0,2.0,adulto_joven,Q4
788,labeled,29,management,single,tertiary,no,445.0,no,no,cellular,5,aug,504.0,1,92,1,success,yes,1,0.5,joven,Q3
789,labeled,35,blue-collar,single,secondary,no,372.0,yes,yes,cellular,6,may,207.0,3,-1,0,unknown,no,0,3.0,adulto_joven,Q2
790,labeled,35,management,single,tertiary,no,0.0,no,no,cellular,29,aug,669.0,6,-1,0,unknown,no,0,6.0,adulto_joven,Q3
792,labeled,33,technician,divorced,secondary,yes,2.0,yes,yes,cellular,18,nov,167.0,5,-1,0,unknown,no,0,5.0,adulto_joven,Q4
794,labeled,41,admin.,married,secondary,no,4545.0,no,no,cellular,30,may,298.0,3,-1,0,unknown,no,0,3.0,adulto_joven,Q2
795,labeled,60,management,married,secondary,no,6313.0,no,no,cellular,19,jun,39.0,2,-1,0,unknown,no,0,2.0,adulto,Q2
796,labeled,49,blue-collar,married,primary,no,377.0,yes,no,cellular,31,jul,18.0,44,-1,0,unknown,no,0,44.0,adulto,Q3
797,labeled,25,services,single,secondary,no,56.0,no,no,cellular,21,jul,71.0,11,-1,0,unknown,no,0,11.0,joven,Q3
798,labeled,32,blue-collar,married,primary,no,94.0,no,no,cellular,23,jul,312.0,1,-1,0,unknown,no,0,1.0,adulto_joven,Q3
799,labeled,42,management,married,tertiary,no,0.0,no,no,cellular,13,aug,325.0,2,-1,0,unknown,no,0,2.0,adulto_joven,Q3
801,labeled,50,services,single,primary,no,147.0,yes,no,cellular,7,may,198.0,2,-1,0,unknown,no,0,2.0,adulto,Q2
802,labeled,45,technician,married,secondary,no,1423.0,yes,no,cellular,24,jul,311.0,1,-1,0,unknown,no,0,1.0,adulto_joven,Q3
803,labeled,33,technician,single,tertiary,no,316.0,no,no,cellular,21,aug,126.0,3,-1,0,unknown,no,0,3.0,adulto_joven,Q3
804,labeled,25,management,single,tertiary,no,807.0,no,no,cellular,18,sep,267.0,2,114,2,failure,yes,1,0.6666666666666666,joven,Q3
805,labeled,41,entrepreneur,married,primary,no,32.0,yes,no,cellular,21,nov,549.0,2,-1,0,unknown,yes,0,2.0,adulto_joven,Q4
806,labeled,36,technician,single,secondary,yes,2.0,no,no,cellular,12,aug,587.0,2,-1,0,unknown,yes,0,2.0,adulto_joven,Q3
807,labeled,32,blue-collar,single,secondary,no,610.0,no,yes,cellular,28,may,95.0,3,-1,0,unknown,no,0,3.0,adulto_joven,Q2
809,labeled,39,blue-collar,married,secondary,no,-409.0,yes,no,cellular,8,may,177.0,1,-1,0,unknown,no,0,1.0,adulto_joven,Q2
810,labeled,54,blue-collar,married,secondary,no,2214.0,no,no,cellular,12,nov,104.0,1,99,2,other,yes,1,0.3333333333333333,adulto,Q4
811,labeled,31,management,married,tertiary,no,1374.0,yes,no,cellular,30,jan,203.0,2,2,3,other,no,1,0.5,adulto_joven,Q1
813,labeled,37,technician,married,secondary,no,1629.0,yes,no,cellular,19,may,229.0,3,-1,0,unknown,no,0,3.0,adulto_joven,Q2
815,labeled,36,blue-collar,married,secondary,no,1557.0,yes,no,cellular,12,may,325.0,4,-1,0,unknown,no,0,4.0,adulto_joven,Q2
816,labeled,51,blue-collar,divorced,primary,no,39.0,yes,no,cellular,13,may,341.0,1,-1,0,unknown,no,0,1.0,adulto,Q2
817,labeled,49,entrepreneur,married,primary,no,569.0,no,no,cellular,19,jun,84.0,1,-1,0,unknown,no,0,1.0,adulto,Q2
818,labeled,57,admin.,divorced,primary,no,4.0,no,no,cellular,15,may,17.0,10,-1,0,unknown,no,0,10.0,adulto,Q2
819,labeled,39,self-employed,married,secondary,no,268.0,no,no,cellular,11,may,102.0,2,-1,0,unknown,no,0,2.0,adulto_joven,Q2
820,labeled,45,admin.,married,secondary,no,-538.0,yes,no,cellular,3,jun,214.0,2,-1,0,unknown,no,0,2.0,adulto_joven,Q2
821,labeled,34,blue-collar,single,primary,no,459.0,yes,no,cellular,18,may,173.0,1,299,2,other,no,1,0.3333333333333333,adulto_joven,Q2
822,labeled,42,entrepreneur,divorced,tertiary,yes,-6.0,yes,no,cellular,5,may,380.0,1,-1,0,unknown,no,0,1.0,adulto_joven,Q2
823,labeled,33,blue-collar,married,secondary,no,3576.0,yes,no,cellular,2,apr,124.0,1,308,2,other,no,1,0.3333333333333333,adulto_joven,Q2
824,labeled,42,technician,married,secondary,no,4948.0,yes,no,cellular,2,mar,311.0,2,-1,0,unknown,yes,0,2.0,adulto_joven,Q1
825,labeled,47,technician,married,secondary,no,1989.0,yes,yes,cellular,25,aug,108.0,4,-1,0,unknown,no,0,4.0,adulto,Q3
826,labeled,32,admin.,single,secondary,no,97.0,yes,no,cellular,18,may,110.0,1,315,2,failure,no,1,0.3333333333333333,adulto_joven,Q2
827,labeled,34,management,married,tertiary,no,4835.0,yes,no,cellular,4,feb,265.0,1,-1,0,unknown,no,0,1.0,adulto_joven,Q1
829,labeled,37,housemaid,married,primary,no,181.0,no,no,cellular,8,aug,148.0,4,-1,0,unknown,no,0,4.0,adulto_joven,Q3
830,labeled,28,management,single,tertiary,no,0.0,no,no,telephone,27,may,198.0,2,-1,0,unknown,no,0,2.0,joven,Q2
831,labeled,54,management,married,tertiary,no,2958.0,yes,no,cellular,20,nov,83.0,1,-1,0,unknown,no,0,1.0,adulto,Q4
832,labeled,44,blue-collar,married,primary,no,129.0,yes,no,cellular,7,may,378.0,1,-1,0,unknown,no,0,1.0,adulto_joven,Q2
834,labeled,80,management,married,primary,no,6475.0,no,no,telephone,19,oct,123.0,1,-1,0,unknown,no,0,1.0,senior,Q4
835,labeled,33,blue-collar,married,secondary,no,668.0,yes,no,cellular,18,jul,968.0,1,-1,0,unknown,yes,0,1.0,adulto_joven,Q3
836,labeled,26,unemployed,married,tertiary,no,444.0,yes,yes,cellular,23,may,28.0,18,-1,0,unknown,no,0,18.0,joven,Q2
837,labeled,57,admin.,married,secondary,no,368.0,no,no,telephone,16,nov,107.0,2,-1,0,unknown,no,0,2.0,adulto,Q4
838,labeled,40,services,married,secondary,no,15.0,no,no,cellular,4,jun,78.0,1,-1,0,unknown,no,0,1.0,adulto_joven,Q2
839,labeled,23,admin.,single,secondary,no,581.0,yes,no,cellular,6,may,62.0,1,-1,0,unknown,no,0,1.0,joven,Q2
840,labeled,50,technician,divorced,secondary,no,-620.4,yes,yes,cellular,24,jul,148.0,1,-1,0,unknown,no,0,1.0,adulto,Q3
842,labeled,40,self-employed,married,secondary,no,1514.0,yes,yes,cellular,23,may,373.0,1,-1,0,unknown,no,0,1.0,adulto_joven,Q2
843,labeled,29,blue-collar,married,secondary,no,358.0,no,no,cellular,21,jul,88.0,5,-1,0,unknown,no,0,5.0,joven,Q3
844,labeled,38,admin.,married,secondary,no,421.0,yes,no,cellular,17,apr,279.0,1,-1,0,unknown,no,0,1.0,adulto_joven,Q2
845,labeled,33,management,divorced,secondary,no,114.0,no,no,cellular,20,aug,175.0,3,-1,0,unknown,no,0,3.0,adulto_joven,Q3
846,labeled,35,blue-collar,married,primary,no,321.0,yes,no,cellular,16,jul,221.0,1,-1,0,unknown,no,0,1.0,adulto_joven,Q3
847,labeled,53,blue-collar,married,primary,no,43.0,yes,no,cellular,7,apr,208.0,1,140,1,failure,no,1,0.5,adulto,Q2
848,labeled,37,management,married,tertiary,no,1688.0,yes,no,cellular,6,jun,95.0,2,-1,0,unknown,no,0,2.0,adulto_joven,Q2
849,labeled,40,technician,married,secondary,no,693.0,yes,no,cellular,4,feb,97.0,4,196,5,failure,no,1,0.6666666666666666,adulto_joven,Q1
850,labeled,55,blue-collar,married,primary,no,2275.0,no,no,cellular,25,aug,139.0,9,-1,0,unknown,no,0,9.0,adulto,Q3
851,labeled,39,management,divorced,tertiary,no,16.0,no,no,cellular,18,jun,311.0,5,-1,0,unknown,no,0,5.0,adulto_joven,Q2
853,labeled,50,management,divorced,tertiary,no,200.0,yes,no,cellular,24,jul,248.0,1,-1,0,unknown,no,0,1.0,adulto,Q3
854,labeled,32,technician,single,secondary,no,0.0,no,no,cellular,26,aug,181.0,2,-1,0,unknown,no,0,2.0,adulto_joven,Q3
856,labeled,57,technician,married,secondary,no,3069.0,yes,yes,cellular,7,may,63.0,3,-1,0,unknown,no,0,3.0,adulto,Q2
857,labeled,45,self-employed,married,secondary,no,3101.0,yes,no,cellular,7,aug,159.0,2,-1,0,unknown,no,0,2.0,adulto_joven,Q3
859,labeled,47,management,married,tertiary,no,3681.0,no,no,cellular,14,aug,101.0,2,-1,0,unknown,no,0,2.0,adulto,Q3
860,labeled,40,technician,married,secondary,no,1278.0,no,no,cellular,17,apr,342.0,2,-1,0,unknown,no,0,2.0,adulto_joven,Q2
861,labeled,34,technician,married,secondary,no,121.0,yes,yes,cellular,4,jun,153.0,1,309,3,other,no,1,0.25,adulto_joven,Q2
862,labeled,51,services,divorced,secondary,no,520.0,yes,no,telephone,17,nov,76.0,1,-1,0,unknown,no,0,1.0,adulto,Q4
863,labeled,56,technician,married,secondary,no,4065.0,no,no,cellular,27,aug,239.0,5,-1,0,unknown,no,0,5.0,adulto,Q3
864,labeled,31,management,single,tertiary,no,878.0,yes,no,cellular,18,nov,190.0,2,-1,0,unknown,no,0,2.0,adulto_joven,Q4
865,labeled,59,technician,married,primary,no,4206.0,no,no,cellular,14,jan,309.0,1,91,10,success,yes,1,0.09090909090909091,adulto,Q1
866,labeled,29,management,married,tertiary,no,581.0,yes,yes,cellular,14,jul,192.0,2,-1,0,unknown,no,0,2.0,joven,Q3
867,labeled,39,services,married,primary,no,1595.0,yes,no,cellular,23,may,201.0,2,-1,0,unknown,no,0,2.0,adulto_joven,Q2
868,labeled,28,blue-collar,single,secondary,no,52.0,no,no,cellular,19,may,190.0,1,-1,0,unknown,no,0,1.0,joven,Q2
869,labeled,77,retired,married,tertiary,no,0.0,no,no,cellular,16,oct,847.0,1,60,1,success,yes,1,0.5,senior,Q4
871,labeled,42,blue-collar,married,primary,no,0.0,yes,no,cellular,17,jul,71.0,1,-1,0,unknown,no,0,1.0,adulto_joven,Q3
873,labeled,52,management,married,secondary,no,423.0,yes,no,cellular,30,may,153.0,1,-1,0,unknown,no,0,1.0,adulto,Q2
874,labeled,41,blue-collar,married,primary,no,395.0,yes,no,cellular,16,jun,87.0,6,-1,0,unknown,no,0,6.0,adulto_joven,Q2
875,labeled,44,management,married,secondary,no,8261.0,yes,no,cellular,23,jul,201.0,16,-1,0,unknown,no,0,16.0,adulto_joven,Q3
876,labeled,46,blue-collar,married,primary,no,148.0,yes,no,cellular,6,may,116.0,2,169,3,failure,no,1,0.5,adulto,Q2
877,labeled,55,technician,married,secondary,no,957.0,yes,no,cellular,29,jan,104.0,1,-1,0,unknown,no,0,1.0,adulto,Q1
878,labeled,28,admin.,married,secondary,no,15.0,yes,no,cellular,30,jan,73.0,3,256,3,other,no,1,0.75,joven,Q1
880,labeled,30,technician,single,tertiary,no,-620.4,no,yes,cellular,21,aug,194.0,2,-1,0,unknown,no,0,2.0,joven,Q3
881,labeled,27,services,single,secondary,no,59.0,yes,no,cellular,28,may,543.0,2,-1,0,unknown,yes,0,2.0,joven,Q2
882,labeled,36,management,married,tertiary,no,1310.0,yes,no,cellular,7,aug,100.0,2,-1,0,unknown,no,0,2.0,adulto_joven,Q3
884,labeled,35,blue-collar,married,secondary,no,405.0,yes,no,cellular,20,apr,12.0,6,-1,0,unknown,no,0,6.0,adulto_joven,Q2
885,labeled,38,technician,single,secondary,no,4360.0,yes,no,cellular,29,jul,188.0,2,-1,0,unknown,no,0,2.0,adulto_joven,Q3
886,labeled,47,technician,married,secondary,no,71.0,no,no,cellular,29,may,278.0,1,-1,0,unknown,no,0,1.0,adulto,Q2
887,labeled,32,blue-collar,married,secondary,no,887.0,yes,no,cellular,10,sep,185.0,1,99,5,success,yes,1,0.16666666666666666,adulto_joven,Q3
888,labeled,32,admin.,married,secondary,no,1035.0,yes,no,cellular,17,jul,84.0,1,-1,0,unknown,no,0,1.0,adulto_joven,Q3
889,labeled,48,blue-collar,married,secondary,no,-18.0,no,yes,cellular,4,jul,270.0,1,-1,0,unknown,no,0,1.0,adulto,Q3
890,labeled,40,admin.,married,secondary,no,1318.0,yes,yes,cellular,26,may,76.0,2,-1,0,unknown,no,0,2.0,adulto_joven,Q2
891,labeled,35,technician,divorced,secondary,no,473.0,yes,yes,cellular,26,may,434.0,4,-1,0,unknown,no,0,4.0,adulto_joven,Q2
892,labeled,32,services,married,secondary,no,177.0,yes,no,telephone,15,may,45.0,2,-1,0,unknown,no,0,2.0,adulto_joven,Q2
894,labeled,52,blue-collar,married,primary,no,29.0,no,no,cellular,13,aug,109.0,2,-1,0,unknown,no,0,2.0,adulto,Q3
895,labeled,48,admin.,divorced,secondary,no,-61.0,no,no,cellular,14,may,243.0,1,-1,0,unknown,no,0,1.0,adulto,Q2
896,labeled,49,technician,married,tertiary,no,1234.0,no,no,cellular,13,aug,354.0,3,-1,0,unknown,yes,0,3.0,adulto,Q3
897,labeled,42,entrepreneur,married,primary,no,154.0,no,no,cellular,20,aug,94.0,2,-1,0,unknown,no,0,2.0,adulto_joven,Q3
898,labeled,55,blue-collar,married,primary,no,633.0,yes,no,cellular,5,may,247.0,1,-1,0,unknown,no,0,1.0,adulto,Q2
899,labeled,34,technician,single,secondary,no,1382.0,yes,yes,cellular,28,may,185.0,6,-1,0,unknown,no,0,6.0,adulto_joven,Q2
900,labeled,35,blue-collar,married,primary,no,3.0,yes,no,cellular,13,may,326.0,4,-1,0,unknown,no,0,4.0,adulto_joven,Q2
901,labeled,59,admin.,married,secondary,no,99.0,yes,no,cellular,12,may,139.0,2,350,1,failure,no,1,1.0,adulto,Q2
902,labeled,34,management,married,tertiary,no,418.0,yes,no,cellular,18,nov,138.0,1,-1,0,unknown,no,0,1.0,adulto_joven,Q4
903,labeled,31,blue-collar,married,secondary,no,1413.0,yes,no,cellular,6,may,142.0,3,-1,0,unknown,no,0,3.0,adulto_joven,Q2
904,labeled,25,admin.,married,secondary,no,891.0,yes,no,cellular,28,may,328.0,1,-1,0,unknown,no,0,1.0,joven,Q2
905,labeled,30,technician,single,tertiary,no,9.0,yes,no,cellular,6,may,45.0,2,169,2,failure,no,1,0.6666666666666666,joven,Q2
906,labeled,26,management,single,secondary,no,67.0,no,no,cellular,28,jul,76.0,4,-1,0,unknown,no,0,4.0,joven,Q3
907,labeled,28,technician,single,tertiary,no,181.0,yes,yes,cellular,28,may,62.0,2,-1,0,unknown,no,0,2.0,joven,Q2
908,labeled,50,services,married,secondary,no,56.0,no,yes,cellular,27,aug,151.0,8,-1,0,unknown,no,0,8.0,adulto,Q3
909,labeled,36,self-employed,married,tertiary,no,25.0,yes,yes,cellular,18,jul,95.0,4,-1,0,unknown,no,0,4.0,adulto_joven,Q3
910,labeled,53,blue-collar,married,secondary,no,2240.0,yes,no,cellular,14,jul,272.0,3,-1,0,unknown,no,0,3.0,adulto,Q3
911,labeled,25,student,single,secondary,no,324.0,no,no,telephone,26,aug,170.0,4,-1,0,unknown,yes,0,4.0,joven,Q3
913,labeled,37,technician,married,secondary,no,1062.0,yes,no,cellular,31,jul,413.0,2,-1,0,unknown,no,0,2.0,adulto_joven,Q3
915,labeled,32,management,married,tertiary,no,48.0,no,no,cellular,2,feb,124.0,3,-1,0,unknown,no,0,3.0,adulto_joven,Q1
918,labeled,44,technician,divorced,secondary,no,-326.0,yes,no,cellular,7,may,171.0,1,-1,0,unknown,no,0,1.0,adulto_joven,Q2
919,labeled,36,management,married,tertiary,no,487.0,no,no,cellular,5,aug,157.0,3,97,2,success,yes,1,1.0,adulto_joven,Q3
920,labeled,54,technician,married,secondary,no,2221.0,no,yes,cellular,13,aug,73.0,2,-1,0,unknown,no,0,2.0,adulto,Q3
921,labeled,29,management,single,tertiary,no,4202.0,yes,no,cellular,18,may,119.0,1,-1,0,unknown,no,0,1.0,joven,Q2
923,labeled,53,blue-collar,married,primary,no,728.0,no,no,cellular,27,oct,759.0,2,-1,0,unknown,yes,0,2.0,adulto,Q4
924,labeled,31,admin.,single,secondary,no,-456.0,yes,no,cellular,28,may,81.0,2,-1,0,unknown,no,0,2.0,adulto_joven,Q2
925,labeled,58,housemaid,married,primary,no,5273.0,yes,no,cellular,4,jun,763.0,4,-1,0,unknown,no,0,4.0,adulto,Q2
926,labeled,47,management,married,tertiary,no,7703.0,yes,no,cellular,21,nov,157.0,5,-1,0,unknown,no,0,5.0,adulto,Q4
928,labeled,52,technician,married,secondary,no,59.0,no,no,telephone,29,aug,20.0,2,-1,0,unknown,no,0,2.0,adulto,Q3
929,labeled,41,technician,married,secondary,no,59.0,yes,no,cellular,6,aug,185.0,4,-1,0,unknown,no,0,4.0,adulto_joven,Q3
930,labeled,56,housemaid,divorced,primary,yes,1244.0,no,no,cellular,5,jun,1031.94,1,-1,0,unknown,yes,0,1.0,adulto,Q2
931,labeled,50,management,married,tertiary,no,114.0,yes,no,cellular,4,nov,70.0,5,85,5,other,no,1,0.8333333333333334,adulto,Q4
932,labeled,34,housemaid,married,tertiary,no,0.0,no,no,cellular,26,may,141.0,1,188,1,failure,no,1,0.5,adulto_joven,Q2
933,labeled,52,entrepreneur,married,tertiary,no,0.0,no,no,cellular,19,jun,163.0,3,-1,0,unknown,no,0,3.0,adulto,Q2
934,labeled,42,management,married,secondary,yes,-28.0,no,no,cellular,5,feb,176.0,1,-1,0,unknown,no,0,1.0,adulto_joven,Q1
935,labeled,42,management,single,tertiary,no,10913.0,no,no,cellular,4,may,74.0,3,-1,0,unknown,no,0,3.0,adulto_joven,Q2
936,labeled,31,self-employed,single,secondary,no,351.0,yes,no,cellular,26,may,592.0,4,-1,0,unknown,no,0,4.0,adulto_joven,Q2
937,labeled,45,admin.,married,secondary,no,70.0,yes,yes,cellular,15,may,262.0,2,352,2,failure,no,1,0.6666666666666666,adulto_joven,Q2
939,labeled,33,blue-collar,single,secondary,no,137.0,yes,no,cellular,14,may,123.0,1,360,3,other,no,1,0.25,adulto_joven,Q2
940,labeled,47,admin.,married,secondary,no,1942.0,no,yes,cellular,14,may,225.0,1,364,1,failure,no,1,0.5,adulto,Q2
942,labeled,71,blue-collar,married,tertiary,no,353.0,no,no,cellular,27,jan,208.0,1,93,2,failure,no,1,0.3333333333333333,senior,Q1
943,labeled,55,retired,married,primary,no,4426.0,no,no,cellular,5,aug,67.0,4,-1,0,unknown,no,0,4.0,adulto,Q3
944,labeled,30,blue-collar,married,secondary,no,-105.0,yes,no,cellular,15,may,144.0,5,-1,0,unknown,no,0,5.0,joven,Q2
945,labeled,27,student,single,secondary,no,1571.0,no,no,cellular,30,jan,164.0,5,-1,0,unknown,no,0,5.0,joven,Q1
947,labeled,30,blue-collar,single,primary,no,62.0,yes,no,cellular,19,may,122.0,6,-1,0,unknown,no,0,6.0,joven,Q2
948,labeled,73,retired,married,secondary,no,509.0,no,no,telephone,16,oct,434.0,1,57,1,failure,yes,1,0.5,senior,Q4
949,labeled,42,technician,divorced,secondary,no,-280.0,yes,no,cellular,26,may,258.0,1,-1,0,unknown,no,0,1.0,adulto_joven,Q2
950,labeled,60,retired,married,secondary,no,88.0,no,no,cellular,30,apr,156.0,2,-1,0,unknown,no,0,2.0,adulto,Q2
951,labeled,29,management,single,tertiary,no,3353.0,no,no,cellular,21,jul,120.0,3,-1,0,unknown,no,0,3.0,joven,Q3
952,labeled,59,self-employed,married,tertiary,no,583.0,no,no,cellular,13,may,64.0,2,-1,0,unknown,no,0,2.0,adulto,Q2
953,labeled,36,blue-collar,single,secondary,no,336.0,no,yes,cellular,16,jun,559.0,3,-1,0,unknown,no,0,3.0,adulto_joven,Q2
955,labeled,47,admin.,single,secondary,no,2540.0,no,no,cellular,18,nov,110.0,5,-1,0,unknown,no,0,5.0,adulto,Q4
956,labeled,42,blue-collar,married,secondary,no,3057.0,yes,no,cellular,27,may,32.0,1,-1,0,unknown,no,0,1.0,adulto_joven,Q2
957,labeled,34,blue-collar,married,secondary,no,476.0,yes,yes,cellular,20,apr,217.0,1,-1,0,unknown,no,0,1.0,adulto_joven,Q2
958,labeled,45,entrepreneur,married,primary,no,59.0,yes,no,telephone,13,may,119.0,3,371,3,failure,no,1,0.75,adulto_joven,Q2
959,labeled,42,technician,divorced,secondary,no,2983.0,yes,no,cellular,21,may,187.0,5,-1,0,unknown,no,0,5.0,adulto_joven,Q2
960,labeled,48,management,married,tertiary,yes,-17.0,yes,no,cellular,15,may,20.0,6,291,2,other,no,1,2.0,adulto,Q2
962,labeled,46,management,married,tertiary,no,0.0,no,no,cellular,7,may,70.0,2,-1,0,unknown,no,0,2.0,adulto,Q2
963,labeled,30,entrepreneur,single,secondary,no,644.0,no,no,cellular,14,jul,358.0,6,-1,0,unknown,no,0,6.0,joven,Q3
964,labeled,36,blue-collar,married,secondary,no,446.0,yes,no,cellular,21,may,260.0,5,-1,0,unknown,no,0,5.0,adulto_joven,Q2
965,labeled,54,retired,divorced,primary,no,19.0,no,no,cellular,20,jun,23.0,4,-1,0,unknown,no,0,4.0,adulto,Q2
967,labeled,34,admin.,married,secondary,no,54.0,yes,no,cellular,20,may,89.0,2,-1,0,unknown,no,0,2.0,adulto_joven,Q2
970,labeled,39,admin.,single,secondary,no,0.0,yes,no,cellular,11,may,62.0,1,-1,0,unknown,no,0,1.0,adulto_joven,Q2
974,labeled,39,services,married,secondary,no,1434.0,yes,no,cellular,20,may,212.0,2,-1,0,unknown,no,0,2.0,adulto_joven,Q2
975,labeled,31,blue-collar,married,secondary,no,1667.0,yes,no,cellular,20,apr,342.0,1,-1,0,unknown,no,0,1.0,adulto_joven,Q2
976,labeled,48,technician,married,secondary,no,342.0,yes,no,cellular,28,jan,255.0,2,-1,0,unknown,no,0,2.0,adulto,Q1
977,labeled,32,entrepreneur,married,secondary,no,78.0,yes,no,cellular,21,nov,158.0,1,135,1,failure,no,1,0.5,adulto_joven,Q4
978,labeled,33,management,married,tertiary,no,1813.0,yes,no,cellular,4,jun,99.0,4,-1,0,unknown,no,0,4.0,adulto_joven,Q2
979,labeled,49,retired,married,primary,no,1673.0,no,no,cellular,17,jul,128.0,3,-1,0,unknown,no,0,3.0,adulto,Q3
980,labeled,40,admin.,divorced,secondary,no,213.0,no,no,cellular,7,jan,176.0,1,-1,0,unknown,no,0,1.0,adulto_joven,Q1
981,labeled,32,technician,single,tertiary,no,4664.0,yes,no,cellular,21,may,860.0,2,-1,0,unknown,yes,0,2.0,adulto_joven,Q2
982,labeled,45,technician,married,secondary,no,319.0,yes,no,cellular,30,jun,103.0,1,-1,0,unknown,no,0,1.0,adulto_joven,Q2
983,labeled,35,blue-collar,married,primary,no,632.0,no,no,cellular,7,jul,185.0,2,-1,0,unknown,no,0,2.0,adulto_joven,Q3
984,labeled,27,technician,married,secondary,no,1576.0,yes,yes,cellular,28,may,266.0,2,-1,0,unknown,no,0,2.0,joven,Q2
985,labeled,23,technician,single,secondary,no,-300.0,yes,no,cellular,4,jun,217.0,2,-1,0,unknown,no,0,2.0,joven,Q2
986,labeled,40,blue-collar,married,secondary,no,326.0,yes,yes,cellular,7,jul,112.0,1,-1,0,unknown,no,0,1.0,adulto_joven,Q3
988,labeled,36,management,divorced,tertiary,no,0.0,no,no,cellular,28,aug,81.0,4,-1,0,unknown,no,0,4.0,adulto_joven,Q3
989,labeled,38,blue-collar,married,primary,no,0.0,yes,no,cellular,3,jun,179.0,2,-1,0,unknown,no,0,2.0,adulto_joven,Q2
990,labeled,36,admin.,married,secondary,no,4270.0,no,no,cellular,19,jun,227.0,6,-1,0,unknown,no,0,6.0,adulto_joven,Q2
991,labeled,44,management,single,tertiary,no,1423.0,yes,no,cellular,8,aug,201.0,2,-1,0,unknown,no,0,2.0,adulto_joven,Q3
992,labeled,42,technician,married,secondary,no,436.0,no,no,cellular,20,aug,143.0,2,-1,0,unknown,no,0,2.0,adulto_joven,Q3
993,labeled,49,unemployed,married,primary,no,-379.0,yes,no,cellular,27,may,25.0,1,-1,0,unknown,no,0,1.0,adulto,Q2
995,labeled,55,admin.,married,secondary,no,866.0,yes,no,cellular,17,apr,85.0,1,151,1,failure,no,1,0.5,adulto,Q2
996,labeled,32,blue-collar,single,secondary,no,1668.0,yes,no,cellular,18,may,183.0,1,-1,0,unknown,no,0,1.0,adulto_joven,Q2
998,labeled,34,housemaid,married,secondary,no,0.0,yes,no,cellular,30,oct,154.0,1,-1,0,unknown,yes,0,1.0,adulto_joven,Q4
999,labeled,35,services,single,secondary,no,1055.0,yes,yes,cellular,16,apr,327.0,1,-1,0,unknown,no,0,1.0,adulto_joven,Q2
1000,labeled,59,housemaid,married,secondary,no,348.0,no,no,cellular,9,jun,38.0,1,-1,0,unknown,no,0,1.0,adulto,Q2
1001,labeled,31,services,married,secondary,no,434.0,yes,no,cellular,17,jun,117.0,3,-1,0,unknown,no,0,3.0,adulto_joven,Q2
1002,labeled,42,management,married,tertiary,no,362.0,yes,no,cellular,3,aug,654.0,2,-1,0,unknown,yes,0,2.0,adulto_joven,Q3
1003,labeled,43,unemployed,married,tertiary,no,59.0,yes,no,cellular,9,feb,48.0,4,-1,0,unknown,no,0,4.0,adulto_joven,Q1
1004,labeled,26,admin.,divorced,secondary,yes,5.0,yes,no,cellular,13,may,181.0,5,-1,0,unknown,no,0,5.0,joven,Q2
1005,labeled,31,admin.,married,secondary,no,-4.0,yes,no,cellular,28,jul,37.0,12,-1,0,unknown,no,0,12.0,adulto_joven,Q3
1006,labeled,29,technician,single,secondary,no,114.0,no,no,cellular,12,feb,328.0,2,183,4,success,yes,1,0.4,joven,Q1
1008,labeled,48,management,married,tertiary,no,5058.0,no,yes,cellular,19,nov,37.0,1,-1,0,unknown,no,0,1.0,adulto,Q4
1010,labeled,27,admin.,single,secondary,no,17.0,no,yes,cellular,21,jul,177.0,1,-1,0,unknown,no,0,1.0,joven,Q3
1011,labeled,45,self-employed,married,tertiary,no,337.0,no,no,cellular,5,jun,87.0,2,-1,0,unknown,no,0,2.0,adulto_joven,Q2
1012,labeled,35,management,married,secondary,no,837.0,yes,no,cellular,23,may,50.0,3,-1,0,unknown,no,0,3.0,adulto_joven,Q2
1014,labeled,38,housemaid,married,secondary,no,-288.0,yes,no,cellular,28,jul,143.0,2,-1,0,unknown,no,0,2.0,adulto_joven,Q3
1015,labeled,50,management,single,tertiary,no,575.0,yes,no,cellular,16,may,274.0,8,-1,0,unknown,no,0,8.0,adulto,Q2
1016,labeled,45,technician,married,secondary,no,45.0,no,no,cellular,29,jul,65.0,2,-1,0,unknown,no,0,2.0,adulto_joven,Q3
1017,labeled,51,blue-collar,married,secondary,no,2241.0,yes,no,cellular,29,may,619.0,1,-1,0,unknown,no,0,1.0,adulto,Q2
1018,labeled,40,self-employed,married,primary,no,100.0,yes,no,cellular,13,may,92.0,1,-1,0,unknown,no,0,1.0,adulto_joven,Q2
1019,labeled,47,management,divorced,tertiary,no,97.0,yes,no,cellular,31,jul,9.0,19,-1,0,unknown,no,0,19.0,adulto,Q3
1020,labeled,50,blue-collar,married,primary,no,5772.0,no,no,cellular,18,nov,49.0,3,-1,0,unknown,no,0,3.0,adulto,Q4
1021,labeled,61,admin.,married,secondary,no,4615.0,no,no,cellular,12,mar,212.0,1,-1,0,unknown,yes,0,1.0,senior,Q1
1022,labeled,37,technician,divorced,secondary,no,22.0,no,no,cellular,20,aug,289.0,2,-1,0,unknown,no,0,2.0,adulto_joven,Q3
1023,labeled,57,technician,married,secondary,no,13689.540000000003,yes,no,cellular,30,may,352.0,3,-1,0,unknown,no,0,3.0,adulto,Q2
1024,labeled,55,retired,married,primary,no,8897.0,no,no,cellular,11,jun,262.0,1,-1,0,unknown,no,0,1.0,adulto,Q2
1026,labeled,35,management,married,tertiary,no,2683.0,yes,no,cellular,9,jul,156.0,1,-1,0,unknown,no,0,1.0,adulto_joven,Q3
1027,labeled,56,services,married,secondary,no,-233.0,no,yes,cellular,23,jul,55.0,10,-1,0,unknown,no,0,10.0,adulto,Q3
1028,labeled,38,blue-collar,married,secondary,no,1369.0,yes,no,cellular,11,may,472.0,2,-1,0,unknown,no,0,2.0,adulto_joven,Q2
1030,labeled,31,admin.,married,secondary,no,14.0,yes,yes,cellular,16,jul,101.0,7,-1,0,unknown,no,0,7.0,adulto_joven,Q3
1031,labeled,52,unemployed,married,primary,no,-105.0,no,yes,cellular,29,jan,141.0,1,-1,0,unknown,no,0,1.0,adulto,Q1
1032,labeled,56,blue-collar,married,secondary,no,0.0,no,no,cellular,20,jun,471.0,2,-1,0,unknown,no,0,2.0,adulto,Q2
1035,labeled,55,self-employed,married,secondary,no,-196.0,yes,no,cellular,20,may,210.0,2,-1,0,unknown,no,0,2.0,adulto,Q2
1036,labeled,41,blue-collar,married,primary,no,947.0,yes,no,cellular,20,apr,23.0,4,-1,0,unknown,no,0,4.0,adulto_joven,Q2
1038,labeled,32,management,single,tertiary,no,2352.0,no,no,cellular,18,jul,226.0,1,-1,0,unknown,no,0,1.0,adulto_joven,Q3
1039,labeled,46,management,single,tertiary,no,2145.0,yes,no,cellular,21,jul,87.0,4,-1,0,unknown,no,0,4.0,adulto,Q3
1040,labeled,54,services,married,secondary,no,0.0,no,no,cellular,19,jun,220.0,1,-1,0,unknown,no,0,1.0,adulto,Q2
1041,labeled,49,admin.,married,secondary,no,13689.540000000003,yes,no,cellular,21,nov,60.0,1,-1,0,unknown,no,0,1.0,adulto,Q4
1042,labeled,39,blue-collar,married,secondary,no,281.0,yes,yes,cellular,6,may,209.0,1,-1,0,unknown,no,0,1.0,adulto_joven,Q2
1043,labeled,48,admin.,married,secondary,no,102.0,no,no,cellular,18,aug,139.0,5,-1,0,unknown,no,0,5.0,adulto,Q3
1044,labeled,57,housemaid,married,primary,no,0.0,no,no,cellular,9,jun,257.0,2,-1,0,unknown,no,0,2.0,adulto,Q2
1045,labeled,31,services,married,secondary,no,419.0,yes,no,cellular,21,may,272.0,1,-1,0,unknown,no,0,1.0,adulto_joven,Q2
1046,labeled,37,management,married,tertiary,no,233.0,no,no,cellular,3,feb,185.0,1,92,1,success,yes,1,0.5,adulto_joven,Q1
1047,labeled,38,blue-collar,married,primary,no,3413.0,yes,no,cellular,20,jun,324.0,5,-1,0,unknown,no,0,5.0,adulto_joven,Q2
1050,labeled,74,retired,divorced,secondary,no,4080.0,no,no,cellular,19,oct,343.0,3,-1,0,unknown,yes,0,3.0,senior,Q4
1051,labeled,34,management,married,tertiary,no,-79.0,yes,no,cellular,11,jul,90.0,1,-1,0,unknown,no,0,1.0,adulto_joven,Q3
1052,labeled,38,admin.,married,tertiary,no,659.0,yes,yes,cellular,31,jul,129.0,2,-1,0,unknown,no,0,2.0,adulto_joven,Q3
1053,labeled,52,technician,married,secondary,no,123.0,no,no,cellular,28,aug,16.0,20,-1,0,unknown,no,0,20.0,adulto,Q3
1054,labeled,30,self-employed,married,secondary,no,1771.0,yes,no,cellular,13,apr,158.0,4,-1,0,unknown,no,0,4.0,joven,Q2
1055,labeled,32,management,married,tertiary,no,2353.0,no,no,cellular,14,aug,134.0,5,-1,0,unknown,no,0,5.0,adulto_joven,Q3
1056,labeled,57,blue-collar,married,primary,no,284.0,no,yes,cellular,7,jul,261.0,12,-1,0,unknown,no,0,12.0,adulto,Q3
1057,labeled,43,blue-collar,married,secondary,no,10900.0,yes,no,cellular,15,may,66.0,2,-1,0,unknown,no,0,2.0,adulto_joven,Q2
1058,labeled,46,management,single,primary,no,536.0,no,no,cellular,17,jun,118.0,3,-1,0,unknown,no,0,3.0,adulto,Q2
1059,labeled,32,management,single,tertiary,no,2620.0,no,no,cellular,28,aug,77.0,4,-1,0,unknown,no,0,4.0,adulto_joven,Q3
1060,labeled,31,unemployed,married,tertiary,no,597.0,no,no,cellular,21,nov,161.0,2,-1,0,unknown,no,0,2.0,adulto_joven,Q4
1061,labeled,38,blue-collar,single,primary,no,491.0,yes,yes,cellular,25,aug,17.0,1,-1,0,unknown,no,0,1.0,adulto_joven,Q3
1062,labeled,53,services,married,secondary,no,4991.0,no,no,cellular,18,aug,62.0,6,-1,0,unknown,no,0,6.0,adulto,Q3
1063,labeled,56,entrepreneur,divorced,primary,no,20.0,no,no,cellular,29,jan,52.0,2,227,1,failure,no,1,1.0,adulto,Q1
1064,labeled,51,technician,divorced,tertiary,no,0.0,no,no,cellular,28,aug,84.0,7,-1,0,unknown,no,0,7.0,adulto,Q3
1066,labeled,32,services,single,secondary,no,-393.0,yes,no,cellular,17,apr,135.0,1,-1,0,unknown,no,0,1.0,adulto_joven,Q2
1067,labeled,44,self-employed,divorced,secondary,no,76.0,yes,yes,cellular,14,may,387.0,2,-1,0,unknown,no,0,2.0,adulto_joven,Q2
1069,labeled,46,technician,single,secondary,no,834.0,yes,no,cellular,11,jul,196.0,2,-1,0,unknown,no,0,2.0,adulto,Q3
1070,labeled,56,housemaid,married,tertiary,no,1921.0,yes,no,cellular,24,jul,247.0,2,-1,0,unknown,no,0,2.0,adulto,Q3
1071,labeled,42,management,divorced,tertiary,no,397.0,yes,no,cellular,24,jul,217.0,9,-1,0,unknown,no,0,9.0,adulto_joven,Q3
1072,labeled,27,technician,single,secondary,no,773.0,yes,no,cellular,9,may,317.0,2,-1,0,unknown,no,0,2.0,joven,Q2
1073,labeled,42,admin.,single,secondary,no,35.0,yes,no,cellular,4,feb,98.0,1,266,3,failure,no,1,0.25,adulto_joven,Q1
1074,labeled,34,technician,single,tertiary,no,9847.0,yes,no,cellular,20,nov,128.0,5,-1,0,unknown,no,0,5.0,adulto_joven,Q4
1075,labeled,38,admin.,married,primary,no,0.0,yes,no,cellular,2,jun,29.0,32,-1,0,unknown,no,0,32.0,adulto_joven,Q2
1076,labeled,56,blue-collar,married,primary,no,150.0,no,no,cellular,3,feb,128.0,1,-1,0,unknown,no,0,1.0,adulto,Q1
1078,labeled,27,admin.,married,secondary,yes,-527.0,yes,no,cellular,14,jul,172.0,3,-1,0,unknown,no,0,3.0,joven,Q3
1079,labeled,55,management,married,primary,no,227.0,no,yes,cellular,9,jun,175.0,3,-1,0,unknown,no,0,3.0,adulto,Q2
1080,labeled,32,services,single,secondary,no,41.0,yes,no,cellular,20,apr,8.0,3,-1,0,unknown,no,0,3.0,adulto_joven,Q2
1082,labeled,32,blue-collar,married,primary,no,331.0,yes,no,cellular,3,feb,321.0,1,-1,0,unknown,no,0,1.0,adulto_joven,Q1
1083,labeled,34,blue-collar,married,primary,no,431.0,yes,no,cellular,18,may,59.0,2,-1,0,unknown,no,0,2.0,adulto_joven,Q2
1084,labeled,60,housemaid,married,primary,no,0.0,no,yes,telephone,22,jul,124.0,1,-1,0,unknown,no,0,1.0,adulto,Q3
1085,labeled,38,housemaid,divorced,secondary,no,74.0,no,no,cellular,27,oct,255.0,3,148,1,success,yes,1,1.5,adulto_joven,Q4
1086,labeled,57,retired,married,secondary,no,108.0,no,no,cellular,14,jul,85.0,2,-1,0,unknown,no,0,2.0,adulto,Q3
1087,labeled,36,self-employed,married,tertiary,no,13689.540000000003,yes,no,cellular,6,jun,197.0,3,-1,0,unknown,no,0,3.0,adulto_joven,Q2
1088,labeled,38,management,single,tertiary,no,113.0,yes,no,cellular,6,may,606.0,3,-1,0,unknown,yes,0,3.0,adulto_joven,Q2
1090,labeled,54,services,married,secondary,no,382.0,yes,no,cellular,2,aug,155.0,2,-1,0,unknown,no,0,2.0,adulto,Q3
1091,labeled,31,technician,married,secondary,no,650.0,no,no,cellular,22,jun,115.0,1,-1,0,unknown,no,0,1.0,adulto_joven,Q2
1092,labeled,44,management,married,secondary,no,-620.4,no,no,cellular,30,jul,342.0,3,-1,0,unknown,no,0,3.0,adulto_joven,Q3
1094,labeled,55,management,married,tertiary,no,0.0,yes,no,cellular,14,may,159.0,2,-1,0,unknown,no,0,2.0,adulto,Q2
1095,labeled,53,services,divorced,secondary,no,756.0,yes,no,cellular,14,may,959.0,3,174,7,other,yes,1,0.375,adulto,Q2
1096,labeled,55,technician,married,secondary,yes,-317.0,no,no,cellular,2,feb,781.0,1,-1,0,unknown,yes,0,1.0,adulto,Q1
1097,labeled,59,housemaid,married,primary,no,230.0,no,no,cellular,13,aug,119.0,2,-1,0,unknown,no,0,2.0,adulto,Q3
1098,labeled,33,technician,married,tertiary,no,-620.4,yes,yes,cellular,15,jul,83.0,3,-1,0,unknown,no,0,3.0,adulto_joven,Q3
1099,labeled,52,services,married,secondary,no,-620.4,no,no,cellular,16,jul,135.0,1,-1,0,unknown,no,0,1.0,adulto,Q3
1100,labeled,57,blue-collar,married,primary,no,5432.0,yes,yes,cellular,6,may,383.0,1,-1,0,unknown,no,0,1.0,adulto,Q2
1101,labeled,44,admin.,married,secondary,no,199.0,no,no,cellular,3,nov,289.0,1,-1,0,unknown,yes,0,1.0,adulto_joven,Q4
1103,labeled,34,technician,married,tertiary,no,553.0,yes,yes,cellular,18,nov,58.0,2,-1,0,unknown,no,0,2.0,adulto_joven,Q4
1104,labeled,35,technician,single,secondary,no,-44.0,no,no,cellular,2,jul,134.0,2,-1,0,unknown,no,0,2.0,adulto_joven,Q3
1105,labeled,27,blue-collar,single,secondary,no,14.0,no,no,cellular,14,may,72.0,2,-1,0,unknown,no,0,2.0,joven,Q2
1106,labeled,58,services,divorced,secondary,no,460.0,no,no,cellular,13,nov,495.0,1,93,1,success,yes,1,0.5,adulto,Q4
1107,labeled,28,technician,single,secondary,no,764.0,yes,no,cellular,15,may,153.0,1,371,2,failure,no,1,0.3333333333333333,joven,Q2
1108,labeled,59,retired,married,primary,no,0.0,yes,no,cellular,26,may,104.0,7,-1,0,unknown,no,0,7.0,adulto,Q2
1109,labeled,33,unemployed,married,secondary,no,10.0,yes,no,cellular,16,jul,132.0,1,-1,0,unknown,no,0,1.0,adulto_joven,Q3
1110,labeled,52,management,married,tertiary,no,6923.0,no,no,cellular,20,nov,371.0,1,-1,0,unknown,no,0,1.0,adulto,Q4
1111,labeled,36,unemployed,married,secondary,no,-135.0,yes,no,cellular,29,jul,121.0,3,-1,0,unknown,no,0,3.0,adulto_joven,Q3
1112,labeled,60,retired,divorced,secondary,no,593.0,no,yes,cellular,8,jul,96.0,1,-1,0,unknown,no,0,1.0,adulto,Q3
1113,labeled,34,services,married,secondary,no,0.0,yes,no,cellular,14,jul,78.0,4,-1,0,unknown,no,0,4.0,adulto_joven,Q3
1114,labeled,56,technician,married,secondary,no,4056.0,no,yes,telephone,28,jul,31.0,4,-1,0,unknown,no,0,4.0,adulto,Q3
1115,labeled,27,blue-collar,single,primary,no,-181.0,yes,no,cellular,15,may,54.0,2,-1,0,unknown,no,0,2.0,joven,Q2
1117,labeled,38,self-employed,married,secondary,no,754.0,no,no,cellular,20,jun,256.0,3,-1,0,unknown,no,0,3.0,adulto_joven,Q2
1119,labeled,55,technician,married,secondary,no,276.0,yes,no,cellular,29,jan,84.0,3,183,3,failure,no,1,0.75,adulto,Q1
1121,labeled,40,technician,married,secondary,no,982.0,yes,no,cellular,6,feb,252.0,3,-1,0,unknown,no,0,3.0,adulto_joven,Q1
1123,labeled,41,blue-collar,married,primary,no,177.0,yes,no,cellular,18,nov,187.0,3,-1,0,unknown,no,0,3.0,adulto_joven,Q4
1124,labeled,44,blue-collar,married,primary,no,878.0,yes,no,cellular,12,may,165.0,2,363,1,failure,no,1,1.0,adulto_joven,Q2
1125,labeled,42,technician,married,secondary,no,448.0,yes,no,cellular,3,feb,13.0,5,-1,0,unknown,no,0,5.0,adulto_joven,Q1
1126,labeled,48,unemployed,married,primary,no,5459.0,no,no,cellular,6,jun,29.0,4,-1,0,unknown,no,0,4.0,adulto,Q2
1128,labeled,35,blue-collar,married,primary,no,371.0,no,no,cellular,29,aug,41.0,2,-1,0,unknown,no,0,2.0,adulto_joven,Q3
1131,labeled,42,blue-collar,single,primary,no,1634.0,yes,no,cellular,5,feb,119.0,1,195,8,success,no,1,0.1111111111111111,adulto_joven,Q1
1132,labeled,31,management,single,tertiary,no,1497.0,no,no,cellular,13,aug,275.0,12,-1,0,unknown,no,0,12.0,adulto_joven,Q3
1135,labeled,30,admin.,married,secondary,no,0.0,no,no,cellular,15,jul,127.0,5,-1,0,unknown,no,0,5.0,joven,Q3
1136,labeled,31,admin.,married,secondary,no,239.0,yes,yes,telephone,4,may,211.0,3,-1,0,unknown,no,0,3.0,adulto_joven,Q2
1137,labeled,35,management,married,tertiary,no,367.0,no,no,cellular,21,nov,168.0,2,-1,0,unknown,no,0,2.0,adulto_joven,Q4
1138,labeled,32,blue-collar,married,secondary,no,3523.0,yes,no,cellular,20,may,226.0,2,-1,0,unknown,no,0,2.0,adulto_joven,Q2
1139,labeled,55,blue-collar,single,primary,no,1189.0,yes,no,cellular,2,jun,193.0,2,-1,0,unknown,no,0,2.0,adulto,Q2
1141,labeled,26,blue-collar,married,secondary,no,107.0,yes,no,cellular,4,jul,46.0,3,-1,0,unknown,no,0,3.0,joven,Q3
1142,labeled,45,blue-collar,married,primary,no,2121.0,yes,no,cellular,19,may,149.0,4,-1,0,unknown,no,0,4.0,adulto_joven,Q2
1144,labeled,57,technician,married,secondary,no,6171.0,no,no,cellular,19,nov,161.0,2,-1,0,unknown,no,0,2.0,adulto,Q4
1145,labeled,46,management,single,tertiary,no,329.0,yes,no,telephone,4,may,36.0,6,90,2,other,no,1,2.0,adulto,Q2
1146,labeled,46,management,divorced,tertiary,no,616.0,no,no,cellular,17,sep,336.0,2,183,2,success,yes,1,0.6666666666666666,adulto,Q3
1148,labeled,31,services,single,secondary,no,471.0,yes,no,cellular,20,nov,106.0,2,183,2,failure,no,1,0.6666666666666666,adulto_joven,Q4
1149,labeled,46,management,divorced,tertiary,no,25.0,no,no,cellular,26,may,103.0,2,-1,0,unknown,no,0,2.0,adulto,Q2
1151,labeled,42,services,married,secondary,no,3619.0,yes,no,cellular,27,may,22.0,16,-1,0,unknown,no,0,16.0,adulto_joven,Q2
1153,labeled,26,unemployed,single,secondary,no,626.0,no,no,cellular,28,jan,1031.94,2,-1,0,unknown,yes,0,2.0,joven,Q1
1154,labeled,57,housemaid,married,primary,no,43.0,no,no,cellular,18,aug,89.0,3,-1,0,unknown,no,0,3.0,adulto,Q3
1155,labeled,34,technician,married,secondary,no,0.0,yes,no,cellular,15,jul,144.0,1,-1,0,unknown,no,0,1.0,adulto_joven,Q3
1156,labeled,45,blue-collar,married,primary,no,2431.0,no,no,cellular,6,aug,133.0,2,-1,0,unknown,no,0,2.0,adulto_joven,Q3
1157,labeled,42,blue-collar,single,secondary,no,1074.0,yes,yes,cellular,13,may,951.0,3,370,4,failure,yes,1,0.6,adulto_joven,Q2
1158,labeled,23,blue-collar,single,primary,no,8620.0,yes,no,cellular,3,jun,281.0,1,-1,0,unknown,no,0,1.0,joven,Q2
1159,labeled,34,blue-collar,married,secondary,no,-554.0,yes,no,cellular,26,may,252.0,1,-1,0,unknown,no,0,1.0,adulto_joven,Q2
1160,labeled,44,management,married,tertiary,no,325.0,yes,no,cellular,23,jul,497.0,5,-1,0,unknown,no,0,5.0,adulto_joven,Q3
1161,labeled,60,management,married,tertiary,no,759.0,no,no,cellular,14,aug,136.0,2,-1,0,unknown,no,0,2.0,adulto,Q3
1162,labeled,48,blue-collar,single,secondary,no,-557.0,no,yes,cellular,21,nov,150.0,2,-1,0,unknown,no,0,2.0,adulto,Q4
1165,labeled,44,entrepreneur,married,tertiary,no,0.0,yes,no,cellular,9,jul,300.0,1,-1,0,unknown,no,0,1.0,adulto_joven,Q3
1166,labeled,35,housemaid,married,primary,no,0.0,yes,no,cellular,14,jul,340.0,3,-1,0,unknown,no,0,3.0,adulto_joven,Q3
1167,labeled,33,services,married,primary,no,0.0,yes,no,cellular,18,jul,351.0,2,-1,0,unknown,no,0,2.0,adulto_joven,Q3
1168,labeled,53,admin.,single,secondary,no,2393.0,yes,no,cellular,2,aug,317.0,1,180,2,failure,yes,1,0.3333333333333333,adulto,Q3
1169,labeled,43,technician,married,secondary,no,145.0,no,no,cellular,25,aug,363.0,7,-1,0,unknown,yes,0,7.0,adulto_joven,Q3
1170,labeled,28,admin.,married,secondary,no,931.0,yes,no,cellular,4,jul,53.0,2,-1,0,unknown,no,0,2.0,joven,Q3
1172,labeled,24,services,married,tertiary,no,0.0,yes,no,cellular,27,may,299.0,1,-1,0,unknown,no,0,1.0,joven,Q2
1174,labeled,35,technician,single,tertiary,no,7555.0,yes,no,cellular,28,dec,137.0,1,122,3,failure,no,1,0.25,adulto_joven,Q4
1175,labeled,37,admin.,married,secondary,no,1131.0,no,yes,cellular,28,may,138.0,1,-1,0,unknown,no,0,1.0,adulto_joven,Q2
1176,labeled,31,technician,single,secondary,no,2540.0,no,no,cellular,15,jul,252.0,1,184,3,success,yes,1,0.25,adulto_joven,Q3
1177,labeled,36,technician,single,secondary,no,9148.0,yes,no,cellular,13,aug,141.0,3,-1,0,unknown,no,0,3.0,adulto_joven,Q3
1178,labeled,47,blue-collar,married,secondary,no,1237.0,yes,no,cellular,30,apr,412.0,1,169,1,success,yes,1,0.5,adulto,Q2
1179,labeled,33,technician,married,secondary,no,6699.0,no,no,cellular,9,nov,425.0,1,462,1,failure,no,1,0.5,adulto_joven,Q4
1181,labeled,30,management,single,tertiary,no,4206.0,no,no,cellular,25,aug,142.0,4,-1,0,unknown,no,0,4.0,joven,Q3
1182,labeled,41,services,divorced,secondary,no,662.0,yes,no,cellular,13,may,139.0,2,-1,0,unknown,no,0,2.0,adulto_joven,Q2
1183,labeled,47,management,married,tertiary,no,6644.0,yes,no,cellular,17,apr,174.0,2,-1,0,unknown,no,0,2.0,adulto,Q2
1184,labeled,58,blue-collar,divorced,primary,no,8226.0,yes,no,cellular,31,jul,124.0,10,-1,0,unknown,no,0,10.0,adulto,Q3
1185,labeled,46,technician,married,secondary,no,404.0,no,yes,cellular,21,nov,162.0,5,-1,0,unknown,no,0,5.0,adulto,Q4
1186,labeled,49,unemployed,married,tertiary,no,376.0,no,no,cellular,22,may,158.0,1,59,2,failure,no,1,0.3333333333333333,adulto,Q2
1188,labeled,44,blue-collar,married,secondary,no,1072.0,yes,no,cellular,11,may,143.0,3,357,1,failure,no,1,1.5,adulto_joven,Q2
1189,labeled,47,management,married,tertiary,no,1893.0,no,no,cellular,8,jul,161.0,1,-1,0,unknown,no,0,1.0,adulto,Q3
1190,labeled,38,blue-collar,single,secondary,no,587.0,yes,no,cellular,21,may,112.0,2,-1,0,unknown,no,0,2.0,adulto_joven,Q2
1191,labeled,30,management,single,tertiary,no,146.0,yes,no,cellular,3,jun,220.0,2,-1,0,unknown,no,0,2.0,joven,Q2
1192,labeled,22,student,single,secondary,no,48.0,no,no,cellular,3,jul,69.0,3,-1,0,unknown,no,0,3.0,joven,Q3
1193,labeled,42,admin.,single,secondary,no,1013.0,yes,no,cellular,5,may,146.0,2,-1,0,unknown,no,0,2.0,adulto_joven,Q2
1195,labeled,61,admin.,married,secondary,no,4633.0,yes,no,cellular,27,jan,181.0,1,92,1,success,yes,1,0.5,senior,Q1
1196,labeled,34,entrepreneur,married,secondary,no,4651.0,yes,no,cellular,30,aug,28.0,1,-1,0,unknown,no,0,1.0,adulto_joven,Q3
1197,labeled,37,admin.,single,secondary,no,783.0,no,no,cellular,20,aug,75.0,1,-1,0,unknown,no,0,1.0,adulto_joven,Q3
1198,labeled,31,technician,married,secondary,no,3702.0,yes,no,cellular,20,nov,129.0,1,-1,0,unknown,no,0,1.0,adulto_joven,Q4
1199,labeled,55,management,married,secondary,no,561.0,no,no,cellular,28,jan,271.0,2,-1,0,unknown,no,0,2.0,adulto,Q1
1200,labeled,39,services,married,secondary,no,115.0,yes,no,cellular,31,jul,81.0,5,-1,0,unknown,no,0,5.0,adulto_joven,Q3
1201,labeled,29,services,married,secondary,no,51.0,yes,no,telephone,21,jul,342.0,9,-1,0,unknown,no,0,9.0,joven,Q3
1202,labeled,48,management,divorced,tertiary,no,549.0,yes,no,cellular,14,may,72.0,1,363,2,other,no,1,0.3333333333333333,adulto,Q2
1203,labeled,51,management,married,tertiary,no,-620.4,yes,yes,cellular,14,aug,248.0,2,-1,0,unknown,no,0,2.0,adulto,Q3
1204,labeled,33,blue-collar,married,primary,no,-190.0,no,no,cellular,20,sep,9.0,1,-1,0,unknown,no,0,1.0,adulto_joven,Q3
1205,labeled,32,management,married,tertiary,no,1671.0,yes,no,cellular,18,nov,164.0,2,179,3,failure,no,1,0.5,adulto_joven,Q4
1208,labeled,33,blue-collar,married,secondary,no,633.0,yes,no,cellular,28,may,410.0,1,-1,0,unknown,no,0,1.0,adulto_joven,Q2
1209,labeled,46,self-employed,married,tertiary,no,1154.0,no,no,telephone,29,jul,104.0,2,-1,0,unknown,no,0,2.0,adulto,Q3
1210,labeled,59,blue-collar,divorced,secondary,no,3566.0,no,no,cellular,15,may,44.0,1,-1,0,unknown,no,0,1.0,adulto,Q2
1211,labeled,59,admin.,divorced,secondary,no,981.0,yes,no,cellular,15,may,263.0,4,-1,0,unknown,no,0,4.0,adulto,Q2
1214,labeled,35,blue-collar,married,secondary,no,6407.0,yes,yes,cellular,30,jan,144.0,1,266,2,failure,no,1,0.3333333333333333,adulto_joven,Q1
1215,labeled,40,entrepreneur,married,tertiary,no,1738.0,yes,no,cellular,12,may,85.0,1,-1,0,unknown,no,0,1.0,adulto_joven,Q2
1216,labeled,31,blue-collar,married,secondary,no,-50.0,yes,no,cellular,2,jun,184.0,1,-1,0,unknown,no,0,1.0,adulto_joven,Q2
1217,labeled,42,services,married,tertiary,no,12224.0,yes,no,cellular,19,nov,36.0,1,-1,0,unknown,no,0,1.0,adulto_joven,Q4
1218,labeled,40,technician,married,secondary,no,0.0,yes,yes,cellular,26,jul,105.0,2,172,1,failure,no,1,1.0,adulto_joven,Q3
1219,labeled,52,unemployed,married,primary,no,248.0,no,yes,cellular,10,jul,374.0,3,-1,0,unknown,no,0,3.0,adulto,Q3
1220,labeled,53,management,married,tertiary,no,13.0,no,no,cellular,20,jun,19.0,6,-1,0,unknown,no,0,6.0,adulto,Q2
1221,labeled,26,admin.,single,secondary,no,793.0,no,no,cellular,30,jan,77.0,1,2,2,other,no,1,0.3333333333333333,joven,Q1
1223,labeled,36,blue-collar,married,primary,no,1180.0,no,no,cellular,15,apr,330.0,1,311,4,success,yes,1,0.2,adulto_joven,Q2
1224,labeled,39,blue-collar,married,secondary,no,288.0,yes,no,cellular,23,may,160.0,3,-1,0,unknown,no,0,3.0,adulto_joven,Q2
1225,labeled,51,blue-collar,married,primary,no,37.0,yes,no,cellular,13,may,79.0,1,370,1,failure,no,1,0.5,adulto,Q2
1227,labeled,42,admin.,single,secondary,no,249.0,yes,no,cellular,14,may,46.0,5,-1,0,unknown,no,0,5.0,adulto_joven,Q2
1228,labeled,37,blue-collar,single,primary,no,6968.0,yes,no,cellular,20,may,412.0,1,-1,0,unknown,no,0,1.0,adulto_joven,Q2
1229,labeled,53,technician,married,secondary,no,203.0,no,no,cellular,26,aug,87.0,6,-1,0,unknown,no,0,6.0,adulto,Q3
1231,labeled,33,management,married,tertiary,no,752.0,yes,no,cellular,11,aug,104.0,4,-1,0,unknown,no,0,4.0,adulto_joven,Q3
1232,labeled,43,unemployed,married,secondary,no,3522.0,no,no,cellular,5,feb,169.0,2,-1,0,unknown,no,0,2.0,adulto_joven,Q1
1233,labeled,55,blue-collar,married,primary,no,4104.0,no,no,cellular,19,nov,291.0,1,-1,0,unknown,no,0,1.0,adulto,Q4
1234,labeled,46,blue-collar,married,secondary,no,-209.0,yes,no,cellular,28,jul,404.0,3,-1,0,unknown,no,0,3.0,adulto,Q3
1236,labeled,26,services,single,secondary,no,56.0,yes,no,cellular,12,aug,153.0,1,-1,0,unknown,no,0,1.0,joven,Q3
1237,labeled,47,services,married,secondary,no,397.0,no,yes,cellular,8,aug,994.0,2,-1,0,unknown,yes,0,2.0,adulto,Q3
1238,labeled,43,blue-collar,married,primary,no,-106.0,yes,yes,cellular,12,may,112.0,2,330,3,other,no,1,0.5,adulto_joven,Q2
1239,labeled,30,unemployed,married,secondary,no,150.0,yes,no,cellular,20,may,350.0,4,-1,0,unknown,no,0,4.0,joven,Q2
1242,labeled,44,management,married,tertiary,no,721.0,yes,no,cellular,17,nov,157.0,2,172,1,failure,no,1,1.0,adulto_joven,Q4
1243,labeled,41,technician,married,secondary,no,76.0,yes,no,cellular,7,may,56.0,1,-1,0,unknown,no,0,1.0,adulto_joven,Q2
1244,labeled,43,management,married,secondary,no,13689.540000000003,no,no,cellular,26,aug,14.0,14,-1,0,unknown,no,0,14.0,adulto_joven,Q3
1245,labeled,36,management,divorced,tertiary,no,3610.0,yes,no,cellular,4,jun,347.0,3,-1,0,unknown,no,0,3.0,adulto_joven,Q2
1246,labeled,58,management,married,secondary,no,106.0,no,no,telephone,24,mar,58.0,2,-1,0,unknown,no,0,2.0,adulto,Q1
1247,labeled,37,housemaid,divorced,secondary,no,1047.0,yes,no,cellular,13,may,199.0,1,173,2,failure,no,1,0.3333333333333333,adulto_joven,Q2
1248,labeled,33,services,married,secondary,no,0.0,yes,no,telephone,22,jul,44.0,8,-1,0,unknown,no,0,8.0,adulto_joven,Q3
1249,labeled,36,management,divorced,tertiary,no,5199.0,yes,no,cellular,2,jun,55.0,25,-1,0,unknown,no,0,25.0,adulto_joven,Q2
1250,labeled,53,retired,divorced,secondary,yes,-208.0,no,yes,cellular,6,jun,161.0,1,-1,0,unknown,no,0,1.0,adulto,Q2
1251,labeled,40,admin.,single,secondary,no,263.0,yes,no,cellular,6,may,231.0,1,-1,0,unknown,no,0,1.0,adulto_joven,Q2
1252,labeled,56,management,married,tertiary,no,326.0,no,yes,telephone,9,jul,246.0,3,-1,0,unknown,no,0,3.0,adulto,Q3
1253,labeled,34,admin.,single,secondary,no,12.0,no,yes,cellular,18,nov,162.0,1,173,3,failure,no,1,0.25,adulto_joven,Q4
1254,labeled,42,blue-collar,married,secondary,no,118.0,yes,no,cellular,9,may,147.0,1,-1,0,unknown,no,0,1.0,adulto_joven,Q2
1255,labeled,49,blue-collar,married,primary,no,1011.0,yes,no,cellular,16,apr,285.0,5,-1,0,unknown,no,0,5.0,adulto,Q2
1256,labeled,26,student,single,secondary,no,281.0,no,no,cellular,7,may,239.0,3,-1,0,unknown,no,0,3.0,joven,Q2
1257,labeled,44,services,divorced,secondary,no,0.0,yes,no,cellular,4,jun,389.0,5,-1,0,unknown,no,0,5.0,adulto_joven,Q2
1258,labeled,32,management,married,tertiary,no,-65.0,yes,no,cellular,26,aug,107.0,4,-1,0,unknown,no,0,4.0,adulto_joven,Q3
1259,labeled,44,self-employed,married,secondary,no,313.0,no,no,cellular,6,aug,211.0,4,-1,0,unknown,no,0,4.0,adulto_joven,Q3
1260,labeled,24,retired,single,secondary,no,356.0,no,yes,cellular,16,may,234.0,2,-1,0,unknown,no,0,2.0,joven,Q2
1261,labeled,55,blue-collar,married,primary,no,1649.0,yes,no,cellular,12,may,52.0,3,-1,0,unknown,no,0,3.0,adulto,Q2
1262,labeled,31,management,single,tertiary,no,6241.0,yes,no,cellular,9,may,154.0,2,-1,0,unknown,no,0,2.0,adulto_joven,Q2
1263,labeled,56,admin.,divorced,primary,no,0.0,no,yes,cellular,10,jul,542.0,1,-1,0,unknown,no,0,1.0,adulto,Q3
1265,labeled,30,admin.,single,secondary,no,126.0,yes,no,cellular,18,may,16.0,6,368,1,other,no,1,3.0,joven,Q2
1267,labeled,37,self-employed,married,tertiary,no,144.0,no,no,cellular,13,aug,244.0,6,-1,0,unknown,no,0,6.0,adulto_joven,Q3
1268,labeled,37,management,married,tertiary,no,482.0,yes,no,cellular,7,aug,205.0,5,-1,0,unknown,no,0,5.0,adulto_joven,Q3
1269,labeled,48,blue-collar,married,primary,no,5359.0,yes,no,cellular,21,may,248.0,3,-1,0,unknown,no,0,3.0,adulto,Q2
1270,labeled,50,technician,married,tertiary,no,201.0,yes,yes,cellular,3,feb,116.0,2,253,1,failure,no,1,1.0,adulto,Q1
1271,labeled,33,management,single,tertiary,no,26.0,no,no,cellular,20,aug,216.0,3,-1,0,unknown,no,0,3.0,adulto_joven,Q3
1272,labeled,46,blue-collar,married,secondary,no,667.0,yes,no,cellular,15,may,1031.94,2,-1,0,unknown,yes,0,2.0,adulto,Q2
1273,labeled,37,blue-collar,married,secondary,no,387.0,yes,no,cellular,6,may,219.0,2,-1,0,unknown,no,0,2.0,adulto_joven,Q2
1274,labeled,39,blue-collar,married,secondary,no,1042.0,yes,yes,cellular,9,jul,290.0,13,-1,0,unknown,no,0,13.0,adulto_joven,Q3
1276,labeled,34,unemployed,single,tertiary,no,422.0,no,no,cellular,12,aug,123.0,1,-1,0,unknown,no,0,1.0,adulto_joven,Q3
1278,labeled,34,management,single,tertiary,no,1177.0,yes,no,cellular,10,jul,129.0,1,-1,0,unknown,no,0,1.0,adulto_joven,Q3
1279,labeled,27,services,single,secondary,no,-153.0,no,no,cellular,8,jul,283.0,2,-1,0,unknown,no,0,2.0,joven,Q3
1280,labeled,34,blue-collar,married,primary,no,456.0,yes,no,cellular,20,jun,372.0,3,-1,0,unknown,no,0,3.0,adulto_joven,Q2
1281,labeled,58,retired,married,secondary,no,430.0,yes,yes,cellular,17,nov,100.0,1,-1,0,unknown,no,0,1.0,adulto,Q4
1282,labeled,53,unemployed,married,primary,no,979.0,yes,no,cellular,3,dec,352.0,1,-1,0,unknown,yes,0,1.0,adulto,Q4
1283,labeled,55,services,divorced,tertiary,no,1979.0,yes,no,telephone,19,nov,123.0,1,-1,0,unknown,no,0,1.0,adulto,Q4
1284,labeled,49,blue-collar,married,secondary,no,-57.0,no,no,cellular,17,jun,150.0,3,-1,0,unknown,no,0,3.0,adulto,Q2
1285,labeled,30,blue-collar,single,secondary,no,449.0,yes,no,cellular,16,apr,218.0,1,330,2,failure,no,1,0.3333333333333333,joven,Q2
1286,labeled,25,technician,single,secondary,no,-84.0,yes,yes,cellular,3,jun,89.0,1,-1,0,unknown,no,0,1.0,joven,Q2
1287,labeled,41,management,married,primary,no,5310.0,yes,no,cellular,17,nov,984.0,1,-1,0,unknown,yes,0,1.0,adulto_joven,Q4
1288,labeled,35,housemaid,divorced,secondary,no,31.0,no,no,cellular,31,jul,149.0,2,-1,0,unknown,no,0,2.0,adulto_joven,Q3
1289,labeled,40,management,married,tertiary,no,-503.0,no,yes,cellular,29,jul,303.0,2,-1,0,unknown,no,0,2.0,adulto_joven,Q3
1290,labeled,52,management,married,secondary,no,-586.0,yes,no,cellular,22,jul,81.0,4,-1,0,unknown,no,0,4.0,adulto,Q3
1291,labeled,30,blue-collar,single,tertiary,no,6827.0,no,no,cellular,27,feb,30.0,3,-1,0,unknown,no,0,3.0,joven,Q1
1292,labeled,35,technician,married,secondary,no,690.0,yes,no,cellular,23,may,240.0,2,-1,0,unknown,no,0,2.0,adulto_joven,Q2
1294,labeled,40,self-employed,married,tertiary,no,1602.0,no,no,cellular,17,jun,279.0,1,-1,0,unknown,no,0,1.0,adulto_joven,Q2
1295,labeled,50,management,married,tertiary,no,-479.0,yes,no,cellular,19,nov,130.0,2,160,1,failure,no,1,1.0,adulto,Q4
1296,labeled,28,management,single,secondary,no,76.0,no,yes,cellular,8,jul,158.0,1,-1,0,unknown,no,0,1.0,joven,Q3
1297,labeled,56,unemployed,divorced,primary,no,803.0,no,no,telephone,3,feb,258.0,2,-1,0,unknown,no,0,2.0,adulto,Q1
1301,labeled,36,services,married,secondary,no,-297.0,yes,no,cellular,13,may,36.0,2,-1,0,unknown,no,0,2.0,adulto_joven,Q2
1302,labeled,58,retired,married,secondary,no,222.0,no,no,cellular,7,aug,122.0,6,-1,0,unknown,no,0,6.0,adulto,Q3
1303,labeled,42,services,married,secondary,no,299.0,yes,no,cellular,11,may,222.0,3,-1,0,unknown,no,0,3.0,adulto_joven,Q2
1304,labeled,27,blue-collar,single,primary,no,1118.0,yes,no,cellular,30,jun,88.0,4,-1,0,unknown,no,0,4.0,joven,Q2
1305,labeled,48,?,married,secondary,no,291.0,no,no,cellular,30,jul,166.0,2,-1,0,unknown,no,0,2.0,adulto,Q3
1306,labeled,31,technician,single,tertiary,no,449.0,no,no,cellular,4,feb,73.0,3,-1,0,unknown,no,0,3.0,adulto_joven,Q1
1307,labeled,26,entrepreneur,married,tertiary,no,31.0,yes,yes,cellular,6,may,207.0,1,363,2,failure,no,1,0.3333333333333333,joven,Q2
1308,labeled,53,entrepreneur,married,tertiary,no,2296.0,yes,yes,cellular,17,nov,183.0,1,-1,0,unknown,no,0,1.0,adulto,Q4
1309,labeled,30,admin.,married,tertiary,no,394.0,yes,no,cellular,7,may,223.0,1,-1,0,unknown,no,0,1.0,joven,Q2
1311,labeled,48,management,married,tertiary,no,257.0,yes,no,cellular,5,may,350.0,2,-1,0,unknown,no,0,2.0,adulto,Q2
1312,labeled,48,technician,divorced,tertiary,no,116.0,no,yes,cellular,22,jul,38.0,1,-1,0,unknown,no,0,1.0,adulto,Q3
1314,labeled,50,management,married,tertiary,no,209.0,yes,no,cellular,4,feb,99.0,1,-1,0,unknown,no,0,1.0,adulto,Q1
1315,labeled,46,retired,married,primary,no,-29.0,yes,no,cellular,7,may,304.0,3,-1,0,unknown,no,0,3.0,adulto,Q2
1316,labeled,33,management,single,tertiary,no,191.0,yes,no,cellular,19,nov,171.0,1,183,1,failure,no,1,0.5,adulto_joven,Q4
1317,labeled,30,technician,married,tertiary,no,1565.0,yes,no,cellular,26,may,260.0,1,-1,0,unknown,no,0,1.0,joven,Q2
1318,labeled,31,blue-collar,married,primary,no,0.0,yes,yes,cellular,12,may,59.0,4,-1,0,unknown,no,0,4.0,adulto_joven,Q2
1319,labeled,47,technician,married,secondary,no,-620.4,yes,no,cellular,28,may,176.0,2,-1,0,unknown,no,0,2.0,adulto,Q2
1320,labeled,38,blue-collar,married,secondary,no,204.0,yes,no,cellular,16,jun,270.0,15,-1,0,unknown,no,0,15.0,adulto_joven,Q2
1321,labeled,36,management,married,tertiary,no,15.0,no,no,cellular,26,aug,133.0,11,-1,0,unknown,no,0,11.0,adulto_joven,Q3
1322,labeled,34,admin.,divorced,secondary,no,-256.0,no,no,cellular,18,jul,641.0,1,-1,0,unknown,yes,0,1.0,adulto_joven,Q3
1323,labeled,30,services,married,secondary,no,694.0,yes,no,cellular,29,may,544.0,1,-1,0,unknown,no,0,1.0,joven,Q2
1324,labeled,36,technician,married,secondary,no,293.0,no,no,cellular,9,jun,287.0,1,-1,0,unknown,no,0,1.0,adulto_joven,Q2
1325,labeled,25,student,married,tertiary,no,0.0,yes,no,cellular,9,jul,160.0,1,-1,0,unknown,no,0,1.0,joven,Q3
1326,labeled,36,services,married,secondary,no,1321.0,yes,no,cellular,6,jun,82.0,4,-1,0,unknown,no,0,4.0,adulto_joven,Q2
1327,labeled,38,management,married,tertiary,no,223.0,no,no,cellular,28,jan,63.0,1,-1,0,unknown,no,0,1.0,adulto_joven,Q1
1329,labeled,57,self-employed,married,secondary,no,43.0,no,yes,cellular,26,jun,215.0,3,-1,0,unknown,no,0,3.0,adulto,Q2
1331,labeled,56,retired,divorced,primary,no,689.0,no,no,cellular,29,jan,144.0,1,102,1,other,yes,1,0.5,adulto,Q1
1332,labeled,37,technician,single,secondary,no,0.0,no,no,cellular,4,aug,69.0,2,-1,0,unknown,no,0,2.0,adulto_joven,Q3
1333,labeled,50,management,married,tertiary,no,4375.0,yes,no,cellular,21,nov,163.0,2,113,3,failure,no,1,0.5,adulto,Q4
1334,labeled,52,blue-collar,married,secondary,no,-102.0,yes,no,cellular,7,may,423.0,1,-1,0,unknown,no,0,1.0,adulto,Q2
1335,labeled,32,technician,divorced,secondary,no,1104.0,yes,no,cellular,12,may,298.0,2,-1,0,unknown,no,0,2.0,adulto_joven,Q2
1338,labeled,51,admin.,married,secondary,no,1407.0,yes,no,cellular,2,jun,151.0,3,-1,0,unknown,no,0,3.0,adulto,Q2
1339,labeled,38,admin.,single,secondary,no,873.0,yes,no,cellular,12,may,95.0,1,327,9,other,no,1,0.1,adulto_joven,Q2
1341,labeled,58,retired,married,secondary,no,770.0,no,no,cellular,12,aug,219.0,4,-1,0,unknown,no,0,4.0,adulto,Q3
1342,labeled,57,management,married,tertiary,no,323.0,no,no,cellular,7,aug,76.0,2,-1,0,unknown,no,0,2.0,adulto,Q3
1343,labeled,54,management,married,tertiary,no,391.0,yes,no,cellular,12,may,30.0,7,-1,0,unknown,no,0,7.0,adulto,Q2
1344,labeled,58,management,married,tertiary,no,3224.0,no,no,cellular,19,aug,58.0,2,-1,0,unknown,no,0,2.0,adulto,Q3
1345,labeled,40,services,divorced,secondary,no,1964.0,yes,no,cellular,30,may,177.0,1,-1,0,unknown,no,0,1.0,adulto_joven,Q2
1346,labeled,32,blue-collar,married,secondary,no,4.0,yes,no,cellular,15,may,16.0,9,309,1,failure,no,1,4.5,adulto_joven,Q2
1347,labeled,44,blue-collar,married,primary,no,2649.0,yes,no,cellular,20,jun,202.0,2,-1,0,unknown,no,0,2.0,adulto_joven,Q2
1348,labeled,34,management,single,tertiary,no,6757.0,no,no,cellular,28,aug,210.0,5,-1,0,unknown,no,0,5.0,adulto_joven,Q3
1349,labeled,41,management,married,tertiary,no,149.0,yes,no,cellular,5,jun,65.0,3,-1,0,unknown,no,0,3.0,adulto_joven,Q2
1350,labeled,28,blue-collar,married,secondary,no,367.0,yes,no,cellular,14,may,10.0,9,344,1,failure,no,1,4.5,joven,Q2
1351,labeled,34,technician,married,secondary,no,40.0,no,no,cellular,11,aug,106.0,3,-1,0,unknown,no,0,3.0,adulto_joven,Q3
1352,labeled,43,blue-collar,married,primary,no,7717.0,yes,no,cellular,15,may,302.0,8,-1,0,unknown,no,0,8.0,adulto_joven,Q2
1353,labeled,45,blue-collar,married,primary,no,909.0,no,no,cellular,18,aug,230.0,8,-1,0,unknown,no,0,8.0,adulto_joven,Q3
1354,labeled,54,housemaid,married,secondary,no,0.0,no,no,cellular,14,apr,94.0,5,145,3,other,no,1,1.25,adulto,Q2
1355,labeled,38,blue-collar,married,secondary,no,644.0,yes,no,cellular,3,jun,179.0,1,-1,0,unknown,no,0,1.0,adulto_joven,Q2
1357,labeled,59,blue-collar,married,primary,no,0.0,no,no,cellular,18,nov,167.0,2,-1,0,unknown,no,0,2.0,adulto,Q4
1358,labeled,30,management,married,tertiary,no,0.0,yes,no,cellular,9,jul,127.0,1,-1,0,unknown,no,0,1.0,joven,Q3
1359,labeled,34,blue-collar,divorced,secondary,no,-568.0,yes,no,cellular,26,may,248.0,2,-1,0,unknown,no,0,2.0,adulto_joven,Q2
1360,labeled,32,services,married,secondary,no,-620.4,yes,yes,cellular,20,apr,18.0,5,-1,0,unknown,no,0,5.0,adulto_joven,Q2
1361,labeled,40,blue-collar,married,primary,no,2806.0,yes,no,cellular,14,may,173.0,6,353,23,failure,no,1,0.25,adulto_joven,Q2
1362,labeled,35,services,married,secondary,no,817.0,yes,no,telephone,14,jul,102.0,14,-1,0,unknown,no,0,14.0,adulto_joven,Q3
1364,labeled,31,blue-collar,single,primary,no,-271.0,no,no,cellular,21,may,281.0,3,-1,0,unknown,no,0,3.0,adulto_joven,Q2
1365,labeled,34,blue-collar,married,primary,no,1668.0,yes,no,cellular,31,mar,30.0,1,-1,0,unknown,no,0,1.0,adulto_joven,Q1
1366,labeled,35,admin.,divorced,secondary,no,-396.0,yes,no,cellular,17,apr,46.0,1,-1,0,unknown,no,0,1.0,adulto_joven,Q2
1367,labeled,46,management,single,tertiary,no,39.0,no,yes,cellular,17,nov,80.0,1,152,1,failure,no,1,0.5,adulto,Q4
1368,labeled,47,unemployed,married,primary,no,167.0,yes,no,telephone,30,jan,66.0,1,241,1,other,no,1,0.5,adulto,Q1
1369,labeled,54,services,married,secondary,no,7869.0,yes,no,cellular,15,may,145.0,4,-1,0,unknown,no,0,4.0,adulto,Q2
1370,labeled,38,management,single,tertiary,no,37.0,yes,no,cellular,17,apr,156.0,1,273,3,failure,no,1,0.25,adulto_joven,Q2
1371,labeled,49,self-employed,married,primary,no,494.0,yes,no,cellular,27,may,84.0,4,-1,0,unknown,no,0,4.0,adulto,Q2
1373,labeled,37,management,single,tertiary,no,100.0,yes,no,cellular,21,aug,101.0,2,-1,0,unknown,no,0,2.0,adulto_joven,Q3
1374,labeled,42,technician,divorced,secondary,no,239.0,no,no,cellular,19,aug,163.0,4,-1,0,unknown,no,0,4.0,adulto_joven,Q3
1375,labeled,43,self-employed,married,secondary,no,624.0,yes,no,cellular,17,nov,65.0,1,131,1,failure,no,1,0.5,adulto_joven,Q4
1376,labeled,35,management,married,tertiary,no,0.0,yes,no,cellular,21,jul,295.0,3,-1,0,unknown,no,0,3.0,adulto_joven,Q3
1379,labeled,35,admin.,married,secondary,no,727.0,yes,no,cellular,20,nov,219.0,7,133,1,failure,no,1,3.5,adulto_joven,Q4
1381,labeled,35,self-employed,single,tertiary,no,52.0,no,no,cellular,7,sep,310.0,2,96,2,other,no,1,0.6666666666666666,adulto_joven,Q3
1382,labeled,34,management,married,tertiary,no,15.0,no,no,cellular,25,aug,169.0,4,-1,0,unknown,no,0,4.0,adulto_joven,Q3
1383,labeled,52,admin.,single,secondary,no,2235.0,no,no,cellular,24,feb,242.0,2,-1,0,unknown,yes,0,2.0,adulto,Q1
1384,labeled,37,blue-collar,married,secondary,no,1691.0,no,no,cellular,9,jun,63.0,1,-1,0,unknown,no,0,1.0,adulto_joven,Q2
1385,labeled,43,retired,married,secondary,no,517.0,yes,no,cellular,20,may,15.0,13,-1,0,unknown,no,0,13.0,adulto_joven,Q2
1386,labeled,39,self-employed,married,secondary,no,157.0,yes,yes,cellular,17,jul,330.0,1,-1,0,unknown,no,0,1.0,adulto_joven,Q3
1388,labeled,38,technician,single,tertiary,no,212.0,no,no,cellular,20,aug,79.0,3,-1,0,unknown,no,0,3.0,adulto_joven,Q3
1389,labeled,34,management,married,secondary,no,1003.0,yes,no,cellular,21,jul,240.0,2,-1,0,unknown,no,0,2.0,adulto_joven,Q3
1390,labeled,32,management,single,tertiary,no,480.0,yes,no,cellular,7,aug,90.0,3,-1,0,unknown,no,0,3.0,adulto_joven,Q3
1391,labeled,33,technician,divorced,secondary,no,0.0,yes,no,cellular,7,may,177.0,2,-1,0,unknown,no,0,2.0,adulto_joven,Q2
1393,labeled,39,technician,single,secondary,no,123.0,yes,no,cellular,2,jun,158.0,1,-1,0,unknown,no,0,1.0,adulto_joven,Q2
1394,labeled,49,management,single,primary,no,552.0,no,no,telephone,31,jul,115.0,6,-1,0,unknown,no,0,6.0,adulto,Q3
1395,labeled,34,student,single,secondary,no,1272.0,no,no,cellular,25,aug,279.0,1,117,1,failure,no,1,0.5,adulto_joven,Q3
1398,labeled,39,blue-collar,married,primary,no,700.0,yes,no,cellular,21,nov,44.0,1,-1,0,unknown,no,0,1.0,adulto_joven,Q4
1399,labeled,37,admin.,married,secondary,no,751.0,no,no,cellular,21,apr,219.0,1,-1,0,unknown,no,0,1.0,adulto_joven,Q2
1400,labeled,31,admin.,single,secondary,no,737.0,yes,no,cellular,26,may,543.0,2,-1,0,unknown,yes,0,2.0,adulto_joven,Q2
1401,labeled,28,self-employed,single,tertiary,no,436.0,no,no,cellular,19,jun,474.0,3,95,3,other,yes,1,0.75,joven,Q2
1402,labeled,57,admin.,divorced,secondary,no,883.0,no,no,cellular,20,jun,43.0,8,-1,0,unknown,no,0,8.0,adulto,Q2
1403,labeled,37,technician,married,secondary,yes,0.0,no,no,cellular,18,jun,236.0,1,-1,0,unknown,no,0,1.0,adulto_joven,Q2
1404,labeled,30,admin.,single,secondary,no,230.0,yes,no,cellular,7,may,115.0,3,-1,0,unknown,no,0,3.0,joven,Q2
1405,labeled,41,services,married,secondary,no,82.0,yes,no,cellular,11,may,105.0,1,336,2,failure,no,1,0.3333333333333333,adulto_joven,Q2
1406,labeled,30,admin.,single,secondary,no,3815.0,yes,no,cellular,3,jun,159.0,4,-1,0,unknown,no,0,4.0,joven,Q2
1407,labeled,36,management,married,tertiary,no,608.0,yes,no,cellular,26,may,204.0,1,-1,0,unknown,no,0,1.0,adulto_joven,Q2
1408,labeled,48,management,married,secondary,no,4406.0,yes,no,cellular,8,apr,1031.94,3,141,7,failure,yes,1,0.375,adulto,Q2
1409,labeled,33,management,married,tertiary,no,144.0,no,no,cellular,21,aug,151.0,2,-1,0,unknown,no,0,2.0,adulto_joven,Q3
1410,labeled,32,management,married,tertiary,no,5871.0,no,no,cellular,19,aug,159.0,2,-1,0,unknown,no,0,2.0,adulto_joven,Q3
1411,labeled,35,technician,married,secondary,no,0.0,no,no,cellular,27,aug,106.0,4,-1,0,unknown,no,0,4.0,adulto_joven,Q3
1412,labeled,26,blue-collar,married,secondary,no,135.0,no,no,cellular,4,jul,355.0,1,-1,0,unknown,no,0,1.0,joven,Q3
1413,labeled,53,management,divorced,secondary,no,118.0,no,yes,cellular,11,aug,246.0,3,-1,0,unknown,no,0,3.0,adulto,Q3
1414,labeled,36,blue-collar,married,secondary,no,-471.0,no,no,cellular,11,may,254.0,2,353,1,failure,no,1,1.0,adulto_joven,Q2
1415,labeled,43,management,married,tertiary,no,691.0,yes,no,cellular,6,aug,171.0,3,-1,0,unknown,no,0,3.0,adulto_joven,Q3
1417,labeled,40,blue-collar,married,secondary,no,6766.0,yes,no,cellular,20,nov,97.0,2,-1,0,unknown,no,0,2.0,adulto_joven,Q4
1418,labeled,36,services,married,secondary,no,37.0,yes,no,cellular,8,may,102.0,4,-1,0,unknown,no,0,4.0,adulto_joven,Q2
1419,labeled,24,services,married,secondary,yes,116.0,yes,no,cellular,23,may,27.0,1,-1,0,unknown,no,0,1.0,joven,Q2
1420,labeled,46,management,divorced,tertiary,no,136.0,no,no,cellular,19,aug,134.0,2,-1,0,unknown,no,0,2.0,adulto,Q3
1421,labeled,58,management,married,tertiary,no,1523.0,yes,no,telephone,29,jul,7.0,5,-1,0,unknown,no,0,5.0,adulto,Q3
1423,labeled,54,blue-collar,married,secondary,no,2507.0,no,no,cellular,20,jun,34.0,8,-1,0,unknown,no,0,8.0,adulto,Q2
1424,labeled,31,blue-collar,married,primary,no,0.0,yes,yes,cellular,10,jul,112.0,1,-1,0,unknown,no,0,1.0,adulto_joven,Q3
1426,labeled,30,services,divorced,secondary,no,0.0,yes,no,cellular,13,may,172.0,1,-1,0,unknown,no,0,1.0,joven,Q2
1427,labeled,30,blue-collar,single,secondary,yes,242.0,yes,no,cellular,21,may,412.0,1,-1,0,unknown,yes,0,1.0,joven,Q2
1428,labeled,42,admin.,married,secondary,no,209.0,yes,no,cellular,28,may,21.0,24,-1,0,unknown,no,0,24.0,adulto_joven,Q2
1429,labeled,33,self-employed,single,tertiary,no,59.0,no,no,cellular,19,aug,836.0,3,-1,0,unknown,yes,0,3.0,adulto_joven,Q3
1430,labeled,37,management,divorced,tertiary,no,0.0,yes,no,cellular,11,may,217.0,6,-1,0,unknown,no,0,6.0,adulto_joven,Q2
1432,labeled,35,technician,single,tertiary,no,463.0,yes,no,cellular,25,jul,743.0,13,-1,0,unknown,yes,0,13.0,adulto_joven,Q3
1433,labeled,39,technician,married,secondary,yes,-175.0,yes,no,cellular,14,may,202.0,2,-1,0,unknown,no,0,2.0,adulto_joven,Q2
1434,labeled,42,blue-collar,married,secondary,no,347.0,yes,no,cellular,11,may,79.0,3,-1,0,unknown,no,0,3.0,adulto_joven,Q2
1435,labeled,34,blue-collar,married,secondary,no,517.0,yes,no,cellular,11,may,206.0,1,-1,0,unknown,no,0,1.0,adulto_joven,Q2
1436,labeled,38,management,married,tertiary,no,116.0,yes,no,cellular,21,may,164.0,2,-1,0,unknown,no,0,2.0,adulto_joven,Q2
1437,labeled,30,self-employed,single,tertiary,no,40.0,no,no,cellular,21,nov,140.0,1,-1,0,unknown,no,0,1.0,joven,Q4
1439,labeled,49,self-employed,married,secondary,no,349.0,yes,yes,cellular,13,may,176.0,3,-1,0,unknown,no,0,3.0,adulto,Q2
1440,labeled,42,blue-collar,married,primary,no,1514.0,yes,no,cellular,5,feb,115.0,1,-1,0,unknown,no,0,1.0,adulto_joven,Q1
1441,labeled,48,admin.,married,secondary,no,182.0,yes,no,cellular,5,feb,238.0,3,-1,0,unknown,no,0,3.0,adulto,Q1
1442,labeled,54,blue-collar,divorced,primary,no,-173.0,no,no,cellular,9,jul,98.0,1,-1,0,unknown,no,0,1.0,adulto,Q3
1443,labeled,63,entrepreneur,married,secondary,no,3898.0,no,no,telephone,4,aug,250.0,2,187,2,success,yes,1,0.6666666666666666,senior,Q3
1444,labeled,34,admin.,single,secondary,no,292.0,no,no,cellular,7,jul,147.0,4,-1,0,unknown,no,0,4.0,adulto_joven,Q3
1445,labeled,36,blue-collar,married,primary,no,393.0,yes,no,cellular,12,jun,278.0,1,-1,0,unknown,no,0,1.0,adulto_joven,Q2
1446,labeled,60,self-employed,married,primary,no,355.0,no,yes,cellular,29,jul,816.0,6,-1,0,unknown,yes,0,6.0,adulto,Q3
1447,labeled,43,unemployed,divorced,secondary,no,4088.0,yes,no,cellular,21,nov,63.0,1,-1,0,unknown,no,0,1.0,adulto_joven,Q4
1448,labeled,42,management,divorced,tertiary,no,0.0,no,no,cellular,20,jun,85.0,2,-1,0,unknown,no,0,2.0,adulto_joven,Q2
1449,labeled,55,technician,divorced,secondary,no,65.0,yes,yes,cellular,25,aug,113.0,3,-1,0,unknown,no,0,3.0,adulto,Q3
1451,labeled,44,services,single,secondary,no,111.0,no,no,cellular,12,jun,109.0,2,-1,0,unknown,no,0,2.0,adulto_joven,Q2
1452,labeled,41,blue-collar,divorced,primary,no,2195.0,yes,no,cellular,3,jun,211.0,5,-1,0,unknown,no,0,5.0,adulto_joven,Q2
1454,labeled,52,services,married,secondary,no,380.0,no,yes,cellular,25,aug,288.0,12,-1,0,unknown,no,0,12.0,adulto,Q3
1455,labeled,46,blue-collar,married,primary,no,148.0,yes,no,cellular,7,may,279.0,1,-1,0,unknown,no,0,1.0,adulto,Q2
1456,labeled,29,blue-collar,married,secondary,no,423.0,yes,yes,cellular,14,may,241.0,2,-1,0,unknown,no,0,2.0,joven,Q2
1457,labeled,42,blue-collar,married,primary,no,1146.0,yes,no,telephone,20,apr,37.0,1,-1,0,unknown,no,0,1.0,adulto_joven,Q2
1458,labeled,47,entrepreneur,married,tertiary,no,455.0,yes,no,cellular,29,jul,189.0,4,-1,0,unknown,no,0,4.0,adulto,Q3
1459,labeled,32,services,married,secondary,no,406.0,yes,no,cellular,15,may,294.0,2,-1,0,unknown,no,0,2.0,adulto_joven,Q2
1460,labeled,31,blue-collar,married,primary,no,360.0,yes,no,cellular,19,may,97.0,9,-1,0,unknown,no,0,9.0,adulto_joven,Q2
1461,labeled,34,technician,single,secondary,no,164.0,no,no,telephone,11,may,259.0,4,-1,0,unknown,no,0,4.0,adulto_joven,Q2
1462,labeled,41,technician,married,secondary,no,0.0,no,yes,cellular,23,jul,107.0,1,-1,0,unknown,no,0,1.0,adulto_joven,Q3
1463,labeled,48,management,single,tertiary,no,409.0,no,no,cellular,21,jul,761.0,2,-1,0,unknown,no,0,2.0,adulto,Q3
1464,labeled,34,blue-collar,married,secondary,no,383.0,yes,no,cellular,5,may,11.0,9,-1,0,unknown,no,0,9.0,adulto_joven,Q2
1465,labeled,58,management,married,tertiary,no,2759.0,no,no,cellular,17,nov,235.0,1,-1,0,unknown,no,0,1.0,adulto,Q4
1466,labeled,40,management,married,tertiary,no,1557.0,yes,no,cellular,13,apr,101.0,3,-1,0,unknown,no,0,3.0,adulto_joven,Q2
1467,labeled,37,entrepreneur,married,tertiary,no,2684.0,no,no,cellular,20,jun,187.0,2,-1,0,unknown,no,0,2.0,adulto_joven,Q2
1468,labeled,27,management,single,tertiary,no,87.0,no,no,cellular,4,may,143.0,1,-1,0,unknown,no,0,1.0,joven,Q2
1470,labeled,35,admin.,married,secondary,no,0.0,no,no,cellular,7,may,326.0,1,-1,0,unknown,no,0,1.0,adulto_joven,Q2
1471,labeled,34,management,married,tertiary,no,428.0,yes,no,cellular,17,apr,28.0,1,345,1,failure,no,1,0.5,adulto_joven,Q2
1472,labeled,37,services,single,tertiary,no,221.0,yes,no,cellular,28,may,25.0,1,-1,0,unknown,no,0,1.0,adulto_joven,Q2
1473,labeled,29,unemployed,single,secondary,no,495.0,no,no,telephone,30,apr,95.0,1,-1,0,unknown,no,0,1.0,joven,Q2
1474,labeled,39,blue-collar,single,primary,no,0.0,yes,no,cellular,19,nov,286.0,2,-1,0,unknown,no,0,2.0,adulto_joven,Q4
1475,labeled,56,admin.,divorced,secondary,no,980.0,no,yes,cellular,18,aug,150.0,2,-1,0,unknown,no,0,2.0,adulto,Q3
1476,labeled,58,housemaid,single,tertiary,no,140.0,yes,yes,cellular,16,jul,128.0,2,-1,0,unknown,no,0,2.0,adulto,Q3
1477,labeled,37,technician,single,secondary,no,3672.0,no,no,cellular,12,aug,664.0,3,-1,0,unknown,yes,0,3.0,adulto_joven,Q3
1479,labeled,33,services,divorced,secondary,no,408.0,yes,no,cellular,8,may,216.0,1,-1,0,unknown,no,0,1.0,adulto_joven,Q2
1480,labeled,45,management,married,tertiary,no,1934.0,yes,no,cellular,29,may,44.0,15,-1,0,unknown,no,0,15.0,adulto_joven,Q2
1481,labeled,41,blue-collar,married,secondary,no,560.0,yes,no,cellular,12,may,463.0,1,-1,0,unknown,no,0,1.0,adulto_joven,Q2
1482,labeled,28,blue-collar,married,secondary,no,11.0,yes,no,cellular,15,may,196.0,1,-1,0,unknown,no,0,1.0,joven,Q2
1483,labeled,53,admin.,married,secondary,no,269.0,no,yes,cellular,18,jul,143.0,7,-1,0,unknown,no,0,7.0,adulto,Q3
1485,labeled,38,services,married,secondary,no,431.0,yes,no,cellular,20,may,411.0,1,-1,0,unknown,no,0,1.0,adulto_joven,Q2
1487,labeled,37,blue-collar,married,primary,no,697.0,yes,no,cellular,14,jul,367.0,2,-1,0,unknown,no,0,2.0,adulto_joven,Q3
1489,labeled,53,management,married,secondary,no,2238.0,yes,no,cellular,2,jun,282.0,2,385,1,success,yes,1,1.0,adulto,Q2
1490,labeled,31,admin.,single,secondary,no,1305.0,yes,no,cellular,28,may,217.0,5,-1,0,unknown,no,0,5.0,adulto_joven,Q2
1491,labeled,45,entrepreneur,married,primary,no,2409.0,yes,no,cellular,14,may,120.0,1,-1,0,unknown,no,0,1.0,adulto_joven,Q2
1492,labeled,32,self-employed,married,secondary,no,214.0,yes,yes,cellular,15,jul,317.0,5,-1,0,unknown,no,0,5.0,adulto_joven,Q3
1493,labeled,33,admin.,single,secondary,no,2558.0,yes,no,cellular,18,may,186.0,1,-1,0,unknown,no,0,1.0,adulto_joven,Q2
1494,labeled,45,technician,married,secondary,no,1486.0,yes,no,cellular,8,jul,355.0,1,-1,0,unknown,no,0,1.0,adulto_joven,Q3
1496,labeled,48,management,married,tertiary,no,866.0,no,no,cellular,29,jan,146.0,2,-1,0,unknown,no,0,2.0,adulto,Q1
1497,labeled,37,student,married,secondary,no,0.0,no,no,cellular,18,jun,115.0,1,-1,0,unknown,no,0,1.0,adulto_joven,Q2
1498,labeled,41,admin.,single,secondary,no,-264.0,no,yes,cellular,9,may,35.0,3,-1,0,unknown,no,0,3.0,adulto_joven,Q2
1499,labeled,38,blue-collar,single,secondary,no,-11.0,yes,no,cellular,7,may,72.0,1,-1,0,unknown,no,0,1.0,adulto_joven,Q2
1501,labeled,47,technician,married,secondary,no,1170.0,yes,no,cellular,30,apr,968.0,1,87,5,failure,yes,1,0.16666666666666666,adulto,Q2
1502,labeled,60,management,divorced,tertiary,no,374.0,no,no,cellular,3,jun,593.0,1,-1,0,unknown,yes,0,1.0,adulto,Q2
1505,labeled,38,blue-collar,married,primary,no,174.0,yes,yes,telephone,13,may,212.0,3,-1,0,unknown,no,0,3.0,adulto_joven,Q2
1507,labeled,36,technician,married,secondary,no,18.0,yes,no,cellular,8,may,152.0,2,347,1,failure,no,1,1.0,adulto_joven,Q2
1508,labeled,56,blue-collar,married,secondary,no,2189.0,no,yes,cellular,30,jan,90.0,2,232,1,failure,no,1,1.0,adulto,Q1
1509,labeled,34,services,married,secondary,no,2217.0,no,no,cellular,8,may,149.0,1,-1,0,unknown,no,0,1.0,adulto_joven,Q2
1511,labeled,51,services,married,secondary,no,0.0,no,yes,cellular,26,jun,565.0,3,-1,0,unknown,no,0,3.0,adulto,Q2
1512,labeled,49,admin.,married,secondary,no,2471.0,no,no,cellular,20,aug,157.0,3,-1,0,unknown,no,0,3.0,adulto,Q3
1513,labeled,31,self-employed,married,secondary,no,31.0,no,no,cellular,6,aug,165.0,4,-1,0,unknown,no,0,4.0,adulto_joven,Q3
1515,labeled,34,admin.,married,secondary,no,104.0,no,no,cellular,29,aug,109.0,2,-1,0,unknown,no,0,2.0,adulto_joven,Q3
1516,labeled,36,blue-collar,married,secondary,no,145.0,yes,no,cellular,23,may,106.0,3,-1,0,unknown,no,0,3.0,adulto_joven,Q2
1517,labeled,40,management,married,tertiary,no,1043.0,yes,no,cellular,12,jun,73.0,1,-1,0,unknown,no,0,1.0,adulto_joven,Q2
1518,labeled,31,admin.,married,secondary,no,0.0,yes,yes,cellular,18,nov,79.0,3,-1,0,unknown,no,0,3.0,adulto_joven,Q4
1519,labeled,32,technician,single,secondary,no,-21.0,no,yes,cellular,4,jul,400.0,1,-1,0,unknown,no,0,1.0,adulto_joven,Q3
1520,labeled,58,blue-collar,married,secondary,no,597.0,no,yes,cellular,5,jun,133.0,1,-1,0,unknown,no,0,1.0,adulto,Q2
1521,labeled,32,admin.,single,tertiary,no,1578.0,yes,no,cellular,19,nov,100.0,1,182,1,failure,no,1,0.5,adulto_joven,Q4
1522,labeled,50,blue-collar,married,primary,no,8140.0,yes,no,cellular,18,aug,256.0,6,-1,0,unknown,no,0,6.0,adulto,Q3
1524,labeled,41,admin.,married,secondary,no,8235.0,yes,yes,cellular,30,may,124.0,4,-1,0,unknown,no,0,4.0,adulto_joven,Q2
1525,labeled,50,management,married,tertiary,no,8.0,no,no,cellular,17,nov,223.0,1,96,2,failure,no,1,0.3333333333333333,adulto,Q4
1526,labeled,30,management,single,tertiary,no,2.0,yes,yes,cellular,25,jul,1031.0,8,-1,0,unknown,yes,0,8.0,joven,Q3
1528,labeled,41,blue-collar,single,secondary,no,4686.0,no,no,cellular,20,jun,30.0,6,-1,0,unknown,no,0,6.0,adulto_joven,Q2
1529,labeled,36,management,married,tertiary,no,9274.0,yes,yes,cellular,19,nov,107.0,2,-1,0,unknown,no,0,2.0,adulto_joven,Q4
1530,labeled,34,management,single,secondary,no,0.0,no,no,cellular,22,aug,132.0,4,-1,0,unknown,no,0,4.0,adulto_joven,Q3
1531,labeled,50,services,married,secondary,no,13689.540000000003,no,no,cellular,25,aug,206.0,4,-1,0,unknown,no,0,4.0,adulto,Q3
1532,labeled,46,admin.,married,secondary,no,118.0,yes,no,cellular,14,may,20.0,11,-1,0,unknown,no,0,11.0,adulto,Q2
1534,labeled,49,management,married,secondary,no,365.0,yes,no,cellular,4,jun,84.0,2,-1,0,unknown,no,0,2.0,adulto,Q2
1536,labeled,56,blue-collar,married,primary,no,377.0,no,no,cellular,13,aug,58.0,5,-1,0,unknown,no,0,5.0,adulto,Q3
1537,labeled,36,management,single,tertiary,no,447.0,yes,yes,cellular,29,jul,102.0,3,-1,0,unknown,no,0,3.0,adulto_joven,Q3
1538,labeled,46,blue-collar,married,primary,no,88.0,yes,no,cellular,6,may,29.0,1,356,2,failure,no,1,0.3333333333333333,adulto,Q2
1539,labeled,35,services,single,secondary,no,37.0,yes,no,cellular,14,may,152.0,1,-1,0,unknown,no,0,1.0,adulto_joven,Q2
1540,labeled,50,housemaid,married,primary,no,399.0,yes,no,cellular,15,may,419.0,2,-1,0,unknown,no,0,2.0,adulto,Q2
1541,labeled,30,technician,married,secondary,no,613.0,yes,no,cellular,6,may,19.0,1,-1,0,unknown,no,0,1.0,joven,Q2
1544,labeled,33,services,married,secondary,no,82.0,yes,no,cellular,28,jul,263.0,2,-1,0,unknown,no,0,2.0,adulto_joven,Q3
1545,labeled,58,management,married,tertiary,no,13689.540000000003,no,no,telephone,17,nov,215.0,3,-1,0,unknown,no,0,3.0,adulto,Q4
1546,labeled,54,blue-collar,married,primary,no,776.0,yes,no,cellular,9,may,103.0,2,-1,0,unknown,no,0,2.0,adulto,Q2
1547,labeled,38,management,married,tertiary,no,382.0,yes,no,cellular,6,may,262.0,1,-1,0,unknown,no,0,1.0,adulto_joven,Q2
1549,labeled,46,management,divorced,secondary,no,565.0,no,no,cellular,19,aug,126.0,6,-1,0,unknown,no,0,6.0,adulto,Q3
1550,labeled,27,blue-collar,single,secondary,no,5571.0,yes,no,cellular,30,may,435.0,2,-1,0,unknown,no,0,2.0,joven,Q2
1551,labeled,38,management,single,tertiary,no,8674.0,yes,no,telephone,20,apr,5.0,3,150,6,failure,no,1,0.42857142857142855,adulto_joven,Q2
1552,labeled,33,blue-collar,married,secondary,no,49.0,yes,no,cellular,14,may,332.0,2,358,2,failure,no,1,0.6666666666666666,adulto_joven,Q2
1553,labeled,34,technician,married,secondary,no,1547.0,no,no,cellular,20,aug,200.0,2,-1,0,unknown,no,0,2.0,adulto_joven,Q3
1554,labeled,26,blue-collar,single,primary,no,3344.0,yes,no,cellular,4,jun,329.0,4,-1,0,unknown,no,0,4.0,joven,Q2
1555,labeled,60,blue-collar,married,secondary,no,7331.0,no,no,cellular,4,aug,122.0,1,-1,0,unknown,no,0,1.0,adulto,Q3
1556,labeled,38,blue-collar,married,secondary,no,1201.0,yes,no,cellular,20,apr,45.0,4,153,1,failure,no,1,2.0,adulto_joven,Q2
1558,labeled,34,blue-collar,married,secondary,no,14.0,yes,yes,cellular,2,feb,171.0,2,193,2,other,no,1,0.6666666666666666,adulto_joven,Q1
1560,labeled,46,services,married,secondary,no,0.0,yes,no,cellular,22,jun,154.0,1,124,1,other,no,1,0.5,adulto,Q2
1561,labeled,33,management,single,tertiary,no,77.0,no,no,cellular,22,aug,107.0,6,-1,0,unknown,no,0,6.0,adulto_joven,Q3
1562,labeled,31,blue-collar,married,secondary,no,1498.0,yes,yes,cellular,23,may,159.0,3,-1,0,unknown,no,0,3.0,adulto_joven,Q2
1564,labeled,28,management,single,tertiary,no,3246.0,yes,no,cellular,19,may,7.0,1,-1,0,unknown,no,0,1.0,joven,Q2
1565,labeled,57,unemployed,married,secondary,no,0.0,no,no,cellular,19,jun,97.0,1,-1,0,unknown,no,0,1.0,adulto,Q2
1566,labeled,27,admin.,married,secondary,no,897.0,no,no,cellular,5,jun,397.0,1,-1,0,unknown,yes,0,1.0,joven,Q2
1567,labeled,43,admin.,married,secondary,no,3207.0,yes,no,cellular,21,jul,228.0,3,-1,0,unknown,no,0,3.0,adulto_joven,Q3
1568,labeled,30,admin.,married,tertiary,no,0.0,yes,no,cellular,24,jul,209.0,2,-1,0,unknown,no,0,2.0,joven,Q3
1570,labeled,47,services,divorced,secondary,no,687.0,no,no,cellular,6,feb,285.0,6,-1,0,unknown,no,0,6.0,adulto,Q1
1571,labeled,57,management,married,tertiary,no,1606.0,no,no,cellular,29,jul,339.0,3,-1,0,unknown,no,0,3.0,adulto,Q3
1572,labeled,31,management,married,secondary,no,468.0,yes,no,cellular,14,may,164.0,1,-1,0,unknown,no,0,1.0,adulto_joven,Q2
1573,labeled,31,technician,single,secondary,no,625.0,yes,no,cellular,12,may,1031.94,2,-1,0,unknown,no,0,2.0,adulto_joven,Q2
1574,labeled,58,housemaid,married,secondary,no,2712.0,no,no,telephone,14,aug,137.0,1,-1,0,unknown,no,0,1.0,adulto,Q3
1575,labeled,38,services,married,secondary,no,-148.0,no,no,cellular,25,jun,456.0,3,-1,0,unknown,no,0,3.0,adulto_joven,Q2
1576,labeled,38,technician,divorced,secondary,no,411.0,no,no,cellular,11,aug,63.0,6,-1,0,unknown,no,0,6.0,adulto_joven,Q3
1577,labeled,48,management,single,secondary,no,284.0,yes,no,cellular,21,jul,257.0,2,-1,0,unknown,no,0,2.0,adulto,Q3
1579,labeled,46,self-employed,married,tertiary,no,138.0,yes,yes,cellular,5,may,246.0,1,-1,0,unknown,no,0,1.0,adulto,Q2
1580,labeled,53,blue-collar,married,primary,no,4148.0,no,no,cellular,15,jul,200.0,3,-1,0,unknown,no,0,3.0,adulto,Q3
1581,labeled,49,blue-collar,divorced,primary,no,14.0,yes,no,cellular,27,may,550.0,7,-1,0,unknown,no,0,7.0,adulto,Q2
1582,labeled,30,admin.,single,tertiary,no,304.0,no,no,cellular,30,apr,633.0,1,85,2,success,yes,1,0.3333333333333333,joven,Q2
1584,labeled,33,services,married,secondary,no,799.0,yes,yes,cellular,8,may,266.0,1,-1,0,unknown,no,0,1.0,adulto_joven,Q2
1585,labeled,52,services,married,secondary,no,647.0,no,no,telephone,7,jul,398.0,2,460,2,failure,yes,1,0.6666666666666666,adulto,Q3
1586,labeled,31,management,married,tertiary,no,13689.540000000003,yes,no,cellular,14,may,8.0,6,267,4,failure,no,1,1.2,adulto_joven,Q2
1587,labeled,46,technician,married,secondary,no,-331.0,yes,no,cellular,27,may,112.0,1,-1,0,unknown,no,0,1.0,adulto,Q2
1588,labeled,25,entrepreneur,single,tertiary,no,13689.540000000003,yes,yes,cellular,15,may,117.0,2,-1,0,unknown,no,0,2.0,joven,Q2
1589,labeled,55,blue-collar,married,secondary,no,1008.0,yes,no,cellular,12,aug,112.0,2,-1,0,unknown,no,0,2.0,adulto,Q3
1590,labeled,32,blue-collar,single,secondary,no,2287.0,yes,no,cellular,14,may,413.0,2,-1,0,unknown,no,0,2.0,adulto_joven,Q2
1591,labeled,40,services,married,secondary,no,771.0,yes,no,cellular,15,may,173.0,4,-1,0,unknown,no,0,4.0,adulto_joven,Q2
1592,labeled,47,blue-collar,married,secondary,no,478.0,yes,no,cellular,28,may,211.0,2,-1,0,unknown,no,0,2.0,adulto,Q2
1593,labeled,29,entrepreneur,married,secondary,no,184.0,yes,no,cellular,5,may,231.0,4,-1,0,unknown,no,0,4.0,joven,Q2
1594,labeled,32,blue-collar,single,secondary,no,28.0,yes,no,cellular,18,may,125.0,1,368,4,failure,no,1,0.2,adulto_joven,Q2
1595,labeled,54,blue-collar,married,secondary,no,-620.4,no,no,cellular,23,may,173.0,1,-1,0,unknown,no,0,1.0,adulto,Q2
1596,labeled,44,technician,single,secondary,no,7141.0,no,no,cellular,8,aug,809.0,2,-1,0,unknown,yes,0,2.0,adulto_joven,Q3
1597,labeled,36,management,single,secondary,no,1505.0,yes,no,cellular,16,nov,270.0,1,-1,0,unknown,yes,0,1.0,adulto_joven,Q4
1598,labeled,34,management,married,tertiary,no,3303.0,yes,no,cellular,17,jun,485.0,2,227,4,failure,yes,1,0.4,adulto_joven,Q2
1599,labeled,24,management,single,tertiary,no,175.0,no,no,cellular,3,jul,67.0,2,-1,0,unknown,no,0,2.0,joven,Q3
1600,labeled,30,management,single,tertiary,no,731.0,yes,no,cellular,16,apr,39.0,1,342,3,failure,no,1,0.25,joven,Q2
1601,labeled,46,management,married,tertiary,no,532.0,yes,no,cellular,6,may,105.0,4,366,2,failure,no,1,1.3333333333333333,adulto,Q2
1602,labeled,37,management,single,secondary,no,710.0,yes,no,cellular,20,may,247.0,2,-1,0,unknown,no,0,2.0,adulto_joven,Q2
1603,labeled,34,services,married,secondary,no,0.0,no,yes,cellular,2,jul,193.0,4,-1,0,unknown,no,0,4.0,adulto_joven,Q3
1604,labeled,35,admin.,married,secondary,no,779.0,no,yes,cellular,25,jul,322.0,1,-1,0,unknown,no,0,1.0,adulto_joven,Q3
1606,labeled,23,technician,single,secondary,no,592.0,no,no,cellular,30,apr,166.0,1,-1,0,unknown,no,0,1.0,joven,Q2
1607,labeled,35,admin.,single,tertiary,no,61.0,no,yes,cellular,30,apr,67.0,1,-1,0,unknown,no,0,1.0,adulto_joven,Q2
1608,labeled,28,technician,married,secondary,no,222.0,yes,yes,cellular,29,jan,72.0,1,261,1,failure,no,1,0.5,joven,Q1
1609,labeled,58,self-employed,married,primary,no,1013.0,yes,no,cellular,11,aug,206.0,1,461,1,failure,yes,1,0.5,adulto,Q3
1610,labeled,32,blue-collar,single,secondary,no,219.0,no,no,telephone,5,feb,176.0,1,288,3,failure,no,1,0.25,adulto_joven,Q1
1611,labeled,36,blue-collar,married,secondary,no,-73.0,yes,yes,cellular,18,may,15.0,8,-1,0,unknown,no,0,8.0,adulto_joven,Q2
1612,labeled,33,technician,married,secondary,no,60.0,yes,no,telephone,29,aug,57.0,2,-1,0,unknown,no,0,2.0,adulto_joven,Q3
1613,labeled,43,management,single,tertiary,no,137.0,no,no,cellular,21,nov,50.0,1,113,5,other,no,1,0.16666666666666666,adulto_joven,Q4
1614,labeled,35,unemployed,married,secondary,no,976.0,yes,no,cellular,4,may,52.0,4,91,1,other,no,1,2.0,adulto_joven,Q2
1615,labeled,30,student,single,secondary,no,31.0,no,no,telephone,30,apr,44.0,1,-1,0,unknown,no,0,1.0,joven,Q2
1616,labeled,43,management,married,tertiary,no,13047.0,no,no,cellular,18,aug,36.0,4,-1,0,unknown,no,0,4.0,adulto_joven,Q3
1617,labeled,37,self-employed,married,secondary,no,4147.0,yes,no,cellular,31,jul,35.0,16,-1,0,unknown,no,0,16.0,adulto_joven,Q3
1618,labeled,33,admin.,married,secondary,no,351.0,yes,no,cellular,19,nov,107.0,2,-1,0,unknown,no,0,2.0,adulto_joven,Q4
1620,labeled,50,management,married,secondary,yes,420.0,no,no,cellular,20,nov,22.0,5,-1,0,unknown,no,0,5.0,adulto,Q4
1621,labeled,44,blue-collar,married,primary,no,-322.0,yes,no,cellular,20,jun,22.0,3,-1,0,unknown,no,0,3.0,adulto_joven,Q2
1622,labeled,30,student,single,secondary,no,3102.0,no,no,cellular,26,jan,123.0,1,-1,0,unknown,no,0,1.0,joven,Q1
1623,labeled,54,housemaid,divorced,secondary,no,1335.0,no,no,cellular,5,jun,115.0,2,-1,0,unknown,no,0,2.0,adulto,Q2
1624,labeled,33,blue-collar,married,secondary,no,0.0,yes,yes,cellular,28,jul,83.0,12,-1,0,unknown,no,0,12.0,adulto_joven,Q3
1625,labeled,32,admin.,married,secondary,no,0.0,no,no,cellular,30,jan,119.0,3,-1,0,unknown,no,0,3.0,adulto_joven,Q1
1626,labeled,48,retired,married,primary,no,5174.0,yes,no,cellular,18,jun,88.0,8,-1,0,unknown,no,0,8.0,adulto,Q2
1627,labeled,28,services,single,secondary,no,281.0,yes,no,cellular,18,may,128.0,1,-1,0,unknown,no,0,1.0,joven,Q2
1628,labeled,44,unemployed,single,primary,no,4225.0,no,no,cellular,16,jun,227.0,1,-1,0,unknown,no,0,1.0,adulto_joven,Q2
1629,labeled,53,management,married,tertiary,no,138.0,no,no,cellular,30,may,150.0,1,-1,0,unknown,no,0,1.0,adulto,Q2
1630,labeled,34,management,single,tertiary,no,613.0,yes,no,cellular,3,jun,119.0,4,-1,0,unknown,no,0,4.0,adulto_joven,Q2
1631,labeled,41,technician,single,tertiary,no,1645.0,yes,no,cellular,4,feb,261.0,1,184,6,success,yes,1,0.14285714285714285,adulto_joven,Q1
1634,labeled,45,management,married,tertiary,no,6944.0,no,no,cellular,5,aug,131.0,5,356,3,failure,no,1,1.25,adulto_joven,Q3
1635,labeled,27,blue-collar,single,secondary,no,5.0,yes,no,cellular,19,may,205.0,3,-1,0,unknown,no,0,3.0,joven,Q2
1636,labeled,24,blue-collar,married,secondary,no,0.0,no,no,cellular,28,may,94.0,1,-1,0,unknown,no,0,1.0,joven,Q2
1637,labeled,31,technician,single,secondary,no,4884.0,yes,no,telephone,5,may,475.0,4,166,2,failure,no,1,1.3333333333333333,adulto_joven,Q2
1639,labeled,47,management,divorced,tertiary,no,2505.0,no,no,cellular,20,jun,40.0,3,-1,0,unknown,no,0,3.0,adulto,Q2
1640,labeled,25,student,single,secondary,no,4.0,no,no,cellular,22,apr,107.0,2,-1,0,unknown,yes,0,2.0,joven,Q2
1641,labeled,42,blue-collar,divorced,secondary,no,1486.0,yes,no,cellular,6,may,203.0,2,334,2,failure,no,1,0.6666666666666666,adulto_joven,Q2
1642,labeled,33,admin.,married,secondary,no,214.0,yes,no,cellular,27,may,345.0,1,-1,0,unknown,no,0,1.0,adulto_joven,Q2
1644,labeled,42,technician,married,secondary,no,1056.0,yes,no,telephone,6,feb,23.0,2,-1,0,unknown,no,0,2.0,adulto_joven,Q1
1645,labeled,47,management,single,tertiary,no,0.0,no,no,cellular,11,jun,58.0,3,-1,0,unknown,no,0,3.0,adulto,Q2
1646,labeled,36,management,single,tertiary,no,873.0,yes,no,cellular,23,may,241.0,2,-1,0,unknown,no,0,2.0,adulto_joven,Q2
1647,labeled,56,self-employed,married,secondary,no,792.0,no,yes,cellular,30,jul,149.0,2,-1,0,unknown,no,0,2.0,adulto,Q3
1648,labeled,47,admin.,married,secondary,no,3670.0,no,no,cellular,18,oct,567.0,1,95,3,success,yes,1,0.25,adulto,Q4
1649,labeled,45,technician,single,tertiary,no,0.0,yes,no,cellular,18,nov,139.0,2,-1,0,unknown,no,0,2.0,adulto_joven,Q4
1651,labeled,30,management,married,secondary,no,-553.0,yes,yes,cellular,7,may,98.0,1,167,2,failure,no,1,0.3333333333333333,joven,Q2
1652,labeled,41,management,divorced,tertiary,no,360.0,yes,no,telephone,22,aug,9.0,3,-1,0,unknown,no,0,3.0,adulto_joven,Q3
1653,labeled,42,services,married,secondary,no,502.0,yes,no,cellular,30,may,70.0,1,-1,0,unknown,no,0,1.0,adulto_joven,Q2
1654,labeled,47,management,divorced,tertiary,no,1156.0,no,yes,cellular,15,jul,82.0,2,-1,0,unknown,no,0,2.0,adulto,Q3
1655,labeled,46,management,divorced,secondary,no,366.0,yes,no,cellular,19,may,86.0,7,-1,0,unknown,no,0,7.0,adulto,Q2
1656,labeled,26,self-employed,single,tertiary,no,217.0,no,no,cellular,29,jan,168.0,3,-1,0,unknown,no,0,3.0,joven,Q1
1657,labeled,45,management,single,tertiary,no,2053.0,yes,no,cellular,18,oct,310.0,1,804,1,failure,yes,1,0.5,adulto_joven,Q4
1660,labeled,29,blue-collar,married,primary,no,199.0,yes,no,cellular,30,may,322.0,2,-1,0,unknown,no,0,2.0,joven,Q2
1661,labeled,59,admin.,married,secondary,no,2374.0,no,no,cellular,30,apr,173.0,2,-1,0,unknown,no,0,2.0,adulto,Q2
1662,labeled,48,retired,married,primary,yes,-277.0,no,yes,cellular,19,nov,157.0,1,-1,0,unknown,no,0,1.0,adulto,Q4
1663,labeled,50,blue-collar,married,secondary,no,800.0,yes,no,cellular,14,may,19.0,14,-1,0,unknown,no,0,14.0,adulto,Q2
1664,labeled,33,technician,single,tertiary,no,128.0,no,no,cellular,19,aug,264.0,1,-1,0,unknown,no,0,1.0,adulto_joven,Q3
1665,labeled,60,admin.,married,secondary,no,3738.0,no,no,cellular,22,dec,190.0,1,188,9,success,yes,1,0.1,adulto,Q4
1666,labeled,30,management,single,tertiary,no,778.0,yes,no,cellular,16,jun,124.0,2,-1,0,unknown,no,0,2.0,joven,Q2
1667,labeled,44,management,divorced,tertiary,no,0.0,no,no,cellular,22,aug,54.0,2,-1,0,unknown,no,0,2.0,adulto_joven,Q3
1668,labeled,34,admin.,married,secondary,no,606.0,yes,no,cellular,4,jun,80.0,1,-1,0,unknown,no,0,1.0,adulto_joven,Q2
1669,labeled,51,technician,married,secondary,no,-388.0,yes,no,cellular,5,aug,261.0,1,-1,0,unknown,no,0,1.0,adulto,Q3
1670,labeled,37,technician,married,tertiary,no,0.0,yes,no,cellular,17,nov,77.0,1,-1,0,unknown,no,0,1.0,adulto_joven,Q4
1671,labeled,35,technician,divorced,tertiary,no,4522.0,yes,no,cellular,19,nov,98.0,2,-1,0,unknown,no,0,2.0,adulto_joven,Q4
1672,labeled,28,technician,single,secondary,no,615.0,yes,no,cellular,7,may,281.0,1,-1,0,unknown,no,0,1.0,joven,Q2
1673,labeled,25,technician,single,tertiary,no,471.0,yes,no,cellular,15,may,147.0,1,-1,0,unknown,no,0,1.0,joven,Q2
1674,labeled,29,self-employed,married,secondary,no,-85.0,yes,no,cellular,27,may,305.0,2,-1,0,unknown,no,0,2.0,joven,Q2
1675,labeled,33,management,single,tertiary,no,1904.0,no,no,cellular,8,aug,191.0,2,-1,0,unknown,no,0,2.0,adulto_joven,Q3
1676,labeled,48,technician,married,secondary,no,566.0,yes,no,cellular,2,sep,378.0,2,386,1,success,yes,1,1.0,adulto,Q3
1677,labeled,41,management,married,tertiary,no,246.0,no,yes,cellular,6,jun,85.0,3,-1,0,unknown,no,0,3.0,adulto_joven,Q2
1679,labeled,36,admin.,divorced,secondary,no,358.0,yes,no,cellular,7,apr,244.0,3,313,1,failure,no,1,1.5,adulto_joven,Q2
1680,labeled,29,management,single,secondary,no,-97.0,yes,no,cellular,27,may,5.0,3,-1,0,unknown,no,0,3.0,joven,Q2
1681,labeled,36,blue-collar,single,primary,no,373.0,no,no,cellular,2,feb,217.0,1,221,1,failure,no,1,0.5,adulto_joven,Q1
1683,labeled,28,technician,single,secondary,no,2041.0,yes,no,cellular,21,may,196.0,1,-1,0,unknown,no,0,1.0,joven,Q2
1684,labeled,33,blue-collar,single,secondary,no,26.0,no,no,cellular,30,jan,76.0,2,207,1,failure,no,1,1.0,adulto_joven,Q1
1686,labeled,34,services,divorced,secondary,no,199.0,yes,no,cellular,15,may,318.0,1,-1,0,unknown,no,0,1.0,adulto_joven,Q2
1687,labeled,36,self-employed,married,tertiary,no,511.0,no,no,cellular,25,aug,47.0,1,120,1,failure,no,1,0.5,adulto_joven,Q3
1688,labeled,44,admin.,married,secondary,no,2404.0,yes,no,cellular,28,jan,180.0,2,-1,0,unknown,no,0,2.0,adulto_joven,Q1
1689,labeled,37,admin.,single,tertiary,no,2319.0,yes,no,cellular,20,apr,114.0,1,152,2,failure,no,1,0.3333333333333333,adulto_joven,Q2
1690,labeled,48,entrepreneur,married,secondary,no,718.0,no,yes,cellular,10,jul,105.0,1,-1,0,unknown,no,0,1.0,adulto,Q3
1691,labeled,39,admin.,divorced,secondary,no,2898.0,yes,yes,telephone,25,jul,259.0,2,-1,0,unknown,no,0,2.0,adulto_joven,Q3
1692,labeled,49,technician,married,tertiary,no,1842.0,yes,no,cellular,25,may,269.0,1,-1,0,unknown,no,0,1.0,adulto,Q2
1694,labeled,59,blue-collar,married,primary,no,2821.0,no,no,cellular,20,jun,81.0,3,-1,0,unknown,no,0,3.0,adulto,Q2
1696,labeled,35,housemaid,married,tertiary,no,11.0,yes,yes,cellular,17,jul,505.0,3,-1,0,unknown,no,0,3.0,adulto_joven,Q3
1697,labeled,40,admin.,single,secondary,no,109.0,yes,no,cellular,11,aug,221.0,1,461,1,success,yes,1,0.5,adulto_joven,Q3
1701,labeled,27,student,single,tertiary,no,-148.0,yes,no,cellular,11,sep,146.0,3,224,1,other,no,1,1.5,joven,Q3
1702,labeled,58,housemaid,married,primary,no,419.0,no,yes,cellular,5,jun,295.0,3,-1,0,unknown,no,0,3.0,adulto,Q2
1703,labeled,33,blue-collar,married,secondary,no,748.0,yes,no,cellular,23,may,115.0,4,-1,0,unknown,no,0,4.0,adulto_joven,Q2
1704,labeled,33,management,married,tertiary,no,638.0,yes,no,cellular,13,aug,347.0,2,-1,0,unknown,no,0,2.0,adulto_joven,Q3
1705,labeled,39,blue-collar,married,primary,no,2304.0,yes,no,cellular,17,jun,775.0,3,-1,0,unknown,yes,0,3.0,adulto_joven,Q2
1706,labeled,60,blue-collar,married,secondary,no,100.0,yes,no,cellular,5,may,22.0,1,-1,0,unknown,no,0,1.0,adulto,Q2
1707,labeled,38,technician,married,secondary,no,6718.0,no,no,cellular,25,nov,232.0,1,96,4,success,yes,1,0.2,adulto_joven,Q4
1708,labeled,29,services,married,secondary,no,190.0,yes,no,telephone,13,may,38.0,3,-1,0,unknown,no,0,3.0,joven,Q2
1709,labeled,41,technician,married,secondary,no,907.0,no,no,cellular,16,jun,35.0,6,-1,0,unknown,no,0,6.0,adulto_joven,Q2
1712,labeled,30,services,single,secondary,no,426.0,yes,no,cellular,20,may,340.0,3,-1,0,unknown,no,0,3.0,joven,Q2
1713,labeled,46,blue-collar,married,primary,no,65.0,no,no,cellular,24,jun,9.0,1,-1,0,unknown,no,0,1.0,adulto,Q2
1714,labeled,50,self-employed,married,secondary,no,37.0,no,no,cellular,13,aug,104.0,10,-1,0,unknown,no,0,10.0,adulto,Q3
1715,labeled,32,blue-collar,married,secondary,no,1150.0,yes,no,cellular,20,apr,121.0,1,-1,0,unknown,no,0,1.0,adulto_joven,Q2
1716,labeled,31,admin.,married,secondary,no,0.0,yes,no,cellular,14,may,40.0,2,-1,0,unknown,no,0,2.0,adulto_joven,Q2
1717,labeled,51,admin.,divorced,secondary,no,467.0,yes,no,cellular,19,may,83.0,1,-1,0,unknown,no,0,1.0,adulto,Q2
1718,labeled,31,services,divorced,primary,no,467.0,yes,no,cellular,7,may,623.0,1,293,1,success,yes,1,0.5,adulto_joven,Q2
1719,labeled,39,services,married,secondary,no,9381.0,yes,no,cellular,20,may,273.0,1,-1,0,unknown,no,0,1.0,adulto_joven,Q2
1722,labeled,34,technician,married,tertiary,no,195.0,no,no,cellular,20,aug,78.0,3,-1,0,unknown,yes,0,3.0,adulto_joven,Q3
1725,labeled,33,management,single,tertiary,no,0.0,no,no,cellular,28,aug,236.0,10,-1,0,unknown,no,0,10.0,adulto_joven,Q3
1727,labeled,28,technician,single,tertiary,no,167.0,yes,yes,cellular,2,feb,194.0,2,-1,0,unknown,no,0,2.0,joven,Q1
1728,labeled,35,technician,divorced,secondary,no,316.0,no,no,cellular,22,aug,77.0,2,-1,0,unknown,no,0,2.0,adulto_joven,Q3
1729,labeled,36,services,married,secondary,no,341.0,no,no,cellular,14,may,90.0,1,-1,0,unknown,no,0,1.0,adulto_joven,Q2
1730,labeled,23,services,single,secondary,no,248.0,yes,no,cellular,18,may,222.0,1,-1,0,unknown,no,0,1.0,joven,Q2
1732,labeled,33,management,single,tertiary,no,2007.0,no,no,cellular,19,nov,570.0,1,-1,0,unknown,no,0,1.0,adulto_joven,Q4
1733,labeled,28,blue-collar,single,secondary,no,60.0,yes,no,cellular,23,may,66.0,1,-1,0,unknown,no,0,1.0,joven,Q2
1735,labeled,50,blue-collar,married,secondary,no,458.0,no,no,cellular,20,aug,181.0,2,-1,0,unknown,no,0,2.0,adulto,Q3
1736,labeled,46,blue-collar,married,primary,no,167.0,no,yes,cellular,15,jul,90.0,1,-1,0,unknown,no,0,1.0,adulto,Q3
1737,labeled,46,admin.,married,secondary,no,173.0,yes,no,cellular,29,jan,194.0,4,436,1,other,no,1,2.0,adulto,Q1
1739,labeled,42,blue-collar,married,primary,no,703.0,yes,yes,telephone,31,jul,88.0,10,-1,0,unknown,no,0,10.0,adulto_joven,Q3
1740,labeled,44,technician,single,secondary,no,1674.0,no,no,telephone,20,oct,718.0,1,-1,0,unknown,yes,0,1.0,adulto_joven,Q4
1741,labeled,30,technician,single,tertiary,no,702.0,yes,no,cellular,11,aug,213.0,4,-1,0,unknown,no,0,4.0,joven,Q3
1742,labeled,52,admin.,divorced,secondary,no,100.0,no,yes,cellular,19,jun,148.0,1,-1,0,unknown,no,0,1.0,adulto,Q2
1743,labeled,53,entrepreneur,married,secondary,no,6.0,no,no,cellular,20,nov,68.0,1,-1,0,unknown,no,0,1.0,adulto,Q4
1744,labeled,52,admin.,married,secondary,no,683.0,no,no,cellular,12,jun,271.0,1,-1,0,unknown,no,0,1.0,adulto,Q2
1746,labeled,59,technician,divorced,secondary,no,875.0,yes,no,cellular,26,may,228.0,1,-1,0,unknown,no,0,1.0,adulto,Q2
1747,labeled,27,services,single,secondary,no,268.0,yes,no,cellular,23,may,78.0,10,-1,0,unknown,no,0,10.0,joven,Q2
1749,labeled,28,student,single,secondary,no,0.0,yes,no,cellular,15,may,133.0,3,-1,0,unknown,no,0,3.0,joven,Q2
1750,labeled,35,technician,single,secondary,no,446.0,yes,no,cellular,13,may,63.0,1,-1,0,unknown,no,0,1.0,adulto_joven,Q2
1752,labeled,25,admin.,single,tertiary,no,221.0,no,no,cellular,26,may,68.0,1,-1,0,unknown,no,0,1.0,joven,Q2
1753,labeled,58,retired,married,primary,no,563.0,no,no,telephone,7,jul,876.0,1,-1,0,unknown,yes,0,1.0,adulto,Q3
1754,labeled,35,technician,divorced,secondary,no,49.0,no,no,cellular,29,aug,24.0,12,-1,0,unknown,no,0,12.0,adulto_joven,Q3
1757,labeled,37,blue-collar,married,secondary,no,1052.0,no,no,cellular,16,jun,405.0,3,-1,0,unknown,no,0,3.0,adulto_joven,Q2
1758,labeled,36,blue-collar,married,secondary,no,681.0,yes,no,cellular,6,may,174.0,2,-1,0,unknown,no,0,2.0,adulto_joven,Q2
1759,labeled,34,management,single,secondary,no,1526.0,yes,no,cellular,16,apr,156.0,1,147,7,other,no,1,0.125,adulto_joven,Q2
1760,labeled,38,admin.,single,secondary,no,903.0,yes,no,telephone,31,jul,58.0,13,-1,0,unknown,no,0,13.0,adulto_joven,Q3
1761,labeled,34,entrepreneur,married,tertiary,no,353.0,yes,no,cellular,16,may,261.0,1,-1,0,unknown,no,0,1.0,adulto_joven,Q2
1764,labeled,32,blue-collar,married,secondary,no,476.0,yes,no,cellular,3,jun,200.0,1,-1,0,unknown,no,0,1.0,adulto_joven,Q2
1765,labeled,49,retired,single,primary,no,13689.540000000003,no,no,cellular,17,jun,94.0,1,-1,0,unknown,no,0,1.0,adulto,Q2
1766,labeled,37,blue-collar,married,primary,no,539.0,yes,no,cellular,21,may,281.0,1,-1,0,unknown,no,0,1.0,adulto_joven,Q2
1767,labeled,53,technician,married,secondary,no,4545.0,yes,no,cellular,15,may,190.0,6,-1,0,unknown,no,0,6.0,adulto,Q2
1769,labeled,45,entrepreneur,married,secondary,no,251.0,yes,no,cellular,14,may,126.0,3,-1,0,unknown,no,0,3.0,adulto_joven,Q2
1772,labeled,32,blue-collar,married,secondary,no,953.0,yes,yes,cellular,20,apr,219.0,4,-1,0,unknown,no,0,4.0,adulto_joven,Q2
1773,labeled,52,management,married,tertiary,no,576.0,no,no,cellular,3,jun,315.0,1,-1,0,unknown,no,0,1.0,adulto,Q2
1774,labeled,28,blue-collar,married,secondary,no,96.0,yes,yes,cellular,27,may,132.0,2,-1,0,unknown,no,0,2.0,joven,Q2
1775,labeled,51,self-employed,married,secondary,yes,29.0,no,yes,cellular,7,jul,200.0,1,-1,0,unknown,no,0,1.0,adulto,Q3
1776,labeled,35,management,married,tertiary,yes,33.0,yes,no,cellular,21,nov,180.0,1,-1,0,unknown,no,0,1.0,adulto_joven,Q4
1777,labeled,39,blue-collar,married,primary,no,104.0,no,no,cellular,18,nov,201.0,2,-1,0,unknown,no,0,2.0,adulto_joven,Q4
1778,labeled,54,retired,divorced,tertiary,no,6103.0,yes,yes,cellular,21,may,86.0,6,-1,0,unknown,no,0,6.0,adulto,Q2
1780,labeled,57,admin.,divorced,secondary,no,4012.0,no,no,cellular,20,nov,915.0,1,-1,0,unknown,no,0,1.0,adulto,Q4
1781,labeled,31,unemployed,married,secondary,no,291.0,yes,no,cellular,20,may,378.0,3,-1,0,unknown,no,0,3.0,adulto_joven,Q2
1782,labeled,46,admin.,married,secondary,no,3094.0,yes,no,telephone,21,nov,192.0,9,-1,0,unknown,no,0,9.0,adulto,Q4
1783,labeled,54,services,divorced,secondary,no,1009.0,yes,no,cellular,12,may,33.0,3,175,2,other,no,1,1.0,adulto,Q2
1785,labeled,39,management,single,tertiary,yes,-400.0,yes,no,cellular,19,aug,274.0,4,-1,0,unknown,no,0,4.0,adulto_joven,Q3
1786,labeled,32,entrepreneur,single,tertiary,no,880.0,yes,yes,cellular,28,aug,27.0,10,-1,0,unknown,no,0,10.0,adulto_joven,Q3
1788,labeled,37,self-employed,married,secondary,no,214.0,yes,no,cellular,6,jun,61.0,1,-1,0,unknown,no,0,1.0,adulto_joven,Q2
1789,labeled,49,entrepreneur,divorced,secondary,no,38.0,no,no,cellular,5,feb,128.0,1,-1,0,unknown,no,0,1.0,adulto,Q1
1790,labeled,39,entrepreneur,married,secondary,no,0.0,no,no,cellular,21,nov,108.0,7,-1,0,unknown,no,0,7.0,adulto_joven,Q4
1791,labeled,35,management,single,tertiary,no,242.0,yes,no,cellular,8,aug,89.0,2,-1,0,unknown,no,0,2.0,adulto_joven,Q3
1794,labeled,39,management,married,tertiary,no,14.0,yes,no,cellular,23,may,130.0,1,-1,0,unknown,no,0,1.0,adulto_joven,Q2
1795,labeled,45,blue-collar,married,primary,no,51.0,no,no,cellular,11,jun,81.0,1,-1,0,unknown,no,0,1.0,adulto_joven,Q2
1797,labeled,28,unemployed,single,secondary,no,14.0,no,no,cellular,12,aug,119.0,4,-1,0,unknown,no,0,4.0,joven,Q3
1798,labeled,48,blue-collar,single,secondary,no,421.0,yes,no,cellular,18,may,127.0,1,-1,0,unknown,no,0,1.0,adulto,Q2
1799,labeled,32,technician,single,secondary,no,2987.0,no,no,cellular,25,may,156.0,1,-1,0,unknown,no,0,1.0,adulto_joven,Q2
1800,labeled,49,services,single,secondary,no,123.0,no,no,cellular,11,jun,319.0,6,-1,0,unknown,no,0,6.0,adulto,Q2
1801,labeled,26,blue-collar,single,secondary,no,184.0,no,no,cellular,30,jul,103.0,3,-1,0,unknown,no,0,3.0,joven,Q3
1802,labeled,47,admin.,married,secondary,no,300.0,yes,yes,telephone,14,aug,128.0,6,-1,0,unknown,no,0,6.0,adulto,Q3
1803,labeled,59,retired,married,secondary,no,1173.0,no,no,cellular,9,jun,77.0,2,-1,0,unknown,no,0,2.0,adulto,Q2
1804,labeled,40,management,married,tertiary,no,0.0,no,no,cellular,14,jul,109.0,8,-1,0,unknown,no,0,8.0,adulto_joven,Q3
1805,labeled,51,blue-collar,married,primary,no,40.0,yes,no,cellular,12,may,51.0,2,342,3,failure,no,1,0.5,adulto,Q2
1806,labeled,52,management,single,tertiary,no,76.0,no,no,cellular,26,aug,1031.94,6,-1,0,unknown,yes,0,6.0,adulto,Q3
1807,labeled,41,technician,married,secondary,no,1608.0,yes,no,cellular,2,jun,142.0,1,-1,0,unknown,no,0,1.0,adulto_joven,Q2
1809,labeled,46,admin.,married,secondary,no,17.0,no,no,cellular,26,aug,388.0,6,-1,0,unknown,yes,0,6.0,adulto,Q3
1810,labeled,31,management,married,tertiary,no,387.0,yes,no,cellular,9,feb,155.0,3,-1,0,unknown,no,0,3.0,adulto_joven,Q1
1811,labeled,43,management,married,tertiary,no,3520.0,yes,no,cellular,4,aug,190.0,3,-1,0,unknown,no,0,3.0,adulto_joven,Q3
1812,labeled,28,blue-collar,married,secondary,no,1316.0,yes,no,cellular,15,may,242.0,1,-1,0,unknown,no,0,1.0,joven,Q2
1813,labeled,47,services,married,secondary,no,2593.0,yes,no,cellular,16,may,323.0,1,-1,0,unknown,no,0,1.0,adulto,Q2
1814,labeled,32,management,single,tertiary,no,1822.0,yes,no,cellular,20,apr,86.0,2,-1,0,unknown,no,0,2.0,adulto_joven,Q2
1815,labeled,40,blue-collar,married,secondary,no,11076.0,no,no,cellular,11,jun,113.0,1,-1,0,unknown,no,0,1.0,adulto_joven,Q2
1816,labeled,34,management,single,tertiary,no,8047.0,yes,no,cellular,20,apr,29.0,3,152,1,failure,no,1,1.5,adulto_joven,Q2
1817,labeled,48,technician,married,secondary,no,4262.0,yes,no,cellular,13,may,220.0,2,-1,0,unknown,no,0,2.0,adulto,Q2
1818,labeled,51,blue-collar,married,secondary,no,1841.0,yes,no,cellular,18,aug,312.0,3,-1,0,unknown,no,0,3.0,adulto,Q3
1820,labeled,54,management,married,tertiary,no,0.0,no,no,cellular,16,jul,118.0,5,-1,0,unknown,no,0,5.0,adulto,Q3
1821,labeled,44,admin.,single,secondary,no,2532.0,no,no,cellular,19,jun,82.0,1,-1,0,unknown,no,0,1.0,adulto_joven,Q2
1822,labeled,49,admin.,married,primary,no,163.0,yes,no,cellular,15,may,82.0,3,-1,0,unknown,no,0,3.0,adulto,Q2
1823,labeled,50,entrepreneur,married,tertiary,no,435.0,yes,no,cellular,18,may,47.0,4,-1,0,unknown,no,0,4.0,adulto,Q2
1824,labeled,54,housemaid,married,secondary,no,203.0,yes,yes,cellular,25,jul,97.0,1,-1,0,unknown,no,0,1.0,adulto,Q3
1825,labeled,58,self-employed,divorced,tertiary,no,1389.0,no,no,cellular,9,jun,700.0,1,-1,0,unknown,yes,0,1.0,adulto,Q2
1826,labeled,51,entrepreneur,married,secondary,yes,-620.4,no,yes,cellular,28,jul,123.0,6,-1,0,unknown,no,0,6.0,adulto,Q3
1827,labeled,37,technician,single,tertiary,no,1662.0,no,no,cellular,19,aug,199.0,5,-1,0,unknown,no,0,5.0,adulto_joven,Q3
1828,labeled,41,blue-collar,married,primary,no,0.0,yes,no,cellular,30,may,232.0,3,-1,0,unknown,no,0,3.0,adulto_joven,Q2
1830,labeled,31,blue-collar,married,secondary,no,1249.0,yes,no,cellular,21,may,32.0,1,-1,0,unknown,no,0,1.0,adulto_joven,Q2
1831,labeled,57,retired,divorced,secondary,no,-333.0,yes,no,cellular,6,may,531.0,1,-1,0,unknown,no,0,1.0,adulto,Q2
1832,labeled,41,self-employed,married,secondary,no,26.0,yes,no,cellular,11,may,49.0,1,-1,0,unknown,no,0,1.0,adulto_joven,Q2
1833,labeled,54,entrepreneur,married,tertiary,no,1549.0,no,yes,cellular,5,feb,85.0,7,196,3,failure,no,1,1.75,adulto,Q1
1834,labeled,30,technician,single,secondary,no,4778.0,yes,no,cellular,4,jun,99.0,2,-1,0,unknown,no,0,2.0,joven,Q2
1835,labeled,35,management,divorced,tertiary,no,464.0,no,yes,cellular,5,aug,37.0,2,-1,0,unknown,no,0,2.0,adulto_joven,Q3
1838,labeled,51,self-employed,married,tertiary,no,833.0,no,no,cellular,31,jul,77.0,3,-1,0,unknown,no,0,3.0,adulto,Q3
1839,labeled,31,management,married,tertiary,no,161.0,no,no,cellular,13,aug,657.0,7,-1,0,unknown,yes,0,7.0,adulto_joven,Q3
1840,labeled,54,retired,married,secondary,no,1131.0,yes,no,cellular,14,may,155.0,1,177,7,failure,no,1,0.125,adulto,Q2
1841,labeled,39,technician,married,tertiary,no,212.0,no,no,cellular,23,jul,36.0,2,-1,0,unknown,no,0,2.0,adulto_joven,Q3
1842,labeled,58,retired,single,primary,no,6568.0,no,no,cellular,21,jul,106.0,3,-1,0,unknown,no,0,3.0,adulto,Q3
1843,labeled,21,student,single,secondary,no,2485.0,no,no,cellular,30,jun,258.0,6,169,3,success,yes,1,1.5,joven,Q2
1844,labeled,39,technician,married,secondary,no,10.0,yes,no,cellular,18,may,122.0,3,357,4,failure,no,1,0.6,adulto_joven,Q2
1845,labeled,32,management,married,secondary,no,3941.0,yes,no,cellular,29,may,129.0,2,-1,0,unknown,no,0,2.0,adulto_joven,Q2
1848,labeled,35,management,single,tertiary,no,628.0,yes,no,cellular,17,apr,128.0,3,-1,0,unknown,no,0,3.0,adulto_joven,Q2
1849,labeled,56,entrepreneur,married,secondary,no,571.0,no,no,cellular,20,jun,18.0,2,-1,0,unknown,no,0,2.0,adulto,Q2
1850,labeled,36,blue-collar,married,secondary,no,190.0,yes,no,cellular,9,jul,183.0,1,-1,0,unknown,no,0,1.0,adulto_joven,Q3
1851,labeled,27,blue-collar,married,secondary,no,2164.0,yes,no,cellular,16,apr,130.0,1,323,1,other,no,1,0.5,joven,Q2
1852,labeled,43,management,married,secondary,no,-17.0,yes,no,cellular,16,may,343.0,1,-1,0,unknown,no,0,1.0,adulto_joven,Q2
1853,labeled,32,admin.,divorced,secondary,yes,-14.0,yes,no,cellular,12,may,155.0,3,-1,0,unknown,no,0,3.0,adulto_joven,Q2
1854,labeled,48,admin.,married,secondary,no,12.0,no,yes,cellular,7,jul,46.0,1,-1,0,unknown,no,0,1.0,adulto,Q3
1855,labeled,42,unemployed,divorced,tertiary,no,-176.0,no,no,cellular,29,aug,85.0,4,-1,0,unknown,no,0,4.0,adulto_joven,Q3
1856,labeled,45,technician,married,tertiary,no,265.0,no,no,cellular,28,aug,14.0,3,-1,0,unknown,no,0,3.0,adulto_joven,Q3
1858,labeled,33,technician,married,secondary,no,0.0,yes,yes,cellular,19,nov,163.0,2,-1,0,unknown,no,0,2.0,adulto_joven,Q4
1859,labeled,59,retired,married,secondary,no,0.0,no,no,cellular,18,jul,247.0,4,-1,0,unknown,no,0,4.0,adulto,Q3
1860,labeled,48,blue-collar,married,secondary,no,874.0,yes,no,cellular,13,may,78.0,2,-1,0,unknown,no,0,2.0,adulto,Q2
1861,labeled,49,technician,married,secondary,no,12532.0,no,no,cellular,13,aug,77.0,8,-1,0,unknown,no,0,8.0,adulto,Q3
1862,labeled,41,management,divorced,tertiary,no,4559.0,yes,yes,cellular,16,jul,106.0,1,-1,0,unknown,no,0,1.0,adulto_joven,Q3
1863,labeled,38,entrepreneur,married,secondary,no,157.0,no,yes,cellular,15,may,57.0,11,366,1,other,no,1,5.5,adulto_joven,Q2
1864,labeled,38,services,married,secondary,no,-3.0,no,yes,cellular,21,nov,152.0,2,-1,0,unknown,no,0,2.0,adulto_joven,Q4
1865,labeled,65,housemaid,married,primary,no,2171.0,yes,no,cellular,4,sep,112.0,7,-1,0,unknown,no,0,7.0,senior,Q3
1866,labeled,36,services,single,secondary,no,1484.0,yes,no,cellular,18,nov,177.0,2,174,1,other,no,1,1.0,adulto_joven,Q4
1867,labeled,33,services,married,secondary,no,-334.0,yes,no,cellular,30,jul,329.0,5,-1,0,unknown,no,0,5.0,adulto_joven,Q3
1868,labeled,34,blue-collar,single,tertiary,no,1017.0,yes,no,cellular,6,may,136.0,1,-1,0,unknown,no,0,1.0,adulto_joven,Q2
1869,labeled,40,blue-collar,married,primary,no,97.0,yes,no,cellular,2,jun,193.0,5,-1,0,unknown,no,0,5.0,adulto_joven,Q2
1871,labeled,49,management,single,tertiary,no,582.0,no,no,cellular,28,aug,70.0,9,-1,0,unknown,no,0,9.0,adulto,Q3
1872,labeled,49,blue-collar,single,primary,no,3015.0,yes,no,cellular,15,may,93.0,1,-1,0,unknown,no,0,1.0,adulto,Q2
1873,labeled,26,admin.,married,tertiary,no,2860.0,no,no,cellular,30,mar,52.0,3,-1,0,unknown,no,0,3.0,joven,Q1
1876,labeled,50,services,married,primary,no,1268.0,no,no,cellular,18,nov,172.0,1,-1,0,unknown,no,0,1.0,adulto,Q4
1877,labeled,32,blue-collar,married,secondary,no,146.0,no,no,cellular,5,feb,210.0,1,-1,0,unknown,no,0,1.0,adulto_joven,Q1
1878,labeled,41,technician,divorced,secondary,no,51.0,no,no,cellular,20,aug,261.0,2,-1,0,unknown,no,0,2.0,adulto_joven,Q3
1879,labeled,43,management,divorced,tertiary,no,45.0,yes,no,cellular,25,jul,197.0,6,-1,0,unknown,no,0,6.0,adulto_joven,Q3
1880,labeled,47,technician,married,tertiary,no,2401.0,no,no,cellular,12,aug,236.0,1,104,1,success,no,1,0.5,adulto,Q3
1881,labeled,36,blue-collar,married,secondary,no,0.0,yes,no,cellular,6,may,337.0,1,-1,0,unknown,no,0,1.0,adulto_joven,Q2
1882,labeled,26,admin.,single,secondary,no,601.0,no,no,telephone,28,jan,112.0,1,-1,0,unknown,no,0,1.0,joven,Q1
1883,labeled,36,management,single,tertiary,no,2939.0,no,no,cellular,18,aug,882.0,8,-1,0,unknown,yes,0,8.0,adulto_joven,Q3
1884,labeled,37,self-employed,single,tertiary,no,553.0,no,no,cellular,17,jun,200.0,2,-1,0,unknown,no,0,2.0,adulto_joven,Q2
1885,labeled,38,management,single,tertiary,no,1367.0,no,no,cellular,22,oct,119.0,4,-1,0,unknown,no,0,4.0,adulto_joven,Q4
1886,labeled,41,management,married,secondary,no,2457.0,yes,no,cellular,9,may,285.0,1,-1,0,unknown,no,0,1.0,adulto_joven,Q2
1888,labeled,36,services,single,secondary,no,166.0,yes,no,cellular,7,may,223.0,2,-1,0,unknown,no,0,2.0,adulto_joven,Q2
1889,labeled,52,blue-collar,married,primary,no,780.0,yes,no,cellular,16,may,30.0,3,-1,0,unknown,no,0,3.0,adulto,Q2
1890,labeled,27,services,single,secondary,no,198.0,yes,no,cellular,4,jun,172.0,2,-1,0,unknown,no,0,2.0,joven,Q2
1892,labeled,49,services,married,secondary,no,2201.0,yes,no,cellular,15,may,233.0,3,-1,0,unknown,no,0,3.0,adulto,Q2
1894,labeled,34,management,married,tertiary,no,131.0,yes,no,cellular,22,apr,156.0,1,-1,0,unknown,no,0,1.0,adulto_joven,Q2
1896,labeled,48,management,married,primary,no,607.0,no,no,cellular,5,mar,77.0,6,-1,0,unknown,no,0,6.0,adulto,Q1
1897,labeled,42,self-employed,married,tertiary,no,0.0,no,no,cellular,8,aug,118.0,6,-1,0,unknown,no,0,6.0,adulto_joven,Q3
1898,labeled,34,admin.,single,primary,no,0.0,yes,yes,cellular,6,may,172.0,4,-1,0,unknown,no,0,4.0,adulto_joven,Q2
1899,labeled,41,technician,married,secondary,no,280.0,yes,no,cellular,15,may,221.0,4,-1,0,unknown,no,0,4.0,adulto_joven,Q2
1901,labeled,26,admin.,single,secondary,no,442.0,no,no,cellular,30,jul,84.0,3,-1,0,unknown,no,0,3.0,joven,Q3
1902,labeled,46,unemployed,divorced,primary,no,18.0,no,no,cellular,21,nov,344.0,1,-1,0,unknown,no,0,1.0,adulto,Q4
1903,labeled,43,management,married,tertiary,no,0.0,yes,no,cellular,17,nov,110.0,1,-1,0,unknown,no,0,1.0,adulto_joven,Q4
1904,labeled,35,self-employed,married,tertiary,no,555.0,yes,no,cellular,2,apr,58.0,1,136,1,failure,no,1,0.5,adulto_joven,Q2
1905,labeled,34,blue-collar,married,primary,no,182.0,no,no,cellular,24,jul,78.0,1,-1,0,unknown,no,0,1.0,adulto_joven,Q3
1906,labeled,42,management,married,tertiary,no,512.0,no,no,cellular,4,nov,158.0,1,-1,0,unknown,no,0,1.0,adulto_joven,Q4
1907,labeled,32,self-employed,married,secondary,no,-41.0,yes,no,cellular,28,may,234.0,3,-1,0,unknown,no,0,3.0,adulto_joven,Q2
1908,labeled,45,admin.,married,secondary,no,2029.0,no,no,cellular,30,nov,123.0,1,186,4,failure,no,1,0.2,adulto_joven,Q4
1909,labeled,35,management,divorced,tertiary,no,154.0,yes,no,cellular,4,jun,141.0,6,-1,0,unknown,no,0,6.0,adulto_joven,Q2
1910,labeled,44,management,married,tertiary,no,3764.0,no,no,cellular,28,aug,125.0,12,-1,0,unknown,no,0,12.0,adulto_joven,Q3
1911,labeled,33,management,single,secondary,no,1562.0,yes,no,cellular,17,apr,97.0,1,-1,0,unknown,no,0,1.0,adulto_joven,Q2
1912,labeled,52,admin.,married,secondary,no,0.0,no,no,cellular,22,apr,91.0,2,275,1,failure,no,1,1.0,adulto,Q2
1913,labeled,58,unemployed,married,tertiary,no,751.0,no,no,telephone,28,jan,38.0,1,-1,0,unknown,no,0,1.0,adulto,Q1
1914,labeled,30,technician,single,tertiary,no,6618.0,yes,no,cellular,21,aug,239.0,8,-1,0,unknown,no,0,8.0,joven,Q3
1916,labeled,27,blue-collar,divorced,secondary,no,6.0,yes,no,cellular,14,jul,116.0,3,-1,0,unknown,no,0,3.0,joven,Q3
1917,labeled,35,admin.,divorced,tertiary,no,1559.0,yes,no,cellular,9,may,26.0,2,-1,0,unknown,no,0,2.0,adulto_joven,Q2
1918,labeled,46,services,married,secondary,no,261.0,yes,no,cellular,16,may,134.0,4,-1,0,unknown,no,0,4.0,adulto,Q2
1920,labeled,46,management,married,tertiary,no,468.0,yes,no,cellular,20,may,128.0,6,-1,0,unknown,no,0,6.0,adulto,Q2
1921,labeled,55,technician,married,secondary,no,0.0,yes,no,cellular,30,may,119.0,2,-1,0,unknown,no,0,2.0,adulto,Q2
1922,labeled,51,housemaid,married,secondary,no,265.0,no,no,cellular,27,aug,316.0,5,-1,0,unknown,no,0,5.0,adulto,Q3
1924,labeled,39,blue-collar,single,secondary,no,4141.0,yes,yes,cellular,2,jun,21.0,1,-1,0,unknown,no,0,1.0,adulto_joven,Q2
1925,labeled,43,blue-collar,married,primary,no,234.0,no,yes,cellular,15,may,45.0,1,-1,0,unknown,no,0,1.0,adulto_joven,Q2
1926,labeled,41,blue-collar,married,primary,no,849.0,yes,no,cellular,15,may,72.0,1,-1,0,unknown,no,0,1.0,adulto_joven,Q2
1927,labeled,59,retired,married,secondary,no,9970.0,yes,no,cellular,29,may,57.0,2,-1,0,unknown,no,0,2.0,adulto,Q2
1928,labeled,41,management,married,tertiary,no,4817.0,no,yes,cellular,18,jul,168.0,7,-1,0,unknown,no,0,7.0,adulto_joven,Q3
1929,labeled,53,technician,married,secondary,no,68.0,no,no,cellular,25,aug,41.0,2,-1,0,unknown,no,0,2.0,adulto,Q3
1930,labeled,41,admin.,married,tertiary,no,1535.0,no,no,cellular,4,may,54.0,2,-1,0,unknown,no,0,2.0,adulto_joven,Q2
1931,labeled,32,services,single,secondary,no,174.0,yes,no,cellular,6,may,145.0,1,-1,0,unknown,no,0,1.0,adulto_joven,Q2
1932,labeled,51,technician,married,tertiary,no,2515.0,no,no,cellular,30,nov,210.0,3,-1,0,unknown,no,0,3.0,adulto,Q4
1933,labeled,56,services,married,secondary,no,86.0,no,no,cellular,27,aug,26.0,11,-1,0,unknown,no,0,11.0,adulto,Q3
1934,labeled,30,management,single,tertiary,no,325.0,yes,no,cellular,6,jun,122.0,16,-1,0,unknown,no,0,16.0,joven,Q2
1935,labeled,56,technician,married,secondary,no,158.0,yes,yes,cellular,11,may,102.0,6,349,1,failure,no,1,3.0,adulto,Q2
1936,labeled,50,housemaid,single,secondary,no,0.0,no,no,telephone,28,jul,118.0,8,-1,0,unknown,no,0,8.0,adulto,Q3
1938,labeled,50,self-employed,married,secondary,no,1131.0,no,no,cellular,14,aug,219.0,10,-1,0,unknown,no,0,10.0,adulto,Q3
1939,labeled,48,management,single,tertiary,no,8103.0,no,no,cellular,17,nov,125.0,1,111,3,failure,no,1,0.25,adulto,Q4
1940,labeled,34,blue-collar,single,secondary,no,1234.0,yes,no,cellular,18,jul,90.0,1,-1,0,unknown,no,0,1.0,adulto_joven,Q3
1941,labeled,38,management,married,tertiary,no,2272.0,yes,yes,cellular,13,may,244.0,1,-1,0,unknown,no,0,1.0,adulto_joven,Q2
1942,labeled,51,housemaid,married,primary,no,29.0,yes,no,cellular,14,jul,333.0,2,-1,0,unknown,no,0,2.0,adulto,Q3
1943,labeled,36,technician,married,secondary,no,184.0,no,no,cellular,31,aug,69.0,1,-1,0,unknown,no,0,1.0,adulto_joven,Q3
1944,labeled,35,services,married,secondary,no,175.0,yes,no,cellular,31,jul,5.0,3,-1,0,unknown,no,0,3.0,adulto_joven,Q3
1945,labeled,36,management,married,tertiary,no,1585.0,no,no,telephone,3,feb,26.0,2,197,1,failure,no,1,1.0,adulto_joven,Q1
1946,labeled,57,retired,married,secondary,no,40.0,yes,yes,cellular,25,aug,93.0,4,-1,0,unknown,no,0,4.0,adulto,Q3
1947,labeled,34,management,married,secondary,no,-285.0,yes,no,cellular,27,may,532.0,2,-1,0,unknown,no,0,2.0,adulto_joven,Q2
1948,labeled,51,blue-collar,married,secondary,no,1880.0,yes,no,cellular,5,may,57.0,1,-1,0,unknown,no,0,1.0,adulto,Q2
1949,labeled,38,technician,married,secondary,no,823.0,yes,yes,cellular,17,nov,224.0,2,180,1,failure,no,1,1.0,adulto_joven,Q4
1950,labeled,39,blue-collar,married,primary,no,3709.0,yes,no,cellular,16,jun,77.0,1,-1,0,unknown,no,0,1.0,adulto_joven,Q2
1953,labeled,35,technician,married,secondary,no,99.0,yes,yes,cellular,14,may,208.0,5,-1,0,unknown,no,0,5.0,adulto_joven,Q2
1954,labeled,28,unemployed,married,secondary,no,660.0,yes,no,cellular,4,jun,606.0,2,-1,0,unknown,no,0,2.0,joven,Q2
1955,labeled,33,management,divorced,tertiary,no,0.0,yes,yes,cellular,19,aug,275.0,8,-1,0,unknown,no,0,8.0,adulto_joven,Q3
1957,labeled,55,management,married,tertiary,no,532.0,no,no,cellular,19,nov,124.0,2,-1,0,unknown,no,0,2.0,adulto,Q4
1958,labeled,34,technician,single,secondary,no,0.0,yes,yes,cellular,16,may,214.0,1,-1,0,unknown,no,0,1.0,adulto_joven,Q2
1959,labeled,50,management,married,secondary,no,3310.0,no,no,cellular,5,jun,1009.0,2,-1,0,unknown,no,0,2.0,adulto,Q2
1960,labeled,59,management,married,secondary,no,3524.0,no,no,cellular,21,nov,216.0,4,-1,0,unknown,no,0,4.0,adulto,Q4
1962,labeled,49,services,married,secondary,no,69.0,yes,yes,cellular,21,nov,59.0,4,-1,0,unknown,no,0,4.0,adulto,Q4
1963,labeled,32,admin.,single,tertiary,no,-57.0,no,yes,cellular,4,jul,192.0,1,-1,0,unknown,no,0,1.0,adulto_joven,Q3
1964,labeled,48,blue-collar,married,secondary,no,151.0,yes,no,cellular,6,may,73.0,1,-1,0,unknown,no,0,1.0,adulto,Q2
1965,labeled,35,blue-collar,married,primary,no,-14.0,yes,no,cellular,12,may,212.0,5,-1,0,unknown,no,0,5.0,adulto_joven,Q2
1966,labeled,36,management,married,tertiary,no,-289.0,yes,no,cellular,14,may,113.0,3,-1,0,unknown,no,0,3.0,adulto_joven,Q2
1967,labeled,43,management,married,tertiary,no,346.0,no,yes,cellular,15,jul,88.0,3,-1,0,unknown,no,0,3.0,adulto_joven,Q3
1968,labeled,27,services,married,secondary,no,0.0,yes,no,cellular,22,jul,1031.94,13,-1,0,unknown,yes,0,13.0,joven,Q3
1969,labeled,44,management,married,secondary,no,-620.4,yes,no,cellular,20,jun,218.0,1,-1,0,unknown,no,0,1.0,adulto_joven,Q2
1970,labeled,38,unemployed,married,tertiary,no,1442.0,no,no,cellular,26,may,535.0,6,-1,0,unknown,no,0,6.0,adulto_joven,Q2
1971,labeled,48,technician,married,tertiary,no,317.0,no,no,cellular,6,may,135.0,1,-1,0,unknown,no,0,1.0,adulto,Q2
1972,labeled,39,technician,married,secondary,no,149.0,yes,no,cellular,6,may,151.0,2,-1,0,unknown,no,0,2.0,adulto_joven,Q2
1973,labeled,31,entrepreneur,single,tertiary,no,43.0,no,no,cellular,20,nov,185.0,2,-1,0,unknown,no,0,2.0,adulto_joven,Q4
1974,labeled,40,technician,married,tertiary,no,0.0,no,no,cellular,19,aug,44.0,1,-1,0,unknown,no,0,1.0,adulto_joven,Q3
1975,labeled,40,services,married,secondary,no,1436.0,yes,no,cellular,6,may,207.0,1,351,2,failure,no,1,0.3333333333333333,adulto_joven,Q2
1977,labeled,57,retired,married,tertiary,no,0.0,no,no,cellular,12,aug,116.0,4,-1,0,unknown,no,0,4.0,adulto,Q3
1978,labeled,29,admin.,single,secondary,no,3426.0,yes,no,cellular,17,apr,139.0,2,-1,0,unknown,no,0,2.0,joven,Q2
1979,labeled,58,blue-collar,married,primary,no,0.0,yes,no,cellular,31,jul,5.0,25,-1,0,unknown,no,0,25.0,adulto,Q3
1980,labeled,28,management,single,tertiary,no,772.0,no,no,cellular,9,apr,125.0,6,-1,0,unknown,no,0,6.0,joven,Q2
1981,labeled,30,admin.,single,secondary,no,-620.4,no,no,cellular,25,jul,250.0,1,-1,0,unknown,no,0,1.0,joven,Q3
1982,labeled,39,blue-collar,married,primary,no,794.0,yes,no,cellular,19,nov,76.0,6,-1,0,unknown,no,0,6.0,adulto_joven,Q4
1983,labeled,31,technician,single,tertiary,no,976.0,no,no,cellular,15,jun,95.0,1,-1,0,unknown,no,0,1.0,adulto_joven,Q2
1984,labeled,28,blue-collar,married,secondary,no,1133.0,no,no,cellular,6,feb,129.0,4,211,3,other,no,1,1.0,joven,Q1
1986,labeled,50,entrepreneur,married,secondary,no,1011.0,yes,no,telephone,30,jul,340.0,2,-1,0,unknown,no,0,2.0,adulto,Q3
1987,labeled,28,admin.,single,secondary,no,28.0,yes,no,cellular,7,may,227.0,2,-1,0,unknown,no,0,2.0,joven,Q2
1988,labeled,44,management,married,tertiary,no,790.0,no,no,cellular,28,aug,99.0,24,-1,0,unknown,no,0,24.0,adulto_joven,Q3
1989,labeled,39,blue-collar,married,primary,no,46.0,no,no,cellular,13,aug,69.0,1,-1,0,unknown,no,0,1.0,adulto_joven,Q3
1990,labeled,45,services,married,secondary,no,0.0,no,yes,cellular,8,jul,47.0,7,-1,0,unknown,no,0,7.0,adulto_joven,Q3
1991,labeled,61,retired,married,secondary,no,77.0,yes,no,cellular,15,jul,195.0,7,-1,0,unknown,no,0,7.0,senior,Q3
1992,labeled,39,entrepreneur,married,primary,no,238.0,yes,yes,cellular,19,nov,134.0,1,-1,0,unknown,no,0,1.0,adulto_joven,Q4
1993,labeled,34,technician,single,tertiary,no,639.0,no,no,cellular,22,aug,215.0,10,-1,0,unknown,no,0,10.0,adulto_joven,Q3
1995,labeled,48,blue-collar,married,primary,no,752.0,yes,no,cellular,18,may,90.0,6,-1,0,unknown,no,0,6.0,adulto,Q2
1996,labeled,31,technician,single,secondary,no,27.0,no,yes,cellular,16,jul,229.0,1,-1,0,unknown,no,0,1.0,adulto_joven,Q3
1997,labeled,30,blue-collar,single,secondary,yes,451.0,no,no,cellular,14,may,103.0,6,-1,0,unknown,no,0,6.0,joven,Q2
1998,labeled,31,technician,single,tertiary,no,18.0,no,no,cellular,25,aug,121.0,3,-1,0,unknown,no,0,3.0,adulto_joven,Q3
1999,labeled,47,technician,married,primary,no,186.0,yes,no,cellular,9,may,165.0,1,-1,0,unknown,no,0,1.0,adulto,Q2
2000,labeled,39,technician,single,tertiary,no,1192.0,no,no,cellular,8,aug,136.0,1,-1,0,unknown,no,0,1.0,adulto_joven,Q3
2001,labeled,57,technician,married,secondary,no,0.0,no,no,cellular,13,may,44.0,1,-1,0,unknown,no,0,1.0,adulto,Q2
2002,labeled,57,technician,married,secondary,no,1476.0,yes,no,cellular,17,nov,364.0,1,-1,0,unknown,no,0,1.0,adulto,Q4
2003,labeled,31,technician,single,tertiary,no,1173.0,yes,no,cellular,3,jun,207.0,1,-1,0,unknown,no,0,1.0,adulto_joven,Q2
2005,labeled,41,technician,married,tertiary,no,525.0,yes,no,cellular,9,jul,74.0,1,-1,0,unknown,no,0,1.0,adulto_joven,Q3
2006,labeled,39,entrepreneur,married,tertiary,no,1.0,yes,no,cellular,17,nov,180.0,1,-1,0,unknown,no,0,1.0,adulto_joven,Q4
2007,labeled,57,housemaid,married,secondary,no,165.0,yes,no,telephone,10,jul,73.0,1,-1,0,unknown,no,0,1.0,adulto,Q3
2008,labeled,58,blue-collar,married,secondary,no,-33.0,no,yes,telephone,31,jul,77.0,13,-1,0,unknown,no,0,13.0,adulto,Q3
2009,labeled,35,management,married,tertiary,no,940.0,yes,no,cellular,27,may,245.0,2,-1,0,unknown,no,0,2.0,adulto_joven,Q2
2010,labeled,55,blue-collar,married,primary,no,282.0,no,yes,telephone,14,jul,252.0,4,-1,0,unknown,no,0,4.0,adulto,Q3
2012,labeled,42,blue-collar,married,primary,no,267.0,yes,no,telephone,31,jul,175.0,2,-1,0,unknown,no,0,2.0,adulto_joven,Q3
2013,labeled,31,services,single,secondary,no,464.0,no,yes,cellular,2,feb,111.0,1,-1,0,unknown,no,0,1.0,adulto_joven,Q1
2015,labeled,29,management,single,tertiary,no,5988.0,yes,no,cellular,28,may,317.0,1,-1,0,unknown,no,0,1.0,joven,Q2
2016,labeled,38,technician,single,secondary,no,-248.0,yes,no,cellular,18,may,1031.94,3,278,6,success,yes,1,0.42857142857142855,adulto_joven,Q2
2019,labeled,46,blue-collar,married,secondary,no,773.0,no,no,cellular,13,may,152.0,1,-1,0,unknown,no,0,1.0,adulto,Q2
2021,labeled,42,blue-collar,married,secondary,no,236.0,yes,no,cellular,5,jun,175.0,7,-1,0,unknown,no,0,7.0,adulto_joven,Q2
2024,labeled,57,retired,married,primary,no,1624.0,yes,yes,cellular,18,jul,246.0,1,-1,0,unknown,no,0,1.0,adulto,Q3
2025,labeled,52,services,married,secondary,no,108.0,yes,no,cellular,15,may,543.0,12,-1,0,unknown,no,0,12.0,adulto,Q2
2026,labeled,52,blue-collar,married,primary,no,250.0,no,no,cellular,29,jul,268.0,6,-1,0,unknown,no,0,6.0,adulto,Q3
2028,labeled,55,services,divorced,secondary,no,208.0,yes,no,cellular,29,may,200.0,2,-1,0,unknown,no,0,2.0,adulto,Q2
2029,labeled,21,student,single,secondary,no,6849.0,no,no,cellular,14,aug,126.0,3,127,7,other,no,1,0.375,joven,Q3
2031,labeled,32,management,divorced,tertiary,no,-4.0,yes,no,cellular,8,may,399.0,4,-1,0,unknown,no,0,4.0,adulto_joven,Q2
2032,labeled,37,blue-collar,divorced,secondary,no,46.0,yes,no,cellular,8,may,133.0,2,-1,0,unknown,no,0,2.0,adulto_joven,Q2
2033,labeled,40,services,divorced,secondary,no,-83.0,no,yes,cellular,23,jul,186.0,1,-1,0,unknown,no,0,1.0,adulto_joven,Q3
2034,labeled,47,services,single,secondary,no,1781.0,no,no,cellular,19,oct,385.0,2,-1,0,unknown,yes,0,2.0,adulto,Q4
2035,labeled,33,blue-collar,married,secondary,no,291.0,no,yes,cellular,3,jul,267.0,1,-1,0,unknown,no,0,1.0,adulto_joven,Q3
2036,labeled,26,blue-collar,married,primary,no,0.0,yes,no,cellular,21,may,425.0,1,-1,0,unknown,no,0,1.0,joven,Q2
2037,labeled,66,retired,married,secondary,no,4778.0,no,no,cellular,13,aug,72.0,3,-1,0,unknown,no,0,3.0,senior,Q3
2038,labeled,43,blue-collar,divorced,primary,no,89.0,yes,no,cellular,15,may,237.0,2,-1,0,unknown,no,0,2.0,adulto_joven,Q2
2039,labeled,45,technician,married,secondary,no,1404.0,no,no,cellular,11,aug,71.0,2,-1,0,unknown,no,0,2.0,adulto_joven,Q3
2040,labeled,35,technician,married,secondary,no,0.0,yes,no,cellular,9,nov,524.0,1,96,5,success,yes,1,0.16666666666666666,adulto_joven,Q4
2041,labeled,51,admin.,married,secondary,no,2658.0,no,no,telephone,28,jan,148.0,2,-1,0,unknown,no,0,2.0,adulto,Q1
2042,labeled,45,technician,married,secondary,no,1670.0,no,no,cellular,23,oct,76.0,1,-1,0,unknown,no,0,1.0,adulto_joven,Q4
2043,labeled,42,management,divorced,tertiary,no,0.0,no,no,cellular,19,may,131.0,2,-1,0,unknown,no,0,2.0,adulto_joven,Q2
2044,labeled,38,services,married,secondary,no,502.0,yes,yes,cellular,19,may,88.0,5,-1,0,unknown,no,0,5.0,adulto_joven,Q2
2046,labeled,48,technician,single,tertiary,no,-561.0,yes,no,cellular,11,may,168.0,2,-1,0,unknown,no,0,2.0,adulto,Q2
2047,labeled,27,blue-collar,single,primary,no,1215.0,no,no,cellular,29,jan,283.0,1,-1,0,unknown,no,0,1.0,joven,Q1
2048,labeled,30,technician,single,secondary,no,60.0,no,no,cellular,2,feb,465.0,2,-1,0,unknown,no,0,2.0,joven,Q1
2049,labeled,35,services,married,secondary,no,130.0,yes,no,cellular,12,may,136.0,1,-1,0,unknown,no,0,1.0,adulto_joven,Q2
2051,labeled,38,self-employed,married,secondary,no,273.0,yes,no,cellular,28,may,110.0,5,-1,0,unknown,no,0,5.0,adulto_joven,Q2
2053,labeled,62,housemaid,married,secondary,no,569.0,no,no,cellular,4,sep,123.0,3,-1,0,unknown,no,0,3.0,senior,Q3
2054,labeled,60,blue-collar,married,secondary,no,321.0,yes,no,cellular,7,may,63.0,1,-1,0,unknown,no,0,1.0,adulto,Q2
2055,labeled,48,admin.,married,secondary,no,285.0,yes,yes,cellular,29,jul,164.0,6,-1,0,unknown,no,0,6.0,adulto,Q3
2057,labeled,40,management,married,tertiary,no,10.0,yes,no,cellular,18,nov,219.0,3,-1,0,unknown,no,0,3.0,adulto_joven,Q4
2058,labeled,42,technician,married,secondary,no,2027.0,yes,yes,cellular,9,jul,196.0,1,-1,0,unknown,no,0,1.0,adulto_joven,Q3
2059,labeled,35,management,single,tertiary,no,1354.0,yes,no,cellular,16,apr,185.0,1,330,1,failure,no,1,0.5,adulto_joven,Q2
2061,labeled,33,management,married,tertiary,no,278.0,yes,no,cellular,15,may,199.0,2,274,3,other,no,1,0.5,adulto_joven,Q2
2063,labeled,34,entrepreneur,married,secondary,no,5.0,yes,yes,cellular,5,may,184.0,1,167,6,failure,no,1,0.14285714285714285,adulto_joven,Q2
2064,labeled,59,technician,married,primary,no,3168.0,yes,no,cellular,29,may,240.0,2,-1,0,unknown,no,0,2.0,adulto,Q2
2065,labeled,43,management,divorced,tertiary,no,97.0,no,no,cellular,29,jan,24.0,3,-1,0,unknown,no,0,3.0,adulto_joven,Q1
2066,labeled,28,blue-collar,married,primary,no,55.0,yes,no,cellular,6,may,161.0,1,337,1,failure,no,1,0.5,joven,Q2
2067,labeled,41,admin.,married,tertiary,no,1277.0,no,no,cellular,16,jun,286.0,1,-1,0,unknown,no,0,1.0,adulto_joven,Q2
2068,labeled,41,management,married,secondary,no,0.0,no,yes,cellular,7,jul,630.0,3,-1,0,unknown,no,0,3.0,adulto_joven,Q3
2069,labeled,32,admin.,married,secondary,no,0.0,yes,yes,cellular,17,nov,159.0,2,195,2,failure,no,1,0.6666666666666666,adulto_joven,Q4
2070,labeled,36,technician,married,tertiary,no,1317.0,no,no,cellular,29,oct,174.0,2,-1,0,unknown,no,0,2.0,adulto_joven,Q4
2071,labeled,73,retired,married,primary,no,284.0,no,no,cellular,28,jan,399.0,3,-1,0,unknown,yes,0,3.0,senior,Q1
2072,labeled,48,management,married,tertiary,no,1150.0,no,no,cellular,5,aug,389.0,1,64,2,success,yes,1,0.3333333333333333,adulto,Q3
2073,labeled,37,management,married,tertiary,no,537.0,yes,yes,cellular,21,may,143.0,1,-1,0,unknown,no,0,1.0,adulto_joven,Q2
2074,labeled,38,technician,married,tertiary,no,49.0,no,no,cellular,22,jul,125.0,4,-1,0,unknown,no,0,4.0,adulto_joven,Q3
2076,labeled,34,blue-collar,married,secondary,no,1306.0,yes,no,cellular,20,may,120.0,1,-1,0,unknown,no,0,1.0,adulto_joven,Q2
2077,labeled,46,technician,married,secondary,no,1419.0,yes,no,cellular,14,may,32.0,3,-1,0,unknown,no,0,3.0,adulto,Q2
2078,labeled,34,blue-collar,married,secondary,no,1421.0,yes,yes,cellular,27,may,157.0,2,-1,0,unknown,no,0,2.0,adulto_joven,Q2
2080,labeled,43,self-employed,married,secondary,no,99.0,no,no,cellular,17,jun,332.0,1,-1,0,unknown,no,0,1.0,adulto_joven,Q2
2081,labeled,31,blue-collar,married,secondary,no,0.0,yes,no,cellular,5,may,143.0,1,-1,0,unknown,no,0,1.0,adulto_joven,Q2
2083,labeled,45,blue-collar,married,primary,no,101.0,yes,no,cellular,7,may,923.0,3,-1,0,unknown,no,0,3.0,adulto_joven,Q2
2084,labeled,35,technician,divorced,secondary,no,59.0,yes,no,cellular,8,may,461.0,3,-1,0,unknown,no,0,3.0,adulto_joven,Q2
2085,labeled,41,management,married,tertiary,no,185.0,yes,yes,cellular,5,may,42.0,1,-1,0,unknown,no,0,1.0,adulto_joven,Q2
2087,labeled,42,technician,married,secondary,no,609.0,yes,no,cellular,11,may,432.0,2,-1,0,unknown,no,0,2.0,adulto_joven,Q2
2088,labeled,30,services,married,secondary,no,217.0,no,yes,cellular,3,jun,23.0,1,-1,0,unknown,no,0,1.0,joven,Q2
2090,labeled,27,services,married,secondary,no,54.0,yes,no,cellular,18,may,97.0,1,370,1,failure,no,1,0.5,joven,Q2
2091,labeled,30,blue-collar,single,secondary,no,312.0,no,no,cellular,23,jun,1031.94,1,-1,0,unknown,yes,0,1.0,joven,Q2
2092,labeled,26,housemaid,married,secondary,no,-620.4,yes,no,cellular,11,jul,191.0,1,-1,0,unknown,no,0,1.0,joven,Q3
2093,labeled,40,blue-collar,married,secondary,no,950.0,no,yes,cellular,12,jun,140.0,1,-1,0,unknown,no,0,1.0,adulto_joven,Q2
2094,labeled,28,student,single,secondary,no,383.0,yes,no,cellular,17,apr,346.0,1,-1,0,unknown,no,0,1.0,joven,Q2
2095,labeled,27,services,single,secondary,no,466.0,yes,no,cellular,13,may,109.0,1,-1,0,unknown,no,0,1.0,joven,Q2
2096,labeled,35,admin.,married,tertiary,no,1147.0,yes,no,cellular,2,feb,82.0,2,-1,0,unknown,no,0,2.0,adulto_joven,Q1
2097,labeled,40,admin.,divorced,secondary,no,3.0,no,no,cellular,11,jun,140.0,1,-1,0,unknown,no,0,1.0,adulto_joven,Q2
2099,labeled,28,admin.,single,secondary,no,4739.0,no,no,telephone,12,may,360.0,1,181,5,success,yes,1,0.16666666666666666,joven,Q2
2101,labeled,54,services,married,secondary,no,817.0,no,no,cellular,31,jul,113.0,6,-1,0,unknown,no,0,6.0,adulto,Q3
2102,labeled,33,technician,divorced,secondary,yes,-306.0,no,yes,cellular,9,may,109.0,1,-1,0,unknown,no,0,1.0,adulto_joven,Q2
2103,labeled,36,management,married,secondary,no,648.0,yes,no,cellular,18,nov,54.0,2,-1,0,unknown,no,0,2.0,adulto_joven,Q4
2104,labeled,31,management,married,secondary,no,1377.0,yes,no,cellular,12,aug,129.0,4,-1,0,unknown,no,0,4.0,adulto_joven,Q3
2105,labeled,56,retired,married,tertiary,no,470.0,no,no,cellular,5,feb,97.0,1,-1,0,unknown,no,0,1.0,adulto,Q1
2106,labeled,32,technician,married,secondary,yes,0.0,yes,yes,cellular,25,aug,132.0,8,-1,0,unknown,no,0,8.0,adulto_joven,Q3
2107,labeled,50,technician,married,secondary,no,1404.0,no,no,cellular,6,aug,131.0,3,-1,0,unknown,no,0,3.0,adulto,Q3
2108,labeled,44,admin.,married,secondary,no,0.0,yes,yes,cellular,16,may,159.0,1,-1,0,unknown,no,0,1.0,adulto_joven,Q2
2110,labeled,43,blue-collar,married,secondary,no,1334.0,yes,no,cellular,6,may,371.0,2,-1,0,unknown,no,0,2.0,adulto_joven,Q2
2111,labeled,30,blue-collar,married,primary,no,1324.0,yes,no,cellular,21,may,395.0,2,-1,0,unknown,no,0,2.0,joven,Q2
2112,labeled,47,technician,married,secondary,no,2106.0,yes,no,cellular,6,may,168.0,1,-1,0,unknown,no,0,1.0,adulto,Q2
2113,labeled,46,technician,married,tertiary,no,341.0,yes,yes,cellular,5,may,84.0,1,-1,0,unknown,no,0,1.0,adulto,Q2
2115,labeled,31,management,married,tertiary,no,625.0,yes,no,cellular,13,may,96.0,2,349,5,failure,no,1,0.3333333333333333,adulto_joven,Q2
2116,labeled,71,retired,divorced,tertiary,no,253.0,no,no,cellular,12,aug,1031.94,2,-1,0,unknown,no,0,2.0,senior,Q3
2118,labeled,50,unemployed,divorced,secondary,no,23.0,no,no,cellular,4,aug,282.0,2,-1,0,unknown,no,0,2.0,adulto,Q3
2120,labeled,46,blue-collar,married,primary,no,252.0,yes,no,cellular,27,may,217.0,1,-1,0,unknown,no,0,1.0,adulto,Q2
2121,labeled,32,services,married,secondary,no,64.0,yes,no,cellular,15,may,546.0,9,-1,0,unknown,no,0,9.0,adulto_joven,Q2
2122,labeled,31,admin.,single,secondary,no,1583.0,yes,no,cellular,3,jun,14.0,1,-1,0,unknown,no,0,1.0,adulto_joven,Q2
2124,labeled,29,services,married,secondary,no,2.0,yes,no,cellular,10,jul,183.0,1,-1,0,unknown,no,0,1.0,joven,Q3
2125,labeled,58,retired,divorced,secondary,no,5914.0,yes,no,cellular,23,jul,255.0,1,-1,0,unknown,no,0,1.0,adulto,Q3
2126,labeled,27,blue-collar,single,secondary,no,156.0,no,no,cellular,22,jul,203.0,1,-1,0,unknown,no,0,1.0,joven,Q3
2127,labeled,29,blue-collar,single,secondary,no,16.0,yes,no,cellular,11,may,262.0,3,-1,0,unknown,no,0,3.0,joven,Q2
2128,labeled,26,blue-collar,single,primary,no,-620.4,yes,no,cellular,18,may,827.0,2,-1,0,unknown,yes,0,2.0,joven,Q2
2129,labeled,42,blue-collar,married,primary,no,-11.0,yes,no,cellular,9,may,291.0,4,-1,0,unknown,no,0,4.0,adulto_joven,Q2
2131,labeled,35,blue-collar,married,secondary,no,243.0,yes,no,cellular,20,apr,41.0,3,-1,0,unknown,no,0,3.0,adulto_joven,Q2
2132,labeled,38,services,married,secondary,no,-311.0,yes,no,cellular,28,may,66.0,2,-1,0,unknown,no,0,2.0,adulto_joven,Q2
2133,labeled,36,technician,divorced,secondary,no,-426.0,yes,no,cellular,2,jun,85.0,8,-1,0,unknown,no,0,8.0,adulto_joven,Q2
2134,labeled,36,blue-collar,single,primary,no,1304.0,yes,no,cellular,20,jun,8.0,10,-1,0,unknown,no,0,10.0,adulto_joven,Q2
2135,labeled,52,?,married,secondary,no,140.0,no,no,cellular,25,aug,112.0,6,-1,0,unknown,no,0,6.0,adulto,Q3
2136,labeled,31,admin.,single,secondary,no,144.0,yes,no,cellular,4,jul,43.0,11,-1,0,unknown,no,0,11.0,adulto_joven,Q3
2138,labeled,38,technician,single,tertiary,no,0.0,yes,no,cellular,1,jun,71.0,1,-1,0,unknown,no,0,1.0,adulto_joven,Q2
2139,labeled,35,management,married,tertiary,no,1091.0,no,yes,cellular,29,jan,127.0,2,-1,0,unknown,no,0,2.0,adulto_joven,Q1
2141,labeled,49,management,divorced,tertiary,no,1410.0,no,no,cellular,8,jun,29.0,1,-1,0,unknown,no,0,1.0,adulto,Q2
2142,labeled,49,management,married,tertiary,no,82.0,no,no,cellular,29,jan,165.0,1,-1,0,unknown,no,0,1.0,adulto,Q1
2143,labeled,48,management,divorced,tertiary,no,109.0,yes,no,cellular,27,may,89.0,2,-1,0,unknown,no,0,2.0,adulto,Q2
2144,labeled,28,management,married,tertiary,no,3685.0,no,yes,cellular,8,jul,70.0,2,-1,0,unknown,no,0,2.0,joven,Q3
2145,labeled,41,admin.,married,secondary,no,13689.540000000003,yes,no,cellular,5,jun,87.0,1,-1,0,unknown,no,0,1.0,adulto_joven,Q2
2146,labeled,44,blue-collar,divorced,secondary,no,222.0,no,no,cellular,30,jul,149.0,13,-1,0,unknown,no,0,13.0,adulto_joven,Q3
2147,labeled,33,blue-collar,married,secondary,no,91.0,yes,no,cellular,19,may,364.0,1,-1,0,unknown,no,0,1.0,adulto_joven,Q2
2149,labeled,35,technician,married,secondary,no,-264.0,yes,no,cellular,29,jan,381.0,1,247,2,failure,no,1,0.3333333333333333,adulto_joven,Q1
2150,labeled,42,management,married,tertiary,no,9003.0,no,no,cellular,20,nov,135.0,2,-1,0,unknown,no,0,2.0,adulto_joven,Q4
2151,labeled,51,admin.,single,tertiary,no,25.0,yes,no,cellular,30,jan,158.0,1,-1,0,unknown,no,0,1.0,adulto,Q1
2152,labeled,43,blue-collar,married,secondary,no,135.0,no,no,cellular,5,may,156.0,1,337,3,failure,no,1,0.25,adulto_joven,Q2
2153,labeled,58,admin.,married,secondary,no,4.0,yes,yes,telephone,25,jul,282.0,9,-1,0,unknown,no,0,9.0,adulto,Q3
2155,labeled,27,admin.,married,secondary,no,126.0,no,no,cellular,13,oct,123.0,2,-1,0,unknown,no,0,2.0,joven,Q4
2156,labeled,40,technician,married,secondary,no,4445.0,yes,no,cellular,20,nov,153.0,2,183,2,failure,no,1,0.6666666666666666,adulto_joven,Q4
2158,labeled,27,admin.,married,secondary,no,717.0,yes,yes,cellular,6,may,653.0,1,334,2,success,yes,1,0.3333333333333333,joven,Q2
2159,labeled,31,management,single,tertiary,no,12559.0,no,no,cellular,9,sep,344.0,1,295,1,failure,yes,1,0.5,adulto_joven,Q3
2160,labeled,36,management,single,tertiary,no,679.0,no,yes,cellular,4,jul,85.0,3,-1,0,unknown,no,0,3.0,adulto_joven,Q3
2162,labeled,32,management,single,tertiary,no,470.0,yes,no,cellular,11,may,72.0,2,361,1,other,no,1,1.0,adulto_joven,Q2
2164,labeled,32,blue-collar,married,secondary,no,103.0,yes,no,cellular,19,may,191.0,4,-1,0,unknown,no,0,4.0,adulto_joven,Q2
2165,labeled,34,self-employed,single,tertiary,no,881.0,yes,no,cellular,17,nov,145.0,2,-1,0,unknown,no,0,2.0,adulto_joven,Q4
2166,labeled,49,technician,married,secondary,yes,-66.0,yes,no,cellular,19,nov,114.0,1,-1,0,unknown,no,0,1.0,adulto,Q4
2167,labeled,49,retired,married,primary,no,-45.0,no,no,cellular,4,jul,191.0,2,-1,0,unknown,no,0,2.0,adulto,Q3
2168,labeled,34,technician,single,secondary,no,0.0,no,no,cellular,21,aug,163.0,2,-1,0,unknown,no,0,2.0,adulto_joven,Q3
2169,labeled,26,technician,single,secondary,no,251.0,yes,no,cellular,27,may,371.0,2,-1,0,unknown,no,0,2.0,joven,Q2
2171,labeled,46,management,married,secondary,no,12176.0,no,no,cellular,20,jun,29.0,3,-1,0,unknown,no,0,3.0,adulto,Q2
2172,labeled,41,management,married,tertiary,no,42.0,no,no,cellular,25,aug,140.0,8,-1,0,unknown,no,0,8.0,adulto_joven,Q3
2173,labeled,44,blue-collar,married,secondary,no,876.0,yes,no,cellular,2,jun,130.0,1,-1,0,unknown,no,0,1.0,adulto_joven,Q2
2175,labeled,58,blue-collar,married,primary,no,63.0,no,no,cellular,17,jun,116.0,1,-1,0,unknown,no,0,1.0,adulto,Q2
2177,labeled,31,technician,single,secondary,no,187.0,no,no,cellular,17,jul,86.0,1,-1,0,unknown,no,0,1.0,adulto_joven,Q3
2178,labeled,37,blue-collar,married,primary,no,0.0,yes,no,cellular,26,may,24.0,1,-1,0,unknown,no,0,1.0,adulto_joven,Q2
2179,labeled,29,admin.,married,secondary,no,13689.540000000003,yes,no,cellular,18,may,44.0,1,355,3,failure,no,1,0.25,joven,Q2
2182,labeled,50,entrepreneur,married,secondary,no,796.0,yes,yes,cellular,7,may,141.0,8,297,2,other,no,1,2.6666666666666665,adulto,Q2
2183,labeled,34,management,married,tertiary,no,290.0,yes,no,cellular,26,aug,63.0,4,-1,0,unknown,no,0,4.0,adulto_joven,Q3
2186,labeled,42,retired,single,tertiary,no,311.0,no,no,cellular,30,jan,114.0,2,-1,0,unknown,no,0,2.0,adulto_joven,Q1
2187,labeled,46,self-employed,married,secondary,no,394.0,yes,no,cellular,31,jul,208.0,2,-1,0,unknown,no,0,2.0,adulto,Q3
2188,labeled,38,management,married,tertiary,no,12879.0,no,no,cellular,17,jun,118.0,3,-1,0,unknown,no,0,3.0,adulto_joven,Q2
2189,labeled,32,blue-collar,married,secondary,no,512.0,yes,no,cellular,5,may,528.0,1,-1,0,unknown,no,0,1.0,adulto_joven,Q2
2190,labeled,36,blue-collar,married,secondary,no,198.0,yes,no,cellular,9,may,400.0,2,-1,0,unknown,no,0,2.0,adulto_joven,Q2
2191,labeled,51,blue-collar,married,primary,no,370.0,yes,no,telephone,3,feb,143.0,4,272,1,failure,no,1,2.0,adulto,Q1
2192,labeled,29,self-employed,married,tertiary,no,750.0,yes,no,cellular,23,may,121.0,2,-1,0,unknown,no,0,2.0,joven,Q2
2193,labeled,41,self-employed,married,primary,no,332.0,no,no,cellular,6,jun,37.0,3,-1,0,unknown,no,0,3.0,adulto_joven,Q2
2195,labeled,31,blue-collar,married,secondary,no,-123.0,yes,no,cellular,3,feb,100.0,3,201,2,failure,no,1,1.0,adulto_joven,Q1
2196,labeled,31,management,single,secondary,no,44.0,no,no,cellular,27,aug,105.0,2,-1,0,unknown,no,0,2.0,adulto_joven,Q3
2197,labeled,48,blue-collar,married,primary,no,189.0,no,no,telephone,18,aug,29.0,2,-1,0,unknown,no,0,2.0,adulto,Q3
2198,labeled,57,services,married,secondary,no,155.0,yes,no,cellular,5,may,174.0,1,-1,0,unknown,no,0,1.0,adulto,Q2
2199,labeled,35,admin.,single,secondary,no,0.0,yes,no,cellular,13,may,1031.94,1,-1,0,unknown,yes,0,1.0,adulto_joven,Q2
2200,labeled,29,services,divorced,secondary,no,77.0,yes,no,cellular,13,apr,1031.94,2,-1,0,unknown,yes,0,2.0,joven,Q2
2201,labeled,30,technician,single,tertiary,no,2328.0,no,no,cellular,5,apr,270.0,3,241,4,other,no,1,0.6,joven,Q2
2202,labeled,46,technician,married,secondary,no,970.0,yes,yes,cellular,19,aug,40.0,2,-1,0,unknown,no,0,2.0,adulto,Q3
2204,labeled,36,blue-collar,married,primary,no,1924.0,yes,no,cellular,20,apr,904.0,2,-1,0,unknown,yes,0,2.0,adulto_joven,Q2
2205,labeled,34,entrepreneur,divorced,tertiary,no,260.0,no,no,cellular,20,nov,371.0,1,-1,0,unknown,no,0,1.0,adulto_joven,Q4
2206,labeled,36,blue-collar,married,secondary,no,1402.0,no,no,cellular,17,jun,235.0,2,-1,0,unknown,no,0,2.0,adulto_joven,Q2
2209,labeled,26,admin.,married,secondary,no,2469.0,no,no,cellular,16,jul,136.0,8,-1,0,unknown,no,0,8.0,joven,Q3
2210,labeled,49,management,married,tertiary,no,101.0,yes,no,cellular,6,may,221.0,2,-1,0,unknown,no,0,2.0,adulto,Q2
2211,labeled,44,management,divorced,tertiary,no,-620.4,yes,no,cellular,10,jul,183.0,1,-1,0,unknown,no,0,1.0,adulto_joven,Q3
2212,labeled,33,technician,married,secondary,no,178.0,yes,yes,telephone,28,jul,265.0,2,-1,0,unknown,no,0,2.0,adulto_joven,Q3
2213,labeled,55,management,divorced,tertiary,no,481.0,yes,no,telephone,8,may,147.0,2,298,3,failure,no,1,0.5,adulto,Q2
2214,labeled,34,admin.,married,tertiary,no,908.0,yes,no,telephone,19,nov,377.0,3,7,4,success,no,1,0.6,adulto_joven,Q4
2215,labeled,32,management,single,tertiary,no,2540.0,yes,no,cellular,26,aug,958.0,6,-1,0,unknown,yes,0,6.0,adulto_joven,Q3
2216,labeled,41,student,married,secondary,no,1299.0,no,no,cellular,20,jun,28.0,4,-1,0,unknown,no,0,4.0,adulto_joven,Q2
2217,labeled,38,entrepreneur,married,tertiary,no,1514.0,no,yes,cellular,21,nov,160.0,3,120,3,failure,no,1,0.75,adulto_joven,Q4
2218,labeled,28,management,single,tertiary,no,886.0,no,yes,cellular,29,jan,94.0,1,205,2,failure,no,1,0.3333333333333333,joven,Q1
2219,labeled,35,admin.,single,secondary,no,2826.0,no,no,cellular,20,jun,22.0,12,-1,0,unknown,no,0,12.0,adulto_joven,Q2
2221,labeled,53,blue-collar,married,secondary,no,426.0,no,yes,cellular,14,aug,360.0,4,-1,0,unknown,no,0,4.0,adulto,Q3
2222,labeled,36,management,single,tertiary,no,2812.0,yes,no,cellular,30,may,358.0,4,-1,0,unknown,no,0,4.0,adulto_joven,Q2
2223,labeled,31,blue-collar,married,primary,no,107.0,yes,no,cellular,17,apr,193.0,2,322,1,other,no,1,1.0,adulto_joven,Q2
2224,labeled,29,admin.,single,secondary,no,1118.0,yes,no,cellular,8,may,77.0,2,-1,0,unknown,no,0,2.0,joven,Q2
2225,labeled,49,blue-collar,married,secondary,no,164.0,no,no,cellular,4,feb,19.0,3,175,2,other,no,1,1.0,adulto,Q1
2226,labeled,48,technician,married,secondary,no,5540.0,no,no,cellular,16,jun,143.0,5,-1,0,unknown,no,0,5.0,adulto,Q2
2227,labeled,34,management,divorced,secondary,no,299.0,no,no,cellular,7,aug,91.0,2,-1,0,unknown,no,0,2.0,adulto_joven,Q3
2228,labeled,51,management,divorced,tertiary,no,0.0,no,no,cellular,13,aug,60.0,2,-1,0,unknown,no,0,2.0,adulto,Q3
2230,labeled,40,technician,married,secondary,no,108.0,no,no,cellular,20,jun,402.0,22,-1,0,unknown,no,0,22.0,adulto_joven,Q2
2231,labeled,51,management,married,secondary,no,707.0,no,no,cellular,13,aug,287.0,2,-1,0,unknown,no,0,2.0,adulto,Q3
2232,labeled,59,self-employed,married,tertiary,no,3807.0,no,yes,cellular,9,jul,70.0,1,-1,0,unknown,no,0,1.0,adulto,Q3
2233,labeled,31,technician,married,secondary,no,584.0,yes,yes,cellular,21,may,151.0,1,-1,0,unknown,no,0,1.0,adulto_joven,Q2
2234,labeled,53,technician,married,secondary,no,106.0,no,no,cellular,13,aug,205.0,4,-1,0,unknown,no,0,4.0,adulto,Q3
2235,labeled,32,admin.,single,secondary,no,748.0,yes,no,cellular,20,nov,91.0,3,-1,0,unknown,no,0,3.0,adulto_joven,Q4
2236,labeled,49,services,divorced,secondary,no,3250.0,no,no,cellular,16,jun,32.0,3,-1,0,unknown,no,0,3.0,adulto,Q2
2237,labeled,33,technician,married,secondary,no,571.0,no,yes,cellular,4,feb,254.0,2,-1,0,unknown,no,0,2.0,adulto_joven,Q1
2238,labeled,39,services,married,secondary,no,5733.0,yes,no,cellular,20,may,175.0,2,-1,0,unknown,no,0,2.0,adulto_joven,Q2
2239,labeled,36,services,married,secondary,no,1746.0,yes,no,cellular,26,may,99.0,1,-1,0,unknown,no,0,1.0,adulto_joven,Q2
2240,labeled,40,services,married,secondary,no,110.0,yes,no,cellular,4,jun,126.0,1,-1,0,unknown,no,0,1.0,adulto_joven,Q2
2241,labeled,46,admin.,married,secondary,no,0.0,yes,yes,cellular,20,apr,239.0,2,259,2,failure,no,1,0.6666666666666666,adulto,Q2
2242,labeled,37,technician,single,secondary,no,437.0,yes,no,cellular,26,may,210.0,1,-1,0,unknown,no,0,1.0,adulto_joven,Q2
2244,labeled,43,self-employed,married,tertiary,no,70.0,no,no,cellular,6,jun,230.0,2,-1,0,unknown,no,0,2.0,adulto_joven,Q2
2245,labeled,36,technician,married,tertiary,no,630.0,yes,yes,cellular,29,dec,109.0,1,246,1,failure,no,1,0.5,adulto_joven,Q4
2246,labeled,50,technician,married,secondary,no,2498.0,yes,no,cellular,21,nov,35.0,1,176,1,failure,no,1,0.5,adulto,Q4
2247,labeled,49,services,married,secondary,no,827.0,no,no,cellular,8,aug,780.0,4,-1,0,unknown,yes,0,4.0,adulto,Q3
2251,labeled,35,blue-collar,married,secondary,no,1281.0,yes,no,cellular,14,jul,330.0,2,-1,0,unknown,no,0,2.0,adulto_joven,Q3
2252,labeled,44,technician,married,secondary,no,319.0,yes,no,cellular,6,feb,200.0,1,253,1,failure,no,1,0.5,adulto_joven,Q1
2253,labeled,44,technician,divorced,secondary,no,0.0,no,no,cellular,12,aug,56.0,2,-1,0,unknown,no,0,2.0,adulto_joven,Q3
2254,labeled,50,self-employed,married,secondary,no,2066.0,yes,yes,cellular,29,jan,197.0,2,244,3,failure,no,1,0.5,adulto,Q1
2255,labeled,40,admin.,married,secondary,no,0.0,yes,yes,cellular,17,nov,57.0,1,-1,0,unknown,no,0,1.0,adulto_joven,Q4
2256,labeled,57,management,married,primary,no,1053.0,yes,no,cellular,13,may,227.0,4,-1,0,unknown,no,0,4.0,adulto,Q2
2257,labeled,37,technician,single,secondary,no,2434.0,no,no,cellular,16,feb,91.0,3,-1,0,unknown,yes,0,3.0,adulto_joven,Q1
2258,labeled,34,management,married,secondary,no,15.0,no,no,cellular,25,aug,184.0,7,-1,0,unknown,no,0,7.0,adulto_joven,Q3
2260,labeled,31,technician,divorced,secondary,no,10788.0,yes,no,cellular,4,jun,135.0,2,-1,0,unknown,no,0,2.0,adulto_joven,Q2
2261,labeled,57,management,married,tertiary,no,1350.0,yes,no,cellular,8,may,339.0,2,-1,0,unknown,no,0,2.0,adulto,Q2
2263,labeled,40,blue-collar,married,secondary,no,444.0,yes,no,cellular,5,jun,327.0,2,-1,0,unknown,no,0,2.0,adulto_joven,Q2
2264,labeled,32,management,married,tertiary,no,4753.0,yes,no,cellular,5,may,159.0,2,350,2,failure,no,1,0.6666666666666666,adulto_joven,Q2
2266,labeled,41,blue-collar,married,primary,no,299.0,yes,yes,cellular,7,may,102.0,1,-1,0,unknown,no,0,1.0,adulto_joven,Q2
2267,labeled,39,admin.,divorced,secondary,no,1021.0,yes,no,cellular,20,jun,20.0,3,-1,0,unknown,no,0,3.0,adulto_joven,Q2
2269,labeled,35,admin.,married,secondary,yes,0.0,no,yes,cellular,4,jul,105.0,3,-1,0,unknown,no,0,3.0,adulto_joven,Q3
2270,labeled,43,technician,single,tertiary,no,1018.0,yes,no,cellular,19,may,257.0,2,-1,0,unknown,no,0,2.0,adulto_joven,Q2
2271,labeled,40,management,married,tertiary,no,41.0,no,no,cellular,19,aug,164.0,2,-1,0,unknown,no,0,2.0,adulto_joven,Q3
2272,labeled,53,management,divorced,primary,no,256.0,no,no,cellular,19,nov,126.0,1,-1,0,unknown,no,0,1.0,adulto,Q4
2273,labeled,55,retired,married,primary,no,-620.4,no,yes,cellular,14,may,104.0,1,-1,0,unknown,no,0,1.0,adulto,Q2
2274,labeled,36,management,married,tertiary,no,258.0,no,no,cellular,6,jun,161.0,3,-1,0,unknown,no,0,3.0,adulto_joven,Q2
2275,labeled,53,entrepreneur,married,primary,no,1041.0,yes,no,cellular,19,nov,854.0,2,170,3,other,no,1,0.5,adulto,Q4
2276,labeled,37,blue-collar,married,secondary,no,424.0,yes,yes,cellular,9,jun,371.0,3,-1,0,unknown,no,0,3.0,adulto_joven,Q2
2277,labeled,49,technician,married,secondary,no,316.0,yes,no,cellular,18,nov,41.0,2,-1,0,unknown,no,0,2.0,adulto,Q4
2278,labeled,40,services,divorced,secondary,no,4385.0,yes,no,cellular,5,may,315.0,1,-1,0,unknown,no,0,1.0,adulto_joven,Q2
2279,labeled,35,management,married,tertiary,no,319.0,yes,no,cellular,23,may,162.0,3,-1,0,unknown,no,0,3.0,adulto_joven,Q2
2280,labeled,31,management,married,tertiary,no,420.0,yes,no,cellular,25,jul,137.0,16,-1,0,unknown,no,0,16.0,adulto_joven,Q3
2281,labeled,35,technician,single,secondary,no,125.0,no,no,cellular,22,aug,112.0,2,-1,0,unknown,no,0,2.0,adulto_joven,Q3
2283,labeled,36,blue-collar,married,primary,no,967.0,yes,yes,cellular,23,may,293.0,1,-1,0,unknown,no,0,1.0,adulto_joven,Q2
2284,labeled,32,self-employed,married,primary,no,281.0,yes,no,cellular,6,aug,175.0,1,-1,0,unknown,no,0,1.0,adulto_joven,Q3
2285,labeled,46,admin.,divorced,secondary,no,7378.0,no,no,cellular,18,nov,466.0,1,-1,0,unknown,no,0,1.0,adulto,Q4
2286,labeled,33,admin.,married,tertiary,no,638.0,no,no,cellular,24,jul,318.0,1,-1,0,unknown,no,0,1.0,adulto_joven,Q3
2287,labeled,23,management,single,tertiary,no,737.0,yes,no,cellular,30,apr,119.0,1,-1,0,unknown,no,0,1.0,joven,Q2
2289,labeled,35,technician,married,tertiary,no,0.0,yes,yes,cellular,23,sep,112.0,1,62,6,other,no,1,0.14285714285714285,adulto_joven,Q3
2290,labeled,25,blue-collar,single,secondary,no,-353.0,yes,no,cellular,23,jun,95.0,3,-1,0,unknown,no,0,3.0,joven,Q2
2292,labeled,58,retired,married,secondary,no,939.0,no,no,cellular,5,aug,155.0,1,-1,0,unknown,no,0,1.0,adulto,Q3
2293,labeled,51,retired,divorced,secondary,no,349.0,yes,no,cellular,30,may,78.0,2,-1,0,unknown,no,0,2.0,adulto,Q2
2294,labeled,45,admin.,married,secondary,no,634.0,yes,no,cellular,20,aug,75.0,9,-1,0,unknown,no,0,9.0,adulto_joven,Q3
2295,labeled,51,admin.,married,secondary,no,2963.0,no,no,cellular,17,jun,83.0,2,-1,0,unknown,no,0,2.0,adulto,Q2
2297,labeled,36,services,single,secondary,no,332.0,yes,no,cellular,7,may,142.0,1,-1,0,unknown,no,0,1.0,adulto_joven,Q2
2298,labeled,33,management,married,tertiary,no,2094.0,no,no,cellular,20,nov,67.0,1,-1,0,unknown,no,0,1.0,adulto_joven,Q4
2300,labeled,61,retired,married,secondary,no,2910.0,no,no,cellular,6,oct,215.0,1,-1,0,unknown,yes,0,1.0,senior,Q4
2301,labeled,53,technician,married,tertiary,no,6067.0,no,yes,cellular,16,jun,226.0,4,-1,0,unknown,no,0,4.0,adulto,Q2
2302,labeled,50,blue-collar,married,secondary,no,896.0,no,no,cellular,16,jun,287.0,1,-1,0,unknown,no,0,1.0,adulto,Q2
2303,labeled,39,admin.,single,secondary,no,19.0,yes,yes,cellular,13,may,19.0,9,-1,0,unknown,no,0,9.0,adulto_joven,Q2
2304,labeled,43,blue-collar,single,secondary,no,184.0,no,no,telephone,28,jan,41.0,1,-1,0,unknown,no,0,1.0,adulto_joven,Q1
2305,labeled,40,management,married,tertiary,no,88.0,yes,yes,telephone,9,feb,148.0,6,-1,0,unknown,no,0,6.0,adulto_joven,Q1
2306,labeled,35,blue-collar,married,primary,no,3591.0,yes,no,cellular,30,may,148.0,4,-1,0,unknown,no,0,4.0,adulto_joven,Q2
2307,labeled,48,blue-collar,married,secondary,no,1168.0,yes,yes,cellular,15,may,1031.94,9,-1,0,unknown,no,0,9.0,adulto,Q2
2308,labeled,38,admin.,married,tertiary,no,1979.0,no,no,cellular,5,aug,176.0,2,-1,0,unknown,no,0,2.0,adulto_joven,Q3
2309,labeled,59,retired,married,secondary,no,5712.0,yes,no,cellular,25,jul,471.0,2,-1,0,unknown,no,0,2.0,adulto,Q3
2310,labeled,43,blue-collar,married,secondary,no,-178.0,yes,no,cellular,30,jul,335.0,6,-1,0,unknown,no,0,6.0,adulto_joven,Q3
2311,labeled,39,admin.,single,secondary,no,1242.0,yes,no,cellular,12,may,303.0,3,-1,0,unknown,no,0,3.0,adulto_joven,Q2
2312,labeled,38,management,married,tertiary,no,-80.0,yes,no,cellular,30,jan,140.0,1,2,3,other,no,1,0.25,adulto_joven,Q1
2313,labeled,32,technician,single,tertiary,no,350.0,no,no,cellular,19,nov,164.0,2,-1,0,unknown,no,0,2.0,adulto_joven,Q4
2314,labeled,23,technician,single,tertiary,no,1124.0,yes,no,cellular,28,may,806.0,1,-1,0,unknown,yes,0,1.0,joven,Q2
2315,labeled,58,management,married,tertiary,no,165.0,no,no,cellular,19,aug,145.0,7,-1,0,unknown,no,0,7.0,adulto,Q3
2316,labeled,52,blue-collar,married,secondary,no,2094.0,yes,no,cellular,31,aug,267.0,1,474,1,failure,yes,1,0.5,adulto,Q3
2317,labeled,35,admin.,divorced,secondary,no,152.0,no,yes,cellular,8,jul,199.0,1,-1,0,unknown,no,0,1.0,adulto_joven,Q3
2319,labeled,39,technician,married,secondary,no,623.0,yes,no,cellular,11,may,126.0,2,-1,0,unknown,no,0,2.0,adulto_joven,Q2
2322,labeled,31,services,single,secondary,no,1993.0,yes,no,telephone,20,nov,55.0,2,-1,0,unknown,no,0,2.0,adulto_joven,Q4
2323,labeled,46,management,married,tertiary,no,971.0,yes,no,cellular,8,apr,174.0,1,-1,0,unknown,no,0,1.0,adulto,Q2
2324,labeled,52,blue-collar,divorced,primary,no,1753.0,yes,no,cellular,15,may,41.0,1,-1,0,unknown,no,0,1.0,adulto,Q2
2325,labeled,58,housemaid,married,tertiary,no,506.0,no,no,cellular,11,jun,138.0,5,-1,0,unknown,no,0,5.0,adulto,Q2
2326,labeled,40,blue-collar,married,secondary,no,1095.0,yes,no,cellular,29,may,660.0,2,-1,0,unknown,no,0,2.0,adulto_joven,Q2
2327,labeled,47,self-employed,married,secondary,yes,-3.0,no,no,cellular,5,feb,236.0,2,-1,0,unknown,no,0,2.0,adulto,Q1
2328,labeled,37,technician,married,secondary,no,712.0,yes,no,cellular,18,nov,291.0,2,-1,0,unknown,no,0,2.0,adulto_joven,Q4
2331,labeled,34,management,single,tertiary,no,0.0,no,no,cellular,21,aug,191.0,2,-1,0,unknown,no,0,2.0,adulto_joven,Q3
2332,labeled,30,technician,single,tertiary,no,226.0,yes,no,cellular,16,may,197.0,1,-1,0,unknown,no,0,1.0,joven,Q2
2333,labeled,26,technician,single,secondary,no,1275.0,yes,no,cellular,20,jun,18.0,9,-1,0,unknown,no,0,9.0,joven,Q2
2334,labeled,48,management,married,tertiary,no,0.0,no,no,cellular,28,aug,16.0,16,-1,0,unknown,no,0,16.0,adulto,Q3
2335,labeled,37,management,single,tertiary,no,869.0,yes,no,cellular,15,apr,140.0,4,327,2,failure,no,1,1.3333333333333333,adulto_joven,Q2
2336,labeled,54,services,married,primary,no,1.0,yes,no,cellular,14,may,143.0,1,-1,0,unknown,no,0,1.0,adulto,Q2
2337,labeled,42,services,divorced,secondary,no,375.0,yes,yes,cellular,6,may,121.0,2,-1,0,unknown,no,0,2.0,adulto_joven,Q2
2338,labeled,49,technician,divorced,secondary,no,271.0,yes,no,cellular,12,may,274.0,6,-1,0,unknown,no,0,6.0,adulto,Q2
2339,labeled,37,admin.,divorced,tertiary,no,4301.0,yes,no,cellular,23,may,168.0,1,-1,0,unknown,no,0,1.0,adulto_joven,Q2
2340,labeled,34,self-employed,married,tertiary,no,1963.0,yes,no,cellular,23,jul,61.0,2,-1,0,unknown,no,0,2.0,adulto_joven,Q3
2343,labeled,50,self-employed,married,secondary,no,3034.0,no,yes,cellular,6,aug,168.0,3,-1,0,unknown,no,0,3.0,adulto,Q3
2344,labeled,47,management,married,tertiary,no,105.0,yes,no,cellular,22,jul,268.0,1,-1,0,unknown,no,0,1.0,adulto,Q3
2346,labeled,57,blue-collar,married,primary,no,169.0,no,no,cellular,9,jun,230.0,3,-1,0,unknown,no,0,3.0,adulto,Q2
2348,labeled,46,management,divorced,tertiary,no,752.0,no,no,cellular,5,jun,36.0,2,-1,0,unknown,no,0,2.0,adulto,Q2
2349,labeled,52,housemaid,married,secondary,no,13689.540000000003,no,no,cellular,5,jun,132.0,1,-1,0,unknown,no,0,1.0,adulto,Q2
2350,labeled,42,services,married,secondary,no,87.0,yes,no,cellular,5,may,238.0,3,340,2,failure,no,1,1.0,adulto_joven,Q2
2352,labeled,25,technician,single,secondary,no,965.0,no,no,cellular,9,jul,144.0,5,-1,0,unknown,no,0,5.0,joven,Q3
2353,labeled,36,services,married,secondary,no,259.0,yes,no,cellular,12,may,86.0,2,-1,0,unknown,no,0,2.0,adulto_joven,Q2
2354,labeled,36,blue-collar,married,secondary,no,-215.0,yes,no,cellular,8,may,177.0,2,-1,0,unknown,no,0,2.0,adulto_joven,Q2
2355,labeled,36,blue-collar,married,primary,no,50.0,yes,no,cellular,15,may,232.0,2,365,5,other,no,1,0.3333333333333333,adulto_joven,Q2
2356,labeled,34,management,single,tertiary,no,185.0,no,no,cellular,22,jul,203.0,4,-1,0,unknown,no,0,4.0,adulto_joven,Q3
2357,labeled,53,admin.,married,secondary,no,105.0,no,yes,cellular,21,aug,74.0,2,-1,0,unknown,no,0,2.0,adulto,Q3
2358,labeled,37,unemployed,married,secondary,no,1982.0,no,no,cellular,9,sep,404.0,1,182,1,success,yes,1,0.5,adulto_joven,Q3
2359,labeled,35,management,single,secondary,no,79.0,yes,no,cellular,29,jan,79.0,1,-1,0,unknown,no,0,1.0,adulto_joven,Q1
2363,labeled,45,blue-collar,married,primary,no,177.0,yes,no,cellular,29,jan,249.0,3,-1,0,unknown,no,0,3.0,adulto_joven,Q1
2364,labeled,40,services,married,secondary,no,0.0,no,no,cellular,12,jun,543.0,2,-1,0,unknown,no,0,2.0,adulto_joven,Q2
2365,labeled,35,blue-collar,married,primary,no,415.0,yes,no,cellular,14,may,73.0,1,-1,0,unknown,no,0,1.0,adulto_joven,Q2
2366,labeled,33,technician,married,secondary,no,4785.0,yes,no,cellular,20,apr,137.0,1,272,2,failure,no,1,0.3333333333333333,adulto_joven,Q2
2367,labeled,53,admin.,married,secondary,no,1789.0,no,no,telephone,16,mar,295.0,1,91,2,success,yes,1,0.3333333333333333,adulto,Q1
2368,labeled,35,admin.,married,secondary,no,8654.0,yes,no,cellular,24,jun,103.0,6,-1,0,unknown,no,0,6.0,adulto_joven,Q2
2370,labeled,34,admin.,married,secondary,no,652.0,yes,no,cellular,19,may,420.0,1,-1,0,unknown,no,0,1.0,adulto_joven,Q2
2371,labeled,36,admin.,single,secondary,no,53.0,no,yes,cellular,9,jul,36.0,6,-1,0,unknown,no,0,6.0,adulto_joven,Q3
2372,labeled,32,services,married,secondary,no,168.0,yes,no,cellular,14,may,297.0,2,-1,0,unknown,no,0,2.0,adulto_joven,Q2
2374,labeled,37,admin.,married,secondary,no,-99.0,yes,no,cellular,28,may,158.0,2,-1,0,unknown,no,0,2.0,adulto_joven,Q2
2376,labeled,38,entrepreneur,divorced,tertiary,no,7927.0,no,no,cellular,8,jul,182.0,3,-1,0,unknown,no,0,3.0,adulto_joven,Q3
2377,labeled,58,retired,married,secondary,no,244.0,no,no,cellular,27,aug,88.0,4,-1,0,unknown,no,0,4.0,adulto,Q3
2378,labeled,40,blue-collar,married,secondary,no,271.0,yes,no,cellular,29,may,483.0,2,-1,0,unknown,no,0,2.0,adulto_joven,Q2
2380,labeled,47,management,single,tertiary,no,146.0,yes,no,cellular,18,nov,192.0,2,-1,0,unknown,no,0,2.0,adulto,Q4
2382,labeled,45,management,single,tertiary,no,10.0,no,no,cellular,31,jul,59.0,2,-1,0,unknown,no,0,2.0,adulto_joven,Q3
2383,labeled,43,management,married,tertiary,no,296.0,yes,no,cellular,9,may,150.0,2,-1,0,unknown,no,0,2.0,adulto_joven,Q2
2384,labeled,39,services,married,secondary,no,181.0,yes,no,cellular,17,apr,433.0,1,-1,0,unknown,no,0,1.0,adulto_joven,Q2
2386,labeled,33,technician,single,secondary,no,288.0,no,no,cellular,25,aug,72.0,6,-1,0,unknown,no,0,6.0,adulto_joven,Q3
2387,labeled,47,services,married,secondary,no,430.0,yes,no,cellular,12,jun,91.0,1,-1,0,unknown,no,0,1.0,adulto,Q2
2388,labeled,48,technician,married,tertiary,no,0.0,no,no,telephone,26,aug,176.0,15,-1,0,unknown,no,0,15.0,adulto,Q3
2389,labeled,45,technician,married,secondary,no,2580.0,no,no,cellular,18,jun,146.0,2,-1,0,unknown,no,0,2.0,adulto_joven,Q2
2390,labeled,37,blue-collar,married,secondary,no,112.0,yes,no,cellular,12,may,153.0,1,-1,0,unknown,no,0,1.0,adulto_joven,Q2
2392,labeled,52,unemployed,married,secondary,no,-2.0,no,no,cellular,9,jun,123.0,1,-1,0,unknown,no,0,1.0,adulto,Q2
2393,labeled,40,technician,single,tertiary,no,821.0,yes,no,cellular,20,apr,38.0,1,335,1,other,no,1,0.5,adulto_joven,Q2
2394,labeled,40,technician,single,secondary,no,647.0,no,no,cellular,16,jul,156.0,6,-1,0,unknown,no,0,6.0,adulto_joven,Q3
2395,labeled,33,blue-collar,married,primary,no,1162.0,yes,no,cellular,21,may,420.0,2,-1,0,unknown,no,0,2.0,adulto_joven,Q2
2396,labeled,33,management,single,primary,no,4903.0,yes,no,cellular,20,may,151.0,1,-1,0,unknown,no,0,1.0,adulto_joven,Q2
2397,labeled,30,blue-collar,married,secondary,no,674.0,yes,no,cellular,20,may,610.0,2,-1,0,unknown,no,0,2.0,joven,Q2
2398,labeled,37,services,married,secondary,no,8.0,no,no,cellular,15,may,395.0,2,-1,0,unknown,no,0,2.0,adulto_joven,Q2
2399,labeled,52,blue-collar,married,secondary,no,163.0,yes,no,cellular,13,may,274.0,2,-1,0,unknown,no,0,2.0,adulto,Q2
2400,labeled,39,management,married,tertiary,no,-611.0,yes,no,cellular,26,may,142.0,1,-1,0,unknown,no,0,1.0,adulto_joven,Q2
2401,labeled,57,blue-collar,married,primary,no,97.0,yes,no,telephone,17,apr,137.0,1,-1,0,unknown,no,0,1.0,adulto,Q2
2402,labeled,24,blue-collar,married,secondary,no,1226.0,yes,no,cellular,20,apr,369.0,1,-1,0,unknown,no,0,1.0,joven,Q2
2403,labeled,37,blue-collar,married,primary,no,8.0,no,no,telephone,30,jul,109.0,8,-1,0,unknown,no,0,8.0,adulto_joven,Q3
2404,labeled,34,services,married,secondary,no,-317.0,yes,no,cellular,8,may,56.0,2,-1,0,unknown,no,0,2.0,adulto_joven,Q2
2406,labeled,61,retired,married,secondary,no,307.0,no,yes,cellular,3,jul,42.0,1,-1,0,unknown,no,0,1.0,senior,Q3
2407,labeled,31,blue-collar,married,secondary,no,360.0,yes,yes,cellular,29,jan,89.0,1,241,1,failure,no,1,0.5,adulto_joven,Q1
2408,labeled,44,blue-collar,married,secondary,no,13689.540000000003,yes,no,cellular,21,nov,297.0,1,-1,0,unknown,no,0,1.0,adulto_joven,Q4
2409,labeled,58,management,married,tertiary,no,544.0,yes,no,cellular,8,may,98.0,1,-1,0,unknown,no,0,1.0,adulto,Q2
2410,labeled,37,services,divorced,secondary,no,533.0,yes,no,cellular,11,jun,199.0,1,-1,0,unknown,no,0,1.0,adulto_joven,Q2
2411,labeled,32,admin.,married,tertiary,no,0.0,yes,no,cellular,5,may,138.0,1,-1,0,unknown,no,0,1.0,adulto_joven,Q2
2412,labeled,32,technician,married,tertiary,no,3932.0,no,no,cellular,8,aug,209.0,2,-1,0,unknown,no,0,2.0,adulto_joven,Q3
2413,labeled,45,blue-collar,married,primary,no,411.0,no,no,cellular,18,aug,113.0,4,-1,0,unknown,no,0,4.0,adulto_joven,Q3
2415,labeled,29,services,married,primary,no,-94.0,no,no,cellular,4,jul,134.0,1,-1,0,unknown,no,0,1.0,joven,Q3
2416,labeled,40,self-employed,divorced,secondary,no,1871.0,no,yes,cellular,20,jun,269.0,1,-1,0,unknown,no,0,1.0,adulto_joven,Q2
2417,labeled,28,services,single,secondary,no,317.0,yes,no,cellular,16,may,21.0,3,-1,0,unknown,no,0,3.0,joven,Q2
2418,labeled,35,technician,married,secondary,no,13651.0,yes,no,telephone,9,dec,220.0,2,-1,0,unknown,no,0,2.0,adulto_joven,Q4
2419,labeled,45,technician,married,secondary,no,127.0,yes,no,cellular,7,may,208.0,2,-1,0,unknown,no,0,2.0,adulto_joven,Q2
2421,labeled,32,management,married,tertiary,no,0.0,no,no,cellular,26,aug,104.0,9,-1,0,unknown,no,0,9.0,adulto_joven,Q3
2422,labeled,35,admin.,divorced,secondary,no,3643.0,no,yes,cellular,21,nov,808.0,2,-1,0,unknown,yes,0,2.0,adulto_joven,Q4
2423,labeled,43,technician,married,secondary,no,275.0,no,no,cellular,25,aug,69.0,6,-1,0,unknown,no,0,6.0,adulto_joven,Q3
2424,labeled,43,blue-collar,single,primary,no,27.0,yes,no,cellular,30,may,379.0,17,-1,0,unknown,no,0,17.0,adulto_joven,Q2
2425,labeled,31,services,single,secondary,no,863.0,yes,no,cellular,6,may,100.0,1,-1,0,unknown,no,0,1.0,adulto_joven,Q2
2426,labeled,55,management,married,primary,no,626.0,no,yes,cellular,2,feb,114.0,1,208,1,failure,no,1,0.5,adulto,Q1
2427,labeled,35,admin.,married,secondary,no,0.0,yes,no,cellular,7,may,121.0,2,-1,0,unknown,no,0,2.0,adulto_joven,Q2
2428,labeled,37,blue-collar,single,secondary,no,47.0,no,no,cellular,6,may,140.0,2,-1,0,unknown,no,0,2.0,adulto_joven,Q2
2429,labeled,37,blue-collar,married,secondary,no,128.0,no,no,cellular,27,may,336.0,2,-1,0,unknown,no,0,2.0,adulto_joven,Q2
2430,labeled,39,management,single,secondary,no,29.0,no,no,cellular,29,aug,70.0,2,-1,0,unknown,no,0,2.0,adulto_joven,Q3
2432,labeled,36,technician,married,secondary,no,763.0,no,no,cellular,11,jul,396.0,3,-1,0,unknown,no,0,3.0,adulto_joven,Q3
2433,labeled,39,management,married,tertiary,no,764.0,yes,no,cellular,11,may,877.0,7,300,2,other,yes,1,2.3333333333333335,adulto_joven,Q2
2434,labeled,45,management,married,tertiary,no,1531.0,no,no,cellular,30,jun,160.0,1,-1,0,unknown,no,0,1.0,adulto_joven,Q2
2435,labeled,34,technician,single,secondary,no,201.0,no,no,cellular,22,jul,257.0,2,-1,0,unknown,no,0,2.0,adulto_joven,Q3
2436,labeled,38,management,single,tertiary,no,434.0,yes,no,cellular,6,may,17.0,3,169,2,failure,no,1,1.0,adulto_joven,Q2
2437,labeled,50,services,single,secondary,no,73.0,no,no,cellular,8,may,141.0,2,-1,0,unknown,no,0,2.0,adulto,Q2
2438,labeled,52,management,married,tertiary,no,-620.4,yes,no,cellular,7,may,253.0,4,-1,0,unknown,no,0,4.0,adulto,Q2
2439,labeled,48,technician,married,secondary,no,16.0,yes,yes,cellular,17,nov,81.0,1,-1,0,unknown,no,0,1.0,adulto,Q4
2440,labeled,51,blue-collar,married,primary,no,-3.0,no,no,telephone,16,jul,126.0,4,-1,0,unknown,no,0,4.0,adulto,Q3
2441,labeled,47,blue-collar,divorced,primary,no,130.0,yes,no,cellular,3,jun,1031.94,2,-1,0,unknown,yes,0,2.0,adulto,Q2
2442,labeled,46,management,married,tertiary,no,269.0,yes,no,cellular,18,mar,910.0,2,184,4,success,yes,1,0.4,adulto,Q1
2443,labeled,34,management,married,tertiary,no,173.0,no,no,cellular,18,aug,61.0,4,-1,0,unknown,no,0,4.0,adulto_joven,Q3
2444,labeled,57,blue-collar,married,primary,no,324.0,yes,no,cellular,27,may,206.0,2,-1,0,unknown,no,0,2.0,adulto,Q2
2445,labeled,51,technician,married,primary,no,260.0,no,no,cellular,19,aug,137.0,2,-1,0,unknown,no,0,2.0,adulto,Q3
2446,labeled,43,blue-collar,married,primary,no,473.0,yes,no,cellular,12,may,225.0,3,-1,0,unknown,no,0,3.0,adulto_joven,Q2
2447,labeled,36,services,single,secondary,no,388.0,yes,yes,cellular,17,jun,77.0,2,-1,0,unknown,no,0,2.0,adulto_joven,Q2
2448,labeled,49,services,married,secondary,no,1120.0,no,no,cellular,17,nov,283.0,1,-1,0,unknown,no,0,1.0,adulto,Q4
2449,labeled,41,services,divorced,secondary,no,785.0,yes,no,cellular,8,may,297.0,2,-1,0,unknown,no,0,2.0,adulto_joven,Q2
2450,labeled,72,retired,married,primary,no,797.0,no,no,cellular,24,apr,173.0,2,-1,0,unknown,no,0,2.0,senior,Q2
2451,labeled,44,technician,married,secondary,no,5599.0,no,no,cellular,20,jun,27.0,3,-1,0,unknown,no,0,3.0,adulto_joven,Q2
2452,labeled,42,blue-collar,married,secondary,no,122.0,yes,no,cellular,29,may,285.0,1,-1,0,unknown,no,0,1.0,adulto_joven,Q2
2453,labeled,59,management,divorced,primary,no,142.0,yes,no,cellular,9,jul,206.0,1,-1,0,unknown,no,0,1.0,adulto,Q3
2454,labeled,43,blue-collar,single,secondary,no,30.0,no,no,cellular,12,may,68.0,1,363,1,failure,no,1,0.5,adulto_joven,Q2
2455,labeled,60,admin.,married,secondary,no,1081.0,yes,no,cellular,26,may,149.0,1,-1,0,unknown,no,0,1.0,adulto,Q2
2457,labeled,58,blue-collar,married,primary,no,785.0,yes,no,cellular,15,may,74.0,2,-1,0,unknown,no,0,2.0,adulto,Q2
2458,labeled,46,blue-collar,married,secondary,no,527.0,yes,no,cellular,25,aug,217.0,6,-1,0,unknown,no,0,6.0,adulto,Q3
2459,labeled,30,management,single,tertiary,no,165.0,yes,no,cellular,20,may,186.0,4,-1,0,unknown,no,0,4.0,joven,Q2
2461,labeled,50,management,married,tertiary,no,13689.540000000003,yes,yes,cellular,21,nov,166.0,1,-1,0,unknown,no,0,1.0,adulto,Q4
2462,labeled,34,management,married,tertiary,no,444.0,no,yes,cellular,28,jul,118.0,4,-1,0,unknown,no,0,4.0,adulto_joven,Q3
2463,labeled,28,blue-collar,married,secondary,no,139.0,yes,no,cellular,12,may,147.0,5,-1,0,unknown,no,0,5.0,joven,Q2
2464,labeled,54,technician,divorced,secondary,no,1110.0,yes,no,cellular,30,jan,81.0,1,-1,0,unknown,no,0,1.0,adulto,Q1
2465,labeled,34,management,married,tertiary,no,3047.0,yes,no,cellular,13,may,469.0,1,-1,0,unknown,yes,0,1.0,adulto_joven,Q2
2466,leaderboard,21,student,single,secondary,no,688.0,no,no,cellular,20,aug,6.0,1,-1,0,unknown,,0,1.0,joven,Q3
2467,leaderboard,39,blue-collar,married,primary,no,1512.0,yes,no,cellular,11,may,299.0,2,-1,0,unknown,,0,2.0,adulto_joven,Q2
2468,leaderboard,31,admin.,single,secondary,no,2101.0,yes,no,cellular,3,jun,455.0,1,-1,0,unknown,,0,1.0,adulto_joven,Q2
2469,leaderboard,30,admin.,single,tertiary,no,267.0,no,no,cellular,19,oct,233.0,1,137,20,failure,,1,0.047619047619047616,joven,Q4
2470,leaderboard,24,blue-collar,single,secondary,no,440.0,yes,no,cellular,3,jun,108.0,12,-1,0,unknown,,0,12.0,joven,Q2
2471,leaderboard,39,management,divorced,tertiary,no,3582.0,no,yes,cellular,18,aug,74.0,3,-1,0,unknown,,0,3.0,adulto_joven,Q3
2472,leaderboard,30,self-employed,married,secondary,no,131.0,no,yes,cellular,17,jul,66.0,1,85,5,other,,1,0.16666666666666666,joven,Q3
2473,leaderboard,30,unemployed,married,secondary,no,1212.0,no,no,cellular,9,jul,100.0,4,-1,0,unknown,,0,4.0,joven,Q3
2474,leaderboard,41,retired,single,primary,no,0.0,no,no,cellular,8,may,239.0,1,368,2,failure,,1,0.3333333333333333,adulto_joven,Q2
2475,leaderboard,59,retired,divorced,secondary,no,325.0,no,no,cellular,24,jul,129.0,1,-1,0,unknown,,0,1.0,adulto,Q3
2476,leaderboard,49,technician,single,secondary,no,-106.0,yes,no,cellular,6,jun,92.0,2,-1,0,unknown,,0,2.0,adulto,Q2
2477,leaderboard,58,management,divorced,tertiary,no,1539.0,no,no,cellular,15,may,137.0,2,-1,0,unknown,,0,2.0,adulto,Q2
2478,leaderboard,33,technician,married,tertiary,no,13689.540000000003,yes,no,cellular,29,may,58.0,1,-1,0,unknown,,0,1.0,adulto_joven,Q2
2479,leaderboard,38,admin.,married,secondary,no,3725.0,yes,no,cellular,21,may,379.0,2,-1,0,unknown,,0,2.0,adulto_joven,Q2
2480,leaderboard,22,technician,single,secondary,no,335.0,no,yes,telephone,12,nov,129.0,1,-1,0,unknown,,0,1.0,joven,Q4
2481,leaderboard,38,services,married,secondary,no,0.0,yes,no,telephone,28,jul,121.0,2,-1,0,unknown,,0,2.0,adulto_joven,Q3
2482,leaderboard,56,management,single,secondary,no,242.0,yes,no,telephone,9,jul,236.0,4,-1,0,unknown,,0,4.0,adulto,Q3
2483,leaderboard,57,admin.,married,secondary,no,3926.0,no,no,cellular,13,oct,61.0,1,-1,0,unknown,,0,1.0,adulto,Q4
2484,leaderboard,29,management,married,tertiary,no,20.0,yes,no,cellular,12,may,418.0,1,-1,0,unknown,,0,1.0,joven,Q2
2485,leaderboard,52,technician,single,tertiary,no,1309.0,yes,no,cellular,29,may,361.0,1,-1,0,unknown,,0,1.0,adulto,Q2
2486,leaderboard,30,management,single,tertiary,no,6164.0,yes,no,cellular,27,may,152.0,11,-1,0,unknown,,0,11.0,joven,Q2
2487,leaderboard,40,management,married,tertiary,no,0.0,no,no,cellular,10,nov,147.0,1,96,8,success,,1,0.1111111111111111,adulto_joven,Q4
2488,leaderboard,44,management,single,tertiary,no,-620.4,yes,yes,cellular,15,may,104.0,10,-1,0,unknown,,0,10.0,adulto_joven,Q2
2489,leaderboard,36,management,married,tertiary,no,2996.0,yes,no,cellular,12,aug,307.0,1,-1,0,unknown,,0,1.0,adulto_joven,Q3
2490,leaderboard,41,management,married,tertiary,no,6553.0,no,no,cellular,27,aug,136.0,8,-1,0,unknown,,0,8.0,adulto_joven,Q3
2491,leaderboard,47,admin.,divorced,secondary,no,136.0,no,yes,cellular,23,jul,70.0,1,-1,0,unknown,,0,1.0,adulto,Q3
2492,leaderboard,32,unemployed,single,tertiary,no,332.0,yes,no,cellular,8,may,139.0,1,-1,0,unknown,,0,1.0,adulto_joven,Q2
2493,leaderboard,49,housemaid,married,tertiary,no,449.0,no,no,cellular,8,aug,27.0,6,-1,0,unknown,,0,6.0,adulto,Q3
2494,leaderboard,58,technician,married,secondary,no,7492.0,yes,no,cellular,13,may,325.0,1,-1,0,unknown,,0,1.0,adulto,Q2
2495,leaderboard,55,retired,married,primary,no,152.0,no,no,cellular,8,jul,124.0,1,-1,0,unknown,,0,1.0,adulto,Q3
2496,leaderboard,49,management,divorced,tertiary,no,760.0,no,no,cellular,31,jul,1031.94,4,-1,0,unknown,,0,4.0,adulto,Q3
2497,leaderboard,48,blue-collar,married,secondary,no,0.0,yes,no,cellular,26,may,105.0,1,-1,0,unknown,,0,1.0,adulto,Q2
2498,leaderboard,45,admin.,divorced,secondary,no,992.0,yes,no,telephone,30,jul,38.0,2,-1,0,unknown,,0,2.0,adulto_joven,Q3
2499,leaderboard,56,unemployed,divorced,primary,no,1763.0,no,no,cellular,5,feb,916.0,3,-1,0,unknown,,0,3.0,adulto,Q1
2500,leaderboard,48,management,married,primary,no,3221.0,yes,no,telephone,20,nov,207.0,3,-1,0,unknown,,0,3.0,adulto,Q4
2501,leaderboard,35,technician,married,secondary,no,1704.0,yes,no,cellular,2,jun,426.0,3,-1,0,unknown,,0,3.0,adulto_joven,Q2
2502,leaderboard,31,technician,single,secondary,no,49.0,no,no,cellular,7,aug,123.0,2,-1,0,unknown,,0,2.0,adulto_joven,Q3
2503,leaderboard,47,management,divorced,tertiary,no,446.0,no,yes,cellular,7,may,126.0,1,-1,0,unknown,,0,1.0,adulto,Q2
2504,leaderboard,31,technician,married,secondary,no,0.0,yes,yes,cellular,28,jan,71.0,1,223,9,other,,1,0.1,adulto_joven,Q1
2505,leaderboard,48,management,married,primary,no,246.0,yes,yes,cellular,14,may,145.0,1,-1,0,unknown,,0,1.0,adulto,Q2
2506,leaderboard,43,blue-collar,married,primary,no,765.0,yes,no,cellular,9,may,315.0,4,-1,0,unknown,,0,4.0,adulto_joven,Q2
2507,leaderboard,50,admin.,married,secondary,no,0.0,no,no,cellular,4,aug,86.0,4,-1,0,unknown,,0,4.0,adulto,Q3
2508,leaderboard,31,services,married,tertiary,no,318.0,yes,yes,cellular,7,may,294.0,1,-1,0,unknown,,0,1.0,adulto_joven,Q2
2509,leaderboard,45,entrepreneur,divorced,tertiary,no,1265.0,yes,yes,cellular,11,jun,197.0,3,-1,0,unknown,,0,3.0,adulto_joven,Q2
2510,leaderboard,44,admin.,married,secondary,no,5187.0,yes,yes,cellular,31,jul,18.0,7,-1,0,unknown,,0,7.0,adulto_joven,Q3
2511,leaderboard,26,blue-collar,single,primary,no,150.0,yes,no,cellular,29,jan,291.0,1,244,4,failure,,1,0.2,joven,Q1
2512,leaderboard,39,admin.,married,secondary,no,175.0,no,no,cellular,6,sep,36.0,1,-1,0,unknown,,0,1.0,adulto_joven,Q3
2513,leaderboard,45,management,married,tertiary,no,-190.0,yes,no,cellular,6,may,138.0,3,-1,0,unknown,,0,3.0,adulto_joven,Q2
2514,leaderboard,53,blue-collar,married,secondary,no,4377.0,no,no,telephone,19,aug,223.0,7,-1,0,unknown,,0,7.0,adulto,Q3
2515,leaderboard,40,services,single,secondary,no,69.0,yes,no,cellular,15,may,15.0,3,-1,0,unknown,,0,3.0,adulto_joven,Q2
2516,leaderboard,52,services,married,secondary,no,2071.0,no,no,cellular,10,jul,224.0,1,-1,0,unknown,,0,1.0,adulto,Q3
2517,leaderboard,38,entrepreneur,married,tertiary,no,6702.0,yes,no,cellular,21,may,205.0,2,-1,0,unknown,,0,2.0,adulto_joven,Q2
2518,leaderboard,40,management,married,tertiary,no,10776.0,no,no,cellular,20,jun,111.0,3,-1,0,unknown,,0,3.0,adulto_joven,Q2
2519,leaderboard,34,blue-collar,married,secondary,no,513.0,yes,yes,cellular,2,jun,26.0,1,-1,0,unknown,,0,1.0,adulto_joven,Q2
2520,leaderboard,42,admin.,married,secondary,no,315.0,yes,yes,cellular,8,may,280.0,2,-1,0,unknown,,0,2.0,adulto_joven,Q2
2521,leaderboard,28,services,single,secondary,no,160.0,no,no,cellular,1,jun,347.0,3,140,2,success,,1,1.0,joven,Q2
2522,leaderboard,42,admin.,divorced,secondary,no,55.0,no,no,cellular,16,may,88.0,6,-1,0,unknown,,0,6.0,adulto_joven,Q2
2523,leaderboard,41,admin.,married,secondary,no,2983.0,yes,no,cellular,22,jul,24.0,12,-1,0,unknown,,0,12.0,adulto_joven,Q3
2524,leaderboard,42,housemaid,married,primary,no,77.0,no,yes,cellular,7,aug,184.0,1,-1,0,unknown,,0,1.0,adulto_joven,Q3
2525,leaderboard,51,technician,divorced,secondary,no,2329.0,yes,yes,cellular,18,aug,151.0,10,-1,0,unknown,,0,10.0,adulto,Q3
2526,leaderboard,33,blue-collar,married,primary,no,318.0,yes,no,cellular,13,may,217.0,2,-1,0,unknown,,0,2.0,adulto_joven,Q2
2527,leaderboard,52,technician,married,secondary,no,12.0,yes,no,cellular,13,may,420.0,1,-1,0,unknown,,0,1.0,adulto,Q2
2528,leaderboard,36,management,single,tertiary,no,-620.4,yes,yes,cellular,7,may,172.0,1,93,1,failure,,1,0.5,adulto_joven,Q2
2529,leaderboard,44,management,divorced,tertiary,no,0.0,no,no,cellular,10,aug,71.0,1,-1,0,unknown,,0,1.0,adulto_joven,Q3
2530,leaderboard,34,blue-collar,single,secondary,no,-64.0,yes,no,cellular,7,jul,273.0,5,-1,0,unknown,,0,5.0,adulto_joven,Q3
2531,leaderboard,54,blue-collar,married,secondary,no,450.0,yes,yes,cellular,5,aug,98.0,1,-1,0,unknown,,0,1.0,adulto,Q3
2532,leaderboard,26,services,divorced,secondary,no,70.0,yes,no,cellular,23,may,106.0,6,-1,0,unknown,,0,6.0,joven,Q2
2533,leaderboard,36,management,married,tertiary,no,0.0,yes,no,cellular,28,jan,60.0,1,250,1,other,,1,0.5,adulto_joven,Q1
2534,leaderboard,53,technician,married,secondary,no,623.0,no,no,cellular,17,jun,198.0,6,-1,0,unknown,,0,6.0,adulto,Q2
2535,leaderboard,49,management,divorced,tertiary,no,2369.0,yes,yes,cellular,17,nov,56.0,1,103,2,other,,1,0.3333333333333333,adulto,Q4
2536,leaderboard,32,blue-collar,married,secondary,no,16.0,yes,no,cellular,17,apr,334.0,2,-1,0,unknown,,0,2.0,adulto_joven,Q2
2537,leaderboard,46,entrepreneur,married,tertiary,no,2253.0,no,no,telephone,14,jul,44.0,14,-1,0,unknown,,0,14.0,adulto,Q3
2538,leaderboard,41,entrepreneur,married,secondary,no,85.0,yes,no,cellular,6,may,333.0,2,-1,0,unknown,,0,2.0,adulto_joven,Q2
2539,leaderboard,38,admin.,married,secondary,no,3194.0,yes,no,cellular,20,jun,20.0,2,-1,0,unknown,,0,2.0,adulto_joven,Q2
2540,leaderboard,56,management,married,primary,no,768.0,yes,no,telephone,20,nov,291.0,1,-1,0,unknown,,0,1.0,adulto,Q4
2541,leaderboard,30,management,married,tertiary,no,1473.0,yes,yes,cellular,3,jun,199.0,4,-1,0,unknown,,0,4.0,joven,Q2
2542,leaderboard,57,blue-collar,married,secondary,no,13689.540000000003,no,no,cellular,11,aug,231.0,5,-1,0,unknown,,0,5.0,adulto,Q3
2543,leaderboard,55,admin.,married,secondary,no,0.0,no,no,cellular,23,sep,180.0,2,238,3,success,,1,0.5,adulto,Q3
2544,leaderboard,47,housemaid,married,primary,no,201.0,yes,no,cellular,7,aug,58.0,2,382,1,failure,,1,1.0,adulto,Q3
2545,leaderboard,36,self-employed,married,tertiary,no,303.0,yes,no,cellular,14,may,341.0,1,330,2,other,,1,0.3333333333333333,adulto_joven,Q2
2546,leaderboard,31,blue-collar,married,secondary,no,889.0,yes,no,cellular,20,may,26.0,2,-1,0,unknown,,0,2.0,adulto_joven,Q2
2547,leaderboard,33,admin.,married,secondary,no,2.0,yes,no,cellular,7,may,566.0,2,-1,0,unknown,,0,2.0,adulto_joven,Q2
2548,leaderboard,27,self-employed,married,secondary,no,-229.0,yes,no,cellular,26,may,138.0,2,-1,0,unknown,,0,2.0,joven,Q2
2549,leaderboard,59,services,married,secondary,no,206.0,no,no,cellular,23,jul,286.0,2,-1,0,unknown,,0,2.0,adulto,Q3
2550,leaderboard,49,blue-collar,married,secondary,no,8552.0,yes,yes,cellular,6,may,199.0,7,167,1,failure,,1,3.5,adulto,Q2
2551,leaderboard,52,entrepreneur,married,secondary,no,0.0,no,no,cellular,7,aug,82.0,2,-1,0,unknown,,0,2.0,adulto,Q3
2552,leaderboard,34,unemployed,single,secondary,no,0.0,no,no,cellular,17,nov,63.0,2,-1,0,unknown,,0,2.0,adulto_joven,Q4
2553,leaderboard,47,services,married,secondary,no,0.0,yes,no,telephone,9,jul,250.0,1,-1,0,unknown,,0,1.0,adulto,Q3
2554,leaderboard,53,blue-collar,married,primary,no,23.0,yes,no,cellular,6,may,266.0,3,-1,0,unknown,,0,3.0,adulto,Q2
2555,leaderboard,50,admin.,divorced,secondary,no,1103.0,yes,no,cellular,17,apr,50.0,1,-1,0,unknown,,0,1.0,adulto,Q2
2556,leaderboard,33,blue-collar,single,secondary,no,702.0,no,no,cellular,6,feb,860.0,2,-1,0,unknown,,0,2.0,adulto_joven,Q1
2557,leaderboard,36,services,single,secondary,no,760.0,no,no,cellular,20,jun,9.0,13,-1,0,unknown,,0,13.0,adulto_joven,Q2
2558,leaderboard,37,blue-collar,married,primary,no,387.0,yes,no,cellular,9,may,514.0,1,-1,0,unknown,,0,1.0,adulto_joven,Q2
2559,leaderboard,38,blue-collar,married,secondary,no,530.0,yes,yes,cellular,23,may,553.0,2,-1,0,unknown,,0,2.0,adulto_joven,Q2
2560,leaderboard,48,technician,married,secondary,no,7028.0,no,no,cellular,6,aug,80.0,2,-1,0,unknown,,0,2.0,adulto,Q3
2561,leaderboard,34,blue-collar,married,secondary,no,50.0,yes,no,cellular,6,may,34.0,9,-1,0,unknown,,0,9.0,adulto_joven,Q2
2562,leaderboard,36,management,married,tertiary,no,867.0,yes,no,cellular,20,may,294.0,15,-1,0,unknown,,0,15.0,adulto_joven,Q2
2563,leaderboard,49,management,divorced,tertiary,no,1901.0,no,yes,cellular,17,nov,131.0,2,-1,0,unknown,,0,2.0,adulto,Q4
2564,leaderboard,48,unemployed,divorced,secondary,no,1257.0,yes,no,telephone,3,feb,45.0,1,-1,0,unknown,,0,1.0,adulto,Q1
2565,leaderboard,44,blue-collar,married,primary,no,-21.0,yes,no,cellular,9,may,13.0,1,-1,0,unknown,,0,1.0,adulto_joven,Q2
2566,leaderboard,43,admin.,married,secondary,no,133.0,no,no,cellular,19,aug,574.0,1,84,3,success,,1,0.25,adulto_joven,Q3
2567,leaderboard,24,blue-collar,single,secondary,no,70.0,yes,no,cellular,16,may,236.0,2,-1,0,unknown,,0,2.0,joven,Q2
2568,leaderboard,53,management,married,tertiary,no,46.0,no,no,cellular,28,aug,51.0,9,-1,0,unknown,,0,9.0,adulto,Q3
2569,leaderboard,41,technician,married,secondary,no,2133.0,yes,yes,cellular,21,nov,285.0,3,116,4,failure,,1,0.6,adulto_joven,Q4
2570,leaderboard,49,blue-collar,married,primary,no,1027.0,yes,no,cellular,2,jun,41.0,5,-1,0,unknown,,0,5.0,adulto,Q2
2571,leaderboard,32,management,married,secondary,no,357.0,yes,no,cellular,28,may,110.0,2,-1,0,unknown,,0,2.0,adulto_joven,Q2
2572,leaderboard,56,services,divorced,secondary,no,1874.0,yes,no,cellular,30,may,86.0,1,-1,0,unknown,,0,1.0,adulto,Q2
2573,leaderboard,43,management,single,secondary,no,1025.0,yes,no,cellular,2,jun,145.0,1,-1,0,unknown,,0,1.0,adulto_joven,Q2
2574,leaderboard,25,self-employed,single,tertiary,no,460.0,yes,no,cellular,17,jul,134.0,1,-1,0,unknown,,0,1.0,joven,Q3
2575,leaderboard,38,blue-collar,married,secondary,no,1654.0,yes,no,cellular,13,apr,217.0,3,327,1,failure,,1,1.5,adulto_joven,Q2
2576,leaderboard,30,management,single,tertiary,yes,34.0,no,no,cellular,30,jul,185.0,4,-1,0,unknown,,0,4.0,joven,Q3
2577,leaderboard,53,technician,divorced,secondary,no,0.0,yes,yes,cellular,15,jul,135.0,5,-1,0,unknown,,0,5.0,adulto,Q3
2578,leaderboard,51,blue-collar,married,primary,no,1456.0,yes,no,cellular,7,may,406.0,2,-1,0,unknown,,0,2.0,adulto,Q2
2579,leaderboard,33,admin.,divorced,secondary,no,821.0,yes,yes,cellular,16,apr,301.0,3,-1,0,unknown,,0,3.0,adulto_joven,Q2
2580,leaderboard,40,management,married,tertiary,no,1727.0,yes,no,cellular,2,jun,169.0,1,-1,0,unknown,,0,1.0,adulto_joven,Q2
2581,leaderboard,57,retired,married,primary,no,73.0,no,no,cellular,28,aug,118.0,2,-1,0,unknown,,0,2.0,adulto,Q3
2582,leaderboard,30,technician,single,tertiary,no,69.0,yes,yes,cellular,7,may,306.0,5,-1,0,unknown,,0,5.0,joven,Q2
2583,leaderboard,34,technician,married,secondary,no,1639.0,yes,no,cellular,17,apr,380.0,1,-1,0,unknown,,0,1.0,adulto_joven,Q2
2584,leaderboard,52,self-employed,married,secondary,no,1.0,no,yes,cellular,6,jun,44.0,1,-1,0,unknown,,0,1.0,adulto,Q2
2585,leaderboard,33,blue-collar,married,secondary,no,691.0,yes,no,cellular,14,may,72.0,2,370,1,failure,,1,1.0,adulto_joven,Q2
2586,leaderboard,43,management,married,tertiary,no,491.0,yes,no,cellular,8,may,130.0,1,172,2,other,,1,0.3333333333333333,adulto_joven,Q2
2587,leaderboard,57,management,married,tertiary,no,2415.0,no,no,cellular,11,aug,74.0,2,-1,0,unknown,,0,2.0,adulto,Q3
2588,leaderboard,27,technician,single,secondary,no,242.0,yes,no,cellular,12,may,13.0,5,-1,0,unknown,,0,5.0,joven,Q2
2589,leaderboard,40,self-employed,married,tertiary,no,651.0,no,no,cellular,18,nov,147.0,3,-1,0,unknown,,0,3.0,adulto_joven,Q4
2590,leaderboard,54,services,married,secondary,no,166.0,yes,no,cellular,19,may,198.0,1,-1,0,unknown,,0,1.0,adulto,Q2
2591,leaderboard,31,self-employed,married,tertiary,no,1139.0,no,no,cellular,6,feb,174.0,2,-1,0,unknown,,0,2.0,adulto_joven,Q1
2592,leaderboard,34,management,married,tertiary,no,0.0,yes,no,cellular,8,may,214.0,2,-1,0,unknown,,0,2.0,adulto_joven,Q2
2593,leaderboard,26,student,single,secondary,no,-139.0,no,no,cellular,4,jun,95.0,2,-1,0,unknown,,0,2.0,joven,Q2
2594,leaderboard,55,admin.,married,secondary,no,1100.0,yes,no,cellular,15,may,126.0,2,-1,0,unknown,,0,2.0,adulto,Q2
2595,leaderboard,38,management,married,secondary,no,3574.0,no,no,cellular,25,nov,349.0,2,183,1,success,,1,1.0,adulto_joven,Q4
2596,leaderboard,42,admin.,married,secondary,no,0.0,no,no,cellular,19,jun,370.0,1,-1,0,unknown,,0,1.0,adulto_joven,Q2
2597,leaderboard,60,self-employed,single,secondary,no,19.0,no,no,cellular,22,aug,40.0,2,-1,0,unknown,,0,2.0,adulto,Q3
2598,leaderboard,37,technician,married,secondary,no,423.0,no,no,cellular,27,aug,154.0,4,-1,0,unknown,,0,4.0,adulto_joven,Q3
2599,leaderboard,52,technician,married,secondary,no,3552.0,no,yes,cellular,8,jul,89.0,1,-1,0,unknown,,0,1.0,adulto,Q3
2600,leaderboard,28,management,single,tertiary,no,1020.0,yes,no,cellular,14,may,433.0,1,-1,0,unknown,,0,1.0,joven,Q2
2601,leaderboard,34,admin.,single,secondary,no,853.0,no,no,cellular,14,apr,108.0,2,-1,0,unknown,,0,2.0,adulto_joven,Q2
2602,leaderboard,32,admin.,single,secondary,no,2811.0,yes,no,cellular,21,nov,195.0,1,-1,0,unknown,,0,1.0,adulto_joven,Q4
2603,leaderboard,51,blue-collar,married,primary,no,870.0,no,no,cellular,8,aug,82.0,2,-1,0,unknown,,0,2.0,adulto,Q3
2604,leaderboard,29,blue-collar,married,secondary,no,226.0,yes,no,cellular,11,may,12.0,8,342,9,failure,,1,0.8,joven,Q2
2605,leaderboard,40,management,married,tertiary,no,8978.0,yes,no,cellular,17,nov,153.0,1,-1,0,unknown,,0,1.0,adulto_joven,Q4
2606,leaderboard,46,management,divorced,secondary,no,-620.4,no,yes,cellular,29,aug,728.0,2,-1,0,unknown,,0,2.0,adulto,Q3
2607,leaderboard,59,management,married,secondary,no,44.0,no,no,cellular,21,nov,40.0,1,-1,0,unknown,,0,1.0,adulto,Q4
2608,leaderboard,31,admin.,married,secondary,no,89.0,yes,yes,cellular,8,aug,189.0,2,-1,0,unknown,,0,2.0,adulto_joven,Q3
2609,leaderboard,52,blue-collar,married,secondary,no,60.0,no,yes,cellular,26,aug,196.0,2,-1,0,unknown,,0,2.0,adulto,Q3
2610,leaderboard,38,blue-collar,married,secondary,no,358.0,yes,no,cellular,11,jun,601.0,1,-1,0,unknown,,0,1.0,adulto_joven,Q2
2611,leaderboard,37,management,married,tertiary,no,0.0,no,no,cellular,16,jul,268.0,2,182,3,success,,1,0.5,adulto_joven,Q3
2612,leaderboard,40,self-employed,married,tertiary,no,13677.0,no,no,cellular,15,oct,138.0,1,136,8,other,,1,0.1111111111111111,adulto_joven,Q4
2613,leaderboard,28,blue-collar,single,primary,no,0.0,yes,yes,cellular,3,jun,380.0,4,-1,0,unknown,,0,4.0,joven,Q2
2614,leaderboard,32,admin.,married,secondary,no,73.0,yes,no,cellular,21,may,189.0,2,-1,0,unknown,,0,2.0,adulto_joven,Q2
2615,leaderboard,50,blue-collar,married,primary,no,1161.0,yes,no,cellular,8,may,166.0,2,-1,0,unknown,,0,2.0,adulto,Q2
2616,leaderboard,58,blue-collar,married,primary,no,0.0,yes,no,cellular,29,may,535.0,2,-1,0,unknown,,0,2.0,adulto,Q2
2617,leaderboard,48,blue-collar,married,secondary,no,-196.0,yes,yes,cellular,30,jul,225.0,4,-1,0,unknown,,0,4.0,adulto,Q3
2618,leaderboard,53,entrepreneur,married,tertiary,no,13689.540000000003,yes,no,cellular,15,may,106.0,1,-1,0,unknown,,0,1.0,adulto,Q2
2619,leaderboard,33,blue-collar,married,secondary,no,-349.0,yes,yes,cellular,23,may,29.0,3,-1,0,unknown,,0,3.0,adulto_joven,Q2
2620,leaderboard,31,technician,single,secondary,no,1016.0,yes,no,cellular,23,jul,158.0,4,-1,0,unknown,,0,4.0,adulto_joven,Q3
2621,leaderboard,55,entrepreneur,divorced,tertiary,no,0.0,no,no,cellular,6,jun,108.0,2,-1,0,unknown,,0,2.0,adulto,Q2
2622,leaderboard,54,technician,divorced,secondary,no,789.0,yes,yes,cellular,15,may,579.0,1,-1,0,unknown,,0,1.0,adulto,Q2
2623,leaderboard,29,admin.,single,secondary,no,420.0,yes,yes,cellular,7,may,54.0,1,345,2,failure,,1,0.3333333333333333,joven,Q2
2624,leaderboard,34,management,single,tertiary,no,308.0,yes,no,cellular,9,may,133.0,2,-1,0,unknown,,0,2.0,adulto_joven,Q2
2625,leaderboard,44,management,married,secondary,no,420.0,yes,no,telephone,14,may,7.0,7,-1,0,unknown,,0,7.0,adulto_joven,Q2
2626,leaderboard,38,services,married,secondary,no,425.0,yes,no,cellular,23,may,193.0,2,-1,0,unknown,,0,2.0,adulto_joven,Q2
2627,leaderboard,31,technician,divorced,secondary,no,198.0,yes,no,cellular,18,jul,146.0,1,-1,0,unknown,,0,1.0,adulto_joven,Q3
2628,leaderboard,41,technician,married,secondary,no,357.0,yes,no,cellular,9,jul,175.0,1,-1,0,unknown,,0,1.0,adulto_joven,Q3
2629,leaderboard,31,blue-collar,married,secondary,no,-127.0,yes,no,cellular,17,jul,231.0,2,-1,0,unknown,,0,2.0,adulto_joven,Q3
2630,leaderboard,45,admin.,married,secondary,no,-384.0,yes,no,cellular,14,jul,175.0,2,-1,0,unknown,,0,2.0,adulto_joven,Q3
2631,leaderboard,56,management,divorced,tertiary,no,667.0,no,yes,cellular,2,jun,56.0,1,-1,0,unknown,,0,1.0,adulto,Q2
2632,leaderboard,51,management,married,tertiary,no,-24.0,no,no,cellular,25,jul,212.0,2,-1,0,unknown,,0,2.0,adulto,Q3
2633,leaderboard,43,blue-collar,married,primary,no,7336.0,yes,no,cellular,2,jun,217.0,4,-1,0,unknown,,0,4.0,adulto_joven,Q2
2634,leaderboard,35,blue-collar,married,secondary,no,1248.0,yes,no,cellular,20,apr,93.0,3,329,7,failure,,1,0.375,adulto_joven,Q2
2635,leaderboard,38,technician,single,secondary,no,177.0,no,no,cellular,29,aug,150.0,4,-1,0,unknown,,0,4.0,adulto_joven,Q3
2636,leaderboard,84,retired,divorced,primary,no,636.0,no,no,telephone,18,may,353.0,3,-1,0,unknown,,0,3.0,senior,Q2
2637,leaderboard,41,unemployed,divorced,secondary,no,1287.0,no,no,cellular,31,jul,45.0,3,-1,0,unknown,,0,3.0,adulto_joven,Q3
2638,leaderboard,30,blue-collar,married,secondary,no,116.0,yes,no,cellular,29,may,238.0,2,-1,0,unknown,,0,2.0,joven,Q2
2639,leaderboard,27,services,single,secondary,no,261.0,yes,yes,cellular,18,may,113.0,1,-1,0,unknown,,0,1.0,joven,Q2
2640,leaderboard,40,management,married,tertiary,no,1220.0,yes,yes,cellular,18,nov,155.0,1,-1,0,unknown,,0,1.0,adulto_joven,Q4
2641,leaderboard,56,blue-collar,married,primary,no,413.0,yes,no,cellular,9,may,76.0,1,-1,0,unknown,,0,1.0,adulto,Q2
2642,leaderboard,33,blue-collar,married,secondary,no,1127.0,yes,no,cellular,23,may,304.0,2,-1,0,unknown,,0,2.0,adulto_joven,Q2
2643,leaderboard,31,technician,single,secondary,no,389.0,no,no,cellular,13,aug,336.0,2,-1,0,unknown,,0,2.0,adulto_joven,Q3
2644,leaderboard,39,self-employed,married,secondary,no,38.0,yes,no,cellular,20,nov,61.0,2,181,4,failure,,1,0.4,adulto_joven,Q4
2645,leaderboard,54,management,divorced,tertiary,no,3223.0,no,no,cellular,14,aug,67.0,2,-1,0,unknown,,0,2.0,adulto,Q3
2646,leaderboard,57,retired,married,secondary,no,1616.0,yes,no,cellular,19,jun,108.0,1,-1,0,unknown,,0,1.0,adulto,Q2
2647,leaderboard,54,retired,married,secondary,no,3661.0,no,no,cellular,11,jun,67.0,3,-1,0,unknown,,0,3.0,adulto,Q2
2648,leaderboard,46,management,divorced,tertiary,no,19.0,no,no,cellular,17,jun,564.0,2,-1,0,unknown,,0,2.0,adulto,Q2
2649,leaderboard,51,entrepreneur,divorced,tertiary,no,13.0,yes,yes,cellular,20,apr,74.0,5,-1,0,unknown,,0,5.0,adulto,Q2
2650,leaderboard,32,unemployed,married,secondary,no,2394.0,yes,yes,cellular,5,feb,450.0,3,-1,0,unknown,,0,3.0,adulto_joven,Q1
2651,leaderboard,42,blue-collar,married,primary,no,0.0,yes,yes,cellular,7,may,209.0,2,-1,0,unknown,,0,2.0,adulto_joven,Q2
2652,leaderboard,34,admin.,married,secondary,no,470.0,yes,no,cellular,7,may,559.0,1,-1,0,unknown,,0,1.0,adulto_joven,Q2
2653,leaderboard,45,management,divorced,tertiary,no,0.0,no,no,cellular,1,jun,5.0,1,-1,0,unknown,,0,1.0,adulto_joven,Q2
2654,leaderboard,36,technician,divorced,secondary,no,5965.0,yes,no,cellular,18,nov,138.0,2,-1,0,unknown,,0,2.0,adulto_joven,Q4
2655,leaderboard,26,self-employed,single,tertiary,no,1146.0,no,no,cellular,4,may,238.0,3,-1,0,unknown,,0,3.0,joven,Q2
2656,leaderboard,36,blue-collar,married,secondary,no,767.0,yes,no,cellular,6,may,185.0,3,-1,0,unknown,,0,3.0,adulto_joven,Q2
2657,leaderboard,46,blue-collar,married,primary,no,1295.0,yes,no,cellular,14,may,142.0,3,259,17,failure,,1,0.16666666666666666,adulto,Q2
2658,leaderboard,54,blue-collar,married,secondary,no,1296.0,yes,no,cellular,5,may,266.0,1,-1,0,unknown,,0,1.0,adulto,Q2
2659,leaderboard,53,retired,married,secondary,no,6101.0,yes,yes,cellular,14,may,410.0,5,-1,0,unknown,,0,5.0,adulto,Q2
2660,leaderboard,37,entrepreneur,married,tertiary,no,7938.0,no,no,cellular,21,nov,102.0,1,-1,0,unknown,,0,1.0,adulto_joven,Q4
2661,leaderboard,38,technician,single,secondary,no,53.0,no,no,cellular,29,aug,98.0,2,-1,0,unknown,,0,2.0,adulto_joven,Q3
2662,leaderboard,35,services,married,secondary,no,0.0,no,yes,telephone,9,jul,42.0,1,-1,0,unknown,,0,1.0,adulto_joven,Q3
2663,leaderboard,34,management,married,tertiary,no,421.0,no,yes,cellular,23,jul,361.0,2,-1,0,unknown,,0,2.0,adulto_joven,Q3
2664,leaderboard,59,management,divorced,tertiary,no,7809.0,yes,no,cellular,21,nov,75.0,1,-1,0,unknown,,0,1.0,adulto,Q4
2665,leaderboard,33,housemaid,married,primary,no,211.0,yes,no,cellular,11,jul,260.0,2,-1,0,unknown,,0,2.0,adulto_joven,Q3
2666,leaderboard,87,retired,married,primary,no,230.0,no,no,cellular,30,oct,144.0,1,-1,0,unknown,,0,1.0,senior,Q4
2667,leaderboard,35,blue-collar,single,primary,no,302.0,yes,no,cellular,30,may,521.0,2,-1,0,unknown,,0,2.0,adulto_joven,Q2
2668,leaderboard,46,blue-collar,married,secondary,no,0.0,yes,no,cellular,8,may,264.0,2,-1,0,unknown,,0,2.0,adulto,Q2
2669,leaderboard,61,self-employed,divorced,tertiary,no,6605.0,no,no,cellular,24,feb,481.0,2,-1,0,unknown,,0,2.0,senior,Q1
2670,leaderboard,31,management,single,tertiary,no,382.0,yes,no,cellular,21,may,304.0,1,-1,0,unknown,,0,1.0,adulto_joven,Q2
2671,leaderboard,43,admin.,married,secondary,no,-459.0,yes,yes,cellular,23,jul,166.0,1,-1,0,unknown,,0,1.0,adulto_joven,Q3
2672,leaderboard,41,housemaid,single,secondary,no,223.0,no,no,cellular,9,jul,76.0,2,-1,0,unknown,,0,2.0,adulto_joven,Q3
2673,leaderboard,36,technician,divorced,tertiary,no,1166.0,yes,no,cellular,18,nov,192.0,2,-1,0,unknown,,0,2.0,adulto_joven,Q4
2674,leaderboard,48,services,single,secondary,no,5090.0,yes,no,cellular,16,jun,71.0,1,-1,0,unknown,,0,1.0,adulto,Q2
2675,leaderboard,43,management,divorced,tertiary,no,397.0,yes,no,cellular,8,may,1031.94,2,-1,0,unknown,,0,2.0,adulto_joven,Q2
2676,leaderboard,51,retired,married,secondary,no,43.0,no,yes,cellular,8,jul,123.0,4,-1,0,unknown,,0,4.0,adulto,Q3
2677,leaderboard,30,management,married,tertiary,no,3142.0,yes,no,cellular,17,jul,124.0,1,-1,0,unknown,,0,1.0,joven,Q3
2678,leaderboard,34,admin.,married,secondary,no,5317.0,no,no,cellular,3,mar,114.0,6,467,5,other,,1,1.0,adulto_joven,Q1
2679,leaderboard,38,technician,married,tertiary,no,434.0,yes,no,cellular,15,may,10.0,2,373,1,other,,1,1.0,adulto_joven,Q2
2680,leaderboard,45,admin.,married,secondary,no,1775.0,no,no,cellular,20,jun,11.0,11,-1,0,unknown,,0,11.0,adulto_joven,Q2
2681,leaderboard,51,management,married,tertiary,no,634.0,yes,no,cellular,5,may,138.0,1,-1,0,unknown,,0,1.0,adulto,Q2
2682,leaderboard,42,technician,married,secondary,no,0.0,no,no,cellular,29,aug,82.0,12,-1,0,unknown,,0,12.0,adulto_joven,Q3
2683,leaderboard,46,entrepreneur,married,secondary,no,235.0,yes,no,cellular,9,may,332.0,2,-1,0,unknown,,0,2.0,adulto,Q2
2684,leaderboard,32,management,single,tertiary,no,11788.0,yes,no,cellular,11,aug,95.0,2,-1,0,unknown,,0,2.0,adulto_joven,Q3
2685,leaderboard,57,blue-collar,married,secondary,no,2890.0,no,no,cellular,21,aug,819.0,10,-1,0,unknown,,0,10.0,adulto,Q3
2686,leaderboard,47,blue-collar,married,secondary,no,1201.0,yes,no,cellular,17,apr,239.0,2,-1,0,unknown,,0,2.0,adulto,Q2
2687,leaderboard,36,blue-collar,married,secondary,no,1.0,no,no,cellular,20,jun,41.0,7,-1,0,unknown,,0,7.0,adulto_joven,Q2
2688,leaderboard,41,blue-collar,married,primary,no,1178.0,yes,no,cellular,15,may,153.0,1,-1,0,unknown,,0,1.0,adulto_joven,Q2
2689,leaderboard,34,blue-collar,married,secondary,no,241.0,yes,yes,cellular,26,may,193.0,5,-1,0,unknown,,0,5.0,adulto_joven,Q2
2690,leaderboard,42,self-employed,married,tertiary,no,1924.0,yes,no,cellular,16,may,192.0,32,-1,0,unknown,,0,32.0,adulto_joven,Q2
2691,leaderboard,59,housemaid,married,tertiary,no,0.0,no,yes,cellular,29,jul,376.0,2,-1,0,unknown,,0,2.0,adulto,Q3
2692,leaderboard,53,management,married,secondary,no,67.0,no,yes,telephone,8,jul,141.0,1,-1,0,unknown,,0,1.0,adulto,Q3
2693,leaderboard,32,self-employed,married,tertiary,no,3607.0,no,no,cellular,22,aug,171.0,15,-1,0,unknown,,0,15.0,adulto_joven,Q3
2694,leaderboard,33,technician,single,secondary,no,654.0,yes,yes,cellular,4,feb,124.0,1,273,1,other,,1,0.5,adulto_joven,Q1
2695,leaderboard,53,self-employed,married,tertiary,no,449.0,yes,no,cellular,2,feb,125.0,1,249,2,failure,,1,0.3333333333333333,adulto,Q1
2696,leaderboard,35,technician,single,secondary,no,0.0,no,no,cellular,11,aug,239.0,4,-1,0,unknown,,0,4.0,adulto_joven,Q3
2697,leaderboard,59,self-employed,married,tertiary,no,2019.0,no,no,cellular,19,feb,222.0,4,94,2,success,,1,1.3333333333333333,adulto,Q1
2698,leaderboard,50,housemaid,married,secondary,no,7314.0,yes,no,cellular,13,may,172.0,1,370,1,failure,,1,0.5,adulto,Q2
2699,leaderboard,70,retired,divorced,primary,no,4525.0,no,no,cellular,18,may,445.0,1,-1,0,unknown,,0,1.0,senior,Q2
2700,leaderboard,52,admin.,married,secondary,no,391.0,yes,no,cellular,15,may,391.0,3,-1,0,unknown,,0,3.0,adulto,Q2
2701,leaderboard,37,management,married,tertiary,no,767.0,no,yes,cellular,2,feb,204.0,1,-1,0,unknown,,0,1.0,adulto_joven,Q1
2702,leaderboard,41,self-employed,single,tertiary,no,3941.0,yes,no,cellular,30,may,96.0,2,-1,0,unknown,,0,2.0,adulto_joven,Q2
2703,leaderboard,31,admin.,married,secondary,no,307.0,yes,no,cellular,17,apr,279.0,1,-1,0,unknown,,0,1.0,adulto_joven,Q2
2704,leaderboard,25,services,single,secondary,no,-362.0,no,no,cellular,15,jul,246.0,1,-1,0,unknown,,0,1.0,joven,Q3
2705,leaderboard,47,technician,divorced,secondary,no,2918.0,yes,no,cellular,18,aug,405.0,13,-1,0,unknown,,0,13.0,adulto,Q3
2706,leaderboard,35,technician,married,secondary,no,141.0,yes,no,cellular,19,aug,299.0,2,-1,0,unknown,,0,2.0,adulto_joven,Q3
2707,leaderboard,37,blue-collar,married,secondary,no,-75.0,no,no,cellular,2,feb,157.0,1,-1,0,unknown,,0,1.0,adulto_joven,Q1
2708,leaderboard,38,entrepreneur,married,tertiary,no,167.0,yes,no,cellular,18,may,442.0,1,-1,0,unknown,,0,1.0,adulto_joven,Q2
2709,leaderboard,33,blue-collar,single,secondary,no,5140.0,yes,no,cellular,6,may,123.0,1,-1,0,unknown,,0,1.0,adulto_joven,Q2
2710,leaderboard,46,technician,married,secondary,no,2094.0,no,no,cellular,7,aug,110.0,2,-1,0,unknown,,0,2.0,adulto,Q3
2711,leaderboard,32,unemployed,married,secondary,no,2.0,yes,no,cellular,6,may,501.0,4,-1,0,unknown,,0,4.0,adulto_joven,Q2
2712,leaderboard,34,entrepreneur,married,tertiary,no,110.0,yes,no,cellular,28,may,249.0,2,-1,0,unknown,,0,2.0,adulto_joven,Q2
2713,leaderboard,53,blue-collar,single,secondary,no,0.0,no,no,cellular,12,may,140.0,7,-1,0,unknown,,0,7.0,adulto,Q2
2714,leaderboard,40,services,married,secondary,no,1323.0,no,no,cellular,11,jun,150.0,2,-1,0,unknown,,0,2.0,adulto_joven,Q2
2715,leaderboard,53,management,married,tertiary,no,1317.0,yes,no,cellular,16,apr,427.0,1,150,1,failure,,1,0.5,adulto,Q2
2716,leaderboard,34,technician,single,secondary,no,310.0,no,yes,cellular,25,jul,239.0,5,-1,0,unknown,,0,5.0,adulto_joven,Q3
2717,leaderboard,32,blue-collar,married,secondary,no,-73.0,yes,no,cellular,30,may,198.0,1,-1,0,unknown,,0,1.0,adulto_joven,Q2
2718,leaderboard,47,self-employed,married,tertiary,no,4538.0,yes,no,cellular,14,may,162.0,1,-1,0,unknown,,0,1.0,adulto,Q2
2719,leaderboard,36,management,married,secondary,no,86.0,yes,no,cellular,30,may,251.0,3,-1,0,unknown,,0,3.0,adulto_joven,Q2
2720,leaderboard,45,blue-collar,married,secondary,no,776.0,yes,no,cellular,6,feb,232.0,4,253,1,failure,,1,2.0,adulto_joven,Q1
2721,leaderboard,29,technician,single,tertiary,no,223.0,yes,no,cellular,12,apr,169.0,1,-1,0,unknown,,0,1.0,joven,Q2
2722,leaderboard,34,management,married,tertiary,no,-309.0,yes,no,cellular,30,apr,140.0,2,-1,0,unknown,,0,2.0,adulto_joven,Q2
2723,leaderboard,35,management,married,tertiary,no,85.0,no,no,cellular,4,may,198.0,2,88,1,other,,1,1.0,adulto_joven,Q2
2724,leaderboard,27,housemaid,married,primary,no,0.0,yes,no,cellular,23,jul,435.0,3,-1,0,unknown,,0,3.0,joven,Q3
2725,leaderboard,50,management,divorced,tertiary,no,352.0,no,no,cellular,8,may,198.0,2,358,5,other,,1,0.3333333333333333,adulto,Q2
2726,leaderboard,39,entrepreneur,married,secondary,no,104.0,yes,no,telephone,15,may,59.0,3,367,1,other,,1,1.5,adulto_joven,Q2
2727,leaderboard,46,technician,married,secondary,no,499.0,yes,no,cellular,31,jul,37.0,10,-1,0,unknown,,0,10.0,adulto,Q3
2728,leaderboard,33,technician,divorced,tertiary,no,32.0,no,no,cellular,19,aug,123.0,5,-1,0,unknown,,0,5.0,adulto_joven,Q3
2729,leaderboard,43,management,married,tertiary,no,416.0,no,no,cellular,12,aug,110.0,1,-1,0,unknown,,0,1.0,adulto_joven,Q3
2730,leaderboard,35,admin.,married,secondary,no,0.0,yes,no,cellular,20,apr,18.0,5,-1,0,unknown,,0,5.0,adulto_joven,Q2
2731,leaderboard,36,technician,divorced,tertiary,no,118.0,no,no,cellular,23,jul,127.0,8,-1,0,unknown,,0,8.0,adulto_joven,Q3
2732,leaderboard,55,retired,divorced,secondary,no,132.0,no,no,cellular,17,jul,205.0,1,-1,0,unknown,,0,1.0,adulto,Q3
2733,leaderboard,34,technician,married,tertiary,no,699.0,yes,yes,cellular,2,jun,70.0,1,-1,0,unknown,,0,1.0,adulto_joven,Q2
2734,leaderboard,33,services,divorced,secondary,no,988.0,yes,no,cellular,27,may,148.0,1,-1,0,unknown,,0,1.0,adulto_joven,Q2
2735,leaderboard,50,self-employed,married,tertiary,no,192.0,yes,no,cellular,15,apr,107.0,1,148,4,failure,,1,0.2,adulto,Q2
2736,leaderboard,57,blue-collar,married,primary,no,1595.0,no,yes,cellular,20,jun,78.0,4,-1,0,unknown,,0,4.0,adulto,Q2
2737,leaderboard,46,blue-collar,divorced,primary,no,454.0,yes,no,cellular,9,may,113.0,4,-1,0,unknown,,0,4.0,adulto,Q2
2738,leaderboard,26,blue-collar,single,secondary,no,597.0,yes,yes,cellular,27,may,174.0,1,-1,0,unknown,,0,1.0,joven,Q2
2739,leaderboard,41,blue-collar,married,secondary,no,342.0,yes,no,cellular,14,may,87.0,1,-1,0,unknown,,0,1.0,adulto_joven,Q2
2740,leaderboard,33,blue-collar,married,secondary,no,239.0,yes,no,cellular,31,jul,61.0,4,-1,0,unknown,,0,4.0,adulto_joven,Q3
2741,leaderboard,40,unemployed,married,secondary,no,222.0,yes,no,cellular,17,nov,204.0,2,196,1,failure,,1,1.0,adulto_joven,Q4
2742,leaderboard,50,blue-collar,married,primary,no,0.0,no,no,cellular,11,aug,72.0,5,-1,0,unknown,,0,5.0,adulto,Q3
2743,leaderboard,32,self-employed,married,tertiary,no,181.0,yes,no,cellular,6,jun,106.0,2,-1,0,unknown,,0,2.0,adulto_joven,Q2
2744,leaderboard,44,management,married,secondary,yes,0.0,yes,no,cellular,11,jul,96.0,2,-1,0,unknown,,0,2.0,adulto_joven,Q3
2745,leaderboard,41,entrepreneur,married,secondary,no,362.0,no,no,cellular,19,nov,90.0,2,-1,0,unknown,,0,2.0,adulto_joven,Q4
2746,leaderboard,37,blue-collar,single,secondary,no,3558.0,yes,no,cellular,2,jun,98.0,1,-1,0,unknown,,0,1.0,adulto_joven,Q2
2747,leaderboard,29,technician,single,secondary,no,109.0,no,no,cellular,19,may,314.0,1,-1,0,unknown,,0,1.0,joven,Q2
2748,leaderboard,54,blue-collar,married,secondary,no,1481.0,yes,no,cellular,14,may,108.0,1,-1,0,unknown,,0,1.0,adulto,Q2
2749,leaderboard,30,management,single,tertiary,no,946.0,no,no,cellular,8,aug,131.0,2,-1,0,unknown,,0,2.0,joven,Q3
2750,leaderboard,53,blue-collar,married,secondary,no,474.0,yes,no,cellular,3,feb,288.0,3,-1,0,unknown,,0,3.0,adulto,Q1
2751,leaderboard,46,admin.,single,secondary,no,1787.0,yes,no,cellular,5,jun,214.0,5,-1,0,unknown,,0,5.0,adulto,Q2
2752,leaderboard,47,management,single,tertiary,no,4401.0,no,no,telephone,10,dec,805.0,1,190,1,other,,1,0.5,adulto,Q4
2753,leaderboard,36,technician,married,secondary,no,5902.0,yes,no,cellular,23,may,219.0,4,-1,0,unknown,,0,4.0,adulto_joven,Q2
2754,leaderboard,43,admin.,married,secondary,no,262.0,yes,no,cellular,17,apr,113.0,2,-1,0,unknown,,0,2.0,adulto_joven,Q2
2755,leaderboard,33,services,married,primary,no,6895.0,no,no,telephone,20,nov,114.0,2,-1,0,unknown,,0,2.0,adulto_joven,Q4
2756,leaderboard,38,self-employed,single,tertiary,no,914.0,yes,no,cellular,23,may,260.0,1,-1,0,unknown,,0,1.0,adulto_joven,Q2
2757,leaderboard,26,services,single,secondary,no,0.0,no,no,cellular,29,jul,165.0,23,-1,0,unknown,,0,23.0,joven,Q3
2758,leaderboard,33,technician,divorced,secondary,no,10.0,no,no,cellular,21,aug,91.0,2,-1,0,unknown,,0,2.0,adulto_joven,Q3
2759,leaderboard,35,unemployed,married,secondary,no,972.0,no,no,cellular,29,dec,1031.94,3,209,3,success,,1,0.75,adulto_joven,Q4
2760,leaderboard,26,management,single,tertiary,no,586.0,no,no,telephone,29,jan,145.0,2,164,1,other,,1,1.0,joven,Q1
2761,leaderboard,34,technician,single,secondary,no,4944.0,yes,yes,cellular,19,nov,117.0,2,-1,0,unknown,,0,2.0,adulto_joven,Q4
2762,leaderboard,21,services,single,secondary,no,1903.0,yes,no,cellular,29,may,107.0,2,-1,0,unknown,,0,2.0,joven,Q2
2763,leaderboard,36,management,married,secondary,no,1819.0,yes,no,cellular,14,may,24.0,1,346,1,failure,,1,0.5,adulto_joven,Q2
2764,leaderboard,54,management,married,tertiary,no,2823.0,no,no,cellular,7,aug,123.0,3,-1,0,unknown,,0,3.0,adulto,Q3
2765,leaderboard,45,management,divorced,tertiary,no,961.0,no,no,cellular,18,jun,74.0,1,-1,0,unknown,,0,1.0,adulto_joven,Q2
2766,leaderboard,43,blue-collar,married,secondary,no,2164.0,no,no,cellular,8,sep,261.0,1,98,1,success,,1,0.5,adulto_joven,Q3
2767,leaderboard,48,services,single,primary,no,1501.0,yes,no,cellular,12,may,17.0,7,-1,0,unknown,,0,7.0,adulto,Q2
2768,leaderboard,36,management,married,tertiary,no,487.0,no,no,cellular,12,mar,213.0,3,182,6,success,,1,0.42857142857142855,adulto_joven,Q1
2769,leaderboard,42,blue-collar,married,primary,no,501.0,yes,no,cellular,14,may,521.0,2,-1,0,unknown,,0,2.0,adulto_joven,Q2
2770,leaderboard,39,management,single,tertiary,no,825.0,yes,no,cellular,27,aug,37.0,3,-1,0,unknown,,0,3.0,adulto_joven,Q3
2771,leaderboard,32,entrepreneur,single,primary,yes,-620.4,yes,yes,cellular,4,feb,204.0,1,-1,0,unknown,,0,1.0,adulto_joven,Q1
2772,leaderboard,37,technician,married,secondary,no,486.0,no,no,cellular,22,oct,344.0,2,182,8,other,,1,0.2222222222222222,adulto_joven,Q4
2773,leaderboard,53,entrepreneur,married,secondary,no,23.0,no,no,cellular,31,jul,117.0,2,-1,0,unknown,,0,2.0,adulto,Q3
2774,leaderboard,51,housemaid,married,secondary,no,179.0,no,no,telephone,29,jul,308.0,3,-1,0,unknown,,0,3.0,adulto,Q3
2775,leaderboard,42,admin.,single,secondary,no,-244.0,yes,yes,telephone,21,oct,519.0,1,166,1,other,,1,0.5,adulto_joven,Q4
2776,leaderboard,58,retired,married,primary,no,1987.0,no,no,telephone,14,jul,185.0,4,-1,0,unknown,,0,4.0,adulto,Q3
2777,leaderboard,43,management,married,secondary,no,5162.0,yes,no,cellular,29,may,57.0,3,-1,0,unknown,,0,3.0,adulto_joven,Q2
2778,leaderboard,34,technician,married,tertiary,no,5062.0,yes,no,cellular,21,aug,12.0,21,-1,0,unknown,,0,21.0,adulto_joven,Q3
2779,leaderboard,27,blue-collar,married,secondary,yes,-581.0,yes,no,cellular,7,may,411.0,2,-1,0,unknown,,0,2.0,joven,Q2
2780,leaderboard,35,services,married,secondary,no,1446.0,yes,no,cellular,28,may,199.0,1,-1,0,unknown,,0,1.0,adulto_joven,Q2
2781,leaderboard,58,blue-collar,married,primary,no,308.0,no,no,cellular,19,aug,156.0,2,-1,0,unknown,,0,2.0,adulto,Q3
2782,leaderboard,55,unemployed,married,tertiary,no,380.0,no,no,cellular,6,may,343.0,3,-1,0,unknown,,0,3.0,adulto,Q2
2783,leaderboard,52,management,married,tertiary,no,-14.0,yes,no,cellular,11,may,94.0,4,-1,0,unknown,,0,4.0,adulto,Q2
2784,leaderboard,57,retired,married,tertiary,no,1184.0,yes,yes,cellular,14,may,191.0,2,-1,0,unknown,,0,2.0,adulto,Q2
2785,leaderboard,30,blue-collar,married,primary,no,-343.0,no,no,cellular,10,jul,128.0,6,-1,0,unknown,,0,6.0,joven,Q3
2786,leaderboard,26,blue-collar,single,secondary,no,852.0,yes,yes,cellular,30,jul,95.0,5,-1,0,unknown,,0,5.0,joven,Q3
2787,leaderboard,52,entrepreneur,married,tertiary,no,45.0,yes,yes,telephone,18,nov,103.0,1,-1,0,unknown,,0,1.0,adulto,Q4
2788,leaderboard,25,admin.,single,tertiary,no,1424.0,no,no,cellular,8,apr,124.0,2,-1,0,unknown,,0,2.0,joven,Q2
2789,leaderboard,45,management,married,tertiary,no,3370.0,no,no,cellular,12,jun,36.0,3,-1,0,unknown,,0,3.0,adulto_joven,Q2
2790,leaderboard,44,housemaid,married,tertiary,no,459.0,no,no,cellular,17,jun,491.0,1,-1,0,unknown,,0,1.0,adulto_joven,Q2
2791,leaderboard,51,blue-collar,married,primary,no,1866.0,no,no,cellular,17,jun,30.0,3,-1,0,unknown,,0,3.0,adulto,Q2
2792,leaderboard,43,blue-collar,married,primary,no,1216.0,yes,no,cellular,6,may,208.0,3,-1,0,unknown,,0,3.0,adulto_joven,Q2
2793,leaderboard,60,retired,married,primary,no,0.0,no,no,telephone,30,jul,130.0,3,-1,0,unknown,,0,3.0,adulto,Q3
2794,leaderboard,38,management,married,tertiary,no,52.0,no,no,cellular,29,aug,70.0,4,-1,0,unknown,,0,4.0,adulto_joven,Q3
2795,leaderboard,42,technician,single,secondary,no,352.0,yes,no,cellular,3,jun,26.0,7,-1,0,unknown,,0,7.0,adulto_joven,Q2
2796,leaderboard,39,blue-collar,married,secondary,no,4.0,no,no,cellular,30,jul,88.0,3,-1,0,unknown,,0,3.0,adulto_joven,Q3
2797,leaderboard,38,admin.,married,secondary,no,38.0,yes,yes,cellular,6,may,195.0,1,-1,0,unknown,,0,1.0,adulto_joven,Q2
2798,leaderboard,59,blue-collar,married,primary,no,694.0,no,no,cellular,28,jan,98.0,1,154,6,failure,,1,0.14285714285714285,adulto,Q1
2799,leaderboard,46,blue-collar,married,primary,no,0.0,yes,no,cellular,12,may,51.0,9,-1,0,unknown,,0,9.0,adulto,Q2
2800,leaderboard,57,services,single,primary,no,3786.0,yes,no,telephone,13,may,65.0,2,-1,0,unknown,,0,2.0,adulto,Q2
2801,leaderboard,35,blue-collar,single,secondary,no,865.0,yes,no,cellular,6,jun,216.0,3,-1,0,unknown,,0,3.0,adulto_joven,Q2
2802,leaderboard,34,services,married,secondary,no,1332.0,no,no,cellular,17,dec,330.0,2,127,3,success,,1,0.5,adulto_joven,Q4
2803,leaderboard,26,management,single,tertiary,no,125.0,no,yes,cellular,8,jul,160.0,1,-1,0,unknown,,0,1.0,joven,Q3
2804,leaderboard,33,management,single,tertiary,no,1442.0,yes,no,cellular,3,jun,178.0,2,-1,0,unknown,,0,2.0,adulto_joven,Q2
2805,leaderboard,40,unemployed,married,secondary,no,0.0,yes,no,cellular,19,nov,332.0,1,183,1,failure,,1,0.5,adulto_joven,Q4
2806,leaderboard,47,blue-collar,married,secondary,no,5298.0,yes,no,cellular,15,may,322.0,1,-1,0,unknown,,0,1.0,adulto,Q2
2807,leaderboard,57,blue-collar,married,secondary,no,1512.0,yes,yes,cellular,18,may,102.0,2,178,5,failure,,1,0.3333333333333333,adulto,Q2
2808,leaderboard,42,technician,married,secondary,no,2985.0,no,no,cellular,20,jun,101.0,3,-1,0,unknown,,0,3.0,adulto_joven,Q2
2809,leaderboard,33,entrepreneur,married,primary,no,79.0,yes,no,cellular,18,nov,63.0,2,-1,0,unknown,,0,2.0,adulto_joven,Q4
2810,leaderboard,36,entrepreneur,married,primary,no,173.0,yes,no,cellular,12,may,63.0,5,-1,0,unknown,,0,5.0,adulto_joven,Q2
2811,leaderboard,58,self-employed,married,secondary,no,1404.0,yes,no,cellular,30,may,58.0,1,-1,0,unknown,,0,1.0,adulto,Q2
2812,leaderboard,32,management,married,tertiary,no,1387.0,no,no,cellular,7,aug,116.0,2,-1,0,unknown,,0,2.0,adulto_joven,Q3
2813,leaderboard,61,blue-collar,married,primary,no,631.0,yes,no,cellular,19,may,158.0,2,-1,0,unknown,,0,2.0,senior,Q2
2814,leaderboard,30,services,single,tertiary,no,3510.0,yes,no,cellular,29,may,447.0,4,-1,0,unknown,,0,4.0,joven,Q2
2815,leaderboard,60,management,married,primary,no,253.0,yes,yes,cellular,13,apr,123.0,2,147,3,failure,,1,0.5,adulto,Q2
2816,leaderboard,53,services,divorced,secondary,no,4556.0,no,no,cellular,5,feb,8.0,6,-1,0,unknown,,0,6.0,adulto,Q1
2817,leaderboard,43,management,single,tertiary,no,1697.0,yes,no,cellular,26,aug,257.0,1,474,3,failure,,1,0.25,adulto_joven,Q3
2818,leaderboard,40,technician,divorced,secondary,no,-385.0,yes,no,cellular,13,may,60.0,5,-1,0,unknown,,0,5.0,adulto_joven,Q2
2819,leaderboard,39,self-employed,married,secondary,no,230.0,no,no,cellular,9,jun,217.0,1,-1,0,unknown,,0,1.0,adulto_joven,Q2
2820,leaderboard,33,blue-collar,married,primary,no,193.0,yes,no,cellular,9,may,162.0,2,-1,0,unknown,,0,2.0,adulto_joven,Q2
2821,leaderboard,39,admin.,divorced,secondary,no,402.0,yes,yes,cellular,14,aug,133.0,2,-1,0,unknown,,0,2.0,adulto_joven,Q3
2822,leaderboard,59,self-employed,married,primary,no,0.0,yes,no,telephone,28,jul,97.0,2,-1,0,unknown,,0,2.0,adulto,Q3
2823,leaderboard,53,services,divorced,secondary,no,-620.4,yes,no,cellular,28,may,213.0,1,-1,0,unknown,,0,1.0,adulto,Q2
2824,leaderboard,30,technician,married,tertiary,no,97.0,yes,yes,cellular,7,jul,187.0,3,-1,0,unknown,,0,3.0,joven,Q3
2825,leaderboard,25,unemployed,married,secondary,no,164.0,yes,no,cellular,28,jul,33.0,31,-1,0,unknown,,0,31.0,joven,Q3
2826,leaderboard,28,blue-collar,single,secondary,no,-45.0,yes,no,cellular,1,sep,199.0,1,92,14,success,,1,0.06666666666666667,joven,Q3
2827,leaderboard,27,blue-collar,married,secondary,no,371.0,yes,no,cellular,14,may,332.0,2,-1,0,unknown,,0,2.0,joven,Q2
2828,leaderboard,50,technician,divorced,secondary,no,2696.0,yes,no,cellular,28,may,179.0,3,-1,0,unknown,,0,3.0,adulto,Q2
2829,leaderboard,37,blue-collar,married,secondary,no,130.0,yes,yes,cellular,7,may,490.0,1,-1,0,unknown,,0,1.0,adulto_joven,Q2
2830,leaderboard,40,services,divorced,secondary,no,1933.0,yes,no,cellular,15,may,62.0,1,-1,0,unknown,,0,1.0,adulto_joven,Q2
2831,leaderboard,53,retired,married,tertiary,no,-24.0,yes,no,cellular,31,jul,20.0,3,-1,0,unknown,,0,3.0,adulto,Q3
2832,leaderboard,55,blue-collar,married,primary,no,139.0,no,no,telephone,2,feb,59.0,3,5,2,other,,1,1.0,adulto,Q1
2833,leaderboard,37,services,married,secondary,no,0.0,yes,yes,cellular,31,jul,187.0,2,-1,0,unknown,,0,2.0,adulto_joven,Q3
2834,leaderboard,25,blue-collar,married,secondary,no,-71.0,yes,no,cellular,12,may,241.0,3,-1,0,unknown,,0,3.0,joven,Q2
2835,leaderboard,22,admin.,single,secondary,no,4120.0,no,yes,cellular,19,aug,65.0,1,-1,0,unknown,,0,1.0,joven,Q3
2836,leaderboard,22,student,single,secondary,no,239.0,yes,no,telephone,12,may,25.0,1,-1,0,unknown,,0,1.0,joven,Q2
2837,leaderboard,50,blue-collar,married,secondary,no,367.0,yes,no,telephone,11,may,21.0,1,-1,0,unknown,,0,1.0,adulto,Q2
2838,leaderboard,29,blue-collar,single,secondary,no,776.0,yes,no,cellular,17,apr,341.0,1,-1,0,unknown,,0,1.0,joven,Q2
2839,leaderboard,28,blue-collar,single,secondary,no,0.0,yes,no,cellular,28,may,386.0,1,-1,0,unknown,,0,1.0,joven,Q2
2840,leaderboard,52,blue-collar,married,secondary,no,1325.0,no,no,cellular,12,jun,58.0,1,-1,0,unknown,,0,1.0,adulto,Q2
2841,leaderboard,47,admin.,divorced,secondary,no,230.0,no,no,cellular,28,aug,1031.94,4,-1,0,unknown,,0,4.0,adulto,Q3
2842,leaderboard,30,blue-collar,single,secondary,yes,-3.0,yes,no,cellular,23,may,84.0,3,-1,0,unknown,,0,3.0,joven,Q2
2843,leaderboard,35,self-employed,married,secondary,no,523.0,yes,no,cellular,21,nov,484.0,4,-1,0,unknown,,0,4.0,adulto_joven,Q4
2844,leaderboard,47,technician,married,secondary,no,63.0,no,no,cellular,5,may,253.0,1,342,1,success,,1,0.5,adulto,Q2
2845,leaderboard,31,blue-collar,single,primary,no,-489.0,yes,no,cellular,29,may,334.0,2,-1,0,unknown,,0,2.0,adulto_joven,Q2
2846,leaderboard,53,admin.,single,secondary,no,1182.0,yes,no,cellular,15,may,295.0,2,-1,0,unknown,,0,2.0,adulto,Q2
2847,leaderboard,57,admin.,divorced,primary,no,171.0,yes,no,cellular,15,may,67.0,1,368,2,failure,,1,0.3333333333333333,adulto,Q2
2848,leaderboard,57,blue-collar,married,primary,no,16.0,yes,no,telephone,31,jul,25.0,8,-1,0,unknown,,0,8.0,adulto,Q3
2849,leaderboard,31,technician,single,secondary,no,119.0,no,no,cellular,22,aug,78.0,2,-1,0,unknown,,0,2.0,adulto_joven,Q3
2850,leaderboard,52,management,married,tertiary,no,0.0,yes,no,cellular,9,jul,197.0,1,-1,0,unknown,,0,1.0,adulto,Q3
2851,leaderboard,46,blue-collar,married,primary,no,1425.0,yes,no,cellular,14,may,91.0,1,-1,0,unknown,,0,1.0,adulto,Q2
2852,leaderboard,45,blue-collar,married,primary,no,0.0,no,no,cellular,23,may,574.0,5,-1,0,unknown,,0,5.0,adulto_joven,Q2
2853,leaderboard,44,management,married,secondary,no,2989.0,yes,no,cellular,15,may,770.0,2,-1,0,unknown,,0,2.0,adulto_joven,Q2
2854,leaderboard,38,admin.,single,secondary,no,-22.0,no,no,cellular,20,nov,48.0,2,-1,0,unknown,,0,2.0,adulto_joven,Q4
2855,leaderboard,37,management,single,tertiary,no,810.0,yes,no,cellular,7,may,77.0,1,-1,0,unknown,,0,1.0,adulto_joven,Q2
2856,leaderboard,35,blue-collar,married,secondary,no,446.0,yes,no,cellular,15,apr,244.0,3,-1,0,unknown,,0,3.0,adulto_joven,Q2
2857,leaderboard,55,entrepreneur,married,primary,no,289.0,yes,no,cellular,8,may,144.0,3,-1,0,unknown,,0,3.0,adulto,Q2
2858,leaderboard,32,technician,married,secondary,no,243.0,yes,no,cellular,4,jun,257.0,3,-1,0,unknown,,0,3.0,adulto_joven,Q2
2859,leaderboard,55,services,married,secondary,no,549.0,no,no,cellular,19,jun,58.0,1,-1,0,unknown,,0,1.0,adulto,Q2
2860,leaderboard,37,blue-collar,married,primary,no,187.0,yes,yes,cellular,8,may,194.0,1,-1,0,unknown,,0,1.0,adulto_joven,Q2
2861,leaderboard,40,services,married,secondary,no,1834.0,yes,no,cellular,12,may,750.0,2,-1,0,unknown,,0,2.0,adulto_joven,Q2
2862,leaderboard,45,unemployed,divorced,secondary,no,722.0,yes,yes,cellular,18,nov,107.0,1,-1,0,unknown,,0,1.0,adulto_joven,Q4
2863,leaderboard,53,services,married,secondary,no,1387.0,yes,no,cellular,18,jul,91.0,2,-1,0,unknown,,0,2.0,adulto,Q3
2864,leaderboard,39,admin.,single,tertiary,no,2608.0,yes,no,cellular,17,jun,77.0,1,-1,0,unknown,,0,1.0,adulto_joven,Q2
2865,leaderboard,75,retired,divorced,secondary,no,1335.0,no,no,cellular,18,dec,415.0,7,-1,0,unknown,,0,7.0,senior,Q4
2866,leaderboard,42,blue-collar,single,secondary,no,377.0,yes,no,cellular,13,may,294.0,1,-1,0,unknown,,0,1.0,adulto_joven,Q2
2867,leaderboard,55,blue-collar,married,primary,no,3879.0,no,no,telephone,21,apr,222.0,1,-1,0,unknown,,0,1.0,adulto,Q2
2868,leaderboard,41,admin.,divorced,secondary,no,1086.0,yes,no,cellular,28,jan,138.0,1,-1,0,unknown,,0,1.0,adulto_joven,Q1
2869,leaderboard,45,blue-collar,divorced,primary,no,-312.0,yes,no,cellular,23,may,1030.0,1,-1,0,unknown,,0,1.0,adulto_joven,Q2
2870,leaderboard,40,services,single,secondary,no,893.0,yes,no,cellular,12,may,169.0,2,-1,0,unknown,,0,2.0,adulto_joven,Q2
2871,leaderboard,42,admin.,married,secondary,no,635.0,yes,yes,cellular,16,may,509.0,2,-1,0,unknown,,0,2.0,adulto_joven,Q2
2872,leaderboard,30,admin.,married,secondary,no,123.0,no,no,telephone,16,jun,161.0,2,-1,0,unknown,,0,2.0,joven,Q2
2873,leaderboard,33,unemployed,divorced,secondary,no,378.0,no,no,telephone,27,aug,29.0,28,-1,0,unknown,,0,28.0,adulto_joven,Q3
2874,leaderboard,42,blue-collar,divorced,secondary,no,0.0,no,no,cellular,7,jul,64.0,2,-1,0,unknown,,0,2.0,adulto_joven,Q3
2875,leaderboard,37,management,married,tertiary,no,546.0,no,no,cellular,18,jan,540.0,2,115,3,failure,,1,0.5,adulto_joven,Q1
2876,leaderboard,40,blue-collar,married,primary,no,-327.0,yes,no,cellular,27,may,260.0,1,-1,0,unknown,,0,1.0,adulto_joven,Q2
2877,leaderboard,57,services,married,tertiary,no,11.0,no,no,telephone,8,jul,320.0,3,-1,0,unknown,,0,3.0,adulto,Q3
2878,leaderboard,41,blue-collar,married,secondary,no,129.0,yes,no,cellular,13,may,16.0,6,176,5,other,,1,1.0,adulto_joven,Q2
2879,leaderboard,36,management,married,tertiary,no,341.0,yes,no,cellular,20,apr,68.0,2,-1,0,unknown,,0,2.0,adulto_joven,Q2
2880,leaderboard,49,unemployed,married,secondary,no,777.0,yes,no,cellular,14,may,257.0,1,-1,0,unknown,,0,1.0,adulto,Q2
2881,leaderboard,45,blue-collar,married,secondary,no,4371.0,no,yes,cellular,9,feb,45.0,2,-1,0,unknown,,0,2.0,adulto_joven,Q1
2882,leaderboard,38,unemployed,married,secondary,no,-620.4,yes,no,cellular,26,may,364.0,1,-1,0,unknown,,0,1.0,adulto_joven,Q2
2883,leaderboard,26,services,single,secondary,no,124.0,yes,yes,cellular,23,jul,85.0,3,-1,0,unknown,,0,3.0,joven,Q3
2884,leaderboard,32,services,single,secondary,no,0.0,no,yes,cellular,11,jul,333.0,2,-1,0,unknown,,0,2.0,adulto_joven,Q3
2885,leaderboard,48,blue-collar,married,secondary,no,435.0,yes,no,cellular,2,feb,212.0,1,249,2,other,,1,0.3333333333333333,adulto,Q1
2886,leaderboard,52,services,married,primary,no,5.0,no,yes,cellular,28,jul,55.0,5,-1,0,unknown,,0,5.0,adulto,Q3
2887,leaderboard,49,technician,married,tertiary,no,3731.0,no,no,cellular,5,aug,875.0,2,-1,0,unknown,,0,2.0,adulto,Q3
2888,leaderboard,33,blue-collar,married,primary,no,516.0,yes,no,cellular,21,may,304.0,2,-1,0,unknown,,0,2.0,adulto_joven,Q2
2889,leaderboard,39,services,married,secondary,no,0.0,yes,no,cellular,8,may,503.0,1,-1,0,unknown,,0,1.0,adulto_joven,Q2
2890,leaderboard,24,student,single,secondary,no,3290.0,yes,no,cellular,28,may,227.0,1,-1,0,unknown,,0,1.0,joven,Q2
2891,leaderboard,41,management,married,tertiary,no,829.0,yes,yes,cellular,21,nov,164.0,1,176,1,failure,,1,0.5,adulto_joven,Q4
2892,leaderboard,41,blue-collar,single,tertiary,no,1563.0,no,no,cellular,1,jul,291.0,2,-1,0,unknown,,0,2.0,adulto_joven,Q3
2893,leaderboard,54,blue-collar,married,primary,no,2273.0,yes,no,cellular,20,jun,158.0,1,-1,0,unknown,,0,1.0,adulto,Q2
2894,leaderboard,52,self-employed,single,primary,no,226.0,no,yes,cellular,15,jul,193.0,6,-1,0,unknown,,0,6.0,adulto,Q3
2895,leaderboard,34,admin.,married,tertiary,no,40.0,no,no,cellular,6,feb,45.0,1,-1,0,unknown,,0,1.0,adulto_joven,Q1
2896,leaderboard,40,self-employed,married,secondary,no,169.0,yes,yes,cellular,8,may,380.0,4,295,1,failure,,1,2.0,adulto_joven,Q2
2897,leaderboard,31,management,single,tertiary,no,1138.0,yes,no,cellular,17,apr,224.0,3,74,4,failure,,1,0.6,adulto_joven,Q2
2898,leaderboard,42,self-employed,divorced,tertiary,no,355.0,yes,no,cellular,24,jun,110.0,5,-1,0,unknown,,0,5.0,adulto_joven,Q2
2899,leaderboard,37,management,married,tertiary,no,342.0,yes,no,cellular,22,jul,282.0,1,-1,0,unknown,,0,1.0,adulto_joven,Q3
2900,leaderboard,53,technician,married,secondary,no,0.0,no,no,cellular,22,aug,77.0,9,-1,0,unknown,,0,9.0,adulto,Q3
2901,leaderboard,30,blue-collar,married,secondary,no,-28.0,yes,no,cellular,18,may,284.0,2,371,1,failure,,1,1.0,joven,Q2
2902,leaderboard,26,blue-collar,single,secondary,no,-23.0,yes,yes,cellular,31,jul,14.0,6,-1,0,unknown,,0,6.0,joven,Q3
2903,leaderboard,64,retired,divorced,tertiary,no,891.0,no,no,cellular,3,jul,531.0,3,-1,0,unknown,,0,3.0,senior,Q3
2904,leaderboard,47,technician,married,secondary,no,304.0,yes,no,cellular,20,jun,89.0,3,-1,0,unknown,,0,3.0,adulto,Q2
2905,leaderboard,37,management,married,tertiary,no,0.0,yes,no,cellular,3,jun,247.0,13,-1,0,unknown,,0,13.0,adulto_joven,Q2
2906,leaderboard,42,technician,single,tertiary,no,-403.0,yes,no,cellular,12,may,78.0,5,292,3,failure,,1,1.25,adulto_joven,Q2
2907,leaderboard,57,housemaid,married,secondary,no,0.0,no,no,cellular,22,aug,197.0,2,-1,0,unknown,,0,2.0,adulto,Q3
2908,leaderboard,53,retired,married,secondary,no,1275.0,yes,no,telephone,15,jul,174.0,3,-1,0,unknown,,0,3.0,adulto,Q3
2909,leaderboard,28,blue-collar,single,secondary,no,1055.0,yes,yes,cellular,17,apr,406.0,1,317,1,failure,,1,0.5,joven,Q2
2910,leaderboard,32,technician,single,tertiary,no,2210.0,yes,no,cellular,21,nov,11.0,4,-1,0,unknown,,0,4.0,adulto_joven,Q4
2911,leaderboard,33,technician,married,secondary,no,1850.0,yes,no,cellular,29,may,241.0,3,-1,0,unknown,,0,3.0,adulto_joven,Q2
2912,leaderboard,47,management,single,tertiary,no,442.0,no,no,cellular,21,aug,71.0,4,-1,0,unknown,,0,4.0,adulto,Q3
2913,leaderboard,26,unemployed,single,secondary,no,461.0,no,no,cellular,28,jan,214.0,1,-1,0,unknown,,0,1.0,joven,Q1
2914,leaderboard,44,blue-collar,married,primary,no,411.0,yes,no,cellular,7,may,110.0,2,-1,0,unknown,,0,2.0,adulto_joven,Q2
2915,leaderboard,33,services,single,secondary,no,-57.0,no,yes,cellular,10,jul,119.0,5,-1,0,unknown,,0,5.0,adulto_joven,Q3
2916,leaderboard,42,technician,married,secondary,no,477.0,yes,no,cellular,7,jul,216.0,5,-1,0,unknown,,0,5.0,adulto_joven,Q3
2917,leaderboard,33,?,married,secondary,no,2734.0,no,no,cellular,6,aug,205.0,3,-1,0,unknown,,0,3.0,adulto_joven,Q3
2918,leaderboard,31,blue-collar,married,secondary,no,1553.0,yes,yes,cellular,13,may,207.0,1,-1,0,unknown,,0,1.0,adulto_joven,Q2
2919,leaderboard,32,management,married,tertiary,no,2424.0,yes,no,cellular,14,may,646.0,5,-1,0,unknown,,0,5.0,adulto_joven,Q2
2920,leaderboard,79,retired,married,primary,no,8564.0,no,no,telephone,18,jan,326.0,2,272,2,success,,1,0.6666666666666666,senior,Q1
2921,leaderboard,52,technician,married,secondary,no,1824.0,no,yes,cellular,17,nov,189.0,2,111,4,failure,,1,0.4,adulto,Q4
2922,leaderboard,57,technician,married,secondary,no,843.0,no,yes,cellular,5,may,225.0,1,-1,0,unknown,,0,1.0,adulto,Q2
2923,leaderboard,46,blue-collar,married,secondary,no,-620.4,yes,no,telephone,6,may,309.0,3,355,4,failure,,1,0.6,adulto,Q2
2924,leaderboard,31,management,married,tertiary,no,8303.0,no,no,cellular,29,aug,43.0,13,-1,0,unknown,,0,13.0,adulto_joven,Q3
2925,leaderboard,43,services,married,primary,no,2573.0,yes,no,cellular,14,may,109.0,1,360,2,failure,,1,0.3333333333333333,adulto_joven,Q2
2926,leaderboard,40,management,single,tertiary,no,0.0,no,no,cellular,26,aug,58.0,7,-1,0,unknown,,0,7.0,adulto_joven,Q3
2927,leaderboard,38,blue-collar,married,primary,no,1321.0,yes,no,cellular,20,nov,277.0,1,-1,0,unknown,,0,1.0,adulto_joven,Q4
2928,leaderboard,49,services,married,secondary,no,1116.0,no,no,cellular,4,aug,143.0,1,-1,0,unknown,,0,1.0,adulto,Q3
2929,leaderboard,38,services,divorced,secondary,no,783.0,no,no,cellular,6,jun,430.0,1,-1,0,unknown,,0,1.0,adulto_joven,Q2
2930,leaderboard,48,technician,married,secondary,no,1147.0,yes,no,cellular,21,jul,168.0,5,-1,0,unknown,,0,5.0,adulto,Q3
2931,leaderboard,29,blue-collar,married,secondary,no,17.0,no,no,cellular,3,jun,136.0,1,-1,0,unknown,,0,1.0,joven,Q2
2932,leaderboard,52,management,divorced,tertiary,no,56.0,yes,no,cellular,12,jun,84.0,3,-1,0,unknown,,0,3.0,adulto,Q2
2933,leaderboard,40,entrepreneur,married,secondary,no,1407.0,yes,no,cellular,14,may,210.0,2,-1,0,unknown,,0,2.0,adulto_joven,Q2
2934,leaderboard,34,management,married,tertiary,no,1558.0,yes,yes,cellular,13,may,213.0,1,-1,0,unknown,,0,1.0,adulto_joven,Q2
2935,leaderboard,30,services,married,secondary,no,1815.0,yes,no,cellular,18,may,83.0,2,-1,0,unknown,,0,2.0,joven,Q2
2936,leaderboard,31,management,married,tertiary,no,1339.0,no,no,cellular,30,apr,297.0,1,86,3,success,,1,0.25,adulto_joven,Q2
2937,leaderboard,27,management,single,tertiary,yes,0.0,no,yes,cellular,8,jul,46.0,1,-1,0,unknown,,0,1.0,joven,Q3
2938,leaderboard,49,admin.,single,secondary,no,975.0,yes,no,telephone,21,nov,10.0,3,-1,0,unknown,,0,3.0,adulto,Q4
2939,leaderboard,25,services,single,secondary,no,3216.0,yes,no,cellular,28,may,24.0,1,-1,0,unknown,,0,1.0,joven,Q2
2940,leaderboard,39,blue-collar,married,secondary,no,162.0,yes,no,cellular,30,may,99.0,6,-1,0,unknown,,0,6.0,adulto_joven,Q2
2941,leaderboard,39,services,married,secondary,no,1970.0,yes,no,cellular,8,jun,30.0,1,404,2,success,,1,0.3333333333333333,adulto_joven,Q2
2942,leaderboard,40,management,married,tertiary,no,184.0,no,yes,cellular,29,aug,189.0,2,-1,0,unknown,,0,2.0,adulto_joven,Q3
2943,leaderboard,57,blue-collar,married,primary,yes,185.0,no,yes,telephone,30,jul,185.0,4,-1,0,unknown,,0,4.0,adulto,Q3
2944,leaderboard,38,technician,single,secondary,no,0.0,yes,no,cellular,7,apr,196.0,2,-1,0,unknown,,0,2.0,adulto_joven,Q2
2945,leaderboard,42,admin.,married,secondary,no,3172.0,yes,no,cellular,16,jun,298.0,4,-1,0,unknown,,0,4.0,adulto_joven,Q2
2946,leaderboard,34,entrepreneur,married,tertiary,no,411.0,yes,yes,cellular,8,jul,164.0,1,-1,0,unknown,,0,1.0,adulto_joven,Q3
2947,leaderboard,48,management,married,secondary,no,92.0,yes,no,cellular,28,may,344.0,1,-1,0,unknown,,0,1.0,adulto,Q2
2948,leaderboard,36,unemployed,married,secondary,no,-620.4,yes,yes,cellular,20,nov,153.0,1,183,1,failure,,1,0.5,adulto_joven,Q4
2949,leaderboard,34,management,married,tertiary,no,608.0,no,no,cellular,20,apr,97.0,1,-1,0,unknown,,0,1.0,adulto_joven,Q2
2950,leaderboard,36,technician,married,tertiary,no,482.0,yes,no,cellular,8,may,103.0,3,-1,0,unknown,,0,3.0,adulto_joven,Q2
2951,leaderboard,69,retired,married,primary,no,275.0,no,no,telephone,12,aug,26.0,1,-1,0,unknown,,0,1.0,senior,Q3
2952,leaderboard,59,management,divorced,tertiary,no,0.0,yes,no,cellular,31,jul,52.0,8,-1,0,unknown,,0,8.0,adulto,Q3
2953,leaderboard,37,services,married,secondary,no,650.0,yes,no,telephone,23,jul,175.0,1,-1,0,unknown,,0,1.0,adulto_joven,Q3
2954,leaderboard,48,management,married,tertiary,no,0.0,no,no,cellular,26,aug,60.0,5,-1,0,unknown,,0,5.0,adulto,Q3
2955,leaderboard,54,technician,married,secondary,no,-316.0,no,yes,cellular,10,jul,1031.94,1,-1,0,unknown,,0,1.0,adulto,Q3
2956,leaderboard,33,management,married,secondary,no,19.0,yes,no,cellular,4,may,104.0,3,-1,0,unknown,,0,3.0,adulto_joven,Q2
2957,leaderboard,31,blue-collar,single,primary,no,-506.0,yes,no,cellular,29,may,76.0,4,-1,0,unknown,,0,4.0,adulto_joven,Q2
2958,leaderboard,27,blue-collar,married,secondary,no,819.0,yes,no,cellular,3,jun,188.0,5,-1,0,unknown,,0,5.0,joven,Q2
2959,leaderboard,39,management,married,tertiary,no,255.0,no,no,cellular,11,aug,86.0,2,-1,0,unknown,,0,2.0,adulto_joven,Q3
2960,leaderboard,27,management,single,tertiary,no,710.0,yes,no,cellular,5,jun,590.0,3,-1,0,unknown,,0,3.0,joven,Q2
2961,leaderboard,50,housemaid,married,primary,no,0.0,no,no,cellular,20,jun,179.0,2,-1,0,unknown,,0,2.0,adulto,Q2
2962,leaderboard,57,services,divorced,secondary,no,7.0,no,yes,cellular,22,jul,445.0,2,-1,0,unknown,,0,2.0,adulto,Q3
2963,leaderboard,56,management,married,tertiary,no,219.0,no,yes,cellular,21,jul,121.0,2,-1,0,unknown,,0,2.0,adulto,Q3
2964,leaderboard,47,technician,married,primary,no,143.0,yes,no,cellular,7,may,157.0,6,-1,0,unknown,,0,6.0,adulto,Q2
2965,leaderboard,32,management,married,tertiary,no,0.0,no,no,cellular,19,nov,66.0,1,-1,0,unknown,,0,1.0,adulto_joven,Q4
2966,leaderboard,48,management,divorced,secondary,no,1595.0,yes,no,cellular,29,may,84.0,1,-1,0,unknown,,0,1.0,adulto,Q2
2967,leaderboard,51,services,married,secondary,no,871.0,yes,no,cellular,3,feb,177.0,2,211,3,failure,,1,0.5,adulto,Q1
2968,leaderboard,47,services,married,secondary,no,49.0,yes,yes,cellular,16,may,312.0,1,-1,0,unknown,,0,1.0,adulto,Q2
2969,leaderboard,30,technician,single,secondary,no,-532.0,yes,yes,cellular,5,may,670.0,2,286,6,failure,,1,0.2857142857142857,joven,Q2
2970,leaderboard,49,blue-collar,married,primary,no,896.0,no,no,cellular,9,jun,210.0,2,-1,0,unknown,,0,2.0,adulto,Q2
2971,leaderboard,33,entrepreneur,married,secondary,no,-121.0,yes,yes,cellular,27,may,421.0,3,-1,0,unknown,,0,3.0,adulto_joven,Q2
2972,leaderboard,36,management,divorced,tertiary,no,616.0,no,no,cellular,26,aug,125.0,2,-1,0,unknown,,0,2.0,adulto_joven,Q3
2973,leaderboard,35,technician,married,secondary,no,3.0,no,no,cellular,22,aug,94.0,2,-1,0,unknown,,0,2.0,adulto_joven,Q3
2974,leaderboard,59,entrepreneur,married,primary,no,0.0,no,no,telephone,19,nov,207.0,2,153,1,failure,,1,1.0,adulto,Q4
2975,leaderboard,57,management,married,secondary,no,138.0,no,no,cellular,17,aug,80.0,1,-1,0,unknown,,0,1.0,adulto,Q3
2976,leaderboard,56,retired,divorced,secondary,no,213.0,no,yes,telephone,17,jul,27.0,1,-1,0,unknown,,0,1.0,adulto,Q3
2977,leaderboard,43,management,divorced,tertiary,no,33.0,no,no,cellular,26,may,118.0,1,102,2,failure,,1,0.3333333333333333,adulto_joven,Q2
2978,leaderboard,37,admin.,married,tertiary,no,0.0,yes,no,cellular,21,jul,115.0,1,-1,0,unknown,,0,1.0,adulto_joven,Q3
2979,leaderboard,40,unemployed,divorced,secondary,no,510.0,yes,no,cellular,2,feb,134.0,1,266,7,failure,,1,0.125,adulto_joven,Q1
2980,leaderboard,31,blue-collar,married,secondary,no,-492.0,yes,no,cellular,21,jul,357.0,1,-1,0,unknown,,0,1.0,adulto_joven,Q3
2981,leaderboard,41,blue-collar,married,secondary,no,422.0,yes,no,cellular,13,may,244.0,1,-1,0,unknown,,0,1.0,adulto_joven,Q2
2982,leaderboard,23,services,single,secondary,no,504.0,yes,no,cellular,4,jun,111.0,3,-1,0,unknown,,0,3.0,joven,Q2
2983,leaderboard,33,technician,single,tertiary,no,144.0,no,no,cellular,25,aug,88.0,4,-1,0,unknown,,0,4.0,adulto_joven,Q3
2984,leaderboard,33,blue-collar,single,secondary,no,5739.0,yes,yes,cellular,21,nov,374.0,1,-1,0,unknown,,0,1.0,adulto_joven,Q4
2985,leaderboard,55,services,married,secondary,no,101.0,no,no,telephone,30,jul,340.0,2,-1,0,unknown,,0,2.0,adulto,Q3
2986,leaderboard,26,blue-collar,single,secondary,no,387.0,yes,no,cellular,28,may,302.0,1,-1,0,unknown,,0,1.0,joven,Q2
2987,leaderboard,47,admin.,divorced,secondary,no,157.0,yes,no,cellular,9,may,203.0,4,-1,0,unknown,,0,4.0,adulto,Q2
2988,leaderboard,41,entrepreneur,divorced,secondary,no,1580.0,yes,yes,cellular,20,jun,10.0,8,-1,0,unknown,,0,8.0,adulto_joven,Q2
2989,leaderboard,35,management,married,tertiary,no,13.0,yes,no,cellular,23,may,55.0,4,-1,0,unknown,,0,4.0,adulto_joven,Q2
2990,leaderboard,38,entrepreneur,married,tertiary,no,230.0,yes,no,cellular,5,feb,105.0,1,-1,0,unknown,,0,1.0,adulto_joven,Q1
2991,leaderboard,39,technician,single,tertiary,no,1034.0,no,no,cellular,18,aug,195.0,10,-1,0,unknown,,0,10.0,adulto_joven,Q3
2992,leaderboard,42,management,married,secondary,no,1523.0,no,no,cellular,19,oct,230.0,1,92,1,success,,1,0.5,adulto_joven,Q4
2993,leaderboard,38,services,single,secondary,no,2244.0,yes,no,cellular,13,may,937.0,3,-1,0,unknown,,0,3.0,adulto_joven,Q2
2994,leaderboard,53,admin.,divorced,secondary,no,30.0,yes,no,cellular,7,may,56.0,1,359,1,failure,,1,0.5,adulto,Q2
2995,leaderboard,33,management,single,tertiary,no,336.0,no,no,cellular,29,aug,130.0,4,-1,0,unknown,,0,4.0,adulto_joven,Q3
2996,leaderboard,31,management,married,tertiary,no,2602.0,yes,no,cellular,11,feb,280.0,4,-1,0,unknown,,0,4.0,adulto_joven,Q1
2997,leaderboard,26,technician,married,secondary,no,23.0,yes,yes,cellular,5,may,138.0,1,-1,0,unknown,,0,1.0,joven,Q2
2998,leaderboard,36,services,married,secondary,no,1980.0,no,no,cellular,17,jun,48.0,2,-1,0,unknown,,0,2.0,adulto_joven,Q2
2999,leaderboard,35,services,divorced,secondary,no,219.0,yes,no,cellular,14,may,150.0,1,360,1,failure,,1,0.5,adulto_joven,Q2
3000,leaderboard,34,self-employed,married,tertiary,no,272.0,no,no,cellular,4,may,203.0,1,78,8,other,,1,0.1111111111111111,adulto_joven,Q2
3001,leaderboard,42,blue-collar,married,secondary,no,-432.0,no,no,cellular,9,jul,31.0,1,-1,0,unknown,,0,1.0,adulto_joven,Q3
3002,leaderboard,35,entrepreneur,married,primary,no,2633.0,no,yes,cellular,8,jul,259.0,1,-1,0,unknown,,0,1.0,adulto_joven,Q3
3003,leaderboard,28,student,single,tertiary,no,0.0,no,no,cellular,28,sep,294.0,2,105,7,other,,1,0.25,joven,Q3
3004,leaderboard,34,entrepreneur,married,secondary,no,-149.0,yes,yes,cellular,27,may,492.0,2,-1,0,unknown,,0,2.0,adulto_joven,Q2
3005,leaderboard,46,blue-collar,married,primary,no,2556.0,yes,no,telephone,20,nov,107.0,1,167,1,other,,1,0.5,adulto,Q4
3006,leaderboard,44,blue-collar,married,secondary,no,-182.0,yes,yes,cellular,14,may,10.0,10,-1,0,unknown,,0,10.0,adulto_joven,Q2
3007,leaderboard,45,technician,married,secondary,no,80.0,no,no,cellular,29,aug,150.0,2,-1,0,unknown,,0,2.0,adulto_joven,Q3
3008,leaderboard,40,blue-collar,married,secondary,no,492.0,yes,no,cellular,8,may,55.0,2,298,4,failure,,1,0.4,adulto_joven,Q2
3009,leaderboard,46,management,married,tertiary,no,1003.0,no,no,cellular,29,aug,24.0,13,-1,0,unknown,,0,13.0,adulto,Q3
3010,leaderboard,31,technician,single,secondary,no,431.0,no,no,cellular,11,aug,1031.94,2,-1,0,unknown,,0,2.0,adulto_joven,Q3
3011,leaderboard,44,technician,divorced,secondary,no,765.0,yes,no,cellular,23,may,397.0,1,-1,0,unknown,,0,1.0,adulto_joven,Q2
3012,leaderboard,28,management,single,tertiary,no,0.0,yes,no,cellular,16,jul,767.0,5,-1,0,unknown,,0,5.0,joven,Q3
3013,leaderboard,37,services,single,secondary,no,-243.0,no,no,cellular,3,jul,178.0,1,-1,0,unknown,,0,1.0,adulto_joven,Q3
3014,leaderboard,35,services,married,secondary,no,0.0,yes,no,cellular,18,may,146.0,2,-1,0,unknown,,0,2.0,adulto_joven,Q2
3015,leaderboard,36,blue-collar,married,secondary,no,62.0,yes,no,cellular,2,jun,56.0,8,-1,0,unknown,,0,8.0,adulto_joven,Q2
3016,leaderboard,41,blue-collar,married,secondary,no,1468.0,no,no,cellular,5,jun,82.0,1,-1,0,unknown,,0,1.0,adulto_joven,Q2
3017,leaderboard,34,technician,married,secondary,no,-135.0,yes,yes,cellular,12,aug,131.0,2,-1,0,unknown,,0,2.0,adulto_joven,Q3
3018,leaderboard,51,blue-collar,divorced,primary,no,833.0,no,no,telephone,30,jul,41.0,2,-1,0,unknown,,0,2.0,adulto,Q3
3019,leaderboard,45,admin.,married,secondary,no,239.0,no,no,cellular,16,jul,212.0,2,-1,0,unknown,,0,2.0,adulto_joven,Q3
3020,leaderboard,40,student,married,secondary,no,257.0,no,no,cellular,19,nov,52.0,1,152,6,failure,,1,0.14285714285714285,adulto_joven,Q4
3021,leaderboard,37,technician,single,secondary,no,388.0,yes,no,cellular,8,may,103.0,3,-1,0,unknown,,0,3.0,adulto_joven,Q2
3022,leaderboard,55,management,divorced,secondary,no,9.0,yes,no,cellular,19,may,95.0,1,-1,0,unknown,,0,1.0,adulto,Q2
3023,leaderboard,51,blue-collar,divorced,secondary,no,1069.0,yes,no,cellular,30,may,247.0,2,-1,0,unknown,,0,2.0,adulto,Q2
3024,leaderboard,67,retired,married,secondary,no,699.0,no,no,telephone,4,may,77.0,2,-1,0,unknown,,0,2.0,senior,Q2
3025,leaderboard,50,management,married,tertiary,no,0.0,no,no,cellular,9,jul,243.0,5,-1,0,unknown,,0,5.0,adulto,Q3
3026,leaderboard,30,management,married,tertiary,no,94.0,yes,no,cellular,5,apr,470.0,7,426,3,other,,1,1.75,joven,Q2
3027,leaderboard,38,technician,married,secondary,no,747.0,no,no,cellular,7,aug,259.0,3,-1,0,unknown,,0,3.0,adulto_joven,Q3
3028,leaderboard,45,unemployed,divorced,primary,yes,-250.0,yes,yes,cellular,1,jul,92.0,1,-1,0,unknown,,0,1.0,adulto_joven,Q3
3029,leaderboard,54,retired,married,primary,no,0.0,yes,no,cellular,11,jul,159.0,2,-1,0,unknown,,0,2.0,adulto,Q3
3030,leaderboard,53,blue-collar,married,primary,no,3324.0,yes,no,cellular,23,may,331.0,6,-1,0,unknown,,0,6.0,adulto,Q2
3031,leaderboard,41,blue-collar,married,secondary,no,1341.0,yes,no,cellular,20,apr,234.0,5,-1,0,unknown,,0,5.0,adulto_joven,Q2
3032,leaderboard,49,technician,married,primary,no,229.0,yes,no,cellular,8,may,96.0,1,-1,0,unknown,,0,1.0,adulto,Q2
3033,leaderboard,27,services,married,secondary,no,67.0,yes,no,cellular,7,may,113.0,1,337,2,other,,1,0.3333333333333333,joven,Q2
3034,leaderboard,57,blue-collar,married,primary,no,461.0,yes,no,cellular,13,may,139.0,4,-1,0,unknown,,0,4.0,adulto,Q2
3035,leaderboard,36,blue-collar,single,secondary,no,223.0,yes,yes,cellular,11,may,270.0,2,347,1,failure,,1,1.0,adulto_joven,Q2
3036,leaderboard,33,self-employed,single,secondary,no,235.0,yes,yes,cellular,5,feb,45.0,5,-1,0,unknown,,0,5.0,adulto_joven,Q1
3037,leaderboard,46,admin.,married,primary,no,278.0,yes,yes,cellular,6,may,157.0,2,-1,0,unknown,,0,2.0,adulto,Q2
3038,leaderboard,36,technician,single,secondary,no,0.0,no,no,cellular,29,aug,85.0,6,-1,0,unknown,,0,6.0,adulto_joven,Q3
3039,leaderboard,59,management,married,tertiary,no,1577.0,no,no,telephone,28,aug,91.0,5,-1,0,unknown,,0,5.0,adulto,Q3
3040,leaderboard,36,retired,single,secondary,no,101.0,yes,yes,cellular,26,may,314.0,1,-1,0,unknown,,0,1.0,adulto_joven,Q2
3041,leaderboard,53,unemployed,married,secondary,no,93.0,no,no,cellular,10,aug,493.0,1,181,14,success,,1,0.06666666666666667,adulto,Q3
3042,leaderboard,30,blue-collar,married,primary,no,2582.0,no,no,cellular,12,may,221.0,2,-1,0,unknown,,0,2.0,joven,Q2
3043,leaderboard,35,technician,married,tertiary,no,192.0,no,no,cellular,26,aug,286.0,2,-1,0,unknown,,0,2.0,adulto_joven,Q3
3044,leaderboard,58,management,married,secondary,no,38.0,no,no,cellular,18,aug,84.0,11,-1,0,unknown,,0,11.0,adulto,Q3
3045,leaderboard,50,services,married,secondary,no,1572.0,yes,no,cellular,9,jul,185.0,1,-1,0,unknown,,0,1.0,adulto,Q3
3046,leaderboard,59,technician,married,secondary,no,258.0,no,no,cellular,15,jun,415.0,1,89,1,success,,1,0.5,adulto,Q2
3047,leaderboard,59,blue-collar,married,secondary,no,0.0,yes,no,cellular,5,may,226.0,1,-1,0,unknown,,0,1.0,adulto,Q2
3048,leaderboard,43,blue-collar,married,primary,no,-89.0,yes,no,cellular,26,may,402.0,2,-1,0,unknown,,0,2.0,adulto_joven,Q2
3049,leaderboard,41,blue-collar,married,primary,no,8.0,no,no,cellular,23,jul,74.0,5,-1,0,unknown,,0,5.0,adulto_joven,Q3
3050,leaderboard,27,management,single,tertiary,no,211.0,yes,no,cellular,15,may,373.0,1,-1,0,unknown,,0,1.0,joven,Q2
3051,leaderboard,27,services,single,secondary,yes,4.0,no,no,cellular,22,jul,60.0,2,-1,0,unknown,,0,2.0,joven,Q3
3052,leaderboard,38,admin.,divorced,tertiary,no,78.0,yes,no,cellular,6,may,218.0,1,-1,0,unknown,,0,1.0,adulto_joven,Q2
3053,leaderboard,59,blue-collar,married,primary,no,748.0,no,no,cellular,29,may,184.0,1,-1,0,unknown,,0,1.0,adulto,Q2
3054,leaderboard,34,technician,single,secondary,no,347.0,no,yes,cellular,29,jan,136.0,1,262,3,failure,,1,0.25,adulto_joven,Q1
3055,leaderboard,28,technician,divorced,tertiary,no,602.0,yes,yes,cellular,18,jun,54.0,3,-1,0,unknown,,0,3.0,joven,Q2
3056,leaderboard,31,self-employed,single,secondary,no,207.0,no,yes,cellular,19,nov,177.0,1,-1,0,unknown,,0,1.0,adulto_joven,Q4
3057,leaderboard,34,admin.,married,secondary,no,1672.0,no,no,cellular,21,may,160.0,1,-1,0,unknown,,0,1.0,adulto_joven,Q2
3058,leaderboard,36,services,married,secondary,no,-4.0,yes,no,cellular,30,jul,172.0,28,-1,0,unknown,,0,28.0,adulto_joven,Q3
3059,leaderboard,31,admin.,married,secondary,no,392.0,yes,no,cellular,7,dec,69.0,1,185,2,failure,,1,0.3333333333333333,adulto_joven,Q4
3060,leaderboard,36,blue-collar,single,tertiary,no,1821.0,no,no,cellular,14,oct,183.0,1,91,11,failure,,1,0.08333333333333333,adulto_joven,Q4
3061,leaderboard,43,technician,married,tertiary,no,188.0,no,no,cellular,5,aug,203.0,2,-1,0,unknown,,0,2.0,adulto_joven,Q3
3062,leaderboard,31,blue-collar,married,secondary,no,70.0,yes,yes,cellular,23,jul,235.0,11,-1,0,unknown,,0,11.0,adulto_joven,Q3
3063,leaderboard,57,management,married,tertiary,no,3240.0,no,no,cellular,20,aug,162.0,3,-1,0,unknown,,0,3.0,adulto,Q3
3064,leaderboard,51,blue-collar,divorced,secondary,no,207.0,yes,no,cellular,8,may,134.0,1,170,5,failure,,1,0.16666666666666666,adulto,Q2
3065,leaderboard,47,technician,married,secondary,no,597.0,yes,no,cellular,13,aug,99.0,3,-1,0,unknown,,0,3.0,adulto,Q3
3066,leaderboard,47,self-employed,married,secondary,no,15.0,yes,no,cellular,15,may,142.0,1,-1,0,unknown,,0,1.0,adulto,Q2
3067,leaderboard,30,management,single,tertiary,no,6498.0,no,no,cellular,30,mar,78.0,3,-1,0,unknown,,0,3.0,joven,Q1
3068,leaderboard,36,entrepreneur,married,tertiary,no,1162.0,yes,no,cellular,6,may,168.0,2,-1,0,unknown,,0,2.0,adulto_joven,Q2
3069,leaderboard,45,technician,single,secondary,no,7115.0,yes,yes,cellular,18,nov,53.0,1,172,3,failure,,1,0.25,adulto_joven,Q4
3070,leaderboard,30,admin.,married,secondary,no,514.0,yes,no,cellular,8,may,127.0,1,-1,0,unknown,,0,1.0,joven,Q2
3071,leaderboard,32,technician,married,secondary,no,287.0,no,no,cellular,20,apr,60.0,1,343,4,failure,,1,0.2,adulto_joven,Q2
3072,leaderboard,49,entrepreneur,married,secondary,no,1925.0,no,yes,telephone,14,jul,281.0,3,-1,0,unknown,,0,3.0,adulto,Q3
3073,leaderboard,36,management,married,tertiary,no,916.0,no,no,cellular,14,dec,321.0,3,189,4,success,,1,0.6,adulto_joven,Q4
3074,leaderboard,54,entrepreneur,married,secondary,no,655.0,yes,no,cellular,15,may,352.0,1,-1,0,unknown,,0,1.0,adulto,Q2
3075,leaderboard,34,technician,single,secondary,no,5048.0,no,no,cellular,20,nov,205.0,6,-1,0,unknown,,0,6.0,adulto_joven,Q4
3076,leaderboard,38,blue-collar,married,secondary,no,118.0,yes,yes,cellular,6,feb,168.0,1,212,2,failure,,1,0.3333333333333333,adulto_joven,Q1
3077,leaderboard,45,blue-collar,married,secondary,no,186.0,yes,no,cellular,13,may,154.0,5,176,1,other,,1,2.5,adulto_joven,Q2
3078,leaderboard,53,blue-collar,married,secondary,no,68.0,no,no,cellular,28,aug,25.0,18,-1,0,unknown,,0,18.0,adulto,Q3
3079,leaderboard,44,entrepreneur,married,secondary,no,92.0,no,no,cellular,7,jul,125.0,2,-1,0,unknown,,0,2.0,adulto_joven,Q3
3080,leaderboard,50,housemaid,divorced,primary,no,96.0,yes,no,cellular,22,jul,184.0,4,-1,0,unknown,,0,4.0,adulto,Q3
3081,leaderboard,32,technician,married,tertiary,no,386.0,yes,no,cellular,13,may,205.0,3,-1,0,unknown,,0,3.0,adulto_joven,Q2
3082,leaderboard,38,technician,single,secondary,no,319.0,yes,no,cellular,28,may,61.0,2,-1,0,unknown,,0,2.0,adulto_joven,Q2
3083,leaderboard,32,services,single,secondary,no,0.0,yes,no,cellular,31,jul,99.0,13,-1,0,unknown,,0,13.0,adulto_joven,Q3
3084,leaderboard,32,services,married,secondary,no,45.0,yes,no,cellular,15,may,744.0,1,-1,0,unknown,,0,1.0,adulto_joven,Q2
3085,leaderboard,58,management,single,tertiary,no,9.0,yes,no,telephone,11,may,168.0,3,-1,0,unknown,,0,3.0,adulto,Q2
3086,leaderboard,61,retired,married,primary,no,1059.0,yes,no,cellular,13,may,118.0,1,-1,0,unknown,,0,1.0,senior,Q2
3087,leaderboard,27,technician,married,secondary,no,131.0,yes,no,cellular,7,may,265.0,3,-1,0,unknown,,0,3.0,joven,Q2
3088,leaderboard,37,technician,single,secondary,no,-238.0,yes,no,cellular,13,aug,1031.94,6,-1,0,unknown,,0,6.0,adulto_joven,Q3
3089,leaderboard,28,services,single,secondary,no,230.0,yes,no,cellular,9,may,322.0,1,-1,0,unknown,,0,1.0,joven,Q2
3090,leaderboard,55,technician,single,secondary,no,3342.0,yes,no,cellular,2,jun,63.0,1,-1,0,unknown,,0,1.0,adulto,Q2
3091,leaderboard,36,management,married,tertiary,no,0.0,yes,no,cellular,27,may,145.0,2,-1,0,unknown,,0,2.0,adulto_joven,Q2
3092,leaderboard,49,services,married,secondary,no,39.0,no,no,cellular,5,may,234.0,2,-1,0,unknown,,0,2.0,adulto,Q2
3093,leaderboard,36,unemployed,married,secondary,no,-36.0,no,no,cellular,30,jan,339.0,3,-1,0,unknown,,0,3.0,adulto_joven,Q1
3094,leaderboard,46,blue-collar,married,secondary,no,180.0,no,no,cellular,4,feb,56.0,1,-1,0,unknown,,0,1.0,adulto,Q1
3095,leaderboard,42,entrepreneur,married,primary,no,207.0,yes,no,cellular,8,may,314.0,1,-1,0,unknown,,0,1.0,adulto_joven,Q2
3096,leaderboard,51,housemaid,married,secondary,no,13689.540000000003,no,yes,cellular,4,aug,166.0,2,-1,0,unknown,,0,2.0,adulto,Q3
3097,leaderboard,27,technician,single,secondary,no,7.0,yes,no,cellular,25,jul,67.0,3,-1,0,unknown,,0,3.0,joven,Q3
3098,leaderboard,23,student,single,secondary,no,9222.0,no,no,cellular,5,jun,471.0,2,-1,0,unknown,,0,2.0,joven,Q2
3099,leaderboard,32,technician,married,secondary,no,5118.0,no,no,cellular,13,aug,31.0,1,-1,0,unknown,,0,1.0,adulto_joven,Q3
3100,leaderboard,51,technician,married,tertiary,no,4.0,no,no,cellular,25,aug,91.0,9,-1,0,unknown,,0,9.0,adulto,Q3
3101,leaderboard,42,blue-collar,married,primary,no,-107.0,yes,no,cellular,3,feb,216.0,4,271,5,failure,,1,0.6666666666666666,adulto_joven,Q1
3102,leaderboard,32,technician,single,secondary,no,270.0,yes,no,cellular,13,may,80.0,2,268,2,other,,1,0.6666666666666666,adulto_joven,Q2
3103,leaderboard,41,technician,married,secondary,no,0.0,no,no,cellular,29,aug,141.0,2,-1,0,unknown,,0,2.0,adulto_joven,Q3
3104,leaderboard,33,blue-collar,married,secondary,no,930.0,yes,no,cellular,21,may,226.0,1,-1,0,unknown,,0,1.0,adulto_joven,Q2
3105,leaderboard,38,management,married,tertiary,no,-465.0,yes,no,cellular,16,jun,209.0,12,-1,0,unknown,,0,12.0,adulto_joven,Q2
3106,leaderboard,33,admin.,married,secondary,no,1157.0,yes,no,cellular,20,apr,25.0,2,-1,0,unknown,,0,2.0,adulto_joven,Q2
3107,leaderboard,34,management,single,tertiary,no,2673.0,yes,no,cellular,7,may,195.0,1,-1,0,unknown,,0,1.0,adulto_joven,Q2
3108,leaderboard,59,retired,married,secondary,no,327.0,yes,no,cellular,5,may,143.0,3,-1,0,unknown,,0,3.0,adulto,Q2
3109,leaderboard,54,blue-collar,married,secondary,no,2066.0,yes,no,cellular,25,aug,177.0,4,-1,0,unknown,,0,4.0,adulto,Q3
3110,leaderboard,47,services,divorced,secondary,no,4905.0,yes,no,cellular,14,may,389.0,1,-1,0,unknown,,0,1.0,adulto,Q2
3111,leaderboard,25,admin.,single,secondary,no,4588.0,yes,no,cellular,28,may,199.0,2,-1,0,unknown,,0,2.0,joven,Q2
3112,leaderboard,53,blue-collar,married,primary,no,241.0,yes,no,cellular,11,may,238.0,2,361,5,failure,,1,0.3333333333333333,adulto,Q2
3113,leaderboard,40,blue-collar,married,secondary,no,0.0,yes,yes,cellular,29,may,245.0,3,-1,0,unknown,,0,3.0,adulto_joven,Q2
3114,leaderboard,38,management,single,tertiary,no,0.0,no,no,cellular,24,jul,164.0,1,-1,0,unknown,,0,1.0,adulto_joven,Q3
3115,leaderboard,49,technician,married,secondary,no,4673.0,yes,no,cellular,19,may,130.0,2,-1,0,unknown,,0,2.0,adulto,Q2
3116,leaderboard,32,management,single,tertiary,no,570.0,no,no,cellular,7,aug,101.0,2,-1,0,unknown,,0,2.0,adulto_joven,Q3
3117,leaderboard,51,unemployed,married,tertiary,no,1637.0,yes,no,cellular,22,jul,168.0,4,-1,0,unknown,,0,4.0,adulto,Q3
3118,leaderboard,40,technician,married,secondary,no,787.0,yes,no,cellular,14,may,224.0,2,-1,0,unknown,,0,2.0,adulto_joven,Q2
3119,leaderboard,27,admin.,married,secondary,no,633.0,no,yes,cellular,14,jul,243.0,3,-1,0,unknown,,0,3.0,joven,Q3
3120,leaderboard,33,technician,single,secondary,no,5228.0,no,no,cellular,7,aug,67.0,3,-1,0,unknown,,0,3.0,adulto_joven,Q3
3121,leaderboard,59,blue-collar,married,primary,no,188.0,yes,no,cellular,5,may,55.0,3,-1,0,unknown,,0,3.0,adulto,Q2
3122,leaderboard,36,blue-collar,married,primary,no,122.0,yes,no,cellular,18,may,9.0,1,-1,0,unknown,,0,1.0,adulto_joven,Q2
3123,leaderboard,35,services,married,secondary,no,104.0,yes,no,cellular,6,may,597.0,3,-1,0,unknown,,0,3.0,adulto_joven,Q2
3124,leaderboard,54,technician,married,tertiary,no,866.0,no,no,cellular,27,oct,269.0,3,541,3,success,,1,0.75,adulto,Q4
3125,leaderboard,57,retired,married,secondary,no,1048.0,no,no,telephone,11,jan,585.0,1,192,2,success,,1,0.3333333333333333,adulto,Q1
3126,leaderboard,28,management,single,tertiary,no,1468.0,yes,no,cellular,25,jul,40.0,1,-1,0,unknown,,0,1.0,joven,Q3
3127,leaderboard,39,services,divorced,secondary,no,686.0,yes,no,cellular,9,jul,869.0,1,-1,0,unknown,,0,1.0,adulto_joven,Q3
3128,leaderboard,53,blue-collar,married,secondary,no,-620.4,yes,no,cellular,9,jul,205.0,1,-1,0,unknown,,0,1.0,adulto,Q3
3129,leaderboard,56,management,married,tertiary,no,13689.540000000003,no,no,cellular,17,jun,214.0,8,-1,0,unknown,,0,8.0,adulto,Q2
3130,leaderboard,50,management,married,tertiary,no,91.0,no,yes,cellular,1,jun,141.0,1,-1,0,unknown,,0,1.0,adulto,Q2
3131,leaderboard,34,management,married,tertiary,no,1509.0,yes,no,cellular,20,nov,128.0,2,-1,0,unknown,,0,2.0,adulto_joven,Q4
3132,leaderboard,49,services,married,secondary,no,321.0,no,no,telephone,9,feb,1031.94,4,-1,0,unknown,,0,4.0,adulto,Q1
3133,leaderboard,47,blue-collar,married,primary,no,3460.0,no,yes,cellular,21,nov,125.0,2,-1,0,unknown,,0,2.0,adulto,Q4
3134,leaderboard,38,management,divorced,secondary,no,0.0,yes,no,cellular,18,nov,96.0,2,-1,0,unknown,,0,2.0,adulto_joven,Q4
3135,leaderboard,44,services,single,secondary,no,1377.0,yes,no,cellular,8,may,257.0,2,-1,0,unknown,,0,2.0,adulto_joven,Q2
3136,leaderboard,31,unemployed,single,secondary,no,313.0,no,no,cellular,30,jan,130.0,1,2,1,other,,1,0.5,adulto_joven,Q1
3137,leaderboard,32,management,divorced,tertiary,no,881.0,no,no,cellular,12,aug,1031.94,6,-1,0,unknown,,0,6.0,adulto_joven,Q3
3138,leaderboard,46,blue-collar,married,secondary,no,-1.0,no,no,cellular,18,aug,71.0,3,-1,0,unknown,,0,3.0,adulto,Q3
3139,leaderboard,39,services,divorced,secondary,no,282.0,yes,no,cellular,17,jul,243.0,1,-1,0,unknown,,0,1.0,adulto_joven,Q3
3140,leaderboard,38,entrepreneur,married,tertiary,no,0.0,yes,no,cellular,18,nov,185.0,3,-1,0,unknown,,0,3.0,adulto_joven,Q4
3141,leaderboard,30,technician,married,secondary,no,1213.0,yes,no,cellular,18,may,176.0,1,-1,0,unknown,,0,1.0,joven,Q2
3142,leaderboard,27,technician,single,tertiary,no,3085.0,yes,no,cellular,29,may,244.0,2,-1,0,unknown,,0,2.0,joven,Q2
3143,leaderboard,32,admin.,single,secondary,no,125.0,no,yes,cellular,16,jul,255.0,2,-1,0,unknown,,0,2.0,adulto_joven,Q3
3144,leaderboard,34,technician,divorced,tertiary,no,671.0,yes,no,cellular,7,aug,587.0,2,-1,0,unknown,,0,2.0,adulto_joven,Q3
3145,leaderboard,42,entrepreneur,married,tertiary,no,13689.540000000003,no,no,cellular,8,aug,205.0,2,-1,0,unknown,,0,2.0,adulto_joven,Q3
3146,leaderboard,31,admin.,married,secondary,no,0.0,yes,yes,cellular,6,may,144.0,2,-1,0,unknown,,0,2.0,adulto_joven,Q2
3147,leaderboard,40,student,married,secondary,no,260.0,no,no,cellular,20,jun,197.0,6,-1,0,unknown,,0,6.0,adulto_joven,Q2
3148,leaderboard,51,blue-collar,married,secondary,no,387.0,yes,no,cellular,20,aug,293.0,2,-1,0,unknown,,0,2.0,adulto,Q3
3149,leaderboard,29,management,single,tertiary,no,0.0,no,no,cellular,16,may,16.0,25,-1,0,unknown,,0,25.0,joven,Q2
3150,leaderboard,30,services,married,secondary,no,0.0,yes,no,cellular,9,may,20.0,1,-1,0,unknown,,0,1.0,joven,Q2
3151,leaderboard,40,technician,married,secondary,no,-399.0,yes,no,cellular,26,may,127.0,1,-1,0,unknown,,0,1.0,adulto_joven,Q2
3152,leaderboard,39,admin.,married,secondary,no,254.0,yes,no,cellular,17,apr,146.0,1,281,1,failure,,1,0.5,adulto_joven,Q2
3153,leaderboard,27,student,single,tertiary,no,3741.0,yes,no,cellular,22,may,198.0,1,98,6,success,,1,0.14285714285714285,joven,Q2
3154,leaderboard,43,blue-collar,married,primary,no,782.0,yes,yes,cellular,15,may,284.0,5,-1,0,unknown,,0,5.0,adulto_joven,Q2
3155,leaderboard,43,blue-collar,divorced,primary,no,336.0,no,yes,cellular,8,jul,192.0,1,-1,0,unknown,,0,1.0,adulto_joven,Q3
3156,leaderboard,44,technician,married,tertiary,no,1138.0,no,no,cellular,4,jul,178.0,2,-1,0,unknown,,0,2.0,adulto_joven,Q3
3157,leaderboard,43,technician,divorced,secondary,no,1412.0,yes,no,telephone,28,jul,75.0,3,-1,0,unknown,,0,3.0,adulto_joven,Q3
3158,leaderboard,37,services,divorced,secondary,no,493.0,yes,no,cellular,2,feb,73.0,1,-1,0,unknown,,0,1.0,adulto_joven,Q1
3159,leaderboard,46,admin.,married,secondary,no,474.0,yes,no,cellular,29,jan,169.0,1,-1,0,unknown,,0,1.0,adulto,Q1
3160,leaderboard,32,management,divorced,tertiary,no,878.0,yes,no,cellular,10,dec,798.0,1,185,5,other,,1,0.16666666666666666,adulto_joven,Q4
3161,leaderboard,37,services,single,secondary,no,101.0,no,yes,cellular,17,jun,260.0,4,-1,0,unknown,,0,4.0,adulto_joven,Q2
3162,leaderboard,39,technician,married,tertiary,no,795.0,no,no,telephone,2,feb,182.0,1,-1,0,unknown,,0,1.0,adulto_joven,Q1
3163,leaderboard,29,services,single,secondary,no,23.0,no,no,cellular,1,jul,161.0,1,-1,0,unknown,,0,1.0,joven,Q3
3164,leaderboard,26,blue-collar,married,secondary,no,247.0,yes,no,cellular,26,may,16.0,11,-1,0,unknown,,0,11.0,joven,Q2
3165,leaderboard,37,technician,single,secondary,yes,383.0,no,no,cellular,9,jun,223.0,2,-1,0,unknown,,0,2.0,adulto_joven,Q2
3166,leaderboard,34,entrepreneur,married,secondary,no,457.0,yes,yes,cellular,28,aug,137.0,8,-1,0,unknown,,0,8.0,adulto_joven,Q3
3167,leaderboard,42,technician,divorced,secondary,no,1537.0,no,yes,cellular,5,aug,86.0,1,-1,0,unknown,,0,1.0,adulto_joven,Q3
3168,leaderboard,27,blue-collar,single,secondary,no,103.0,no,no,cellular,22,jul,39.0,17,-1,0,unknown,,0,17.0,joven,Q3
3169,leaderboard,49,blue-collar,married,secondary,no,1560.0,no,no,cellular,21,may,206.0,6,-1,0,unknown,,0,6.0,adulto,Q2
3170,leaderboard,46,admin.,single,secondary,no,741.0,yes,no,cellular,13,may,104.0,2,-1,0,unknown,,0,2.0,adulto,Q2
3171,leaderboard,51,technician,married,secondary,no,133.0,yes,no,cellular,16,may,627.0,1,-1,0,unknown,,0,1.0,adulto,Q2
3172,leaderboard,31,blue-collar,married,secondary,no,405.0,no,no,cellular,14,aug,96.0,3,-1,0,unknown,,0,3.0,adulto_joven,Q3
3173,leaderboard,37,services,married,secondary,no,4765.0,yes,no,cellular,20,nov,187.0,2,-1,0,unknown,,0,2.0,adulto_joven,Q4
3174,leaderboard,29,technician,married,secondary,no,1591.0,yes,no,cellular,8,jul,115.0,1,61,1,failure,,1,0.5,joven,Q3
3175,leaderboard,35,technician,single,tertiary,no,3544.0,no,no,cellular,21,nov,267.0,1,-1,0,unknown,,0,1.0,adulto_joven,Q4
3176,leaderboard,37,blue-collar,married,secondary,no,132.0,yes,no,cellular,9,may,137.0,2,-1,0,unknown,,0,2.0,adulto_joven,Q2
3177,leaderboard,32,management,single,secondary,no,258.0,yes,no,cellular,2,jun,258.0,1,-1,0,unknown,,0,1.0,adulto_joven,Q2
3178,leaderboard,52,management,single,tertiary,no,7.0,no,yes,cellular,28,jul,30.0,9,-1,0,unknown,,0,9.0,adulto,Q3
3179,leaderboard,38,blue-collar,divorced,secondary,no,2988.0,yes,no,cellular,11,jun,91.0,1,-1,0,unknown,,0,1.0,adulto_joven,Q2
3180,leaderboard,47,blue-collar,single,secondary,no,2438.0,no,no,cellular,18,jun,422.0,1,-1,0,unknown,,0,1.0,adulto,Q2
3181,leaderboard,58,management,married,primary,no,2763.0,yes,no,cellular,11,jul,94.0,2,-1,0,unknown,,0,2.0,adulto,Q3
3182,leaderboard,34,self-employed,married,tertiary,no,5493.0,no,no,cellular,19,nov,265.0,1,-1,0,unknown,,0,1.0,adulto_joven,Q4
3183,leaderboard,34,management,married,tertiary,no,1108.0,yes,no,cellular,25,jul,53.0,5,-1,0,unknown,,0,5.0,adulto_joven,Q3
3184,leaderboard,45,technician,single,secondary,no,589.0,no,yes,cellular,28,jul,32.0,3,-1,0,unknown,,0,3.0,adulto_joven,Q3
3185,leaderboard,39,admin.,divorced,secondary,no,80.0,yes,no,cellular,30,jul,69.0,6,-1,0,unknown,,0,6.0,adulto_joven,Q3
3186,leaderboard,36,management,single,tertiary,no,619.0,no,no,cellular,7,aug,86.0,2,-1,0,unknown,,0,2.0,adulto_joven,Q3
3187,leaderboard,33,technician,single,tertiary,no,126.0,no,no,telephone,29,aug,66.0,2,-1,0,unknown,,0,2.0,adulto_joven,Q3
3188,leaderboard,51,unemployed,married,secondary,no,1750.0,no,yes,cellular,19,nov,162.0,1,-1,0,unknown,,0,1.0,adulto,Q4
3189,leaderboard,48,admin.,married,secondary,no,0.0,yes,no,cellular,8,may,85.0,1,168,2,failure,,1,0.3333333333333333,adulto,Q2
3190,leaderboard,42,management,married,primary,no,-620.4,yes,yes,cellular,6,may,159.0,1,343,2,failure,,1,0.3333333333333333,adulto_joven,Q2
3191,leaderboard,38,management,married,tertiary,no,951.0,no,no,cellular,5,aug,210.0,2,-1,0,unknown,,0,2.0,adulto_joven,Q3
3192,leaderboard,32,technician,divorced,tertiary,no,259.0,no,no,cellular,26,may,128.0,1,-1,0,unknown,,0,1.0,adulto_joven,Q2
3193,leaderboard,35,blue-collar,married,secondary,no,1940.0,yes,no,cellular,2,jun,200.0,3,-1,0,unknown,,0,3.0,adulto_joven,Q2
3194,leaderboard,45,services,divorced,secondary,no,80.0,no,yes,cellular,7,jul,332.0,1,-1,0,unknown,,0,1.0,adulto_joven,Q3
3195,leaderboard,26,admin.,single,secondary,no,236.0,yes,yes,cellular,18,may,8.0,2,-1,0,unknown,,0,2.0,joven,Q2
3196,leaderboard,53,management,married,primary,no,4077.0,no,no,cellular,20,jun,14.0,3,-1,0,unknown,,0,3.0,adulto,Q2
3197,leaderboard,34,blue-collar,married,secondary,no,59.0,yes,yes,cellular,8,may,672.0,3,-1,0,unknown,,0,3.0,adulto_joven,Q2
3198,leaderboard,30,blue-collar,single,secondary,no,640.0,yes,yes,cellular,8,may,287.0,1,-1,0,unknown,,0,1.0,joven,Q2
3199,leaderboard,45,unemployed,divorced,primary,no,747.0,no,no,cellular,20,apr,103.0,1,325,4,failure,,1,0.2,adulto_joven,Q2
3200,leaderboard,56,retired,married,secondary,no,-121.0,yes,yes,cellular,12,aug,614.0,2,-1,0,unknown,,0,2.0,adulto,Q3
3201,leaderboard,28,services,single,secondary,no,2681.0,no,yes,cellular,24,aug,5.0,1,-1,0,unknown,,0,1.0,joven,Q3
3202,leaderboard,31,technician,single,secondary,no,685.0,yes,no,cellular,8,may,198.0,1,-1,0,unknown,,0,1.0,adulto_joven,Q2
3203,leaderboard,56,management,divorced,tertiary,no,433.0,no,no,cellular,28,may,77.0,3,-1,0,unknown,,0,3.0,adulto,Q2
3204,leaderboard,34,technician,single,secondary,no,56.0,no,no,cellular,7,aug,274.0,2,-1,0,unknown,,0,2.0,adulto_joven,Q3
3205,leaderboard,42,blue-collar,married,primary,no,2120.0,yes,no,cellular,7,may,86.0,2,-1,0,unknown,,0,2.0,adulto_joven,Q2
3206,leaderboard,48,management,married,secondary,no,2287.0,yes,no,cellular,26,may,251.0,11,-1,0,unknown,,0,11.0,adulto,Q2
3207,leaderboard,40,management,married,secondary,no,107.0,no,no,cellular,9,feb,15.0,5,-1,0,unknown,,0,5.0,adulto_joven,Q1
3208,leaderboard,48,management,married,tertiary,no,594.0,yes,yes,cellular,6,may,179.0,2,-1,0,unknown,,0,2.0,adulto,Q2
3209,leaderboard,44,services,married,secondary,no,0.0,yes,yes,cellular,11,may,161.0,1,-1,0,unknown,,0,1.0,adulto_joven,Q2
3210,leaderboard,36,technician,married,secondary,no,57.0,yes,no,cellular,13,may,38.0,2,369,4,failure,,1,0.4,adulto_joven,Q2
3211,leaderboard,59,retired,married,primary,no,-55.0,yes,no,cellular,27,aug,84.0,4,-1,0,unknown,,0,4.0,adulto,Q3
3212,leaderboard,35,technician,single,tertiary,no,2278.0,no,no,telephone,28,may,32.0,2,-1,0,unknown,,0,2.0,adulto_joven,Q2
3213,leaderboard,41,services,married,secondary,no,178.0,no,no,cellular,21,jul,71.0,9,-1,0,unknown,,0,9.0,adulto_joven,Q3
3214,leaderboard,36,management,single,tertiary,no,233.0,yes,no,cellular,7,may,160.0,2,360,3,failure,,1,0.5,adulto_joven,Q2
3215,leaderboard,40,blue-collar,married,secondary,no,4800.0,yes,no,cellular,17,apr,57.0,1,-1,0,unknown,,0,1.0,adulto_joven,Q2
3216,leaderboard,53,technician,divorced,secondary,no,626.0,yes,no,cellular,8,may,298.0,1,-1,0,unknown,,0,1.0,adulto,Q2
3217,leaderboard,55,retired,married,secondary,no,172.0,no,no,cellular,19,aug,79.0,2,-1,0,unknown,,0,2.0,adulto,Q3
3218,leaderboard,56,self-employed,married,secondary,no,794.0,no,yes,cellular,9,jul,170.0,1,-1,0,unknown,,0,1.0,adulto,Q3
3219,leaderboard,36,technician,married,tertiary,no,4.0,yes,no,cellular,27,jan,100.0,1,435,1,failure,,1,0.5,adulto_joven,Q1
3220,leaderboard,33,management,single,tertiary,no,1401.0,yes,no,cellular,5,feb,8.0,1,254,5,failure,,1,0.16666666666666666,adulto_joven,Q1
3221,leaderboard,27,admin.,single,secondary,no,-147.0,yes,no,telephone,15,may,289.0,8,-1,0,unknown,,0,8.0,joven,Q2
3222,leaderboard,34,blue-collar,married,secondary,no,615.0,yes,no,cellular,21,may,145.0,1,-1,0,unknown,,0,1.0,adulto_joven,Q2
3223,leaderboard,37,technician,single,secondary,no,268.0,no,no,cellular,13,may,121.0,1,-1,0,unknown,,0,1.0,adulto_joven,Q2
3224,leaderboard,39,management,single,tertiary,no,0.0,yes,no,cellular,16,apr,81.0,2,-1,0,unknown,,0,2.0,adulto_joven,Q2
3225,leaderboard,31,technician,married,secondary,no,0.0,no,yes,cellular,19,aug,144.0,4,-1,0,unknown,,0,4.0,adulto_joven,Q3
3226,leaderboard,40,self-employed,married,secondary,no,9.0,no,no,cellular,22,aug,197.0,5,-1,0,unknown,,0,5.0,adulto_joven,Q3
3227,leaderboard,31,entrepreneur,single,tertiary,no,1958.0,no,no,cellular,4,feb,112.0,3,-1,0,unknown,,0,3.0,adulto_joven,Q1
3228,leaderboard,42,services,married,secondary,no,-94.0,yes,yes,cellular,5,feb,43.0,1,-1,0,unknown,,0,1.0,adulto_joven,Q1
3229,leaderboard,40,housemaid,married,secondary,no,4616.0,no,no,cellular,14,aug,154.0,2,-1,0,unknown,,0,2.0,adulto_joven,Q3
3230,leaderboard,59,management,married,tertiary,no,0.0,no,no,cellular,27,aug,87.0,4,-1,0,unknown,,0,4.0,adulto,Q3
3231,leaderboard,32,management,single,tertiary,no,0.0,no,no,cellular,21,nov,9.0,6,-1,0,unknown,,0,6.0,adulto_joven,Q4
3232,leaderboard,31,technician,single,secondary,no,696.0,yes,no,cellular,6,jun,431.0,2,-1,0,unknown,,0,2.0,adulto_joven,Q2
3233,leaderboard,31,blue-collar,married,secondary,no,1662.0,yes,no,cellular,20,apr,158.0,1,182,1,success,,1,0.5,adulto_joven,Q2
3234,leaderboard,59,management,married,tertiary,no,2765.0,no,no,cellular,24,dec,237.0,1,206,2,failure,,1,0.3333333333333333,adulto,Q4
3235,leaderboard,43,services,single,secondary,no,3399.0,yes,no,cellular,12,nov,707.0,2,97,2,success,,1,0.6666666666666666,adulto_joven,Q4
3236,leaderboard,50,technician,married,secondary,no,1131.0,yes,no,cellular,23,jul,119.0,2,-1,0,unknown,,0,2.0,adulto,Q3
3237,leaderboard,32,blue-collar,married,secondary,no,116.0,no,no,cellular,4,may,20.0,5,-1,0,unknown,,0,5.0,adulto_joven,Q2
3238,leaderboard,46,admin.,married,primary,no,90.0,no,no,telephone,4,feb,151.0,2,-1,0,unknown,,0,2.0,adulto,Q1
3239,leaderboard,34,services,married,secondary,no,-58.0,yes,no,cellular,16,jun,109.0,3,-1,0,unknown,,0,3.0,adulto_joven,Q2
3240,leaderboard,29,student,single,secondary,no,145.0,no,no,cellular,14,aug,105.0,1,-1,0,unknown,,0,1.0,joven,Q3
3241,leaderboard,43,management,single,secondary,no,-221.0,yes,yes,cellular,16,may,122.0,2,-1,0,unknown,,0,2.0,adulto_joven,Q2
3242,leaderboard,38,management,married,tertiary,no,7119.0,no,no,cellular,16,jun,301.0,6,-1,0,unknown,,0,6.0,adulto_joven,Q2
3243,leaderboard,47,self-employed,divorced,secondary,no,8516.0,yes,no,cellular,20,nov,14.0,7,112,4,other,,1,1.4,adulto,Q4
3244,leaderboard,26,technician,single,tertiary,no,70.0,yes,yes,cellular,19,may,351.0,1,-1,0,unknown,,0,1.0,joven,Q2
3245,leaderboard,47,admin.,divorced,secondary,no,1145.0,yes,no,cellular,11,jul,106.0,2,-1,0,unknown,,0,2.0,adulto,Q3
3246,leaderboard,38,management,married,tertiary,no,3452.0,no,no,cellular,13,aug,132.0,2,-1,0,unknown,,0,2.0,adulto_joven,Q3
3247,leaderboard,36,management,married,secondary,no,-157.0,no,no,cellular,18,nov,144.0,2,-1,0,unknown,,0,2.0,adulto_joven,Q4
3248,leaderboard,51,housemaid,divorced,tertiary,no,368.0,yes,no,cellular,19,aug,109.0,3,-1,0,unknown,,0,3.0,adulto,Q3
3249,leaderboard,37,technician,married,secondary,no,2713.0,yes,no,telephone,16,jul,109.0,1,-1,0,unknown,,0,1.0,adulto_joven,Q3
3250,leaderboard,48,technician,divorced,secondary,yes,15.0,no,no,cellular,27,aug,145.0,3,-1,0,unknown,,0,3.0,adulto,Q3
3251,leaderboard,27,services,single,secondary,no,-133.0,no,no,cellular,18,jul,217.0,1,-1,0,unknown,,0,1.0,joven,Q3
3252,leaderboard,23,student,married,tertiary,yes,-238.0,yes,no,cellular,18,may,259.0,2,-1,0,unknown,,0,2.0,joven,Q2
3253,leaderboard,40,entrepreneur,married,secondary,no,1536.0,yes,yes,cellular,18,nov,173.0,7,-1,0,unknown,,0,7.0,adulto_joven,Q4
3254,leaderboard,51,self-employed,married,primary,no,306.0,yes,yes,cellular,17,jun,65.0,2,-1,0,unknown,,0,2.0,adulto,Q2
3255,leaderboard,50,admin.,divorced,secondary,no,759.0,no,no,cellular,28,jul,72.0,2,363,4,failure,,1,0.4,adulto,Q3
3256,leaderboard,29,services,single,secondary,no,208.0,yes,no,cellular,28,jul,487.0,7,-1,0,unknown,,0,7.0,joven,Q3
3257,leaderboard,43,technician,married,secondary,no,0.0,no,yes,cellular,8,may,9.0,2,172,5,failure,,1,0.3333333333333333,adulto_joven,Q2
3258,leaderboard,41,management,married,tertiary,no,436.0,yes,no,cellular,3,jun,14.0,21,-1,0,unknown,,0,21.0,adulto_joven,Q2
3259,leaderboard,41,admin.,single,tertiary,no,979.0,no,no,cellular,23,jul,105.0,1,-1,0,unknown,,0,1.0,adulto_joven,Q3
3260,leaderboard,39,blue-collar,married,secondary,no,0.0,yes,no,cellular,30,apr,53.0,1,325,1,failure,,1,0.5,adulto_joven,Q2
3261,leaderboard,42,management,single,tertiary,no,533.0,no,no,cellular,13,aug,127.0,2,-1,0,unknown,,0,2.0,adulto_joven,Q3
3262,leaderboard,52,technician,married,secondary,no,204.0,yes,no,cellular,18,feb,220.0,1,63,5,failure,,1,0.16666666666666666,adulto,Q1
3263,leaderboard,55,admin.,married,secondary,no,599.0,no,no,cellular,1,jun,324.0,3,90,2,success,,1,1.0,adulto,Q2
3264,leaderboard,55,retired,married,secondary,no,155.0,no,no,cellular,28,aug,159.0,1,-1,0,unknown,,0,1.0,adulto,Q3
3265,leaderboard,46,blue-collar,married,primary,no,227.0,no,no,cellular,8,aug,71.0,2,-1,0,unknown,,0,2.0,adulto,Q3
3266,leaderboard,36,housemaid,married,secondary,no,412.0,yes,no,cellular,30,may,251.0,1,-1,0,unknown,,0,1.0,adulto_joven,Q2
3267,leaderboard,45,management,married,tertiary,no,250.0,no,no,cellular,30,apr,587.0,1,-1,0,unknown,,0,1.0,adulto_joven,Q2
3268,leaderboard,32,blue-collar,married,secondary,no,0.0,yes,no,cellular,8,may,80.0,2,-1,0,unknown,,0,2.0,adulto_joven,Q2
3269,leaderboard,42,blue-collar,married,secondary,no,0.0,yes,no,cellular,21,nov,328.0,6,-1,0,unknown,,0,6.0,adulto_joven,Q4
3270,leaderboard,48,management,married,tertiary,no,364.0,no,no,cellular,18,nov,67.0,1,-1,0,unknown,,0,1.0,adulto,Q4
3271,leaderboard,45,admin.,divorced,secondary,no,68.0,yes,no,cellular,24,jul,873.0,8,-1,0,unknown,,0,8.0,adulto_joven,Q3
3272,leaderboard,32,management,married,tertiary,no,140.0,no,no,cellular,20,aug,94.0,4,-1,0,unknown,,0,4.0,adulto_joven,Q3
3273,leaderboard,35,technician,single,secondary,no,174.0,yes,no,cellular,29,jan,219.0,1,246,1,failure,,1,0.5,adulto_joven,Q1
3274,leaderboard,49,admin.,married,secondary,no,634.0,no,no,cellular,25,aug,220.0,3,-1,0,unknown,,0,3.0,adulto,Q3
3275,leaderboard,32,technician,single,tertiary,no,1064.0,yes,no,cellular,17,apr,115.0,1,-1,0,unknown,,0,1.0,adulto_joven,Q2
3276,leaderboard,36,admin.,divorced,secondary,no,-43.0,yes,no,cellular,27,may,151.0,1,-1,0,unknown,,0,1.0,adulto_joven,Q2
3277,leaderboard,34,management,single,tertiary,no,162.0,yes,no,cellular,7,may,191.0,1,294,1,failure,,1,0.5,adulto_joven,Q2
3278,leaderboard,30,management,single,tertiary,no,-219.0,yes,no,cellular,27,aug,13.0,15,-1,0,unknown,,0,15.0,joven,Q3
3279,leaderboard,57,retired,married,secondary,no,0.0,no,yes,cellular,30,jun,104.0,2,-1,0,unknown,,0,2.0,adulto,Q2
3280,leaderboard,39,technician,married,tertiary,no,-282.0,no,yes,cellular,11,aug,121.0,4,-1,0,unknown,,0,4.0,adulto_joven,Q3
3281,leaderboard,48,technician,married,secondary,no,450.0,yes,no,cellular,10,jul,114.0,1,-1,0,unknown,,0,1.0,adulto,Q3
3282,leaderboard,33,services,married,secondary,no,4779.0,yes,yes,cellular,11,may,220.0,1,339,4,failure,,1,0.2,adulto_joven,Q2
3283,leaderboard,54,services,married,secondary,no,80.0,yes,no,cellular,13,may,190.0,1,-1,0,unknown,,0,1.0,adulto,Q2
3284,leaderboard,51,blue-collar,divorced,secondary,no,10285.0,yes,no,cellular,29,may,117.0,1,-1,0,unknown,,0,1.0,adulto,Q2
3285,leaderboard,45,technician,married,secondary,no,1003.0,yes,no,cellular,20,nov,215.0,6,188,2,failure,,1,2.0,adulto_joven,Q4
3286,leaderboard,57,technician,married,tertiary,no,13689.540000000003,no,yes,cellular,20,jun,174.0,3,-1,0,unknown,,0,3.0,adulto,Q2
3287,leaderboard,31,management,single,tertiary,no,0.0,no,no,cellular,28,aug,38.0,16,-1,0,unknown,,0,16.0,adulto_joven,Q3
3288,leaderboard,70,retired,married,secondary,no,613.0,no,no,cellular,27,apr,149.0,2,182,1,failure,,1,1.0,senior,Q2
3289,leaderboard,65,blue-collar,married,secondary,no,292.0,no,no,cellular,12,jan,105.0,1,-1,0,unknown,,0,1.0,senior,Q1
3290,leaderboard,56,admin.,married,secondary,no,1495.0,yes,no,cellular,29,may,66.0,2,-1,0,unknown,,0,2.0,adulto,Q2
3291,leaderboard,42,admin.,married,secondary,no,519.0,yes,yes,cellular,19,nov,193.0,3,-1,0,unknown,,0,3.0,adulto_joven,Q4
3292,leaderboard,35,management,married,tertiary,no,169.0,yes,no,cellular,7,aug,257.0,2,-1,0,unknown,,0,2.0,adulto_joven,Q3
3293,leaderboard,32,management,married,tertiary,no,61.0,yes,no,cellular,14,may,166.0,1,-1,0,unknown,,0,1.0,adulto_joven,Q2
3294,leaderboard,43,technician,single,tertiary,no,13689.540000000003,yes,no,cellular,3,jun,164.0,7,-1,0,unknown,,0,7.0,adulto_joven,Q2
3295,leaderboard,33,management,married,tertiary,no,303.0,no,no,cellular,16,jul,90.0,2,-1,0,unknown,,0,2.0,adulto_joven,Q3
3296,leaderboard,38,self-employed,divorced,tertiary,no,1519.0,no,no,cellular,7,may,330.0,1,342,1,failure,,1,0.5,adulto_joven,Q2
3297,leaderboard,43,technician,married,secondary,no,25.0,yes,no,cellular,16,may,353.0,4,-1,0,unknown,,0,4.0,adulto_joven,Q2
3298,leaderboard,49,technician,married,secondary,yes,-620.4,yes,yes,cellular,27,jun,92.0,4,-1,0,unknown,,0,4.0,adulto,Q2
3299,leaderboard,26,admin.,single,secondary,no,249.0,no,no,cellular,30,apr,457.0,1,80,1,success,,1,0.5,joven,Q2
3300,leaderboard,39,self-employed,single,tertiary,no,421.0,no,no,cellular,18,jun,1029.0,1,-1,0,unknown,,0,1.0,adulto_joven,Q2
3301,leaderboard,47,blue-collar,divorced,primary,no,1283.0,yes,no,cellular,6,feb,479.0,2,-1,0,unknown,,0,2.0,adulto,Q1
3302,leaderboard,49,management,married,tertiary,no,330.0,no,no,cellular,6,aug,72.0,4,-1,0,unknown,,0,4.0,adulto,Q3
3303,leaderboard,55,housemaid,married,primary,no,14.0,no,no,cellular,20,jun,64.0,1,-1,0,unknown,,0,1.0,adulto,Q2
3304,leaderboard,50,technician,married,secondary,no,661.0,yes,no,cellular,2,jun,88.0,1,-1,0,unknown,,0,1.0,adulto,Q2
3305,leaderboard,51,entrepreneur,married,tertiary,no,3917.0,yes,no,cellular,5,may,168.0,1,-1,0,unknown,,0,1.0,adulto,Q2
3306,leaderboard,33,management,married,secondary,no,4044.0,yes,no,cellular,20,apr,132.0,2,-1,0,unknown,,0,2.0,adulto_joven,Q2
3307,leaderboard,31,services,single,secondary,no,0.0,yes,no,cellular,28,may,231.0,2,-1,0,unknown,,0,2.0,adulto_joven,Q2
3308,leaderboard,45,entrepreneur,married,tertiary,no,0.0,yes,no,cellular,29,jul,100.0,3,-1,0,unknown,,0,3.0,adulto_joven,Q3
3309,leaderboard,32,unemployed,divorced,primary,no,0.0,no,no,cellular,15,jul,175.0,4,-1,0,unknown,,0,4.0,adulto_joven,Q3
3310,leaderboard,29,self-employed,married,tertiary,no,-1.0,no,no,cellular,18,jul,167.0,3,-1,0,unknown,,0,3.0,joven,Q3
3311,leaderboard,48,technician,married,secondary,no,174.0,yes,no,cellular,17,jun,320.0,4,-1,0,unknown,,0,4.0,adulto,Q2
3312,leaderboard,36,management,single,tertiary,no,251.0,yes,no,cellular,7,may,49.0,1,-1,0,unknown,,0,1.0,adulto_joven,Q2
3313,leaderboard,44,admin.,single,secondary,no,-103.0,yes,no,cellular,10,jul,99.0,1,-1,0,unknown,,0,1.0,adulto_joven,Q3
3314,leaderboard,46,admin.,married,secondary,no,4960.0,yes,no,cellular,17,nov,64.0,3,150,5,other,,1,0.5,adulto,Q4
3315,leaderboard,36,student,single,secondary,no,380.0,no,no,cellular,18,jun,359.0,2,-1,0,unknown,,0,2.0,adulto_joven,Q2
3316,leaderboard,49,services,married,secondary,no,277.0,yes,no,telephone,14,jul,162.0,3,-1,0,unknown,,0,3.0,adulto,Q3
3317,leaderboard,45,management,divorced,tertiary,no,216.0,yes,no,cellular,18,jun,89.0,4,-1,0,unknown,,0,4.0,adulto_joven,Q2
3318,leaderboard,30,unemployed,single,secondary,yes,-620.4,yes,no,cellular,28,may,87.0,1,-1,0,unknown,,0,1.0,joven,Q2
3319,leaderboard,25,blue-collar,married,primary,yes,-587.0,yes,no,cellular,3,jun,233.0,1,-1,0,unknown,,0,1.0,joven,Q2
3320,leaderboard,31,unemployed,single,secondary,no,-180.0,yes,no,cellular,26,may,172.0,3,-1,0,unknown,,0,3.0,adulto_joven,Q2
3321,leaderboard,43,blue-collar,married,primary,no,257.0,yes,no,cellular,17,jul,180.0,1,-1,0,unknown,,0,1.0,adulto_joven,Q3
3322,leaderboard,26,admin.,single,tertiary,no,3672.0,yes,no,cellular,29,may,360.0,5,-1,0,unknown,,0,5.0,joven,Q2
3323,leaderboard,29,entrepreneur,married,secondary,no,451.0,yes,no,cellular,27,may,347.0,1,-1,0,unknown,,0,1.0,joven,Q2
3324,leaderboard,47,management,married,tertiary,no,291.0,yes,no,cellular,5,aug,157.0,1,-1,0,unknown,,0,1.0,adulto,Q3
3325,leaderboard,48,unemployed,married,secondary,no,812.0,no,no,cellular,14,jan,517.0,1,282,4,success,,1,0.2,adulto,Q1
3326,leaderboard,53,self-employed,married,tertiary,no,2631.0,yes,yes,cellular,16,jun,18.0,30,-1,0,unknown,,0,30.0,adulto,Q2
3327,leaderboard,46,admin.,married,secondary,no,1070.0,yes,no,cellular,8,may,45.0,2,-1,0,unknown,,0,2.0,adulto,Q2
3328,leaderboard,41,blue-collar,married,primary,no,396.0,yes,no,cellular,16,jun,127.0,2,-1,0,unknown,,0,2.0,adulto_joven,Q2
3329,leaderboard,36,technician,married,tertiary,no,158.0,yes,no,cellular,28,jan,57.0,1,-1,0,unknown,,0,1.0,adulto_joven,Q1
3330,leaderboard,29,blue-collar,married,secondary,no,492.0,yes,no,cellular,6,may,422.0,1,363,1,failure,,1,0.5,joven,Q2
3331,leaderboard,58,blue-collar,married,secondary,no,0.0,no,yes,cellular,14,apr,101.0,5,-1,0,unknown,,0,5.0,adulto,Q2
3332,leaderboard,50,blue-collar,married,primary,no,-11.0,no,no,cellular,19,aug,195.0,2,-1,0,unknown,,0,2.0,adulto,Q3
3333,leaderboard,25,unemployed,single,secondary,no,33.0,no,yes,cellular,4,jul,316.0,1,-1,0,unknown,,0,1.0,joven,Q3
3334,leaderboard,39,blue-collar,married,primary,no,381.0,yes,no,cellular,16,may,225.0,4,-1,0,unknown,,0,4.0,adulto_joven,Q2
3335,leaderboard,37,self-employed,married,secondary,no,480.0,no,yes,cellular,27,aug,155.0,15,-1,0,unknown,,0,15.0,adulto_joven,Q3
3336,leaderboard,30,technician,single,tertiary,no,411.0,no,no,cellular,21,apr,142.0,1,-1,0,unknown,,0,1.0,joven,Q2
3337,leaderboard,39,entrepreneur,married,tertiary,no,79.0,yes,no,cellular,11,jul,193.0,2,-1,0,unknown,,0,2.0,adulto_joven,Q3
3338,leaderboard,56,admin.,married,secondary,no,0.0,yes,no,telephone,19,nov,154.0,2,-1,0,unknown,,0,2.0,adulto,Q4
3339,leaderboard,45,admin.,married,secondary,no,286.0,yes,no,cellular,23,jul,92.0,1,-1,0,unknown,,0,1.0,adulto_joven,Q3
3340,leaderboard,39,technician,married,secondary,no,9124.0,no,no,cellular,5,jun,147.0,1,-1,0,unknown,,0,1.0,adulto_joven,Q2
3341,leaderboard,49,management,married,tertiary,no,1433.0,no,no,cellular,18,nov,231.0,2,-1,0,unknown,,0,2.0,adulto,Q4
3342,leaderboard,54,self-employed,divorced,primary,no,4374.0,yes,no,telephone,18,may,193.0,4,-1,0,unknown,,0,4.0,adulto,Q2
3343,leaderboard,52,management,divorced,tertiary,no,915.0,yes,no,cellular,4,jun,104.0,2,-1,0,unknown,,0,2.0,adulto,Q2
3344,leaderboard,55,technician,married,secondary,no,0.0,no,no,cellular,19,nov,336.0,1,-1,0,unknown,,0,1.0,adulto,Q4
3345,leaderboard,44,technician,married,secondary,no,10883.0,yes,no,cellular,5,aug,163.0,1,-1,0,unknown,,0,1.0,adulto_joven,Q3
3346,leaderboard,32,blue-collar,single,secondary,no,59.0,yes,no,cellular,18,nov,276.0,1,195,1,failure,,1,0.5,adulto_joven,Q4
3347,leaderboard,27,services,single,secondary,no,0.0,yes,no,cellular,7,may,388.0,7,-1,0,unknown,,0,7.0,joven,Q2
3348,leaderboard,28,admin.,single,secondary,no,1329.0,yes,no,cellular,3,jun,361.0,1,-1,0,unknown,,0,1.0,joven,Q2
3349,leaderboard,32,technician,married,secondary,no,2689.0,yes,no,cellular,21,may,16.0,1,-1,0,unknown,,0,1.0,adulto_joven,Q2
3350,leaderboard,27,self-employed,single,secondary,no,39.0,yes,no,cellular,30,jan,208.0,2,-1,0,unknown,,0,2.0,joven,Q1
3351,leaderboard,37,management,single,tertiary,no,507.0,yes,no,cellular,6,may,133.0,1,-1,0,unknown,,0,1.0,adulto_joven,Q2
3352,leaderboard,31,technician,single,secondary,no,2308.0,no,no,cellular,4,aug,139.0,1,-1,0,unknown,,0,1.0,adulto_joven,Q3
3353,leaderboard,38,services,married,secondary,no,-620.4,yes,yes,cellular,30,may,408.0,2,-1,0,unknown,,0,2.0,adulto_joven,Q2
3354,leaderboard,41,management,married,tertiary,no,2880.0,no,no,cellular,19,nov,40.0,1,-1,0,unknown,,0,1.0,adulto_joven,Q4
3355,leaderboard,43,technician,married,secondary,no,434.0,yes,no,cellular,5,may,117.0,1,-1,0,unknown,,0,1.0,adulto_joven,Q2
3356,leaderboard,37,management,married,tertiary,no,407.0,no,no,cellular,29,jan,337.0,2,-1,0,unknown,,0,2.0,adulto_joven,Q1
3357,leaderboard,32,management,single,tertiary,no,1727.0,yes,yes,cellular,29,may,323.0,3,-1,0,unknown,,0,3.0,adulto_joven,Q2
3358,leaderboard,31,services,married,secondary,no,409.0,yes,no,cellular,13,may,65.0,1,-1,0,unknown,,0,1.0,adulto_joven,Q2
3359,leaderboard,42,technician,divorced,tertiary,no,7197.0,yes,no,cellular,29,jul,375.0,2,-1,0,unknown,,0,2.0,adulto_joven,Q3
3360,leaderboard,19,student,single,primary,no,112.0,no,no,cellular,10,jul,104.0,2,-1,0,unknown,,0,2.0,joven,Q3
3361,leaderboard,31,technician,single,tertiary,no,618.0,no,no,cellular,11,aug,72.0,4,-1,0,unknown,,0,4.0,adulto_joven,Q3
3362,leaderboard,41,admin.,married,secondary,no,5104.0,yes,no,cellular,13,apr,231.0,1,-1,0,unknown,,0,1.0,adulto_joven,Q2
3363,leaderboard,41,blue-collar,single,secondary,no,423.0,yes,no,cellular,12,may,92.0,1,-1,0,unknown,,0,1.0,adulto_joven,Q2
3364,leaderboard,29,technician,married,secondary,no,0.0,yes,no,cellular,28,jul,83.0,6,-1,0,unknown,,0,6.0,joven,Q3
3365,leaderboard,30,management,single,tertiary,no,2182.0,yes,no,cellular,3,jun,366.0,1,-1,0,unknown,,0,1.0,joven,Q2
3366,leaderboard,37,blue-collar,divorced,secondary,no,39.0,yes,no,cellular,20,nov,106.0,2,167,1,failure,,1,1.0,adulto_joven,Q4
3367,leaderboard,33,blue-collar,divorced,primary,no,148.0,yes,no,telephone,11,may,41.0,2,300,5,failure,,1,0.3333333333333333,adulto_joven,Q2
3368,leaderboard,48,technician,married,secondary,no,425.0,no,no,cellular,14,may,201.0,1,-1,0,unknown,,0,1.0,adulto,Q2
3369,leaderboard,33,admin.,single,secondary,no,-291.0,yes,yes,cellular,25,jul,184.0,1,-1,0,unknown,,0,1.0,adulto_joven,Q3
3370,leaderboard,24,admin.,single,secondary,no,927.0,yes,yes,cellular,15,may,191.0,1,-1,0,unknown,,0,1.0,joven,Q2
3371,leaderboard,35,admin.,married,primary,no,185.0,yes,no,cellular,11,may,95.0,1,-1,0,unknown,,0,1.0,adulto_joven,Q2
3372,leaderboard,33,management,married,tertiary,no,-5.0,yes,no,cellular,16,jul,285.0,5,-1,0,unknown,,0,5.0,adulto_joven,Q3
3373,leaderboard,55,retired,married,secondary,no,2742.0,yes,yes,cellular,29,may,58.0,2,-1,0,unknown,,0,2.0,adulto,Q2
3374,leaderboard,35,admin.,single,secondary,no,48.0,no,yes,cellular,8,jul,632.0,2,-1,0,unknown,,0,2.0,adulto_joven,Q3
3375,leaderboard,42,admin.,married,secondary,no,4211.0,yes,no,cellular,5,jun,57.0,6,-1,0,unknown,,0,6.0,adulto_joven,Q2
3376,leaderboard,35,technician,married,secondary,no,1062.0,no,yes,cellular,12,aug,179.0,6,-1,0,unknown,,0,6.0,adulto_joven,Q3
3377,leaderboard,53,technician,married,secondary,no,2645.0,yes,no,cellular,30,may,121.0,1,-1,0,unknown,,0,1.0,adulto,Q2
3378,leaderboard,33,management,single,tertiary,no,93.0,no,no,cellular,8,jul,159.0,1,-1,0,unknown,,0,1.0,adulto_joven,Q3
3379,leaderboard,34,technician,single,secondary,no,1084.0,no,no,cellular,8,aug,70.0,2,-1,0,unknown,,0,2.0,adulto_joven,Q3
3380,leaderboard,56,technician,married,tertiary,no,264.0,no,no,cellular,26,aug,103.0,2,-1,0,unknown,,0,2.0,adulto,Q3
3381,leaderboard,40,technician,divorced,tertiary,no,1871.0,yes,no,cellular,17,nov,64.0,1,-1,0,unknown,,0,1.0,adulto_joven,Q4
3382,leaderboard,58,retired,married,primary,no,5082.0,no,no,cellular,11,jun,199.0,6,-1,0,unknown,,0,6.0,adulto,Q2
3383,leaderboard,32,technician,married,secondary,no,3335.0,no,no,cellular,8,aug,50.0,4,-1,0,unknown,,0,4.0,adulto_joven,Q3
3384,leaderboard,24,blue-collar,married,secondary,no,195.0,yes,yes,cellular,17,apr,229.0,3,-1,0,unknown,,0,3.0,joven,Q2
3385,leaderboard,44,blue-collar,married,secondary,no,2314.0,no,no,cellular,4,aug,251.0,3,-1,0,unknown,,0,3.0,adulto_joven,Q3
3386,leaderboard,55,blue-collar,divorced,primary,no,409.0,no,yes,cellular,11,jul,221.0,2,-1,0,unknown,,0,2.0,adulto,Q3
3387,leaderboard,30,management,single,tertiary,no,21.0,no,no,cellular,20,may,121.0,11,-1,0,unknown,,0,11.0,joven,Q2
3388,leaderboard,50,entrepreneur,married,tertiary,no,45.0,no,no,cellular,31,jul,22.0,8,-1,0,unknown,,0,8.0,adulto,Q3
3389,leaderboard,58,housemaid,married,primary,no,0.0,yes,no,telephone,9,jul,148.0,1,-1,0,unknown,,0,1.0,adulto,Q3
3390,leaderboard,30,technician,married,tertiary,no,570.0,no,no,cellular,27,aug,976.0,12,-1,0,unknown,,0,12.0,joven,Q3
3391,leaderboard,52,blue-collar,divorced,primary,no,-95.0,yes,yes,cellular,9,may,167.0,4,-1,0,unknown,,0,4.0,adulto,Q2
3392,leaderboard,52,self-employed,single,tertiary,no,1625.0,yes,no,cellular,5,jun,21.0,17,-1,0,unknown,,0,17.0,adulto,Q2
3393,leaderboard,54,management,married,tertiary,no,60.0,yes,no,cellular,2,jun,112.0,2,-1,0,unknown,,0,2.0,adulto,Q2
3394,leaderboard,43,technician,single,secondary,no,585.0,yes,no,cellular,5,may,55.0,1,-1,0,unknown,,0,1.0,adulto_joven,Q2
3395,leaderboard,52,blue-collar,married,primary,no,1051.0,no,no,cellular,4,aug,273.0,1,-1,0,unknown,,0,1.0,adulto,Q3
3396,leaderboard,47,management,married,tertiary,no,-41.0,no,yes,cellular,7,jul,175.0,1,-1,0,unknown,,0,1.0,adulto,Q3
3397,leaderboard,31,management,married,tertiary,no,19.0,no,no,cellular,28,aug,110.0,5,-1,0,unknown,,0,5.0,adulto_joven,Q3
3398,leaderboard,37,blue-collar,married,secondary,no,905.0,yes,no,cellular,13,apr,119.0,2,280,2,failure,,1,0.6666666666666666,adulto_joven,Q2
3399,leaderboard,32,management,married,secondary,no,6208.0,yes,yes,cellular,21,may,486.0,2,-1,0,unknown,,0,2.0,adulto_joven,Q2
3400,leaderboard,32,technician,married,secondary,no,169.0,yes,yes,cellular,8,aug,79.0,3,-1,0,unknown,,0,3.0,adulto_joven,Q3
3401,leaderboard,58,technician,divorced,secondary,no,-131.0,no,no,cellular,5,aug,131.0,2,-1,0,unknown,,0,2.0,adulto,Q3
3402,leaderboard,46,entrepreneur,married,secondary,no,756.0,no,no,cellular,16,jun,382.0,3,-1,0,unknown,,0,3.0,adulto,Q2
3403,leaderboard,31,admin.,married,secondary,no,0.0,yes,no,cellular,29,jul,82.0,5,-1,0,unknown,,0,5.0,adulto_joven,Q3
3404,leaderboard,59,services,married,secondary,no,0.0,yes,no,cellular,12,may,214.0,3,-1,0,unknown,,0,3.0,adulto,Q2
3405,leaderboard,30,services,married,secondary,no,1733.0,yes,no,cellular,5,feb,192.0,4,-1,0,unknown,,0,4.0,joven,Q1
3406,leaderboard,37,unemployed,married,secondary,no,4557.0,no,no,cellular,4,sep,369.0,1,-1,0,unknown,,0,1.0,adulto_joven,Q3
3407,leaderboard,44,management,married,secondary,no,578.0,yes,no,cellular,8,may,128.0,3,-1,0,unknown,,0,3.0,adulto_joven,Q2
3408,leaderboard,28,admin.,single,secondary,no,170.0,yes,yes,cellular,6,may,150.0,1,-1,0,unknown,,0,1.0,joven,Q2
3409,leaderboard,59,management,married,primary,no,2363.0,yes,no,cellular,17,apr,30.0,1,-1,0,unknown,,0,1.0,adulto,Q2
3410,leaderboard,49,entrepreneur,married,secondary,no,275.0,no,no,cellular,23,jul,58.0,1,-1,0,unknown,,0,1.0,adulto,Q3
3411,leaderboard,54,retired,married,primary,no,215.0,no,no,cellular,12,may,255.0,1,-1,0,unknown,,0,1.0,adulto,Q2
3412,leaderboard,33,management,divorced,tertiary,yes,273.0,no,yes,cellular,18,nov,155.0,1,-1,0,unknown,,0,1.0,adulto_joven,Q4
3413,leaderboard,55,housemaid,married,primary,no,134.0,yes,no,cellular,19,jun,15.0,10,-1,0,unknown,,0,10.0,adulto,Q2
3414,leaderboard,27,unemployed,single,tertiary,no,8.0,no,no,cellular,3,feb,65.0,2,-1,0,unknown,,0,2.0,joven,Q1
3415,leaderboard,58,blue-collar,divorced,secondary,no,535.0,no,yes,telephone,17,jul,264.0,3,-1,0,unknown,,0,3.0,adulto,Q3
3416,leaderboard,39,admin.,married,secondary,no,405.0,no,no,cellular,30,jul,253.0,5,-1,0,unknown,,0,5.0,adulto_joven,Q3
3417,leaderboard,55,retired,married,secondary,no,475.0,no,no,cellular,17,jun,287.0,4,-1,0,unknown,,0,4.0,adulto,Q2
3418,leaderboard,31,blue-collar,married,secondary,no,631.0,yes,no,cellular,23,may,248.0,4,-1,0,unknown,,0,4.0,adulto_joven,Q2
3419,leaderboard,32,management,single,secondary,no,777.0,no,no,cellular,28,jan,92.0,1,-1,0,unknown,,0,1.0,adulto_joven,Q1
3420,leaderboard,31,self-employed,married,tertiary,no,252.0,yes,no,cellular,7,may,47.0,1,-1,0,unknown,,0,1.0,adulto_joven,Q2
3421,leaderboard,28,admin.,single,secondary,no,179.0,yes,no,cellular,31,jul,68.0,2,-1,0,unknown,,0,2.0,joven,Q3
3422,leaderboard,27,services,single,secondary,no,3358.0,yes,no,cellular,14,may,493.0,5,-1,0,unknown,,0,5.0,joven,Q2
3423,leaderboard,80,retired,married,secondary,no,8304.0,no,no,telephone,9,jun,712.0,1,64,12,failure,,1,0.07692307692307693,senior,Q2
3424,leaderboard,45,admin.,single,secondary,no,-17.0,yes,no,cellular,5,may,247.0,1,-1,0,unknown,,0,1.0,adulto_joven,Q2
3425,leaderboard,33,technician,single,tertiary,no,704.0,no,yes,cellular,5,feb,193.0,1,176,8,failure,,1,0.1111111111111111,adulto_joven,Q1
3426,leaderboard,31,housemaid,married,secondary,yes,-13.0,no,yes,telephone,7,jul,94.0,2,-1,0,unknown,,0,2.0,adulto_joven,Q3
3427,leaderboard,25,services,married,secondary,no,62.0,yes,no,cellular,23,jul,305.0,2,-1,0,unknown,,0,2.0,joven,Q3
3428,leaderboard,46,admin.,married,secondary,no,553.0,yes,yes,cellular,15,may,646.0,3,-1,0,unknown,,0,3.0,adulto,Q2
3429,leaderboard,32,management,single,tertiary,no,1226.0,yes,no,telephone,28,jan,70.0,2,-1,0,unknown,,0,2.0,adulto_joven,Q1
3430,leaderboard,44,technician,divorced,secondary,no,13.0,no,no,cellular,13,nov,167.0,1,92,1,success,,1,0.5,adulto_joven,Q4
3431,leaderboard,58,retired,married,primary,no,3408.0,yes,no,cellular,3,feb,84.0,3,265,2,failure,,1,1.0,adulto,Q1
3432,leaderboard,38,services,single,secondary,no,-204.0,yes,no,cellular,2,feb,60.0,1,271,1,failure,,1,0.5,adulto_joven,Q1
3433,leaderboard,44,management,married,tertiary,no,520.0,yes,no,cellular,4,jun,129.0,4,-1,0,unknown,,0,4.0,adulto_joven,Q2
3434,leaderboard,42,housemaid,single,primary,no,5768.0,yes,no,cellular,15,may,54.0,2,-1,0,unknown,,0,2.0,adulto_joven,Q2
3435,leaderboard,37,blue-collar,married,primary,no,3251.0,yes,no,cellular,21,may,233.0,1,-1,0,unknown,,0,1.0,adulto_joven,Q2
3436,leaderboard,40,management,married,tertiary,no,55.0,no,no,cellular,16,jun,172.0,6,-1,0,unknown,,0,6.0,adulto_joven,Q2
3437,leaderboard,66,management,married,tertiary,no,2160.0,no,no,cellular,7,jul,282.0,1,-1,0,unknown,,0,1.0,senior,Q3
3438,leaderboard,44,admin.,divorced,secondary,no,422.0,no,no,cellular,9,feb,132.0,3,-1,0,unknown,,0,3.0,adulto_joven,Q1
3439,leaderboard,49,entrepreneur,married,primary,no,205.0,no,no,cellular,13,may,113.0,2,-1,0,unknown,,0,2.0,adulto,Q2
3440,leaderboard,34,technician,married,secondary,no,-337.0,no,no,cellular,13,aug,136.0,4,-1,0,unknown,,0,4.0,adulto_joven,Q3
3441,leaderboard,48,blue-collar,married,secondary,no,1139.0,yes,no,cellular,17,apr,264.0,1,317,1,failure,,1,0.5,adulto,Q2
3442,leaderboard,52,blue-collar,married,primary,no,220.0,yes,no,cellular,6,may,198.0,2,170,2,failure,,1,0.6666666666666666,adulto,Q2
3443,leaderboard,42,student,married,secondary,no,-12.0,no,no,telephone,31,jul,41.0,6,-1,0,unknown,,0,6.0,adulto_joven,Q3
3444,leaderboard,48,blue-collar,single,tertiary,no,2335.0,yes,no,cellular,4,jun,15.0,1,-1,0,unknown,,0,1.0,adulto,Q2
3445,leaderboard,38,technician,married,secondary,no,0.0,no,no,cellular,28,aug,82.0,4,-1,0,unknown,,0,4.0,adulto_joven,Q3
3446,leaderboard,52,blue-collar,married,secondary,no,1113.0,yes,no,cellular,13,may,365.0,1,-1,0,unknown,,0,1.0,adulto,Q2
3447,leaderboard,34,technician,married,secondary,no,212.0,yes,yes,cellular,8,apr,375.0,2,-1,0,unknown,,0,2.0,adulto_joven,Q2
3448,leaderboard,35,management,married,tertiary,no,27.0,yes,no,cellular,8,apr,169.0,1,231,2,failure,,1,0.3333333333333333,adulto_joven,Q2
3449,leaderboard,30,services,single,tertiary,no,-479.0,no,yes,cellular,21,aug,1031.94,2,-1,0,unknown,,0,2.0,joven,Q3
3450,leaderboard,36,self-employed,married,secondary,no,190.0,yes,no,cellular,19,nov,136.0,1,120,1,failure,,1,0.5,adulto_joven,Q4
3451,leaderboard,41,technician,married,tertiary,no,10.0,no,no,cellular,5,jun,189.0,2,-1,0,unknown,,0,2.0,adulto_joven,Q2
3452,leaderboard,54,blue-collar,married,secondary,no,1163.0,no,no,cellular,26,may,98.0,2,-1,0,unknown,,0,2.0,adulto,Q2
3453,leaderboard,50,self-employed,married,secondary,no,-85.0,yes,no,cellular,6,may,101.0,1,-1,0,unknown,,0,1.0,adulto,Q2
3454,leaderboard,58,services,married,primary,no,68.0,no,no,cellular,27,jun,162.0,1,-1,0,unknown,,0,1.0,adulto,Q2
3455,leaderboard,34,blue-collar,divorced,secondary,no,0.0,no,yes,cellular,21,may,339.0,1,-1,0,unknown,,0,1.0,adulto_joven,Q2
3456,leaderboard,30,services,divorced,secondary,no,-93.0,yes,no,cellular,14,jul,41.0,2,-1,0,unknown,,0,2.0,joven,Q3
3457,leaderboard,36,technician,married,secondary,no,475.0,yes,no,cellular,27,may,59.0,1,-1,0,unknown,,0,1.0,adulto_joven,Q2
3458,leaderboard,58,retired,married,secondary,no,12.0,no,no,cellular,11,aug,270.0,1,-1,0,unknown,,0,1.0,adulto,Q3
3459,leaderboard,38,admin.,married,tertiary,no,611.0,no,no,cellular,18,nov,147.0,2,-1,0,unknown,,0,2.0,adulto_joven,Q4
3460,leaderboard,37,admin.,single,secondary,no,-300.0,yes,no,cellular,20,apr,81.0,1,-1,0,unknown,,0,1.0,adulto_joven,Q2
3461,leaderboard,38,management,single,tertiary,no,13689.540000000003,yes,no,telephone,29,jan,208.0,1,247,2,failure,,1,0.3333333333333333,adulto_joven,Q1
3462,leaderboard,28,technician,single,secondary,no,10.0,no,no,telephone,18,may,40.0,8,349,6,failure,,1,1.1428571428571428,joven,Q2
3463,leaderboard,32,services,married,secondary,no,1467.0,yes,no,cellular,3,jun,193.0,1,-1,0,unknown,,0,1.0,adulto_joven,Q2
3464,leaderboard,44,technician,divorced,secondary,no,804.0,yes,no,cellular,15,may,118.0,4,-1,0,unknown,,0,4.0,adulto_joven,Q2
3465,leaderboard,29,self-employed,married,tertiary,no,3936.0,yes,no,cellular,3,jun,73.0,4,-1,0,unknown,,0,4.0,joven,Q2
3466,leaderboard,42,blue-collar,married,secondary,no,172.0,yes,no,cellular,17,nov,96.0,1,-1,0,unknown,,0,1.0,adulto_joven,Q4
3467,leaderboard,27,admin.,single,tertiary,no,3680.0,yes,no,cellular,15,may,157.0,2,351,5,failure,,1,0.3333333333333333,joven,Q2
3468,leaderboard,50,unemployed,married,secondary,no,1772.0,no,no,cellular,29,jul,206.0,4,-1,0,unknown,,0,4.0,adulto,Q3
3469,leaderboard,43,technician,married,secondary,no,289.0,yes,no,cellular,14,oct,119.0,3,-1,0,unknown,,0,3.0,adulto_joven,Q4
3470,leaderboard,55,management,divorced,tertiary,no,-614.0,no,no,cellular,26,aug,131.0,2,-1,0,unknown,,0,2.0,adulto,Q3
3471,leaderboard,33,blue-collar,single,primary,no,84.0,yes,no,cellular,9,may,127.0,1,-1,0,unknown,,0,1.0,adulto_joven,Q2
3472,leaderboard,45,blue-collar,married,primary,no,1299.0,yes,no,cellular,28,aug,189.0,17,-1,0,unknown,,0,17.0,adulto_joven,Q3
3473,leaderboard,36,admin.,married,secondary,no,961.0,yes,no,cellular,21,may,206.0,1,-1,0,unknown,,0,1.0,adulto_joven,Q2
3474,leaderboard,34,services,married,secondary,no,595.0,yes,yes,cellular,8,may,224.0,2,-1,0,unknown,,0,2.0,adulto_joven,Q2
3475,leaderboard,33,technician,single,secondary,no,925.0,yes,no,cellular,21,nov,58.0,1,122,4,failure,,1,0.2,adulto_joven,Q4
3476,leaderboard,30,management,married,tertiary,no,151.0,no,no,cellular,19,aug,82.0,4,-1,0,unknown,,0,4.0,joven,Q3
3477,leaderboard,39,technician,married,secondary,no,3653.0,no,no,cellular,11,aug,230.0,3,-1,0,unknown,,0,3.0,adulto_joven,Q3
3478,leaderboard,57,housemaid,married,primary,no,7081.0,no,no,cellular,6,jun,69.0,3,-1,0,unknown,,0,3.0,adulto,Q2
3479,leaderboard,25,blue-collar,single,secondary,no,906.0,yes,no,cellular,7,jul,113.0,4,-1,0,unknown,,0,4.0,joven,Q3
3480,leaderboard,51,blue-collar,married,primary,no,5051.0,no,yes,cellular,16,jun,75.0,7,-1,0,unknown,,0,7.0,adulto,Q2
3481,leaderboard,44,management,single,tertiary,no,1213.0,no,no,cellular,9,jul,160.0,2,-1,0,unknown,,0,2.0,adulto_joven,Q3
3482,leaderboard,32,technician,single,tertiary,no,701.0,yes,no,cellular,20,apr,20.0,4,-1,0,unknown,,0,4.0,adulto_joven,Q2
3483,leaderboard,55,retired,married,secondary,no,1461.0,no,yes,cellular,29,jul,277.0,2,-1,0,unknown,,0,2.0,adulto,Q3
3484,leaderboard,37,blue-collar,married,primary,no,33.0,yes,no,cellular,13,may,24.0,2,362,1,other,,1,1.0,adulto_joven,Q2
3485,leaderboard,28,blue-collar,married,secondary,no,1011.0,yes,no,cellular,28,may,251.0,1,-1,0,unknown,,0,1.0,joven,Q2
3486,leaderboard,31,admin.,married,primary,no,359.0,yes,yes,cellular,4,jun,61.0,6,-1,0,unknown,,0,6.0,adulto_joven,Q2
3487,leaderboard,47,self-employed,married,secondary,no,0.0,no,no,cellular,26,jun,174.0,8,-1,0,unknown,,0,8.0,adulto,Q2
3488,leaderboard,37,entrepreneur,married,tertiary,no,842.0,yes,no,cellular,27,may,129.0,2,-1,0,unknown,,0,2.0,adulto_joven,Q2
3489,leaderboard,41,management,married,tertiary,no,5878.0,no,no,cellular,20,nov,182.0,2,-1,0,unknown,,0,2.0,adulto_joven,Q4
3490,leaderboard,53,blue-collar,married,primary,no,220.0,no,no,cellular,18,jul,171.0,7,-1,0,unknown,,0,7.0,adulto,Q3
3491,leaderboard,32,self-employed,single,secondary,no,516.0,yes,no,cellular,18,may,34.0,7,-1,0,unknown,,0,7.0,adulto_joven,Q2
3492,leaderboard,53,blue-collar,married,secondary,no,0.0,no,no,telephone,31,jul,36.0,4,-1,0,unknown,,0,4.0,adulto,Q3
3493,leaderboard,55,retired,divorced,secondary,no,1575.0,no,yes,cellular,19,jun,1007.0,1,-1,0,unknown,,0,1.0,adulto,Q2
3494,leaderboard,36,technician,single,secondary,no,1513.0,yes,no,cellular,16,jun,243.0,2,-1,0,unknown,,0,2.0,adulto_joven,Q2
3495,leaderboard,42,management,single,tertiary,no,100.0,no,no,cellular,7,aug,64.0,2,-1,0,unknown,,0,2.0,adulto_joven,Q3
3496,leaderboard,39,self-employed,married,tertiary,no,588.0,yes,no,cellular,18,nov,48.0,1,181,3,failure,,1,0.25,adulto_joven,Q4
3497,leaderboard,54,retired,married,secondary,no,161.0,yes,yes,cellular,26,may,74.0,1,-1,0,unknown,,0,1.0,adulto,Q2
3498,leaderboard,44,blue-collar,married,primary,no,-247.0,yes,no,telephone,10,jul,73.0,1,-1,0,unknown,,0,1.0,adulto_joven,Q3
3499,leaderboard,33,blue-collar,married,primary,no,57.0,yes,no,cellular,7,may,246.0,2,-1,0,unknown,,0,2.0,adulto_joven,Q2
3500,leaderboard,56,housemaid,married,primary,no,304.0,no,yes,cellular,8,jul,212.0,1,-1,0,unknown,,0,1.0,adulto,Q3
3501,leaderboard,39,blue-collar,married,primary,no,885.0,yes,no,cellular,26,may,102.0,2,-1,0,unknown,,0,2.0,adulto_joven,Q2
3502,leaderboard,37,entrepreneur,single,secondary,no,13689.540000000003,yes,no,telephone,4,may,115.0,1,-1,0,unknown,,0,1.0,adulto_joven,Q2
3503,leaderboard,30,technician,married,secondary,no,378.0,no,no,cellular,7,aug,124.0,2,-1,0,unknown,,0,2.0,joven,Q3
3504,leaderboard,28,management,single,tertiary,no,77.0,no,no,cellular,20,oct,676.0,2,146,2,failure,,1,0.6666666666666666,joven,Q4
3505,leaderboard,32,services,single,secondary,no,155.0,yes,no,cellular,25,may,158.0,2,-1,0,unknown,,0,2.0,adulto_joven,Q2
3506,leaderboard,39,self-employed,single,tertiary,no,3973.0,no,no,cellular,30,jul,122.0,3,-1,0,unknown,,0,3.0,adulto_joven,Q3
3507,leaderboard,30,management,single,tertiary,no,7844.0,yes,no,cellular,3,jun,59.0,1,-1,0,unknown,,0,1.0,joven,Q2
3508,leaderboard,45,technician,married,primary,no,-331.0,no,no,cellular,9,jun,225.0,2,-1,0,unknown,,0,2.0,adulto_joven,Q2
3509,leaderboard,34,admin.,married,tertiary,no,2542.0,yes,yes,cellular,25,sep,74.0,1,-1,0,unknown,,0,1.0,adulto_joven,Q3
3510,leaderboard,26,technician,married,tertiary,no,3816.0,yes,no,cellular,13,may,107.0,1,-1,0,unknown,,0,1.0,joven,Q2
3511,leaderboard,43,management,married,tertiary,no,1185.0,no,no,cellular,27,may,140.0,2,-1,0,unknown,,0,2.0,adulto_joven,Q2
3512,leaderboard,28,entrepreneur,married,secondary,no,1024.0,no,no,cellular,29,jan,113.0,1,-1,0,unknown,,0,1.0,joven,Q1
3513,leaderboard,41,technician,married,secondary,no,61.0,yes,yes,cellular,8,may,210.0,2,-1,0,unknown,,0,2.0,adulto_joven,Q2
3514,leaderboard,42,housemaid,married,primary,no,147.0,no,no,cellular,20,aug,252.0,2,-1,0,unknown,,0,2.0,adulto_joven,Q3
3515,leaderboard,51,management,single,tertiary,yes,-56.0,yes,no,cellular,18,aug,119.0,6,-1,0,unknown,,0,6.0,adulto,Q3
3516,leaderboard,79,retired,married,secondary,no,4745.0,no,no,telephone,9,jul,151.0,5,-1,0,unknown,,0,5.0,senior,Q3
3517,leaderboard,57,management,married,tertiary,no,1171.0,no,no,cellular,18,jun,26.0,1,-1,0,unknown,,0,1.0,adulto,Q2
3518,leaderboard,42,blue-collar,single,primary,no,1329.0,yes,yes,cellular,8,jul,178.0,1,-1,0,unknown,,0,1.0,adulto_joven,Q3
3519,leaderboard,28,management,married,tertiary,no,1473.0,yes,no,cellular,18,may,143.0,1,-1,0,unknown,,0,1.0,joven,Q2
3520,leaderboard,32,admin.,single,secondary,no,629.0,yes,no,cellular,26,may,1031.94,3,-1,0,unknown,,0,3.0,adulto_joven,Q2
3521,leaderboard,37,technician,married,secondary,no,56.0,no,no,cellular,19,jun,374.0,3,-1,0,unknown,,0,3.0,adulto_joven,Q2
