id,split,age,job,marital,education,default,balance,housing,loan,contact,day,duration,campaign,pdays,previous,poutcome,y,month_num,season,month_sin,month_cos,day_sin,day_cos,early_month,late_month,avg_contact_duration,contacts_per_month,financial_stress,education_unknown,age_group,balance_group
1,labeled,31,management,married,tertiary,0,460,0,0,cellular,28,13,14,-1,0,unknown,0,8,summer,-0.8660254037844385,-0.5000000000000004,-0.5712682150947924,0.8207634412072763,0,1,0.9285714285714286,1.75,0,0,1,2
2,labeled,34,blue-collar,married,secondary,0,1826,1,0,unknown,20,203,2,-1,0,unknown,0,5,spring,0.49999999999999994,-0.8660254037844387,-0.7907757369376986,-0.6121059825476627,0,1,101.5,0.4,0,0,1,3
3,labeled,50,blue-collar,married,secondary,0,290,1,0,cellular,7,226,3,-1,0,unknown,0,8,summer,-0.8660254037844385,-0.5000000000000004,0.9884683243281114,0.1514277775045767,1,0,75.33333333333333,0.375,0,0,3,2
4,labeled,42,admin.,divorced,secondary,0,1077,1,0,unknown,14,213,1,-1,0,unknown,0,5,spring,0.49999999999999994,-0.8660254037844387,0.29936312297335804,-0.9541392564000488,0,0,213.0,0.2,0,0,2,3
5,labeled,47,services,single,secondary,0,41,1,0,cellular,5,298,1,-1,0,unknown,0,5,spring,0.49999999999999994,-0.8660254037844387,0.8486442574947509,0.5289640103269624,1,0,298.0,0.2,0,0,3,2
6,labeled,48,management,married,tertiary,0,6609,0,0,unknown,17,159,3,-1,0,unknown,0,6,summer,1.2246467991473532e-16,-1.0,-0.2993631229733582,-0.9541392564000488,0,0,53.0,0.5,0,0,3,4
7,labeled,48,blue-collar,married,secondary,0,750,1,0,cellular,16,227,1,-1,0,unknown,0,4,spring,0.8660254037844387,-0.4999999999999998,-0.10116832198743204,-0.9948693233918952,0,0,227.0,0.25,0,0,3,2
8,labeled,33,management,married,unknown,0,18345,1,0,unknown,23,415,1,-1,0,unknown,0,5,spring,0.49999999999999994,-0.8660254037844387,-0.9987165071710528,-0.05064916883871355,0,1,415.0,0.2,0,0,1,5
9,labeled,53,technician,divorced,primary,0,7280,1,0,unknown,30,153,1,-1,0,unknown,0,5,spring,0.49999999999999994,-0.8660254037844387,-0.20129852008866114,0.9795299412524943,0,1,153.0,0.2,0,0,3,4
10,labeled,43,management,married,tertiary,0,2883,0,0,cellular,20,230,1,-1,0,unknown,0,11,autumn,-0.5000000000000004,0.8660254037844384,-0.7907757369376986,-0.6121059825476627,0,1,230.0,0.09090909090909091,0,0,2,3
11,labeled,37,management,single,tertiary,0,42,0,0,cellular,28,253,2,-1,0,unknown,0,1,winter,0.49999999999999994,0.8660254037844387,-0.5712682150947924,0.8207634412072763,0,1,126.5,2.0,0,0,2,2
12,labeled,37,services,married,secondary,0,1322,1,0,telephone,13,121,2,341,4,failure,0,5,spring,0.49999999999999994,-0.8660254037844387,0.48530196253108104,-0.8743466161445821,0,0,60.5,0.4,0,0,2,3
13,labeled,38,blue-collar,married,primary,0,504,1,1,unknown,12,122,1,-1,0,unknown,0,6,summer,1.2246467991473532e-16,-1.0,0.6513724827222223,-0.758758122692791,0,0,122.0,0.16666666666666666,1,0,2,2
14,labeled,30,services,single,secondary,0,0,1,0,cellular,18,131,6,363,9,failure,0,5,spring,0.49999999999999994,-0.8660254037844387,-0.4853019625310808,-0.8743466161445822,0,0,21.833333333333332,1.2,0,0,1,1
15,labeled,29,management,single,tertiary,0,27,1,0,cellular,14,107,4,371,3,failure,0,5,spring,0.49999999999999994,-0.8660254037844387,0.29936312297335804,-0.9541392564000488,0,0,26.75,0.8,0,0,1,2
16,labeled,46,management,married,tertiary,0,1366,1,0,cellular,17,308,3,-1,0,unknown,0,11,autumn,-0.5000000000000004,0.8660254037844384,-0.2993631229733582,-0.9541392564000488,0,0,102.66666666666667,0.2727272727272727,0,0,3,3
17,labeled,46,unemployed,married,secondary,0,3538,1,0,cellular,12,235,2,-1,0,unknown,0,8,summer,-0.8660254037844385,-0.5000000000000004,0.6513724827222223,-0.758758122692791,0,0,117.5,0.25,0,0,3,3
18,labeled,31,blue-collar,single,tertiary,0,2189,1,0,unknown,23,146,3,-1,0,unknown,0,5,spring,0.49999999999999994,-0.8660254037844387,-0.9987165071710528,-0.05064916883871355,0,1,48.666666666666664,0.6,0,0,1,3
20,labeled,33,technician,married,secondary,0,349,1,0,cellular,20,210,1,242,1,other,0,4,spring,0.8660254037844387,-0.4999999999999998,-0.7907757369376986,-0.6121059825476627,0,1,210.0,0.25,0,0,1,2
21,labeled,28,management,married,tertiary,0,316,1,0,unknown,27,4,4,-1,0,unknown,0,5,spring,0.49999999999999994,-0.8660254037844387,-0.72479278722912,0.6889669190756865,0,1,1.0,0.8,0,0,1,2
22,labeled,38,unemployed,single,tertiary,0,0,0,0,cellular,6,39,2,-1,0,unknown,0,2,winter,0.8660254037844386,0.5000000000000001,0.9377521321470804,0.3473052528448203,1,0,19.5,1.0,0,0,2,1
23,labeled,41,technician,single,secondary,0,1674,1,0,unknown,2,76,2,-1,0,unknown,0,6,summer,1.2246467991473532e-16,-1.0,0.39435585511331855,0.9189578116202306,1,0,38.0,0.3333333333333333,0,0,2,3
25,labeled,37,technician,divorced,secondary,0,83,0,0,cellular,21,191,1,-1,0,unknown,0,7,summer,-0.4999999999999997,-0.8660254037844388,-0.8978045395707417,-0.44039415155763423,0,1,191.0,0.14285714285714285,0,0,2,2
27,labeled,57,retired,married,secondary,0,374,1,1,cellular,16,236,1,-1,0,unknown,0,7,summer,-0.4999999999999997,-0.8660254037844388,-0.10116832198743204,-0.9948693233918952,0,0,236.0,0.14285714285714285,1,0,4,2
28,labeled,32,technician,single,secondary,0,225,1,0,cellular,18,442,1,266,8,failure,1,5,spring,0.49999999999999994,-0.8660254037844387,-0.4853019625310808,-0.8743466161445822,0,0,442.0,0.2,0,0,1,2
29,labeled,35,technician,divorced,secondary,0,0,0,0,cellular,25,124,4,-1,0,unknown,0,8,summer,-0.8660254037844385,-0.5000000000000004,-0.9377521321470804,0.3473052528448203,0,1,31.0,0.5,0,0,2,1
30,labeled,32,management,married,tertiary,0,549,1,0,cellular,22,72,1,-1,0,unknown,0,7,summer,-0.4999999999999997,-0.8660254037844388,-0.9680771188662041,-0.2506525322587213,0,1,72.0,0.14285714285714285,0,0,1,2
32,labeled,39,management,married,secondary,0,0,1,0,cellular,27,63,3,-1,0,unknown,0,8,summer,-0.8660254037844385,-0.5000000000000004,-0.72479278722912,0.6889669190756865,0,1,21.0,0.375,0,0,2,1
33,labeled,41,technician,married,tertiary,0,736,1,0,unknown,14,125,1,-1,0,unknown,0,5,spring,0.49999999999999994,-0.8660254037844387,0.29936312297335804,-0.9541392564000488,0,0,125.0,0.2,0,0,2,2
34,labeled,58,management,married,tertiary,0,2725,0,0,unknown,18,188,1,-1,0,unknown,0,6,summer,1.2246467991473532e-16,-1.0,-0.4853019625310808,-0.8743466161445822,0,0,188.0,0.16666666666666666,0,0,4,3
35,labeled,34,technician,single,secondary,0,337,1,0,cellular,6,154,2,197,6,failure,0,2,winter,0.8660254037844386,0.5000000000000001,0.9377521321470804,0.3473052528448203,1,0,77.0,1.0,0,0,1,2
36,labeled,39,unknown,single,secondary,0,912,0,0,unknown,5,20,1,-1,0,unknown,0,6,summer,1.2246467991473532e-16,-1.0,0.8486442574947509,0.5289640103269624,1,0,20.0,0.16666666666666666,0,0,2,2
37,labeled,41,admin.,divorced,secondary,0,3832,0,0,cellular,26,234,10,-1,0,unknown,0,4,spring,0.8660254037844387,-0.4999999999999998,-0.8486442574947509,0.5289640103269624,0,1,23.4,2.5,0,0,2,3
38,labeled,27,admin.,married,secondary,0,-245,1,1,unknown,4,344,2,-1,0,unknown,0,6,summer,1.2246467991473532e-16,-1.0,0.72479278722912,0.6889669190756866,1,0,172.0,0.3333333333333333,2,0,1,1
39,labeled,53,technician,divorced,secondary,0,749,1,0,unknown,16,343,4,-1,0,unknown,0,5,spring,0.49999999999999994,-0.8660254037844387,-0.10116832198743204,-0.9948693233918952,0,0,85.75,0.8,0,0,3,2
40,labeled,34,management,married,tertiary,0,566,0,0,cellular,10,122,1,-1,0,unknown,0,8,summer,-0.8660254037844385,-0.5000000000000004,0.8978045395707416,-0.4403941515576344,1,0,122.0,0.125,0,0,1,2
41,labeled,37,admin.,married,secondary,0,168,1,0,cellular,5,147,2,347,1,failure,0,5,spring,0.49999999999999994,-0.8660254037844387,0.8486442574947509,0.5289640103269624,1,0,73.5,0.4,0,0,2,2
42,labeled,73,retired,married,primary,0,800,0,0,cellular,23,427,1,182,2,failure,1,10,autumn,-0.8660254037844386,0.5000000000000001,-0.9987165071710528,-0.05064916883871355,0,1,427.0,0.1,0,0,5,2
43,labeled,41,blue-collar,married,secondary,0,-250,1,0,unknown,3,147,2,-1,0,unknown,0,6,summer,1.2246467991473532e-16,-1.0,0.5712682150947923,0.8207634412072763,1,0,73.5,0.3333333333333333,1,0,2,1
44,labeled,32,entrepreneur,married,primary,0,798,0,0,cellular,8,131,3,-1,0,unknown,0,8,summer,-0.8660254037844385,-0.5000000000000004,0.9987165071710528,-0.05064916883871264,1,0,43.666666666666664,0.375,0,0,1,2
45,labeled,48,technician,married,secondary,0,10,0,0,unknown,9,65,6,-1,0,unknown,0,6,summer,1.2246467991473532e-16,-1.0,0.9680771188662043,-0.2506525322587204,1,0,10.833333333333334,1.0,0,0,3,2
46,labeled,46,entrepreneur,single,tertiary,0,1413,1,0,cellular,19,93,1,189,8,failure,0,11,autumn,-0.5000000000000004,0.8660254037844384,-0.651372482722222,-0.7587581226927911,0,0,93.0,0.09090909090909091,0,0,3,3
48,labeled,41,blue-collar,married,primary,0,-195,1,1,unknown,6,42,1,-1,0,unknown,0,6,summer,1.2246467991473532e-16,-1.0,0.9377521321470804,0.3473052528448203,1,0,42.0,0.16666666666666666,2,0,2,1
49,labeled,33,blue-collar,single,secondary,0,-313,0,0,cellular,18,268,2,-1,0,unknown,0,5,spring,0.49999999999999994,-0.8660254037844387,-0.4853019625310808,-0.8743466161445822,0,0,134.0,0.4,1,0,1,1
50,labeled,31,technician,married,secondary,0,167,0,0,cellular,27,81,3,-1,0,unknown,0,8,summer,-0.8660254037844385,-0.5000000000000004,-0.72479278722912,0.6889669190756865,0,1,27.0,0.375,0,0,1,2
53,labeled,35,blue-collar,divorced,secondary,0,270,0,1,cellular,10,144,5,-1,0,unknown,0,7,summer,-0.4999999999999997,-0.8660254037844388,0.8978045395707416,-0.4403941515576344,1,0,28.8,0.7142857142857143,1,0,2,2
55,labeled,44,self-employed,single,tertiary,0,2726,1,0,cellular,12,897,4,-1,0,unknown,1,5,spring,0.49999999999999994,-0.8660254037844387,0.6513724827222223,-0.758758122692791,0,0,224.25,0.8,0,0,2,3
56,labeled,41,technician,married,tertiary,0,186,1,0,telephone,11,117,2,-1,0,unknown,0,7,summer,-0.4999999999999997,-0.8660254037844388,0.7907757369376989,-0.6121059825476626,0,0,58.5,0.2857142857142857,0,0,2,2
57,labeled,49,self-employed,married,secondary,0,2576,1,0,cellular,15,64,6,-1,0,unknown,0,5,spring,0.49999999999999994,-0.8660254037844387,0.10116832198743272,-0.994869323391895,0,0,10.666666666666666,1.2,0,0,3,3
58,labeled,34,blue-collar,married,secondary,0,8307,1,1,cellular,19,50,1,-1,0,unknown,0,11,autumn,-0.5000000000000004,0.8660254037844384,-0.651372482722222,-0.7587581226927911,0,0,50.0,0.09090909090909091,1,0,1,4
59,labeled,31,technician,single,secondary,0,1091,1,0,unknown,12,93,8,-1,0,unknown,0,6,summer,1.2246467991473532e-16,-1.0,0.6513724827222223,-0.758758122692791,0,0,11.625,1.3333333333333333,0,0,1,3
61,labeled,41,unemployed,married,tertiary,0,1668,0,0,unknown,9,291,3,-1,0,unknown,0,6,summer,1.2246467991473532e-16,-1.0,0.9680771188662043,-0.2506525322587204,1,0,97.0,0.5,0,0,2,3
62,labeled,31,services,married,secondary,0,341,1,0,cellular,28,155,1,-1,0,unknown,0,1,winter,0.49999999999999994,0.8660254037844387,-0.5712682150947924,0.8207634412072763,0,1,155.0,1.0,0,0,1,2
63,labeled,34,admin.,married,secondary,0,391,1,0,cellular,16,101,3,-1,0,unknown,0,7,summer,-0.4999999999999997,-0.8660254037844388,-0.10116832198743204,-0.9948693233918952,0,0,33.666666666666664,0.42857142857142855,0,0,1,2
64,labeled,43,management,married,primary,0,8171,1,0,unknown,19,114,2,-1,0,unknown,0,5,spring,0.49999999999999994,-0.8660254037844387,-0.651372482722222,-0.7587581226927911,0,0,57.0,0.4,0,0,2,4
65,labeled,48,services,married,secondary,0,124,1,0,telephone,20,70,4,-1,0,unknown,0,4,spring,0.8660254037844387,-0.4999999999999998,-0.7907757369376986,-0.6121059825476627,0,1,17.5,1.0,0,0,3,2
66,labeled,43,technician,married,secondary,0,7870,1,0,cellular,11,209,2,-1,0,unknown,0,8,summer,-0.8660254037844385,-0.5000000000000004,0.7907757369376989,-0.6121059825476626,0,0,104.5,0.25,0,0,2,4
67,labeled,37,self-employed,married,tertiary,0,0,0,0,unknown,6,143,1,-1,0,unknown,0,6,summer,1.2246467991473532e-16,-1.0,0.9377521321470804,0.3473052528448203,1,0,143.0,0.16666666666666666,0,0,2,1
68,labeled,43,technician,married,secondary,0,49,0,0,unknown,28,63,1,-1,0,unknown,0,5,spring,0.49999999999999994,-0.8660254037844387,-0.5712682150947924,0.8207634412072763,0,1,63.0,0.2,0,0,2,2
70,labeled,57,retired,married,primary,0,5807,0,0,unknown,17,97,1,-1,0,unknown,0,6,summer,1.2246467991473532e-16,-1.0,-0.2993631229733582,-0.9541392564000488,0,0,97.0,0.16666666666666666,0,0,4,4
72,labeled,50,management,single,primary,0,758,0,0,unknown,17,174,2,-1,0,unknown,0,6,summer,1.2246467991473532e-16,-1.0,-0.2993631229733582,-0.9541392564000488,0,0,87.0,0.3333333333333333,0,0,3,2
75,labeled,41,blue-collar,married,secondary,0,4894,1,0,telephone,31,121,2,-1,0,unknown,0,7,summer,-0.4999999999999997,-0.8660254037844388,-2.4492935982947064e-16,1.0,0,1,60.5,0.2857142857142857,0,0,2,3
76,labeled,56,services,married,secondary,0,22201,1,0,cellular,21,189,1,-1,0,unknown,0,11,autumn,-0.5000000000000004,0.8660254037844384,-0.8978045395707417,-0.44039415155763423,0,1,189.0,0.09090909090909091,0,0,4,5
78,labeled,36,services,divorced,secondary,0,1585,0,0,unknown,6,250,3,-1,0,unknown,0,6,summer,1.2246467991473532e-16,-1.0,0.9377521321470804,0.3473052528448203,1,0,83.33333333333333,0.5,0,0,2,3
79,labeled,53,technician,married,secondary,0,724,1,0,unknown,14,230,1,-1,0,unknown,0,5,spring,0.49999999999999994,-0.8660254037844387,0.29936312297335804,-0.9541392564000488,0,0,230.0,0.2,0,0,3,2
81,labeled,60,management,married,primary,0,4902,0,0,unknown,9,313,1,-1,0,unknown,0,6,summer,1.2246467991473532e-16,-1.0,0.9680771188662043,-0.2506525322587204,1,0,313.0,0.16666666666666666,0,0,4,3
82,labeled,49,management,married,tertiary,0,851,1,0,cellular,20,408,1,-1,0,unknown,0,11,autumn,-0.5000000000000004,0.8660254037844384,-0.7907757369376986,-0.6121059825476627,0,1,408.0,0.09090909090909091,0,0,3,2
83,labeled,26,entrepreneur,single,tertiary,0,81,0,0,cellular,21,262,3,-1,0,unknown,0,7,summer,-0.4999999999999997,-0.8660254037844388,-0.8978045395707417,-0.44039415155763423,0,1,87.33333333333333,0.42857142857142855,0,0,1,2
84,labeled,37,management,married,tertiary,0,4041,0,1,cellular,25,106,2,-1,0,unknown,0,7,summer,-0.4999999999999997,-0.8660254037844388,-0.9377521321470804,0.3473052528448203,0,1,53.0,0.2857142857142857,1,0,2,3
85,labeled,46,blue-collar,married,primary,0,2756,1,0,cellular,17,332,1,-1,0,unknown,0,11,autumn,-0.5000000000000004,0.8660254037844384,-0.2993631229733582,-0.9541392564000488,0,0,332.0,0.09090909090909091,0,0,3,3
86,labeled,38,management,single,tertiary,0,0,1,0,cellular,17,213,2,-1,0,unknown,0,11,autumn,-0.5000000000000004,0.8660254037844384,-0.2993631229733582,-0.9541392564000488,0,0,106.5,0.18181818181818182,0,0,2,1
87,labeled,51,technician,married,secondary,0,468,1,0,unknown,13,213,5,-1,0,unknown,0,5,spring,0.49999999999999994,-0.8660254037844387,0.48530196253108104,-0.8743466161445821,0,0,42.6,1.0,0,0,3,2
88,labeled,34,technician,single,secondary,0,23,0,0,cellular,13,990,1,-1,0,unknown,1,8,summer,-0.8660254037844385,-0.5000000000000004,0.48530196253108104,-0.8743466161445821,0,0,990.0,0.125,0,0,1,2
90,labeled,40,entrepreneur,married,primary,0,0,1,0,cellular,11,271,2,-1,0,unknown,0,7,summer,-0.4999999999999997,-0.8660254037844388,0.7907757369376989,-0.6121059825476626,0,0,135.5,0.2857142857142857,0,0,2,1
91,labeled,33,blue-collar,married,primary,0,237,1,1,cellular,8,253,3,-1,0,unknown,0,5,spring,0.49999999999999994,-0.8660254037844387,0.9987165071710528,-0.05064916883871264,1,0,84.33333333333333,0.6,1,0,1,2
92,labeled,42,management,married,tertiary,0,491,1,0,cellular,11,144,2,-1,0,unknown,0,7,summer,-0.4999999999999997,-0.8660254037844388,0.7907757369376989,-0.6121059825476626,0,0,72.0,0.2857142857142857,0,0,2,2
93,labeled,28,student,single,secondary,0,11555,0,0,cellular,8,125,2,-1,0,unknown,0,4,spring,0.8660254037844387,-0.4999999999999998,0.9987165071710528,-0.05064916883871264,1,0,62.5,0.5,0,0,1,5
94,labeled,59,blue-collar,married,secondary,0,5318,1,0,cellular,5,200,3,-1,0,unknown,0,5,spring,0.49999999999999994,-0.8660254037844387,0.8486442574947509,0.5289640103269624,1,0,66.66666666666667,0.6,0,0,4,4
95,labeled,46,self-employed,married,secondary,0,543,0,0,cellular,12,1181,4,-1,0,unknown,1,8,summer,-0.8660254037844385,-0.5000000000000004,0.6513724827222223,-0.758758122692791,0,0,295.25,0.5,0,0,3,2
96,labeled,45,blue-collar,married,secondary,0,778,1,1,unknown,3,34,1,-1,0,unknown,0,6,summer,1.2246467991473532e-16,-1.0,0.5712682150947923,0.8207634412072763,1,0,34.0,0.16666666666666666,1,0,3,2
97,labeled,44,entrepreneur,married,secondary,0,6657,1,0,cellular,19,354,2,-1,0,unknown,0,11,autumn,-0.5000000000000004,0.8660254037844384,-0.651372482722222,-0.7587581226927911,0,0,177.0,0.18181818181818182,0,0,2,4
98,labeled,48,services,married,primary,1,-577,1,0,unknown,2,25,7,-1,0,unknown,0,6,summer,1.2246467991473532e-16,-1.0,0.39435585511331855,0.9189578116202306,1,0,3.5714285714285716,1.1666666666666667,2,0,3,1
99,labeled,52,entrepreneur,married,primary,0,601,0,0,cellular,21,122,2,-1,0,unknown,0,7,summer,-0.4999999999999997,-0.8660254037844388,-0.8978045395707417,-0.44039415155763423,0,1,61.0,0.2857142857142857,0,0,3,2
100,labeled,56,management,married,tertiary,0,327,1,0,unknown,15,127,2,-1,0,unknown,0,5,spring,0.49999999999999994,-0.8660254037844387,0.10116832198743272,-0.994869323391895,0,0,63.5,0.4,0,0,4,2
101,labeled,59,retired,married,primary,0,1428,0,0,unknown,18,140,2,-1,0,unknown,0,6,summer,1.2246467991473532e-16,-1.0,-0.4853019625310808,-0.8743466161445822,0,0,70.0,0.3333333333333333,0,0,4,3
102,labeled,38,entrepreneur,single,secondary,0,2540,0,0,cellular,10,223,1,414,4,failure,1,8,summer,-0.8660254037844385,-0.5000000000000004,0.8978045395707416,-0.4403941515576344,1,0,223.0,0.125,0,0,2,3
104,labeled,47,entrepreneur,married,unknown,0,199,1,0,unknown,6,135,2,-1,0,unknown,0,5,spring,0.49999999999999994,-0.8660254037844387,0.9377521321470804,0.3473052528448203,1,0,67.5,0.4,0,0,3,2
105,labeled,41,blue-collar,married,secondary,0,774,1,0,cellular,15,432,3,-1,0,unknown,0,5,spring,0.49999999999999994,-0.8660254037844387,0.10116832198743272,-0.994869323391895,0,0,144.0,0.6,0,0,2,2
108,labeled,55,blue-collar,married,unknown,0,29,0,0,cellular,13,123,2,-1,0,unknown,0,8,summer,-0.8660254037844385,-0.5000000000000004,0.48530196253108104,-0.8743466161445821,0,0,61.5,0.25,0,0,4,2
109,labeled,44,unemployed,married,tertiary,0,171,0,0,cellular,8,126,2,-1,0,unknown,0,8,summer,-0.8660254037844385,-0.5000000000000004,0.9987165071710528,-0.05064916883871264,1,0,63.0,0.25,0,0,2,2
110,labeled,60,unemployed,divorced,secondary,0,386,1,0,cellular,4,80,1,-1,0,unknown,0,2,winter,0.8660254037844386,0.5000000000000001,0.72479278722912,0.6889669190756866,1,0,80.0,0.5,0,0,4,2
111,labeled,57,management,married,tertiary,0,0,1,0,cellular,21,67,1,-1,0,unknown,0,11,autumn,-0.5000000000000004,0.8660254037844384,-0.8978045395707417,-0.44039415155763423,0,1,67.0,0.09090909090909091,0,0,4,1
112,labeled,39,blue-collar,married,primary,0,13,1,0,unknown,7,109,1,-1,0,unknown,0,5,spring,0.49999999999999994,-0.8660254037844387,0.9884683243281114,0.1514277775045767,1,0,109.0,0.2,0,0,2,2
113,labeled,34,admin.,single,secondary,0,6988,1,0,cellular,15,14,5,-1,0,unknown,0,5,spring,0.49999999999999994,-0.8660254037844387,0.10116832198743272,-0.994869323391895,0,0,2.8,1.0,0,0,1,4
114,labeled,29,student,single,secondary,0,875,1,0,unknown,7,230,1,-1,0,unknown,0,5,spring,0.49999999999999994,-0.8660254037844387,0.9884683243281114,0.1514277775045767,1,0,230.0,0.2,0,0,1,2
115,labeled,35,services,married,secondary,0,149,1,0,unknown,2,563,1,-1,0,unknown,1,6,summer,1.2246467991473532e-16,-1.0,0.39435585511331855,0.9189578116202306,1,0,563.0,0.16666666666666666,0,0,2,2
116,labeled,57,technician,married,secondary,0,287,0,0,cellular,19,151,11,-1,0,unknown,0,8,summer,-0.8660254037844385,-0.5000000000000004,-0.651372482722222,-0.7587581226927911,0,0,13.727272727272727,1.375,0,0,4,2
118,labeled,44,entrepreneur,married,tertiary,0,3468,1,1,cellular,28,210,3,-1,0,unknown,0,8,summer,-0.8660254037844385,-0.5000000000000004,-0.5712682150947924,0.8207634412072763,0,1,70.0,0.375,1,0,2,3
120,labeled,29,technician,married,secondary,0,453,1,0,cellular,21,130,4,-1,0,unknown,0,7,summer,-0.4999999999999997,-0.8660254037844388,-0.8978045395707417,-0.44039415155763423,0,1,32.5,0.5714285714285714,0,0,1,2
121,labeled,36,technician,married,tertiary,0,831,0,0,cellular,28,68,6,-1,0,unknown,0,8,summer,-0.8660254037844385,-0.5000000000000004,-0.5712682150947924,0.8207634412072763,0,1,11.333333333333334,0.75,0,0,2,2
122,labeled,34,blue-collar,married,secondary,0,329,1,0,cellular,20,10,3,-1,0,unknown,0,4,spring,0.8660254037844387,-0.4999999999999998,-0.7907757369376986,-0.6121059825476627,0,1,3.3333333333333335,0.75,0,0,1,2
123,labeled,49,technician,divorced,tertiary,0,0,1,0,cellular,12,177,3,-1,0,unknown,0,6,summer,1.2246467991473532e-16,-1.0,0.6513724827222223,-0.758758122692791,0,0,59.0,0.5,0,0,3,1
124,labeled,37,blue-collar,single,primary,0,843,1,0,cellular,15,151,1,352,1,failure,0,5,spring,0.49999999999999994,-0.8660254037844387,0.10116832198743272,-0.994869323391895,0,0,151.0,0.2,0,0,2,2
125,labeled,46,management,divorced,tertiary,0,1304,0,0,cellular,11,716,3,-1,0,unknown,1,8,summer,-0.8660254037844385,-0.5000000000000004,0.7907757369376989,-0.6121059825476626,0,0,238.66666666666666,0.375,0,0,3,3
126,labeled,36,management,married,tertiary,0,1844,0,0,unknown,8,362,1,-1,0,unknown,0,5,spring,0.49999999999999994,-0.8660254037844387,0.9987165071710528,-0.05064916883871264,1,0,362.0,0.2,0,0,2,3
127,labeled,31,management,single,tertiary,0,61,1,0,cellular,18,175,1,293,5,failure,0,5,spring,0.49999999999999994,-0.8660254037844387,-0.4853019625310808,-0.8743466161445822,0,0,175.0,0.2,0,0,1,2
128,labeled,26,blue-collar,married,primary,0,5124,1,0,cellular,22,246,3,-1,0,unknown,0,7,summer,-0.4999999999999997,-0.8660254037844388,-0.9680771188662041,-0.2506525322587213,0,1,82.0,0.42857142857142855,0,0,1,4
130,labeled,32,blue-collar,single,primary,0,879,0,1,cellular,29,80,8,-1,0,unknown,0,7,summer,-0.4999999999999997,-0.8660254037844388,-0.3943558551133187,0.9189578116202306,0,1,10.0,1.1428571428571428,1,0,1,2
131,labeled,46,management,married,tertiary,0,1283,1,0,unknown,27,89,1,-1,0,unknown,0,5,spring,0.49999999999999994,-0.8660254037844387,-0.72479278722912,0.6889669190756865,0,1,89.0,0.2,0,0,3,3
132,labeled,28,technician,single,secondary,0,392,1,0,cellular,11,15,7,-1,0,unknown,0,5,spring,0.49999999999999994,-0.8660254037844387,0.7907757369376989,-0.6121059825476626,0,0,2.142857142857143,1.4,0,0,1,2
134,labeled,41,admin.,married,tertiary,0,5424,1,0,unknown,14,149,2,-1,0,unknown,0,5,spring,0.49999999999999994,-0.8660254037844387,0.29936312297335804,-0.9541392564000488,0,0,74.5,0.4,0,0,2,4
135,labeled,24,admin.,married,secondary,0,299,1,0,cellular,6,209,1,321,1,failure,0,5,spring,0.49999999999999994,-0.8660254037844387,0.9377521321470804,0.3473052528448203,1,0,209.0,0.2,0,0,0,2
136,labeled,30,technician,single,tertiary,0,1187,1,0,cellular,30,284,1,339,1,failure,0,4,spring,0.8660254037844387,-0.4999999999999998,-0.20129852008866114,0.9795299412524943,0,1,284.0,0.25,0,0,1,3
138,labeled,47,management,married,unknown,0,144,0,0,unknown,9,52,1,-1,0,unknown,0,6,summer,1.2246467991473532e-16,-1.0,0.9680771188662043,-0.2506525322587204,1,0,52.0,0.16666666666666666,0,0,3,2
139,labeled,60,retired,married,secondary,0,68,1,0,unknown,12,113,3,-1,0,unknown,0,5,spring,0.49999999999999994,-0.8660254037844387,0.6513724827222223,-0.758758122692791,0,0,37.666666666666664,0.6,0,0,4,2
140,labeled,42,technician,divorced,secondary,0,0,1,0,unknown,30,115,6,-1,0,unknown,0,5,spring,0.49999999999999994,-0.8660254037844387,-0.20129852008866114,0.9795299412524943,0,1,19.166666666666668,1.2,0,0,2,1
141,labeled,49,technician,married,tertiary,0,281,1,0,unknown,19,168,4,-1,0,unknown,0,5,spring,0.49999999999999994,-0.8660254037844387,-0.651372482722222,-0.7587581226927911,0,0,42.0,0.8,0,0,3,2
142,labeled,29,student,single,unknown,0,2933,0,0,cellular,11,91,1,-1,0,unknown,0,8,summer,-0.8660254037844385,-0.5000000000000004,0.7907757369376989,-0.6121059825476626,0,0,91.0,0.125,0,0,1,3
145,labeled,34,unemployed,married,secondary,0,0,1,0,cellular,13,172,1,-1,0,unknown,0,5,spring,0.49999999999999994,-0.8660254037844387,0.48530196253108104,-0.8743466161445821,0,0,172.0,0.2,0,0,1,1
146,labeled,40,blue-collar,married,primary,0,1403,1,0,telephone,12,58,2,334,1,failure,0,5,spring,0.49999999999999994,-0.8660254037844387,0.6513724827222223,-0.758758122692791,0,0,29.0,0.4,0,0,2,3
147,labeled,30,unemployed,single,tertiary,0,295,0,0,cellular,11,528,3,-1,0,unknown,1,2,winter,0.8660254037844386,0.5000000000000001,0.7907757369376989,-0.6121059825476626,0,0,176.0,1.5,0,0,1,2
148,labeled,49,unemployed,divorced,secondary,0,58,0,0,cellular,9,218,3,-1,0,unknown,0,7,summer,-0.4999999999999997,-0.8660254037844388,0.9680771188662043,-0.2506525322587204,1,0,72.66666666666667,0.42857142857142855,0,0,3,2
149,labeled,32,technician,married,secondary,0,269,1,0,cellular,19,168,2,-1,0,unknown,0,8,summer,-0.8660254037844385,-0.5000000000000004,-0.651372482722222,-0.7587581226927911,0,0,84.0,0.25,0,0,1,2
150,labeled,57,admin.,married,secondary,0,-960,1,0,telephone,15,8,7,-1,0,unknown,0,5,spring,0.49999999999999994,-0.8660254037844387,0.10116832198743272,-0.994869323391895,0,0,1.1428571428571428,1.4,1,0,4,1
151,labeled,31,blue-collar,married,secondary,0,184,1,0,unknown,2,40,1,-1,0,unknown,0,6,summer,1.2246467991473532e-16,-1.0,0.39435585511331855,0.9189578116202306,1,0,40.0,0.16666666666666666,0,0,1,2
152,labeled,30,services,single,primary,0,78,1,0,cellular,15,317,1,-1,0,unknown,0,5,spring,0.49999999999999994,-0.8660254037844387,0.10116832198743272,-0.994869323391895,0,0,317.0,0.2,0,0,1,2
153,labeled,45,technician,single,tertiary,0,2090,0,0,cellular,29,29,14,-1,0,unknown,0,8,summer,-0.8660254037844385,-0.5000000000000004,-0.3943558551133187,0.9189578116202306,0,1,2.0714285714285716,1.75,0,0,3,3
154,labeled,51,management,single,tertiary,0,294,1,0,cellular,15,415,4,375,1,failure,1,5,spring,0.49999999999999994,-0.8660254037844387,0.10116832198743272,-0.994869323391895,0,0,103.75,0.8,0,0,3,2
155,labeled,36,management,single,secondary,0,0,0,0,cellular,13,333,5,-1,0,unknown,0,8,summer,-0.8660254037844385,-0.5000000000000004,0.48530196253108104,-0.8743466161445821,0,0,66.6,0.625,0,0,2,1
156,labeled,34,blue-collar,married,primary,0,-315,1,1,cellular,9,134,4,-1,0,unknown,0,7,summer,-0.4999999999999997,-0.8660254037844388,0.9680771188662043,-0.2506525322587204,1,0,33.5,0.5714285714285714,2,0,1,1
157,labeled,50,self-employed,divorced,tertiary,0,53,1,0,unknown,28,67,2,-1,0,unknown,0,5,spring,0.49999999999999994,-0.8660254037844387,-0.5712682150947924,0.8207634412072763,0,1,33.5,0.4,0,0,3,2
158,labeled,44,blue-collar,married,secondary,0,-666,1,0,unknown,5,257,1,-1,0,unknown,0,5,spring,0.49999999999999994,-0.8660254037844387,0.8486442574947509,0.5289640103269624,1,0,257.0,0.2,1,0,2,1
159,labeled,41,blue-collar,married,secondary,0,343,1,0,unknown,14,89,7,-1,0,unknown,0,5,spring,0.49999999999999994,-0.8660254037844387,0.29936312297335804,-0.9541392564000488,0,0,12.714285714285714,1.4,0,0,2,2
160,labeled,35,admin.,single,secondary,0,851,1,0,cellular,11,85,2,-1,0,unknown,0,5,spring,0.49999999999999994,-0.8660254037844387,0.7907757369376989,-0.6121059825476626,0,0,42.5,0.4,0,0,2,2
161,labeled,38,blue-collar,married,secondary,0,5100,1,0,unknown,17,145,6,-1,0,unknown,0,6,summer,1.2246467991473532e-16,-1.0,-0.2993631229733582,-0.9541392564000488,0,0,24.166666666666668,1.0,0,0,2,4
162,labeled,55,unknown,married,primary,0,158,0,0,unknown,4,15,1,-1,0,unknown,0,9,autumn,-1.0,-1.8369701987210297e-16,0.72479278722912,0.6889669190756866,1,0,15.0,0.1111111111111111,0,0,4,2
163,labeled,48,management,divorced,tertiary,0,1325,1,0,unknown,6,339,1,-1,0,unknown,0,5,spring,0.49999999999999994,-0.8660254037844387,0.9377521321470804,0.3473052528448203,1,0,339.0,0.2,0,0,3,3
164,labeled,38,technician,married,secondary,0,1003,0,0,unknown,9,119,1,-1,0,unknown,0,6,summer,1.2246467991473532e-16,-1.0,0.9680771188662043,-0.2506525322587204,1,0,119.0,0.16666666666666666,0,0,2,3
165,labeled,38,management,married,tertiary,0,0,1,0,unknown,20,206,1,-1,0,unknown,0,5,spring,0.49999999999999994,-0.8660254037844387,-0.7907757369376986,-0.6121059825476627,0,1,206.0,0.2,0,0,2,1
166,labeled,42,admin.,divorced,secondary,0,1813,1,0,unknown,14,150,1,-1,0,unknown,0,5,spring,0.49999999999999994,-0.8660254037844387,0.29936312297335804,-0.9541392564000488,0,0,150.0,0.2,0,0,2,3
167,labeled,44,technician,single,secondary,0,42,1,0,cellular,13,195,3,351,10,failure,0,5,spring,0.49999999999999994,-0.8660254037844387,0.48530196253108104,-0.8743466161445821,0,0,65.0,0.6,0,0,2,2
168,labeled,43,unknown,married,tertiary,0,1942,0,0,unknown,19,385,1,-1,0,unknown,0,6,summer,1.2246467991473532e-16,-1.0,-0.651372482722222,-0.7587581226927911,0,0,385.0,0.16666666666666666,0,0,2,3
169,labeled,53,entrepreneur,married,secondary,0,-121,1,0,unknown,9,101,3,-1,0,unknown,0,5,spring,0.49999999999999994,-0.8660254037844387,0.9680771188662043,-0.2506525322587204,1,0,33.666666666666664,0.6,1,0,3,1
170,labeled,41,management,married,tertiary,0,3019,1,0,cellular,14,80,3,-1,0,unknown,0,7,summer,-0.4999999999999997,-0.8660254037844388,0.29936312297335804,-0.9541392564000488,0,0,26.666666666666668,0.42857142857142855,0,0,2,3
171,labeled,26,services,single,secondary,1,-157,1,0,cellular,15,44,2,-1,0,unknown,0,5,spring,0.49999999999999994,-0.8660254037844387,0.10116832198743272,-0.994869323391895,0,0,22.0,0.4,2,0,1,1
172,labeled,31,services,married,secondary,0,506,1,0,unknown,6,19,18,-1,0,unknown,0,6,summer,1.2246467991473532e-16,-1.0,0.9377521321470804,0.3473052528448203,1,0,1.0555555555555556,3.0,0,0,1,2
173,labeled,36,management,single,tertiary,0,3884,1,0,unknown,27,21,5,-1,0,unknown,0,5,spring,0.49999999999999994,-0.8660254037844387,-0.72479278722912,0.6889669190756865,0,1,4.2,1.0,0,0,2,3
175,labeled,22,student,single,primary,0,3469,0,0,cellular,20,332,1,183,3,failure,1,10,autumn,-0.8660254037844386,0.5000000000000001,-0.7907757369376986,-0.6121059825476627,0,1,332.0,0.1,0,0,0,3
176,labeled,30,blue-collar,married,primary,0,-509,1,1,unknown,28,244,6,-1,0,unknown,0,5,spring,0.49999999999999994,-0.8660254037844387,-0.5712682150947924,0.8207634412072763,0,1,40.666666666666664,1.2,2,0,1,1
177,labeled,49,housemaid,married,primary,0,248,1,0,cellular,21,450,1,-1,0,unknown,0,11,autumn,-0.5000000000000004,0.8660254037844384,-0.8978045395707417,-0.44039415155763423,0,1,450.0,0.09090909090909091,0,0,3,2
178,labeled,30,blue-collar,married,secondary,0,966,1,0,cellular,13,256,2,351,2,failure,0,5,spring,0.49999999999999994,-0.8660254037844387,0.48530196253108104,-0.8743466161445821,0,0,128.0,0.4,0,0,1,2
179,labeled,45,blue-collar,single,primary,0,1005,0,0,cellular,29,182,2,-1,0,unknown,0,1,winter,0.49999999999999994,0.8660254037844387,-0.3943558551133187,0.9189578116202306,0,1,91.0,2.0,0,0,3,3
181,labeled,33,management,single,tertiary,0,3152,0,0,cellular,29,421,2,-1,0,unknown,1,6,summer,1.2246467991473532e-16,-1.0,-0.3943558551133187,0.9189578116202306,0,1,210.5,0.3333333333333333,0,0,1,3
182,labeled,36,admin.,married,unknown,0,2326,0,0,cellular,19,111,1,-1,0,unknown,0,11,autumn,-0.5000000000000004,0.8660254037844384,-0.651372482722222,-0.7587581226927911,0,0,111.0,0.09090909090909091,0,0,2,3
183,labeled,32,management,single,tertiary,0,653,1,1,cellular,20,148,2,-1,0,unknown,0,4,spring,0.8660254037844387,-0.4999999999999998,-0.7907757369376986,-0.6121059825476627,0,1,74.0,0.5,1,0,1,2
184,labeled,34,blue-collar,married,primary,0,87,1,0,cellular,14,406,2,-1,0,unknown,0,5,spring,0.49999999999999994,-0.8660254037844387,0.29936312297335804,-0.9541392564000488,0,0,203.0,0.4,0,0,1,2
185,labeled,53,housemaid,married,primary,0,2584,0,0,cellular,15,99,1,-1,0,unknown,0,4,spring,0.8660254037844387,-0.4999999999999998,0.10116832198743272,-0.994869323391895,0,0,99.0,0.25,0,0,3,3
188,labeled,52,services,married,secondary,0,432,0,0,cellular,26,73,17,-1,0,unknown,0,8,summer,-0.8660254037844385,-0.5000000000000004,-0.8486442574947509,0.5289640103269624,0,1,4.294117647058823,2.125,0,0,3,2
189,labeled,29,technician,single,tertiary,0,2485,0,0,telephone,24,48,6,-1,0,unknown,0,7,summer,-0.4999999999999997,-0.8660254037844388,-0.9884683243281114,0.15142777750457667,0,1,8.0,0.8571428571428571,0,0,1,3
190,labeled,48,management,married,primary,0,2533,0,0,cellular,26,219,6,-1,0,unknown,0,8,summer,-0.8660254037844385,-0.5000000000000004,-0.8486442574947509,0.5289640103269624,0,1,36.5,0.75,0,0,3,3
193,labeled,57,self-employed,married,secondary,0,11496,0,0,cellular,19,198,1,-1,0,unknown,0,11,autumn,-0.5000000000000004,0.8660254037844384,-0.651372482722222,-0.7587581226927911,0,0,198.0,0.09090909090909091,0,0,4,5
194,labeled,41,management,married,tertiary,0,47,1,0,cellular,17,312,5,-1,0,unknown,0,7,summer,-0.4999999999999997,-0.8660254037844388,-0.2993631229733582,-0.9541392564000488,0,0,62.4,0.7142857142857143,0,0,2,2
195,labeled,46,services,married,secondary,0,446,1,1,cellular,13,389,4,-1,0,unknown,0,5,spring,0.49999999999999994,-0.8660254037844387,0.48530196253108104,-0.8743466161445821,0,0,97.25,0.8,1,0,3,2
196,labeled,36,technician,married,tertiary,0,0,0,0,cellular,22,147,2,-1,0,unknown,0,8,summer,-0.8660254037844385,-0.5000000000000004,-0.9680771188662041,-0.2506525322587213,0,1,73.5,0.25,0,0,2,1
199,labeled,34,management,married,tertiary,0,0,1,0,cellular,7,262,1,99,2,success,1,8,summer,-0.8660254037844385,-0.5000000000000004,0.9884683243281114,0.1514277775045767,1,0,262.0,0.125,0,0,1,1
200,labeled,34,management,married,secondary,0,0,0,0,cellular,2,270,1,-1,0,unknown,0,2,winter,0.8660254037844386,0.5000000000000001,0.39435585511331855,0.9189578116202306,1,0,270.0,0.5,0,0,1,1
201,labeled,49,blue-collar,married,primary,0,942,1,0,unknown,12,66,1,-1,0,unknown,0,6,summer,1.2246467991473532e-16,-1.0,0.6513724827222223,-0.758758122692791,0,0,66.0,0.16666666666666666,0,0,3,2
203,labeled,39,management,single,tertiary,0,3796,0,0,cellular,2,96,2,-1,0,unknown,0,6,summer,1.2246467991473532e-16,-1.0,0.39435585511331855,0.9189578116202306,1,0,48.0,0.3333333333333333,0,0,2,3
204,labeled,39,services,married,secondary,0,237,1,0,cellular,17,244,2,-1,0,unknown,0,4,spring,0.8660254037844387,-0.4999999999999998,-0.2993631229733582,-0.9541392564000488,0,0,122.0,0.5,0,0,2,2
205,labeled,27,blue-collar,single,secondary,0,3799,0,0,cellular,22,279,2,-1,0,unknown,1,4,spring,0.8660254037844387,-0.4999999999999998,-0.9680771188662041,-0.2506525322587213,0,1,139.5,0.5,0,0,1,3
206,labeled,55,management,married,primary,0,2592,0,0,cellular,4,328,2,94,2,success,1,9,autumn,-1.0,-1.8369701987210297e-16,0.72479278722912,0.6889669190756866,1,0,164.0,0.2222222222222222,0,0,4,3
207,labeled,37,blue-collar,married,primary,0,658,1,0,cellular,5,127,2,258,4,failure,0,2,winter,0.8660254037844386,0.5000000000000001,0.8486442574947509,0.5289640103269624,1,0,63.5,1.0,0,0,2,2
209,labeled,49,management,single,secondary,0,57,1,0,cellular,29,185,2,246,1,failure,0,1,winter,0.49999999999999994,0.8660254037844387,-0.3943558551133187,0.9189578116202306,0,1,92.5,2.0,0,0,3,2
210,labeled,48,management,divorced,tertiary,0,516,1,0,cellular,9,528,1,-1,0,unknown,0,4,spring,0.8660254037844387,-0.4999999999999998,0.9680771188662043,-0.2506525322587204,1,0,528.0,0.25,0,0,3,2
211,labeled,42,management,married,secondary,0,-193,1,0,unknown,12,247,2,-1,0,unknown,0,5,spring,0.49999999999999994,-0.8660254037844387,0.6513724827222223,-0.758758122692791,0,0,123.5,0.4,1,0,2,1
213,labeled,40,blue-collar,married,primary,0,1197,0,1,telephone,16,201,5,-1,0,unknown,0,7,summer,-0.4999999999999997,-0.8660254037844388,-0.10116832198743204,-0.9948693233918952,0,0,40.2,0.7142857142857143,1,0,2,3
214,labeled,31,blue-collar,single,primary,0,860,1,0,telephone,14,113,2,-1,0,unknown,0,5,spring,0.49999999999999994,-0.8660254037844387,0.29936312297335804,-0.9541392564000488,0,0,56.5,0.4,0,0,1,2
215,labeled,31,management,married,tertiary,0,0,0,0,unknown,14,298,1,-1,0,unknown,0,5,spring,0.49999999999999994,-0.8660254037844387,0.29936312297335804,-0.9541392564000488,0,0,298.0,0.2,0,0,1,1
216,labeled,50,technician,married,secondary,0,0,0,0,cellular,7,152,2,-1,0,unknown,0,7,summer,-0.4999999999999997,-0.8660254037844388,0.9884683243281114,0.1514277775045767,1,0,76.0,0.2857142857142857,0,0,3,1
217,labeled,41,management,married,tertiary,0,773,1,0,cellular,26,106,8,-1,0,unknown,0,8,summer,-0.8660254037844385,-0.5000000000000004,-0.8486442574947509,0.5289640103269624,0,1,13.25,1.0,0,0,2,2
218,labeled,43,blue-collar,married,primary,0,182,1,0,cellular,12,58,3,347,5,failure,0,5,spring,0.49999999999999994,-0.8660254037844387,0.6513724827222223,-0.758758122692791,0,0,19.333333333333332,0.6,0,0,2,2
219,labeled,40,technician,married,secondary,0,53,1,1,cellular,29,194,1,247,1,failure,0,1,winter,0.49999999999999994,0.8660254037844387,-0.3943558551133187,0.9189578116202306,0,1,194.0,1.0,1,0,2,2
220,labeled,30,admin.,married,secondary,0,20,1,0,cellular,11,157,1,-1,0,unknown,0,5,spring,0.49999999999999994,-0.8660254037844387,0.7907757369376989,-0.6121059825476626,0,0,157.0,0.2,0,0,1,2
221,labeled,31,unknown,divorced,tertiary,0,137,0,0,cellular,22,385,9,-1,0,unknown,0,8,summer,-0.8660254037844385,-0.5000000000000004,-0.9680771188662041,-0.2506525322587213,0,1,42.77777777777778,1.125,0,0,1,2
222,labeled,45,services,divorced,secondary,0,-180,0,0,unknown,3,155,2,-1,0,unknown,0,7,summer,-0.4999999999999997,-0.8660254037844388,0.5712682150947923,0.8207634412072763,1,0,77.5,0.2857142857142857,1,0,3,1
223,labeled,54,blue-collar,married,primary,0,207,0,0,unknown,19,200,2,-1,0,unknown,0,6,summer,1.2246467991473532e-16,-1.0,-0.651372482722222,-0.7587581226927911,0,0,100.0,0.3333333333333333,0,0,3,2
225,labeled,51,technician,married,secondary,0,509,1,0,cellular,20,26,6,-1,0,unknown,0,11,autumn,-0.5000000000000004,0.8660254037844384,-0.7907757369376986,-0.6121059825476627,0,1,4.333333333333333,0.5454545454545454,0,0,3,2
229,labeled,44,technician,divorced,secondary,0,0,0,0,cellular,28,264,5,-1,0,unknown,0,7,summer,-0.4999999999999997,-0.8660254037844388,-0.5712682150947924,0.8207634412072763,0,1,52.8,0.7142857142857143,0,0,2,1
230,labeled,32,management,single,tertiary,0,119,1,0,cellular,5,118,1,-1,0,unknown,0,5,spring,0.49999999999999994,-0.8660254037844387,0.8486442574947509,0.5289640103269624,1,0,118.0,0.2,0,0,1,2
231,labeled,27,management,single,tertiary,0,451,0,0,cellular,23,205,3,-1,0,unknown,0,6,summer,1.2246467991473532e-16,-1.0,-0.9987165071710528,-0.05064916883871355,0,1,68.33333333333333,0.5,0,0,1,2
232,labeled,43,unemployed,divorced,secondary,0,1585,1,0,cellular,19,87,1,-1,0,unknown,0,11,autumn,-0.5000000000000004,0.8660254037844384,-0.651372482722222,-0.7587581226927911,0,0,87.0,0.09090909090909091,0,0,2,3
233,labeled,32,management,single,tertiary,0,142,1,0,unknown,6,118,1,-1,0,unknown,0,5,spring,0.49999999999999994,-0.8660254037844387,0.9377521321470804,0.3473052528448203,1,0,118.0,0.2,0,0,1,2
236,labeled,35,services,single,secondary,0,422,1,0,cellular,20,11,5,319,2,other,0,4,spring,0.8660254037844387,-0.4999999999999998,-0.7907757369376986,-0.6121059825476627,0,1,2.2,1.25,0,0,2,2
237,labeled,53,technician,married,primary,0,6837,1,0,cellular,19,77,1,-1,0,unknown,0,11,autumn,-0.5000000000000004,0.8660254037844384,-0.651372482722222,-0.7587581226927911,0,0,77.0,0.09090909090909091,0,0,3,4
238,labeled,38,admin.,married,tertiary,0,1996,0,0,cellular,27,164,2,130,2,failure,1,3,spring,1.0,6.123233995736766e-17,-0.72479278722912,0.6889669190756865,0,1,82.0,0.6666666666666666,0,0,2,3
239,labeled,42,management,married,tertiary,0,1197,0,0,telephone,8,376,2,-1,0,unknown,1,9,autumn,-1.0,-1.8369701987210297e-16,0.9987165071710528,-0.05064916883871264,1,0,188.0,0.2222222222222222,0,0,2,3
240,labeled,36,technician,married,tertiary,0,69,0,0,cellular,19,209,2,-1,0,unknown,0,8,summer,-0.8660254037844385,-0.5000000000000004,-0.651372482722222,-0.7587581226927911,0,0,104.5,0.25,0,0,2,2
241,labeled,24,technician,single,secondary,0,-55,1,0,unknown,19,23,1,-1,0,unknown,0,5,spring,0.49999999999999994,-0.8660254037844387,-0.651372482722222,-0.7587581226927911,0,0,23.0,0.2,1,0,0,1
242,labeled,46,management,single,tertiary,0,588,1,0,cellular,29,190,3,-1,0,unknown,0,1,winter,0.49999999999999994,0.8660254037844387,-0.3943558551133187,0.9189578116202306,0,1,63.333333333333336,3.0,0,0,3,2
243,labeled,52,blue-collar,married,primary,0,1336,1,0,cellular,29,213,2,-1,0,unknown,0,7,summer,-0.4999999999999997,-0.8660254037844388,-0.3943558551133187,0.9189578116202306,0,1,106.5,0.2857142857142857,0,0,3,3
244,labeled,35,management,single,tertiary,0,2983,1,0,cellular,25,179,1,-1,0,unknown,0,5,spring,0.49999999999999994,-0.8660254037844387,-0.9377521321470804,0.3473052528448203,0,1,179.0,0.2,0,0,2,3
245,labeled,25,admin.,married,secondary,0,14,1,0,cellular,18,225,1,-1,0,unknown,0,7,summer,-0.4999999999999997,-0.8660254037844388,-0.4853019625310808,-0.8743466161445822,0,0,225.0,0.14285714285714285,0,0,1,2
246,labeled,50,blue-collar,married,secondary,0,574,0,0,cellular,26,83,4,-1,0,unknown,0,8,summer,-0.8660254037844385,-0.5000000000000004,-0.8486442574947509,0.5289640103269624,0,1,20.75,0.5,0,0,3,2
250,labeled,23,blue-collar,single,primary,0,8618,1,0,cellular,15,169,1,346,1,failure,0,5,spring,0.49999999999999994,-0.8660254037844387,0.10116832198743272,-0.994869323391895,0,0,169.0,0.2,0,0,0,4
252,labeled,24,student,single,secondary,0,514,1,0,telephone,18,12,3,374,1,other,0,5,spring,0.49999999999999994,-0.8660254037844387,-0.4853019625310808,-0.8743466161445822,0,0,4.0,0.6,0,0,0,2
253,labeled,33,blue-collar,single,primary,0,589,1,0,unknown,21,29,1,-1,0,unknown,0,5,spring,0.49999999999999994,-0.8660254037844387,-0.8978045395707417,-0.44039415155763423,0,1,29.0,0.2,0,0,1,2
254,labeled,43,blue-collar,married,secondary,0,3062,1,0,unknown,15,253,2,-1,0,unknown,0,5,spring,0.49999999999999994,-0.8660254037844387,0.10116832198743272,-0.994869323391895,0,0,126.5,0.4,0,0,2,3
255,labeled,31,blue-collar,married,secondary,0,0,0,1,telephone,15,275,2,-1,0,unknown,0,7,summer,-0.4999999999999997,-0.8660254037844388,0.10116832198743272,-0.994869323391895,0,0,137.5,0.2857142857142857,1,0,1,1
256,labeled,66,retired,married,tertiary,0,1938,0,0,cellular,28,216,1,91,4,success,1,1,winter,0.49999999999999994,0.8660254037844387,-0.5712682150947924,0.8207634412072763,0,1,216.0,1.0,0,0,5,3
257,labeled,32,technician,married,secondary,0,482,0,0,cellular,26,98,14,-1,0,unknown,0,8,summer,-0.8660254037844385,-0.5000000000000004,-0.8486442574947509,0.5289640103269624,0,1,7.0,1.75,0,0,1,2
260,labeled,41,technician,single,secondary,0,-48,1,1,cellular,3,154,1,-1,0,unknown,0,4,spring,0.8660254037844387,-0.4999999999999998,0.5712682150947923,0.8207634412072763,1,0,154.0,0.25,2,0,2,1
261,labeled,24,student,single,secondary,0,1841,0,0,cellular,9,390,1,-1,0,unknown,0,12,winter,-2.4492935982947064e-16,1.0,0.9680771188662043,-0.2506525322587204,1,0,390.0,0.08333333333333333,0,0,0,3
262,labeled,31,admin.,married,secondary,0,219,1,0,cellular,18,191,3,-1,0,unknown,0,7,summer,-0.4999999999999997,-0.8660254037844388,-0.4853019625310808,-0.8743466161445822,0,0,63.666666666666664,0.42857142857142855,0,0,1,2
263,labeled,45,unemployed,married,primary,0,183,1,1,unknown,27,62,2,-1,0,unknown,0,5,spring,0.49999999999999994,-0.8660254037844387,-0.72479278722912,0.6889669190756865,0,1,31.0,0.4,1,0,3,2
264,labeled,51,services,married,unknown,0,5800,1,0,unknown,29,147,2,-1,0,unknown,0,5,spring,0.49999999999999994,-0.8660254037844387,-0.3943558551133187,0.9189578116202306,0,1,73.5,0.4,0,0,3,4
265,labeled,32,technician,single,tertiary,0,741,1,0,cellular,11,238,1,-1,0,unknown,0,8,summer,-0.8660254037844385,-0.5000000000000004,0.7907757369376989,-0.6121059825476626,0,0,238.0,0.125,0,0,1,2
267,labeled,45,services,divorced,primary,0,3863,1,0,unknown,20,10,3,-1,0,unknown,0,6,summer,1.2246467991473532e-16,-1.0,-0.7907757369376986,-0.6121059825476627,0,1,3.3333333333333335,0.5,0,0,3,3
268,labeled,44,management,divorced,tertiary,0,469,1,1,unknown,26,127,2,-1,0,unknown,0,5,spring,0.49999999999999994,-0.8660254037844387,-0.8486442574947509,0.5289640103269624,0,1,63.5,0.4,1,0,2,2
269,labeled,21,services,single,secondary,0,359,0,0,telephone,5,329,1,95,1,other,0,6,summer,1.2246467991473532e-16,-1.0,0.8486442574947509,0.5289640103269624,1,0,329.0,0.16666666666666666,0,0,0,2
271,labeled,37,services,single,secondary,0,1184,1,0,cellular,15,102,1,333,2,failure,0,5,spring,0.49999999999999994,-0.8660254037844387,0.10116832198743272,-0.994869323391895,0,0,102.0,0.2,0,0,2,3
272,labeled,47,blue-collar,married,secondary,1,-610,1,0,unknown,26,118,2,-1,0,unknown,0,5,spring,0.49999999999999994,-0.8660254037844387,-0.8486442574947509,0.5289640103269624,0,1,59.0,0.4,2,0,3,1
274,labeled,38,admin.,married,primary,0,3918,1,0,cellular,20,196,2,315,2,failure,0,4,spring,0.8660254037844387,-0.4999999999999998,-0.7907757369376986,-0.6121059825476627,0,1,98.0,0.5,0,0,2,3
275,labeled,36,blue-collar,divorced,secondary,0,-144,1,0,unknown,26,222,2,-1,0,unknown,0,5,spring,0.49999999999999994,-0.8660254037844387,-0.8486442574947509,0.5289640103269624,0,1,111.0,0.4,1,0,2,1
276,labeled,46,blue-collar,married,secondary,0,130,0,0,unknown,20,252,3,-1,0,unknown,0,6,summer,1.2246467991473532e-16,-1.0,-0.7907757369376986,-0.6121059825476627,0,1,84.0,0.5,0,0,3,2
277,labeled,56,technician,married,secondary,0,211,0,1,cellular,23,442,2,-1,0,unknown,0,7,summer,-0.4999999999999997,-0.8660254037844388,-0.9987165071710528,-0.05064916883871355,0,1,221.0,0.2857142857142857,1,0,4,2
279,labeled,51,technician,married,primary,0,1549,0,0,unknown,20,12,5,-1,0,unknown,0,6,summer,1.2246467991473532e-16,-1.0,-0.7907757369376986,-0.6121059825476627,0,1,2.4,0.8333333333333334,0,0,3,3
280,labeled,39,entrepreneur,married,tertiary,0,2640,1,0,unknown,20,253,1,-1,0,unknown,0,5,spring,0.49999999999999994,-0.8660254037844387,-0.7907757369376986,-0.6121059825476627,0,1,253.0,0.2,0,0,2,3
281,labeled,54,services,married,secondary,0,-24,0,1,cellular,9,85,1,-1,0,unknown,0,7,summer,-0.4999999999999997,-0.8660254037844388,0.9680771188662043,-0.2506525322587204,1,0,85.0,0.14285714285714285,2,0,3,1
282,labeled,40,blue-collar,married,secondary,0,1005,1,0,cellular,6,410,1,-1,0,unknown,0,5,spring,0.49999999999999994,-0.8660254037844387,0.9377521321470804,0.3473052528448203,1,0,410.0,0.2,0,0,2,3
283,labeled,49,blue-collar,married,primary,0,367,0,0,unknown,26,59,2,-1,0,unknown,0,5,spring,0.49999999999999994,-0.8660254037844387,-0.8486442574947509,0.5289640103269624,0,1,29.5,0.4,0,0,3,2
284,labeled,56,management,married,tertiary,0,3173,1,0,cellular,5,139,1,-1,0,unknown,0,2,winter,0.8660254037844386,0.5000000000000001,0.8486442574947509,0.5289640103269624,1,0,139.0,0.5,0,0,4,3
285,labeled,28,blue-collar,married,secondary,0,68,1,0,unknown,13,160,3,-1,0,unknown,0,5,spring,0.49999999999999994,-0.8660254037844387,0.48530196253108104,-0.8743466161445821,0,0,53.333333333333336,0.6,0,0,1,2
286,labeled,38,blue-collar,married,secondary,0,169,1,1,unknown,20,172,1,-1,0,unknown,0,5,spring,0.49999999999999994,-0.8660254037844387,-0.7907757369376986,-0.6121059825476627,0,1,172.0,0.2,1,0,2,2
287,labeled,44,blue-collar,married,secondary,0,510,1,0,cellular,20,222,1,154,1,failure,0,4,spring,0.8660254037844387,-0.4999999999999998,-0.7907757369376986,-0.6121059825476627,0,1,222.0,0.25,0,0,2,2
288,labeled,32,blue-collar,single,secondary,0,136,1,0,cellular,18,232,2,-1,0,unknown,0,5,spring,0.49999999999999994,-0.8660254037844387,-0.4853019625310808,-0.8743466161445822,0,0,116.0,0.4,0,0,1,2
289,labeled,59,retired,divorced,secondary,0,5850,0,0,cellular,14,1060,2,-1,0,unknown,1,5,spring,0.49999999999999994,-0.8660254037844387,0.29936312297335804,-0.9541392564000488,0,0,530.0,0.4,0,0,4,4
290,labeled,26,admin.,single,secondary,0,320,1,0,cellular,22,242,7,-1,0,unknown,0,7,summer,-0.4999999999999997,-0.8660254037844388,-0.9680771188662041,-0.2506525322587213,0,1,34.57142857142857,1.0,0,0,1,2
291,labeled,43,blue-collar,married,unknown,1,-722,1,0,unknown,30,67,3,-1,0,unknown,0,5,spring,0.49999999999999994,-0.8660254037844387,-0.20129852008866114,0.9795299412524943,0,1,22.333333333333332,0.6,2,0,2,1
292,labeled,41,management,married,tertiary,0,3875,0,0,cellular,15,231,1,-1,0,unknown,0,10,autumn,-0.8660254037844386,0.5000000000000001,0.10116832198743272,-0.994869323391895,0,0,231.0,0.1,0,0,2,3
293,labeled,38,unemployed,married,primary,0,1142,1,1,unknown,8,249,5,-1,0,unknown,0,5,spring,0.49999999999999994,-0.8660254037844387,0.9987165071710528,-0.05064916883871264,1,0,49.8,1.0,1,0,2,3
294,labeled,53,technician,divorced,secondary,0,322,0,0,cellular,9,175,1,-1,0,unknown,0,7,summer,-0.4999999999999997,-0.8660254037844388,0.9680771188662043,-0.2506525322587204,1,0,175.0,0.14285714285714285,0,0,3,2
296,labeled,32,blue-collar,married,secondary,0,29,1,0,cellular,5,321,2,-1,0,unknown,0,5,spring,0.49999999999999994,-0.8660254037844387,0.8486442574947509,0.5289640103269624,1,0,160.5,0.4,0,0,1,2
297,labeled,49,unknown,married,secondary,0,0,0,0,cellular,28,173,2,-1,0,unknown,0,8,summer,-0.8660254037844385,-0.5000000000000004,-0.5712682150947924,0.8207634412072763,0,1,86.5,0.25,0,0,3,1
298,labeled,48,management,married,tertiary,0,992,1,0,cellular,29,121,3,-1,0,unknown,0,1,winter,0.49999999999999994,0.8660254037844387,-0.3943558551133187,0.9189578116202306,0,1,40.333333333333336,3.0,0,0,3,2
299,labeled,25,services,single,secondary,0,362,0,0,telephone,25,168,1,-1,0,unknown,0,7,summer,-0.4999999999999997,-0.8660254037844388,-0.9377521321470804,0.3473052528448203,0,1,168.0,0.14285714285714285,0,0,1,2
300,labeled,51,management,married,tertiary,0,179,1,1,unknown,1,8,1,687,2,failure,0,6,summer,1.2246467991473532e-16,-1.0,0.20129852008866006,0.9795299412524945,1,0,8.0,0.16666666666666666,1,0,3,2
304,labeled,30,admin.,single,secondary,0,74,1,0,cellular,6,121,6,112,3,other,0,8,summer,-0.8660254037844385,-0.5000000000000004,0.9377521321470804,0.3473052528448203,1,0,20.166666666666668,0.75,0,0,1,2
305,labeled,35,technician,married,secondary,0,2190,0,0,cellular,19,256,3,-1,0,unknown,0,11,autumn,-0.5000000000000004,0.8660254037844384,-0.651372482722222,-0.7587581226927911,0,0,85.33333333333333,0.2727272727272727,0,0,2,3
306,labeled,31,services,single,secondary,0,2068,0,0,cellular,29,319,2,-1,0,unknown,0,8,summer,-0.8660254037844385,-0.5000000000000004,-0.3943558551133187,0.9189578116202306,0,1,159.5,0.25,0,0,1,3
307,labeled,34,management,married,tertiary,0,1004,1,1,cellular,21,81,1,-1,0,unknown,0,11,autumn,-0.5000000000000004,0.8660254037844384,-0.8978045395707417,-0.44039415155763423,0,1,81.0,0.09090909090909091,1,0,1,3
308,labeled,37,entrepreneur,married,tertiary,0,4802,1,0,unknown,20,156,2,-1,0,unknown,0,5,spring,0.49999999999999994,-0.8660254037844387,-0.7907757369376986,-0.6121059825476627,0,1,78.0,0.4,0,0,2,3
311,labeled,36,management,married,tertiary,0,-379,1,0,cellular,31,30,29,-1,0,unknown,0,7,summer,-0.4999999999999997,-0.8660254037844388,-2.4492935982947064e-16,1.0,0,1,1.0344827586206897,4.142857142857143,1,0,2,1
312,labeled,45,blue-collar,married,secondary,0,109,0,0,cellular,11,209,4,-1,0,unknown,0,8,summer,-0.8660254037844385,-0.5000000000000004,0.7907757369376989,-0.6121059825476626,0,0,52.25,0.5,0,0,3,2
313,labeled,58,retired,married,secondary,0,502,1,0,cellular,12,197,2,370,3,failure,0,5,spring,0.49999999999999994,-0.8660254037844387,0.6513724827222223,-0.758758122692791,0,0,98.5,0.4,0,0,4,2
314,labeled,34,services,divorced,secondary,0,989,1,0,cellular,6,89,1,344,1,failure,0,5,spring,0.49999999999999994,-0.8660254037844387,0.9377521321470804,0.3473052528448203,1,0,89.0,0.2,0,0,1,2
315,labeled,53,technician,married,secondary,0,9146,0,0,cellular,13,136,4,-1,0,unknown,0,8,summer,-0.8660254037844385,-0.5000000000000004,0.48530196253108104,-0.8743466161445821,0,0,34.0,0.5,0,0,3,4
316,labeled,53,entrepreneur,married,primary,0,24,1,0,telephone,10,230,3,-1,0,unknown,1,9,autumn,-1.0,-1.8369701987210297e-16,0.8978045395707416,-0.4403941515576344,1,0,76.66666666666667,0.3333333333333333,0,0,3,2
317,labeled,49,blue-collar,single,primary,0,2146,1,0,cellular,7,1516,2,353,2,other,1,5,spring,0.49999999999999994,-0.8660254037844387,0.9884683243281114,0.1514277775045767,1,0,758.0,0.4,0,0,3,3
318,labeled,36,blue-collar,divorced,primary,0,112,1,0,unknown,2,123,4,-1,0,unknown,0,6,summer,1.2246467991473532e-16,-1.0,0.39435585511331855,0.9189578116202306,1,0,30.75,0.6666666666666666,0,0,2,2
319,labeled,28,blue-collar,single,secondary,0,514,0,1,cellular,8,681,1,-1,0,unknown,1,7,summer,-0.4999999999999997,-0.8660254037844388,0.9987165071710528,-0.05064916883871264,1,0,681.0,0.14285714285714285,1,0,1,2
323,labeled,45,technician,divorced,secondary,0,809,1,0,cellular,13,155,2,363,4,failure,0,5,spring,0.49999999999999994,-0.8660254037844387,0.48530196253108104,-0.8743466161445821,0,0,77.5,0.4,0,0,3,2
324,labeled,35,self-employed,married,secondary,0,8874,0,0,cellular,21,33,3,-1,0,unknown,0,11,autumn,-0.5000000000000004,0.8660254037844384,-0.8978045395707417,-0.44039415155763423,0,1,11.0,0.2727272727272727,0,0,2,4
325,labeled,35,management,married,tertiary,0,1251,1,0,unknown,19,210,2,-1,0,unknown,0,5,spring,0.49999999999999994,-0.8660254037844387,-0.651372482722222,-0.7587581226927911,0,0,105.0,0.4,0,0,2,3
327,labeled,29,technician,single,tertiary,0,405,1,0,cellular,17,119,1,-1,0,unknown,0,7,summer,-0.4999999999999997,-0.8660254037844388,-0.2993631229733582,-0.9541392564000488,0,0,119.0,0.14285714285714285,0,0,1,2
328,labeled,36,admin.,single,tertiary,0,970,0,0,cellular,11,118,4,104,7,failure,0,11,autumn,-0.5000000000000004,0.8660254037844384,0.7907757369376989,-0.6121059825476626,0,0,29.5,0.36363636363636365,0,0,2,2
331,labeled,57,technician,married,unknown,0,215,1,0,unknown,5,216,3,-1,0,unknown,0,5,spring,0.49999999999999994,-0.8660254037844387,0.8486442574947509,0.5289640103269624,1,0,72.0,0.6,0,0,4,2
332,labeled,74,retired,married,secondary,0,911,0,0,telephone,17,394,2,-1,0,unknown,1,4,spring,0.8660254037844387,-0.4999999999999998,-0.2993631229733582,-0.9541392564000488,0,0,197.0,0.5,0,0,5,2
333,labeled,26,services,single,secondary,0,255,1,0,cellular,4,101,2,-1,0,unknown,0,5,spring,0.49999999999999994,-0.8660254037844387,0.72479278722912,0.6889669190756866,1,0,50.5,0.4,0,0,1,2
334,labeled,28,student,single,secondary,0,153,0,0,cellular,23,1124,2,-1,0,unknown,1,7,summer,-0.4999999999999997,-0.8660254037844388,-0.9987165071710528,-0.05064916883871355,0,1,562.0,0.2857142857142857,0,0,1,2
335,labeled,40,admin.,single,secondary,0,2378,1,0,unknown,2,65,1,-1,0,unknown,0,6,summer,1.2246467991473532e-16,-1.0,0.39435585511331855,0.9189578116202306,1,0,65.0,0.16666666666666666,0,0,2,3
336,labeled,31,blue-collar,single,secondary,0,-223,1,0,unknown,30,66,2,-1,0,unknown,0,5,spring,0.49999999999999994,-0.8660254037844387,-0.20129852008866114,0.9795299412524943,0,1,33.0,0.4,1,0,1,1
337,labeled,26,admin.,single,secondary,0,3521,0,1,cellular,7,57,2,-1,0,unknown,0,9,autumn,-1.0,-1.8369701987210297e-16,0.9884683243281114,0.1514277775045767,1,0,28.5,0.2222222222222222,1,0,1,3
338,labeled,35,management,married,tertiary,0,4282,1,0,unknown,9,357,1,-1,0,unknown,0,5,spring,0.49999999999999994,-0.8660254037844387,0.9680771188662043,-0.2506525322587204,1,0,357.0,0.2,0,0,2,3
339,labeled,33,management,married,secondary,0,3125,1,0,unknown,23,350,5,-1,0,unknown,0,5,spring,0.49999999999999994,-0.8660254037844387,-0.9987165071710528,-0.05064916883871355,0,1,70.0,1.0,0,0,1,3
340,labeled,50,self-employed,divorced,tertiary,0,3,1,0,cellular,20,76,1,-1,0,unknown,1,4,spring,0.8660254037844387,-0.4999999999999998,-0.7907757369376986,-0.6121059825476627,0,1,76.0,0.25,0,0,3,2
341,labeled,32,services,married,secondary,1,-228,1,1,cellular,25,123,2,-1,0,unknown,0,7,summer,-0.4999999999999997,-0.8660254037844388,-0.9377521321470804,0.3473052528448203,0,1,61.5,0.2857142857142857,3,0,1,1
342,labeled,32,technician,single,secondary,0,24,0,0,cellular,19,156,2,-1,0,unknown,0,8,summer,-0.8660254037844385,-0.5000000000000004,-0.651372482722222,-0.7587581226927911,0,0,78.0,0.25,0,0,1,2
343,labeled,38,management,divorced,tertiary,0,4416,1,0,unknown,30,162,1,-1,0,unknown,0,5,spring,0.49999999999999994,-0.8660254037844387,-0.20129852008866114,0.9795299412524943,0,1,162.0,0.2,0,0,2,3
344,labeled,40,technician,married,secondary,0,100,1,0,unknown,13,134,2,-1,0,unknown,0,5,spring,0.49999999999999994,-0.8660254037844387,0.48530196253108104,-0.8743466161445821,0,0,67.0,0.4,0,0,2,2
345,labeled,31,blue-collar,single,tertiary,0,467,1,1,unknown,19,147,1,-1,0,unknown,0,5,spring,0.49999999999999994,-0.8660254037844387,-0.651372482722222,-0.7587581226927911,0,0,147.0,0.2,1,0,1,2
346,labeled,45,admin.,married,primary,0,541,0,0,cellular,11,8,5,350,3,other,0,5,spring,0.49999999999999994,-0.8660254037844387,0.7907757369376989,-0.6121059825476626,0,0,1.6,1.0,0,0,3,2
348,labeled,30,management,single,tertiary,0,1362,0,0,cellular,20,240,2,-1,0,unknown,0,11,autumn,-0.5000000000000004,0.8660254037844384,-0.7907757369376986,-0.6121059825476627,0,1,120.0,0.18181818181818182,0,0,1,3
349,labeled,52,admin.,single,primary,0,0,0,0,unknown,19,182,11,-1,0,unknown,0,5,spring,0.49999999999999994,-0.8660254037844387,-0.651372482722222,-0.7587581226927911,0,0,16.545454545454547,2.2,0,0,3,1
351,labeled,83,retired,married,primary,0,431,0,0,telephone,22,883,1,140,1,failure,1,6,summer,1.2246467991473532e-16,-1.0,-0.9680771188662041,-0.2506525322587213,0,1,883.0,0.16666666666666666,0,0,5,2
352,labeled,33,admin.,single,tertiary,0,497,1,0,cellular,7,31,1,363,2,failure,0,5,spring,0.49999999999999994,-0.8660254037844387,0.9884683243281114,0.1514277775045767,1,0,31.0,0.2,0,0,1,2
353,labeled,48,admin.,single,secondary,0,1156,1,0,unknown,28,357,1,-1,0,unknown,0,5,spring,0.49999999999999994,-0.8660254037844387,-0.5712682150947924,0.8207634412072763,0,1,357.0,0.2,0,0,3,3
354,labeled,31,technician,married,secondary,0,2358,1,0,unknown,13,247,1,-1,0,unknown,0,5,spring,0.49999999999999994,-0.8660254037844387,0.48530196253108104,-0.8743466161445821,0,0,247.0,0.2,0,0,1,3
355,labeled,48,blue-collar,married,secondary,0,326,1,0,cellular,14,24,6,-1,0,unknown,0,5,spring,0.49999999999999994,-0.8660254037844387,0.29936312297335804,-0.9541392564000488,0,0,4.0,1.2,0,0,3,2
356,labeled,26,self-employed,married,tertiary,0,470,1,0,cellular,9,133,3,-1,0,unknown,0,2,winter,0.8660254037844386,0.5000000000000001,0.9680771188662043,-0.2506525322587204,1,0,44.333333333333336,1.5,0,0,1,2
357,labeled,35,admin.,married,secondary,0,146,1,1,cellular,29,41,1,184,7,failure,0,1,winter,0.49999999999999994,0.8660254037844387,-0.3943558551133187,0.9189578116202306,0,1,41.0,1.0,1,0,2,2
358,labeled,36,technician,divorced,secondary,0,663,1,1,cellular,3,190,1,133,1,other,0,4,spring,0.8660254037844387,-0.4999999999999998,0.5712682150947923,0.8207634412072763,1,0,190.0,0.25,1,0,2,2
360,labeled,53,technician,married,secondary,0,230,0,1,cellular,13,112,2,-1,0,unknown,0,8,summer,-0.8660254037844385,-0.5000000000000004,0.48530196253108104,-0.8743466161445821,0,0,56.0,0.25,1,0,3,2
361,labeled,34,blue-collar,married,secondary,0,335,1,1,unknown,15,150,2,-1,0,unknown,0,5,spring,0.49999999999999994,-0.8660254037844387,0.10116832198743272,-0.994869323391895,0,0,75.0,0.4,1,0,1,2
362,labeled,58,self-employed,married,primary,0,664,1,0,unknown,17,16,3,-1,0,unknown,0,6,summer,1.2246467991473532e-16,-1.0,-0.2993631229733582,-0.9541392564000488,0,0,5.333333333333333,0.5,0,0,4,2
363,labeled,37,blue-collar,married,secondary,0,2013,1,0,cellular,10,214,1,-1,0,unknown,0,7,summer,-0.4999999999999997,-0.8660254037844388,0.8978045395707416,-0.4403941515576344,1,0,214.0,0.14285714285714285,0,0,2,3
364,labeled,31,management,married,tertiary,0,6284,0,0,cellular,20,303,2,-1,0,unknown,0,11,autumn,-0.5000000000000004,0.8660254037844384,-0.7907757369376986,-0.6121059825476627,0,1,151.5,0.18181818181818182,0,0,1,4
365,labeled,33,technician,married,secondary,0,-198,0,0,cellular,15,297,3,-1,0,unknown,0,5,spring,0.49999999999999994,-0.8660254037844387,0.10116832198743272,-0.994869323391895,0,0,99.0,0.6,1,0,1,1
366,labeled,28,technician,single,tertiary,0,0,1,0,unknown,4,205,6,-1,0,unknown,0,6,summer,1.2246467991473532e-16,-1.0,0.72479278722912,0.6889669190756866,1,0,34.166666666666664,1.0,0,0,1,1
367,labeled,34,management,single,tertiary,0,-286,1,0,cellular,19,181,6,-1,0,unknown,0,8,summer,-0.8660254037844385,-0.5000000000000004,-0.651372482722222,-0.7587581226927911,0,0,30.166666666666668,0.75,1,0,1,1
368,labeled,55,management,married,tertiary,0,179,1,0,cellular,8,73,6,-1,0,unknown,0,8,summer,-0.8660254037844385,-0.5000000000000004,0.9987165071710528,-0.05064916883871264,1,0,12.166666666666666,0.75,0,0,4,2
370,labeled,37,management,divorced,tertiary,0,158,1,0,unknown,5,227,1,-1,0,unknown,0,6,summer,1.2246467991473532e-16,-1.0,0.8486442574947509,0.5289640103269624,1,0,227.0,0.16666666666666666,0,0,2,2
371,labeled,36,entrepreneur,single,secondary,0,481,0,0,cellular,25,141,3,-1,0,unknown,0,7,summer,-0.4999999999999997,-0.8660254037844388,-0.9377521321470804,0.3473052528448203,0,1,47.0,0.42857142857142855,0,0,2,2
372,labeled,51,technician,married,secondary,0,1483,1,0,cellular,18,227,2,-1,0,unknown,0,7,summer,-0.4999999999999997,-0.8660254037844388,-0.4853019625310808,-0.8743466161445822,0,0,113.5,0.2857142857142857,0,0,3,3
373,labeled,32,technician,divorced,secondary,0,-392,1,0,unknown,2,180,1,-1,0,unknown,0,6,summer,1.2246467991473532e-16,-1.0,0.39435585511331855,0.9189578116202306,1,0,180.0,0.16666666666666666,1,0,1,1
374,labeled,53,retired,married,secondary,0,4959,0,0,cellular,6,109,1,87,2,failure,0,5,spring,0.49999999999999994,-0.8660254037844387,0.9377521321470804,0.3473052528448203,1,0,109.0,0.2,0,0,3,3
375,labeled,48,technician,married,secondary,0,10662,0,0,telephone,31,5,3,-1,0,unknown,0,7,summer,-0.4999999999999997,-0.8660254037844388,-2.4492935982947064e-16,1.0,0,1,1.6666666666666667,0.42857142857142855,0,0,3,5
376,labeled,47,services,divorced,secondary,0,167,0,0,unknown,5,212,1,-1,0,unknown,0,5,spring,0.49999999999999994,-0.8660254037844387,0.8486442574947509,0.5289640103269624,1,0,212.0,0.2,0,0,3,2
379,labeled,37,technician,married,secondary,0,4022,1,0,unknown,26,178,5,-1,0,unknown,0,5,spring,0.49999999999999994,-0.8660254037844387,-0.8486442574947509,0.5289640103269624,0,1,35.6,1.0,0,0,2,3
382,labeled,58,technician,married,secondary,0,165,0,0,cellular,12,92,4,-1,0,unknown,0,8,summer,-0.8660254037844385,-0.5000000000000004,0.6513724827222223,-0.758758122692791,0,0,23.0,0.5,0,0,4,2
383,labeled,43,blue-collar,married,secondary,0,624,1,0,unknown,30,175,1,-1,0,unknown,0,9,autumn,-1.0,-1.8369701987210297e-16,-0.20129852008866114,0.9795299412524943,0,1,175.0,0.1111111111111111,0,0,2,2
384,labeled,52,technician,married,secondary,0,1790,1,0,unknown,19,144,2,-1,0,unknown,0,5,spring,0.49999999999999994,-0.8660254037844387,-0.651372482722222,-0.7587581226927911,0,0,72.0,0.4,0,0,3,3
385,labeled,34,blue-collar,married,secondary,0,245,1,0,unknown,29,193,6,-1,0,unknown,0,5,spring,0.49999999999999994,-0.8660254037844387,-0.3943558551133187,0.9189578116202306,0,1,32.166666666666664,1.2,0,0,1,2
386,labeled,38,management,divorced,secondary,0,-16,0,0,cellular,21,11,4,-1,0,unknown,0,11,autumn,-0.5000000000000004,0.8660254037844384,-0.8978045395707417,-0.44039415155763423,0,1,2.75,0.36363636363636365,1,0,2,1
388,labeled,56,admin.,divorced,secondary,1,-444,1,1,unknown,9,185,2,-1,0,unknown,0,5,spring,0.49999999999999994,-0.8660254037844387,0.9680771188662043,-0.2506525322587204,1,0,92.5,0.4,3,0,4,1
389,labeled,51,admin.,divorced,secondary,0,349,1,0,unknown,8,186,1,-1,0,unknown,0,5,spring,0.49999999999999994,-0.8660254037844387,0.9987165071710528,-0.05064916883871264,1,0,186.0,0.2,0,0,3,2
390,labeled,32,blue-collar,married,secondary,0,-33,1,0,cellular,12,145,1,-1,0,unknown,0,5,spring,0.49999999999999994,-0.8660254037844387,0.6513724827222223,-0.758758122692791,0,0,145.0,0.2,1,0,1,1
391,labeled,34,admin.,divorced,secondary,0,1266,1,0,cellular,15,259,3,-1,0,unknown,0,5,spring,0.49999999999999994,-0.8660254037844387,0.10116832198743272,-0.994869323391895,0,0,86.33333333333333,0.6,0,0,1,3
392,labeled,39,unemployed,married,secondary,0,271,1,0,unknown,3,116,1,-1,0,unknown,0,6,summer,1.2246467991473532e-16,-1.0,0.5712682150947923,0.8207634412072763,1,0,116.0,0.16666666666666666,0,0,2,2
396,labeled,46,housemaid,married,primary,0,11,1,0,telephone,21,171,1,-1,0,unknown,0,7,summer,-0.4999999999999997,-0.8660254037844388,-0.8978045395707417,-0.44039415155763423,0,1,171.0,0.14285714285714285,0,0,3,2
397,labeled,51,admin.,married,secondary,0,416,1,1,cellular,16,95,1,-1,0,unknown,0,10,autumn,-0.8660254037844386,0.5000000000000001,-0.10116832198743204,-0.9948693233918952,0,0,95.0,0.1,1,0,3,2
398,labeled,60,retired,married,primary,0,2,0,0,cellular,26,63,2,-1,0,unknown,0,8,summer,-0.8660254037844385,-0.5000000000000004,-0.8486442574947509,0.5289640103269624,0,1,31.5,0.25,0,0,4,2
399,labeled,60,management,single,tertiary,0,0,0,1,cellular,23,151,1,-1,0,unknown,0,7,summer,-0.4999999999999997,-0.8660254037844388,-0.9987165071710528,-0.05064916883871355,0,1,151.0,0.14285714285714285,1,0,4,1
400,labeled,58,retired,married,secondary,0,414,0,0,cellular,27,104,5,-1,0,unknown,0,8,summer,-0.8660254037844385,-0.5000000000000004,-0.72479278722912,0.6889669190756865,0,1,20.8,0.625,0,0,4,2
402,labeled,29,blue-collar,single,tertiary,0,450,0,0,telephone,21,403,1,-1,0,unknown,1,4,spring,0.8660254037844387,-0.4999999999999998,-0.8978045395707417,-0.44039415155763423,0,1,403.0,0.25,0,0,1,2
403,labeled,38,blue-collar,married,primary,0,2577,0,0,unknown,9,172,1,-1,0,unknown,0,6,summer,1.2246467991473532e-16,-1.0,0.9680771188662043,-0.2506525322587204,1,0,172.0,0.16666666666666666,0,0,2,3
404,labeled,40,technician,single,secondary,0,589,0,1,cellular,14,87,6,-1,0,unknown,0,8,summer,-0.8660254037844385,-0.5000000000000004,0.29936312297335804,-0.9541392564000488,0,0,14.5,0.75,1,0,2,2
405,labeled,38,self-employed,single,secondary,0,1138,1,0,unknown,21,91,2,-1,0,unknown,0,5,spring,0.49999999999999994,-0.8660254037844387,-0.8978045395707417,-0.44039415155763423,0,1,45.5,0.4,0,0,2,3
406,labeled,45,technician,single,secondary,0,415,1,0,unknown,30,891,4,-1,0,unknown,1,5,spring,0.49999999999999994,-0.8660254037844387,-0.20129852008866114,0.9795299412524943,0,1,222.75,0.8,0,0,3,2
407,labeled,35,entrepreneur,single,tertiary,0,139,1,0,cellular,18,799,2,-1,0,unknown,1,7,summer,-0.4999999999999997,-0.8660254037844388,-0.4853019625310808,-0.8743466161445822,0,0,399.5,0.2857142857142857,0,0,2,2
408,labeled,38,technician,married,secondary,0,4027,1,0,cellular,19,75,2,177,5,failure,0,11,autumn,-0.5000000000000004,0.8660254037844384,-0.651372482722222,-0.7587581226927911,0,0,37.5,0.18181818181818182,0,0,2,3
409,labeled,37,management,married,tertiary,0,857,1,0,cellular,3,101,1,-1,0,unknown,0,6,summer,1.2246467991473532e-16,-1.0,0.5712682150947923,0.8207634412072763,1,0,101.0,0.16666666666666666,0,0,2,2
410,labeled,27,housemaid,married,secondary,0,4853,1,1,telephone,23,82,3,-1,0,unknown,0,7,summer,-0.4999999999999997,-0.8660254037844388,-0.9987165071710528,-0.05064916883871355,0,1,27.333333333333332,0.42857142857142855,1,0,1,3
411,labeled,36,management,single,tertiary,0,1528,1,0,cellular,8,81,3,170,1,failure,0,5,spring,0.49999999999999994,-0.8660254037844387,0.9987165071710528,-0.05064916883871264,1,0,27.0,0.6,0,0,2,3
412,labeled,27,self-employed,single,secondary,0,57,0,0,cellular,29,168,1,-1,0,unknown,0,1,winter,0.49999999999999994,0.8660254037844387,-0.3943558551133187,0.9189578116202306,0,1,168.0,1.0,0,0,1,2
413,labeled,29,housemaid,single,tertiary,0,21,0,0,cellular,5,110,2,64,2,success,1,2,winter,0.8660254037844386,0.5000000000000001,0.8486442574947509,0.5289640103269624,1,0,55.0,1.0,0,0,1,2
415,labeled,51,self-employed,divorced,primary,0,10923,0,0,cellular,6,106,2,-1,0,unknown,0,5,spring,0.49999999999999994,-0.8660254037844387,0.9377521321470804,0.3473052528448203,1,0,53.0,0.4,0,0,3,5
416,labeled,40,management,married,secondary,0,635,1,0,cellular,17,74,2,256,1,failure,0,4,spring,0.8660254037844387,-0.4999999999999998,-0.2993631229733582,-0.9541392564000488,0,0,37.0,0.5,0,0,2,2
417,labeled,28,technician,single,tertiary,0,106,0,0,cellular,28,321,2,-1,0,unknown,0,1,winter,0.49999999999999994,0.8660254037844387,-0.5712682150947924,0.8207634412072763,0,1,160.5,2.0,0,0,1,2
418,labeled,47,technician,married,secondary,0,823,1,0,telephone,18,195,3,112,8,other,0,11,autumn,-0.5000000000000004,0.8660254037844384,-0.4853019625310808,-0.8743466161445822,0,0,65.0,0.2727272727272727,0,0,3,2
419,labeled,47,technician,married,secondary,0,66,0,0,cellular,28,118,8,-1,0,unknown,0,8,summer,-0.8660254037844385,-0.5000000000000004,-0.5712682150947924,0.8207634412072763,0,1,14.75,1.0,0,0,3,2
420,labeled,31,management,married,tertiary,0,1347,1,1,unknown,21,85,1,-1,0,unknown,0,5,spring,0.49999999999999994,-0.8660254037844387,-0.8978045395707417,-0.44039415155763423,0,1,85.0,0.2,1,0,1,3
421,labeled,35,admin.,single,secondary,0,1819,1,0,cellular,25,65,2,-1,0,unknown,0,5,spring,0.49999999999999994,-0.8660254037844387,-0.9377521321470804,0.3473052528448203,0,1,32.5,0.4,0,0,2,3
422,labeled,40,admin.,single,secondary,0,0,0,0,cellular,7,173,1,-1,0,unknown,0,7,summer,-0.4999999999999997,-0.8660254037844388,0.9884683243281114,0.1514277775045767,1,0,173.0,0.14285714285714285,0,0,2,1
423,labeled,40,management,married,tertiary,0,292,1,0,cellular,23,97,5,-1,0,unknown,0,7,summer,-0.4999999999999997,-0.8660254037844388,-0.9987165071710528,-0.05064916883871355,0,1,19.4,0.7142857142857143,0,0,2,2
424,labeled,33,blue-collar,married,secondary,0,324,1,0,cellular,14,178,7,365,5,other,0,5,spring,0.49999999999999994,-0.8660254037844387,0.29936312297335804,-0.9541392564000488,0,0,25.428571428571427,1.4,0,0,1,2
425,labeled,25,technician,single,secondary,0,506,0,1,cellular,17,386,2,-1,0,unknown,1,11,autumn,-0.5000000000000004,0.8660254037844384,-0.2993631229733582,-0.9541392564000488,0,0,193.0,0.18181818181818182,1,0,1,2
426,labeled,49,blue-collar,divorced,unknown,0,36,1,0,cellular,13,27,5,-1,0,unknown,0,5,spring,0.49999999999999994,-0.8660254037844387,0.48530196253108104,-0.8743466161445821,0,0,5.4,1.0,0,0,3,2
427,labeled,35,blue-collar,single,secondary,0,0,1,0,cellular,16,169,1,-1,0,unknown,0,4,spring,0.8660254037844387,-0.4999999999999998,-0.10116832198743204,-0.9948693233918952,0,0,169.0,0.25,0,0,2,1
428,labeled,42,entrepreneur,married,primary,1,62,1,1,cellular,6,139,1,-1,0,unknown,0,2,winter,0.8660254037844386,0.5000000000000001,0.9377521321470804,0.3473052528448203,1,0,139.0,0.5,2,0,2,2
429,labeled,49,admin.,married,secondary,0,13219,0,1,telephone,8,77,2,-1,0,unknown,0,7,summer,-0.4999999999999997,-0.8660254037844388,0.9987165071710528,-0.05064916883871264,1,0,38.5,0.2857142857142857,1,0,3,5
430,labeled,38,blue-collar,married,secondary,0,2010,1,0,cellular,18,354,1,-1,0,unknown,0,11,autumn,-0.5000000000000004,0.8660254037844384,-0.4853019625310808,-0.8743466161445822,0,0,354.0,0.09090909090909091,0,0,2,3
431,labeled,53,services,married,secondary,0,-10,1,1,cellular,16,144,2,-1,0,unknown,0,4,spring,0.8660254037844387,-0.4999999999999998,-0.10116832198743204,-0.9948693233918952,0,0,72.0,0.5,2,0,3,1
432,labeled,41,services,married,secondary,0,102,1,1,unknown,13,83,7,-1,0,unknown,0,5,spring,0.49999999999999994,-0.8660254037844387,0.48530196253108104,-0.8743466161445821,0,0,11.857142857142858,1.4,1,0,2,2
433,labeled,25,technician,married,tertiary,0,907,1,0,cellular,12,185,2,-1,0,unknown,0,5,spring,0.49999999999999994,-0.8660254037844387,0.6513724827222223,-0.758758122692791,0,0,92.5,0.4,0,0,1,2
435,labeled,36,admin.,married,secondary,0,-417,1,1,unknown,13,106,1,-1,0,unknown,0,5,spring,0.49999999999999994,-0.8660254037844387,0.48530196253108104,-0.8743466161445821,0,0,106.0,0.2,2,0,2,1
436,labeled,31,admin.,single,secondary,0,-407,0,1,cellular,7,230,1,-1,0,unknown,0,7,summer,-0.4999999999999997,-0.8660254037844388,0.9884683243281114,0.1514277775045767,1,0,230.0,0.14285714285714285,2,0,1,1
437,labeled,69,retired,single,tertiary,0,2147,0,0,cellular,29,417,1,184,4,success,1,7,summer,-0.4999999999999997,-0.8660254037844388,-0.3943558551133187,0.9189578116202306,0,1,417.0,0.14285714285714285,0,0,5,3
438,labeled,39,management,single,tertiary,0,12437,0,0,telephone,18,40,1,-1,0,unknown,0,11,autumn,-0.5000000000000004,0.8660254037844384,-0.4853019625310808,-0.8743466161445822,0,0,40.0,0.09090909090909091,0,0,2,5
440,labeled,39,technician,married,secondary,0,493,0,0,unknown,26,289,1,-1,0,unknown,0,5,spring,0.49999999999999994,-0.8660254037844387,-0.8486442574947509,0.5289640103269624,0,1,289.0,0.2,0,0,2,2
442,labeled,35,services,married,secondary,0,190,1,0,cellular,17,203,1,-1,0,unknown,0,4,spring,0.8660254037844387,-0.4999999999999998,-0.2993631229733582,-0.9541392564000488,0,0,203.0,0.25,0,0,2,2
444,labeled,54,management,married,primary,0,3850,0,1,cellular,20,104,3,-1,0,unknown,0,11,autumn,-0.5000000000000004,0.8660254037844384,-0.7907757369376986,-0.6121059825476627,0,1,34.666666666666664,0.2727272727272727,1,0,3,3
445,labeled,48,management,married,unknown,0,0,1,0,cellular,8,612,1,344,1,other,0,5,spring,0.49999999999999994,-0.8660254037844387,0.9987165071710528,-0.05064916883871264,1,0,612.0,0.2,0,0,3,1
446,labeled,44,unemployed,married,secondary,0,306,1,0,unknown,12,129,2,-1,0,unknown,0,5,spring,0.49999999999999994,-0.8660254037844387,0.6513724827222223,-0.758758122692791,0,0,64.5,0.4,0,0,2,2
448,labeled,42,self-employed,divorced,tertiary,0,209,1,0,cellular,8,144,3,-1,0,unknown,0,5,spring,0.49999999999999994,-0.8660254037844387,0.9987165071710528,-0.05064916883871264,1,0,48.0,0.6,0,0,2,2
450,labeled,36,blue-collar,married,secondary,0,0,0,0,unknown,20,332,3,-1,0,unknown,0,6,summer,1.2246467991473532e-16,-1.0,-0.7907757369376986,-0.6121059825476627,0,1,110.66666666666667,0.5,0,0,2,1
451,labeled,39,management,married,tertiary,0,282,0,1,cellular,28,60,3,-1,0,unknown,0,7,summer,-0.4999999999999997,-0.8660254037844388,-0.5712682150947924,0.8207634412072763,0,1,20.0,0.42857142857142855,1,0,2,2
452,labeled,38,unemployed,married,tertiary,0,2810,1,0,cellular,30,830,1,-1,0,unknown,1,4,spring,0.8660254037844387,-0.4999999999999998,-0.20129852008866114,0.9795299412524943,0,1,830.0,0.25,0,0,2,3
453,labeled,30,admin.,single,secondary,0,1004,1,0,cellular,29,253,1,-1,0,unknown,0,1,winter,0.49999999999999994,0.8660254037844387,-0.3943558551133187,0.9189578116202306,0,1,253.0,1.0,0,0,1,3
455,labeled,32,management,divorced,tertiary,0,945,0,0,cellular,12,204,2,-1,0,unknown,0,8,summer,-0.8660254037844385,-0.5000000000000004,0.6513724827222223,-0.758758122692791,0,0,102.0,0.25,0,0,1,2
458,labeled,37,services,single,secondary,0,21,1,0,cellular,2,96,1,271,2,other,0,2,winter,0.8660254037844386,0.5000000000000001,0.39435585511331855,0.9189578116202306,1,0,96.0,0.5,0,0,2,2
459,labeled,56,services,divorced,secondary,0,997,0,0,cellular,29,88,6,-1,0,unknown,0,7,summer,-0.4999999999999997,-0.8660254037844388,-0.3943558551133187,0.9189578116202306,0,1,14.666666666666666,0.8571428571428571,0,0,4,2
461,labeled,45,technician,married,secondary,0,-159,1,0,cellular,14,287,2,-1,0,unknown,0,7,summer,-0.4999999999999997,-0.8660254037844388,0.29936312297335804,-0.9541392564000488,0,0,143.5,0.2857142857142857,1,0,3,1
462,labeled,51,housemaid,married,primary,0,494,1,0,unknown,20,142,3,-1,0,unknown,0,5,spring,0.49999999999999994,-0.8660254037844387,-0.7907757369376986,-0.6121059825476627,0,1,47.333333333333336,0.6,0,0,3,2
463,labeled,37,blue-collar,married,secondary,0,191,1,0,unknown,5,66,3,-1,0,unknown,0,6,summer,1.2246467991473532e-16,-1.0,0.8486442574947509,0.5289640103269624,1,0,22.0,0.5,0,0,2,2
464,labeled,47,admin.,single,secondary,0,3686,0,0,cellular,12,250,2,181,4,success,1,7,summer,-0.4999999999999997,-0.8660254037844388,0.6513724827222223,-0.758758122692791,0,0,125.0,0.2857142857142857,0,0,3,3
466,labeled,41,management,married,tertiary,0,660,1,0,unknown,21,253,3,-1,0,unknown,0,5,spring,0.49999999999999994,-0.8660254037844387,-0.8978045395707417,-0.44039415155763423,0,1,84.33333333333333,0.6,0,0,2,2
469,labeled,36,blue-collar,divorced,secondary,0,-10,0,0,unknown,5,152,2,-1,0,unknown,0,6,summer,1.2246467991473532e-16,-1.0,0.8486442574947509,0.5289640103269624,1,0,76.0,0.3333333333333333,1,0,2,1
471,labeled,42,entrepreneur,married,tertiary,0,0,0,0,cellular,9,236,1,-1,0,unknown,0,7,summer,-0.4999999999999997,-0.8660254037844388,0.9680771188662043,-0.2506525322587204,1,0,236.0,0.14285714285714285,0,0,2,1
472,labeled,64,management,married,tertiary,0,675,0,0,telephone,22,135,3,-1,0,unknown,0,4,spring,0.8660254037844387,-0.4999999999999998,-0.9680771188662041,-0.2506525322587213,0,1,45.0,0.75,0,0,4,2
474,labeled,34,services,divorced,secondary,0,34,0,0,unknown,9,118,1,-1,0,unknown,0,6,summer,1.2246467991473532e-16,-1.0,0.9680771188662043,-0.2506525322587204,1,0,118.0,0.16666666666666666,0,0,1,2
476,labeled,33,blue-collar,married,primary,0,3068,0,0,cellular,18,679,1,-1,0,unknown,0,11,autumn,-0.5000000000000004,0.8660254037844384,-0.4853019625310808,-0.8743466161445822,0,0,679.0,0.09090909090909091,0,0,1,3
477,labeled,57,management,married,secondary,0,72,0,1,telephone,4,140,1,-1,0,unknown,0,2,winter,0.8660254037844386,0.5000000000000001,0.72479278722912,0.6889669190756866,1,0,140.0,0.5,1,0,4,2
478,labeled,45,entrepreneur,married,secondary,0,72,1,0,unknown,7,254,1,-1,0,unknown,0,5,spring,0.49999999999999994,-0.8660254037844387,0.9884683243281114,0.1514277775045767,1,0,254.0,0.2,0,0,3,2
479,labeled,38,management,married,tertiary,0,1193,1,0,cellular,2,63,1,-1,0,unknown,0,2,winter,0.8660254037844386,0.5000000000000001,0.39435585511331855,0.9189578116202306,1,0,63.0,0.5,0,0,2,3
481,labeled,35,blue-collar,married,secondary,0,-336,1,0,unknown,8,389,2,-1,0,unknown,0,5,spring,0.49999999999999994,-0.8660254037844387,0.9987165071710528,-0.05064916883871264,1,0,194.5,0.4,1,0,2,1
482,labeled,35,self-employed,married,tertiary,0,8643,0,0,cellular,19,140,2,-1,0,unknown,0,11,autumn,-0.5000000000000004,0.8660254037844384,-0.651372482722222,-0.7587581226927911,0,0,70.0,0.18181818181818182,0,0,2,4
483,labeled,38,technician,single,tertiary,0,0,0,0,cellular,28,247,2,-1,0,unknown,0,8,summer,-0.8660254037844385,-0.5000000000000004,-0.5712682150947924,0.8207634412072763,0,1,123.5,0.25,0,0,2,1
484,labeled,30,admin.,single,secondary,0,110,1,0,cellular,21,75,1,-1,0,unknown,0,11,autumn,-0.5000000000000004,0.8660254037844384,-0.8978045395707417,-0.44039415155763423,0,1,75.0,0.09090909090909091,0,0,1,2
486,labeled,45,technician,married,secondary,0,105,1,0,cellular,6,108,1,-1,0,unknown,0,5,spring,0.49999999999999994,-0.8660254037844387,0.9377521321470804,0.3473052528448203,1,0,108.0,0.2,0,0,3,2
487,labeled,23,blue-collar,single,unknown,0,822,1,0,cellular,18,123,1,-1,0,unknown,0,5,spring,0.49999999999999994,-0.8660254037844387,-0.4853019625310808,-0.8743466161445822,0,0,123.0,0.2,0,0,0,2
488,labeled,44,management,married,tertiary,0,13895,0,0,unknown,11,29,2,-1,0,unknown,0,6,summer,1.2246467991473532e-16,-1.0,0.7907757369376989,-0.6121059825476626,0,0,14.5,0.3333333333333333,0,0,2,5
489,labeled,33,blue-collar,single,primary,0,-5,1,0,cellular,20,257,1,-1,0,unknown,0,4,spring,0.8660254037844387,-0.4999999999999998,-0.7907757369376986,-0.6121059825476627,0,1,257.0,0.25,1,0,1,1
490,labeled,53,management,married,primary,0,992,0,0,cellular,4,200,3,-1,0,unknown,0,2,winter,0.8660254037844386,0.5000000000000001,0.72479278722912,0.6889669190756866,1,0,66.66666666666667,1.5,0,0,3,2
491,labeled,47,blue-collar,married,primary,0,216,1,1,unknown,9,168,1,-1,0,unknown,0,6,summer,1.2246467991473532e-16,-1.0,0.9680771188662043,-0.2506525322587204,1,0,168.0,0.16666666666666666,1,0,3,2
493,labeled,31,admin.,single,secondary,0,5517,1,0,unknown,21,132,1,-1,0,unknown,0,5,spring,0.49999999999999994,-0.8660254037844387,-0.8978045395707417,-0.44039415155763423,0,1,132.0,0.2,0,0,1,4
494,labeled,32,admin.,divorced,secondary,1,6,1,1,cellular,18,82,3,363,2,other,0,5,spring,0.49999999999999994,-0.8660254037844387,-0.4853019625310808,-0.8743466161445822,0,0,27.333333333333332,0.6,2,0,1,2
495,labeled,34,blue-collar,married,secondary,0,357,1,0,telephone,19,46,1,182,2,failure,0,11,autumn,-0.5000000000000004,0.8660254037844384,-0.651372482722222,-0.7587581226927911,0,0,46.0,0.09090909090909091,0,0,1,2
497,labeled,50,management,single,tertiary,0,1208,0,0,cellular,14,904,3,-1,0,unknown,1,8,summer,-0.8660254037844385,-0.5000000000000004,0.29936312297335804,-0.9541392564000488,0,0,301.3333333333333,0.375,0,0,3,3
498,labeled,33,entrepreneur,married,tertiary,0,585,0,0,cellular,7,22,2,-1,0,unknown,0,8,summer,-0.8660254037844385,-0.5000000000000004,0.9884683243281114,0.1514277775045767,1,0,11.0,0.25,0,0,1,2
501,labeled,49,blue-collar,married,secondary,0,-449,1,0,cellular,14,558,1,-1,0,unknown,1,5,spring,0.49999999999999994,-0.8660254037844387,0.29936312297335804,-0.9541392564000488,0,0,558.0,0.2,1,0,3,1
502,labeled,38,management,single,tertiary,0,15029,1,0,cellular,13,167,1,174,7,other,0,5,spring,0.49999999999999994,-0.8660254037844387,0.48530196253108104,-0.8743466161445821,0,0,167.0,0.2,0,0,2,5
503,labeled,59,technician,married,secondary,0,2313,0,0,cellular,30,815,1,87,1,other,1,4,spring,0.8660254037844387,-0.4999999999999998,-0.20129852008866114,0.9795299412524943,0,1,815.0,0.25,0,0,4,3
504,labeled,31,housemaid,single,primary,0,26959,0,0,cellular,21,654,2,-1,0,unknown,1,4,spring,0.8660254037844387,-0.4999999999999998,-0.8978045395707417,-0.44039415155763423,0,1,327.0,0.5,0,0,1,5
505,labeled,32,admin.,single,secondary,0,1651,0,0,cellular,27,204,2,-1,0,unknown,0,5,spring,0.49999999999999994,-0.8660254037844387,-0.72479278722912,0.6889669190756865,0,1,102.0,0.4,0,0,1,3
506,labeled,30,technician,single,tertiary,0,800,1,1,unknown,6,91,18,-1,0,unknown,0,6,summer,1.2246467991473532e-16,-1.0,0.9377521321470804,0.3473052528448203,1,0,5.055555555555555,3.0,1,0,1,2
507,labeled,34,technician,married,secondary,0,54,0,0,cellular,25,132,6,-1,0,unknown,0,8,summer,-0.8660254037844385,-0.5000000000000004,-0.9377521321470804,0.3473052528448203,0,1,22.0,0.75,0,0,1,2
508,labeled,44,technician,married,secondary,0,2770,1,0,cellular,27,701,1,-1,0,unknown,1,1,winter,0.49999999999999994,0.8660254037844387,-0.72479278722912,0.6889669190756865,0,1,701.0,1.0,0,0,2,3
509,labeled,47,blue-collar,married,primary,0,231,0,0,cellular,8,293,3,-1,0,unknown,0,8,summer,-0.8660254037844385,-0.5000000000000004,0.9987165071710528,-0.05064916883871264,1,0,97.66666666666667,0.375,0,0,3,2
510,labeled,38,unknown,single,tertiary,0,0,0,0,cellular,11,260,3,95,3,success,1,9,autumn,-1.0,-1.8369701987210297e-16,0.7907757369376989,-0.6121059825476626,0,0,86.66666666666667,0.3333333333333333,0,0,2,1
511,labeled,33,blue-collar,married,secondary,0,-248,1,1,unknown,27,169,1,-1,0,unknown,0,5,spring,0.49999999999999994,-0.8660254037844387,-0.72479278722912,0.6889669190756865,0,1,169.0,0.2,2,0,1,1
514,labeled,30,unemployed,married,primary,0,1794,0,0,cellular,19,79,1,-1,0,unknown,0,10,autumn,-0.8660254037844386,0.5000000000000001,-0.651372482722222,-0.7587581226927911,0,0,79.0,0.1,0,0,1,3
515,labeled,26,services,single,secondary,0,5531,1,0,cellular,7,582,2,283,4,failure,0,5,spring,0.49999999999999994,-0.8660254037844387,0.9884683243281114,0.1514277775045767,1,0,291.0,0.4,0,0,1,4
516,labeled,39,admin.,single,secondary,0,170,1,0,cellular,30,107,2,-1,0,unknown,0,1,winter,0.49999999999999994,0.8660254037844387,-0.20129852008866114,0.9795299412524943,0,1,53.5,2.0,0,0,2,2
517,labeled,38,blue-collar,married,secondary,0,-386,1,0,unknown,9,412,1,-1,0,unknown,0,5,spring,0.49999999999999994,-0.8660254037844387,0.9680771188662043,-0.2506525322587204,1,0,412.0,0.2,1,0,2,1
518,labeled,45,housemaid,married,primary,0,4985,0,0,unknown,20,48,1,-1,0,unknown,0,6,summer,1.2246467991473532e-16,-1.0,-0.7907757369376986,-0.6121059825476627,0,1,48.0,0.16666666666666666,0,0,3,3
522,labeled,58,management,married,tertiary,0,297,0,0,cellular,16,120,4,-1,0,unknown,0,7,summer,-0.4999999999999997,-0.8660254037844388,-0.10116832198743204,-0.9948693233918952,0,0,30.0,0.5714285714285714,0,0,4,2
524,labeled,31,blue-collar,single,primary,0,2486,1,0,cellular,20,14,1,-1,0,unknown,0,4,spring,0.8660254037844387,-0.4999999999999998,-0.7907757369376986,-0.6121059825476627,0,1,14.0,0.25,0,0,1,3
525,labeled,35,management,married,secondary,0,1152,1,0,unknown,27,116,3,-1,0,unknown,0,5,spring,0.49999999999999994,-0.8660254037844387,-0.72479278722912,0.6889669190756865,0,1,38.666666666666664,0.6,0,0,2,3
528,labeled,28,blue-collar,single,secondary,0,3412,1,0,cellular,15,22,4,-1,0,unknown,0,5,spring,0.49999999999999994,-0.8660254037844387,0.10116832198743272,-0.994869323391895,0,0,5.5,0.8,0,0,1,3
529,labeled,31,housemaid,married,primary,0,24,0,0,cellular,21,169,5,-1,0,unknown,0,8,summer,-0.8660254037844385,-0.5000000000000004,-0.8978045395707417,-0.44039415155763423,0,1,33.8,0.625,0,0,1,2
530,labeled,29,technician,single,tertiary,0,452,1,0,cellular,11,59,1,-1,0,unknown,0,5,spring,0.49999999999999994,-0.8660254037844387,0.7907757369376989,-0.6121059825476626,0,0,59.0,0.2,0,0,1,2
531,labeled,53,management,married,tertiary,0,1349,0,0,cellular,5,129,4,-1,0,unknown,0,8,summer,-0.8660254037844385,-0.5000000000000004,0.8486442574947509,0.5289640103269624,1,0,32.25,0.5,0,0,3,3
532,labeled,59,retired,married,primary,0,38,0,0,cellular,14,78,2,-1,0,unknown,0,8,summer,-0.8660254037844385,-0.5000000000000004,0.29936312297335804,-0.9541392564000488,0,0,39.0,0.25,0,0,4,2
533,labeled,46,technician,divorced,secondary,0,3454,1,0,unknown,14,566,2,-1,0,unknown,0,5,spring,0.49999999999999994,-0.8660254037844387,0.29936312297335804,-0.9541392564000488,0,0,283.0,0.4,0,0,3,3
534,labeled,42,blue-collar,married,secondary,0,-914,1,0,unknown,26,115,2,-1,0,unknown,0,5,spring,0.49999999999999994,-0.8660254037844387,-0.8486442574947509,0.5289640103269624,0,1,57.5,0.4,1,0,2,1
535,labeled,35,blue-collar,single,tertiary,0,0,1,0,cellular,21,262,4,-1,0,unknown,0,7,summer,-0.4999999999999997,-0.8660254037844388,-0.8978045395707417,-0.44039415155763423,0,1,65.5,0.5714285714285714,0,0,2,1
537,labeled,35,blue-collar,married,primary,0,295,1,0,cellular,13,135,2,370,2,failure,0,5,spring,0.49999999999999994,-0.8660254037844387,0.48530196253108104,-0.8743466161445821,0,0,67.5,0.4,0,0,2,2
538,labeled,42,housemaid,married,primary,0,14758,0,0,unknown,19,107,2,-1,0,unknown,0,5,spring,0.49999999999999994,-0.8660254037844387,-0.651372482722222,-0.7587581226927911,0,0,53.5,0.4,0,0,2,5
539,labeled,32,management,single,tertiary,0,1164,1,1,unknown,11,450,2,-1,0,unknown,0,6,summer,1.2246467991473532e-16,-1.0,0.7907757369376989,-0.6121059825476626,0,0,225.0,0.3333333333333333,1,0,1,3
540,labeled,30,blue-collar,married,primary,0,7,1,1,telephone,22,80,2,-1,0,unknown,0,7,summer,-0.4999999999999997,-0.8660254037844388,-0.9680771188662041,-0.2506525322587213,0,1,40.0,0.2857142857142857,1,0,1,2
541,labeled,40,management,single,secondary,0,193,1,0,unknown,16,71,11,-1,0,unknown,0,5,spring,0.49999999999999994,-0.8660254037844387,-0.10116832198743204,-0.9948693233918952,0,0,6.454545454545454,2.2,0,0,2,2
542,labeled,49,services,married,secondary,0,5678,0,1,cellular,4,357,3,-1,0,unknown,0,8,summer,-0.8660254037844385,-0.5000000000000004,0.72479278722912,0.6889669190756866,1,0,119.0,0.375,1,0,3,4
543,labeled,81,retired,married,secondary,0,6,0,0,cellular,19,65,5,-1,0,unknown,0,8,summer,-0.8660254037844385,-0.5000000000000004,-0.651372482722222,-0.7587581226927911,0,0,13.0,0.625,0,0,5,2
544,labeled,39,technician,married,tertiary,0,19,0,0,cellular,28,114,2,-1,0,unknown,0,1,winter,0.49999999999999994,0.8660254037844387,-0.5712682150947924,0.8207634412072763,0,1,57.0,2.0,0,0,2,2
545,labeled,35,entrepreneur,married,tertiary,0,2725,1,1,cellular,8,275,4,-1,0,unknown,0,8,summer,-0.8660254037844385,-0.5000000000000004,0.9987165071710528,-0.05064916883871264,1,0,68.75,0.5,1,0,2,3
546,labeled,54,technician,married,secondary,0,85,1,0,cellular,10,140,3,-1,0,unknown,0,7,summer,-0.4999999999999997,-0.8660254037844388,0.8978045395707416,-0.4403941515576344,1,0,46.666666666666664,0.42857142857142855,0,0,3,2
547,labeled,34,technician,married,secondary,0,-234,1,0,cellular,20,187,3,332,3,other,0,4,spring,0.8660254037844387,-0.4999999999999998,-0.7907757369376986,-0.6121059825476627,0,1,62.333333333333336,0.75,1,0,1,1
549,labeled,77,retired,married,tertiary,0,7795,0,0,telephone,4,421,1,92,2,success,1,5,spring,0.49999999999999994,-0.8660254037844387,0.72479278722912,0.6889669190756866,1,0,421.0,0.2,0,0,5,4
552,labeled,55,admin.,married,primary,0,345,1,0,cellular,14,276,3,-1,0,unknown,0,7,summer,-0.4999999999999997,-0.8660254037844388,0.29936312297335804,-0.9541392564000488,0,0,92.0,0.42857142857142855,0,0,4,2
553,labeled,34,self-employed,married,primary,0,708,1,0,unknown,2,326,3,-1,0,unknown,0,6,summer,1.2246467991473532e-16,-1.0,0.39435585511331855,0.9189578116202306,1,0,108.66666666666667,0.5,0,0,1,2
554,labeled,35,blue-collar,married,primary,0,627,1,0,unknown,7,163,1,-1,0,unknown,0,5,spring,0.49999999999999994,-0.8660254037844387,0.9884683243281114,0.1514277775045767,1,0,163.0,0.2,0,0,2,2
555,labeled,47,blue-collar,married,primary,0,880,1,0,cellular,14,143,1,370,2,failure,0,5,spring,0.49999999999999994,-0.8660254037844387,0.29936312297335804,-0.9541392564000488,0,0,143.0,0.2,0,0,3,2
557,labeled,56,admin.,divorced,secondary,0,3329,1,0,telephone,17,99,3,-1,0,unknown,0,11,autumn,-0.5000000000000004,0.8660254037844384,-0.2993631229733582,-0.9541392564000488,0,0,33.0,0.2727272727272727,0,0,4,3
558,labeled,42,admin.,divorced,secondary,0,933,0,0,cellular,30,931,1,-1,0,unknown,1,1,winter,0.49999999999999994,0.8660254037844387,-0.20129852008866114,0.9795299412524943,0,1,931.0,1.0,0,0,2,2
559,labeled,35,entrepreneur,married,secondary,0,2963,0,0,cellular,4,429,4,164,2,failure,1,5,spring,0.49999999999999994,-0.8660254037844387,0.72479278722912,0.6889669190756866,1,0,107.25,0.8,0,0,2,3
560,labeled,27,entrepreneur,single,tertiary,0,78,0,0,cellular,5,197,1,199,3,failure,0,2,winter,0.8660254037844386,0.5000000000000001,0.8486442574947509,0.5289640103269624,1,0,197.0,0.5,0,0,1,2
561,labeled,51,self-employed,married,secondary,0,90,1,0,cellular,23,1309,4,-1,0,unknown,1,7,summer,-0.4999999999999997,-0.8660254037844388,-0.9987165071710528,-0.05064916883871355,0,1,327.25,0.5714285714285714,0,0,3,2
562,labeled,46,blue-collar,married,primary,0,318,1,0,unknown,21,526,8,-1,0,unknown,0,5,spring,0.49999999999999994,-0.8660254037844387,-0.8978045395707417,-0.44039415155763423,0,1,65.75,1.6,0,0,3,2
563,labeled,46,blue-collar,divorced,primary,0,1706,0,0,unknown,19,110,1,-1,0,unknown,0,6,summer,1.2246467991473532e-16,-1.0,-0.651372482722222,-0.7587581226927911,0,0,110.0,0.16666666666666666,0,0,3,3
564,labeled,34,blue-collar,single,secondary,0,13692,1,0,unknown,3,115,3,-1,0,unknown,0,6,summer,1.2246467991473532e-16,-1.0,0.5712682150947923,0.8207634412072763,1,0,38.333333333333336,0.5,0,0,1,5
565,labeled,34,management,married,tertiary,0,694,0,0,cellular,5,166,1,-1,0,unknown,0,8,summer,-0.8660254037844385,-0.5000000000000004,0.8486442574947509,0.5289640103269624,1,0,166.0,0.125,0,0,1,2
566,labeled,36,blue-collar,married,secondary,0,2360,1,0,unknown,17,228,2,-1,0,unknown,0,6,summer,1.2246467991473532e-16,-1.0,-0.2993631229733582,-0.9541392564000488,0,0,114.0,0.3333333333333333,0,0,2,3
568,labeled,32,technician,married,secondary,0,682,0,0,cellular,20,161,4,-1,0,unknown,0,8,summer,-0.8660254037844385,-0.5000000000000004,-0.7907757369376986,-0.6121059825476627,0,1,40.25,0.5,0,0,1,2
569,labeled,42,blue-collar,married,primary,0,2526,1,0,unknown,15,262,4,-1,0,unknown,0,5,spring,0.49999999999999994,-0.8660254037844387,0.10116832198743272,-0.994869323391895,0,0,65.5,0.8,0,0,2,3
570,labeled,27,blue-collar,single,primary,0,-84,1,0,unknown,30,385,5,-1,0,unknown,0,5,spring,0.49999999999999994,-0.8660254037844387,-0.20129852008866114,0.9795299412524943,0,1,77.0,1.0,1,0,1,1
571,labeled,39,blue-collar,married,primary,0,1566,0,0,unknown,17,57,1,-1,0,unknown,0,6,summer,1.2246467991473532e-16,-1.0,-0.2993631229733582,-0.9541392564000488,0,0,57.0,0.16666666666666666,0,0,2,3
574,labeled,26,student,single,tertiary,0,289,0,0,cellular,5,87,1,91,2,success,1,3,spring,1.0,6.123233995736766e-17,0.8486442574947509,0.5289640103269624,1,0,87.0,0.3333333333333333,0,0,1,2
577,labeled,39,services,married,secondary,0,-543,0,0,unknown,6,29,1,-1,0,unknown,0,6,summer,1.2246467991473532e-16,-1.0,0.9377521321470804,0.3473052528448203,1,0,29.0,0.16666666666666666,1,0,2,1
579,labeled,34,admin.,married,secondary,0,234,1,0,cellular,31,56,4,-1,0,unknown,0,7,summer,-0.4999999999999997,-0.8660254037844388,-2.4492935982947064e-16,1.0,0,1,14.0,0.5714285714285714,0,0,1,2
580,labeled,26,technician,single,secondary,0,8,1,0,cellular,22,188,2,-1,0,unknown,0,7,summer,-0.4999999999999997,-0.8660254037844388,-0.9680771188662041,-0.2506525322587213,0,1,94.0,0.2857142857142857,0,0,1,2
581,labeled,57,retired,married,primary,0,2918,0,1,telephone,30,78,5,-1,0,unknown,0,7,summer,-0.4999999999999997,-0.8660254037844388,-0.20129852008866114,0.9795299412524943,0,1,15.6,0.7142857142857143,1,0,4,3
582,labeled,32,blue-collar,single,secondary,0,122,1,0,cellular,17,1275,1,-1,0,unknown,1,7,summer,-0.4999999999999997,-0.8660254037844388,-0.2993631229733582,-0.9541392564000488,0,0,1275.0,0.14285714285714285,0,0,1,2
583,labeled,30,technician,single,secondary,0,184,0,0,cellular,25,167,4,-1,0,unknown,0,8,summer,-0.8660254037844385,-0.5000000000000004,-0.9377521321470804,0.3473052528448203,0,1,41.75,0.5,0,0,1,2
584,labeled,58,housemaid,married,primary,0,441,1,0,telephone,28,122,6,-1,0,unknown,0,7,summer,-0.4999999999999997,-0.8660254037844388,-0.5712682150947924,0.8207634412072763,0,1,20.333333333333332,0.8571428571428571,0,0,4,2
585,labeled,43,self-employed,single,tertiary,0,0,0,0,unknown,19,147,1,-1,0,unknown,0,6,summer,1.2246467991473532e-16,-1.0,-0.651372482722222,-0.7587581226927911,0,0,147.0,0.16666666666666666,0,0,2,1
586,labeled,29,management,single,tertiary,0,564,0,0,cellular,16,314,1,195,1,success,1,12,winter,-2.4492935982947064e-16,1.0,-0.10116832198743204,-0.9948693233918952,0,0,314.0,0.08333333333333333,0,0,1,2
587,labeled,41,admin.,married,secondary,0,0,0,0,unknown,20,89,1,-1,0,unknown,0,6,summer,1.2246467991473532e-16,-1.0,-0.7907757369376986,-0.6121059825476627,0,1,89.0,0.16666666666666666,0,0,2,1
588,labeled,67,retired,married,tertiary,0,694,0,0,cellular,6,254,2,-1,0,unknown,1,8,summer,-0.8660254037844385,-0.5000000000000004,0.9377521321470804,0.3473052528448203,1,0,127.0,0.25,0,0,5,2
589,labeled,32,technician,single,tertiary,0,922,0,0,cellular,27,85,7,-1,0,unknown,0,8,summer,-0.8660254037844385,-0.5000000000000004,-0.72479278722912,0.6889669190756865,0,1,12.142857142857142,0.875,0,0,1,2
590,labeled,53,technician,married,tertiary,0,3168,0,0,cellular,8,92,2,-1,0,unknown,0,8,summer,-0.8660254037844385,-0.5000000000000004,0.9987165071710528,-0.05064916883871264,1,0,46.0,0.25,0,0,3,3
591,labeled,53,entrepreneur,married,tertiary,0,64,0,1,cellular,29,86,1,-1,0,unknown,0,1,winter,0.49999999999999994,0.8660254037844387,-0.3943558551133187,0.9189578116202306,0,1,86.0,1.0,1,0,3,2
594,labeled,41,blue-collar,married,primary,0,-1,1,0,cellular,15,155,2,-1,0,unknown,0,7,summer,-0.4999999999999997,-0.8660254037844388,0.10116832198743272,-0.994869323391895,0,0,77.5,0.2857142857142857,1,0,2,1
595,labeled,41,blue-collar,single,secondary,1,-377,0,1,cellular,20,477,1,-1,0,unknown,1,11,autumn,-0.5000000000000004,0.8660254037844384,-0.7907757369376986,-0.6121059825476627,0,1,477.0,0.09090909090909091,3,0,2,1
596,labeled,45,services,married,secondary,0,1339,0,1,cellular,8,220,1,-1,0,unknown,0,7,summer,-0.4999999999999997,-0.8660254037844388,0.9987165071710528,-0.05064916883871264,1,0,220.0,0.14285714285714285,1,0,3,3
597,labeled,41,entrepreneur,married,tertiary,0,212,1,0,unknown,14,57,2,-1,0,unknown,0,5,spring,0.49999999999999994,-0.8660254037844387,0.29936312297335804,-0.9541392564000488,0,0,28.5,0.4,0,0,2,2
599,labeled,57,retired,married,primary,0,-469,1,0,cellular,4,75,1,190,6,failure,0,2,winter,0.8660254037844386,0.5000000000000001,0.72479278722912,0.6889669190756866,1,0,75.0,0.5,1,0,4,1
600,labeled,51,technician,married,secondary,0,12,0,1,cellular,25,363,6,-1,0,unknown,0,7,summer,-0.4999999999999997,-0.8660254037844388,-0.9377521321470804,0.3473052528448203,0,1,60.5,0.8571428571428571,1,0,3,2
601,labeled,57,retired,married,secondary,0,531,0,1,cellular,2,49,6,-1,0,unknown,0,2,winter,0.8660254037844386,0.5000000000000001,0.39435585511331855,0.9189578116202306,1,0,8.166666666666666,3.0,1,0,4,2
603,labeled,43,management,single,secondary,0,102,1,0,unknown,27,64,3,-1,0,unknown,0,5,spring,0.49999999999999994,-0.8660254037844387,-0.72479278722912,0.6889669190756865,0,1,21.333333333333332,0.6,0,0,2,2
606,labeled,31,services,single,secondary,0,79,0,0,cellular,16,151,1,-1,0,unknown,0,7,summer,-0.4999999999999997,-0.8660254037844388,-0.10116832198743204,-0.9948693233918952,0,0,151.0,0.14285714285714285,0,0,1,2
607,labeled,41,services,married,secondary,0,4000,1,0,telephone,20,281,2,-1,0,unknown,0,11,autumn,-0.5000000000000004,0.8660254037844384,-0.7907757369376986,-0.6121059825476627,0,1,140.5,0.18181818181818182,0,0,2,3
608,labeled,38,technician,married,tertiary,0,3240,0,0,cellular,18,578,2,-1,0,unknown,1,11,autumn,-0.5000000000000004,0.8660254037844384,-0.4853019625310808,-0.8743466161445822,0,0,289.0,0.18181818181818182,0,0,2,3
609,labeled,34,self-employed,single,tertiary,0,460,0,0,cellular,21,1877,3,-1,0,unknown,1,8,summer,-0.8660254037844385,-0.5000000000000004,-0.8978045395707417,-0.44039415155763423,0,1,625.6666666666666,0.375,0,0,1,2
610,labeled,50,unemployed,divorced,secondary,0,723,1,0,cellular,30,113,1,-1,0,unknown,0,1,winter,0.49999999999999994,0.8660254037844387,-0.20129852008866114,0.9795299412524943,0,1,113.0,1.0,0,0,3,2
611,labeled,26,blue-collar,married,secondary,0,474,1,0,unknown,19,48,2,-1,0,unknown,0,5,spring,0.49999999999999994,-0.8660254037844387,-0.651372482722222,-0.7587581226927911,0,0,24.0,0.4,0,0,1,2
612,labeled,47,technician,married,secondary,0,2243,1,0,cellular,10,330,1,-1,0,unknown,0,7,summer,-0.4999999999999997,-0.8660254037844388,0.8978045395707416,-0.4403941515576344,1,0,330.0,0.14285714285714285,0,0,3,3
613,labeled,50,management,married,tertiary,0,-99,0,1,unknown,25,75,1,-1,0,unknown,0,6,summer,1.2246467991473532e-16,-1.0,-0.9377521321470804,0.3473052528448203,0,1,75.0,0.16666666666666666,2,0,3,1
614,labeled,68,retired,divorced,secondary,0,4194,0,0,telephone,14,897,2,-1,0,unknown,1,7,summer,-0.4999999999999997,-0.8660254037844388,0.29936312297335804,-0.9541392564000488,0,0,448.5,0.2857142857142857,0,0,5,3
615,labeled,29,services,divorced,secondary,0,338,1,0,unknown,12,88,2,-1,0,unknown,0,5,spring,0.49999999999999994,-0.8660254037844387,0.6513724827222223,-0.758758122692791,0,0,44.0,0.4,0,0,1,2
616,labeled,36,services,married,primary,0,185,0,0,unknown,9,411,1,-1,0,unknown,0,6,summer,1.2246467991473532e-16,-1.0,0.9680771188662043,-0.2506525322587204,1,0,411.0,0.16666666666666666,0,0,2,2
618,labeled,34,management,married,tertiary,0,1910,1,0,cellular,14,68,3,-1,0,unknown,0,7,summer,-0.4999999999999997,-0.8660254037844388,0.29936312297335804,-0.9541392564000488,0,0,22.666666666666668,0.42857142857142855,0,0,1,3
619,labeled,46,management,divorced,tertiary,0,-158,1,1,unknown,27,107,2,-1,0,unknown,0,5,spring,0.49999999999999994,-0.8660254037844387,-0.72479278722912,0.6889669190756865,0,1,53.5,0.4,2,0,3,1
620,labeled,24,blue-collar,married,secondary,0,-224,1,0,cellular,2,90,1,-1,0,unknown,0,4,spring,0.8660254037844387,-0.4999999999999998,0.39435585511331855,0.9189578116202306,1,0,90.0,0.25,1,0,0,1
621,labeled,56,blue-collar,married,primary,0,832,1,0,cellular,14,214,1,349,1,failure,0,5,spring,0.49999999999999994,-0.8660254037844387,0.29936312297335804,-0.9541392564000488,0,0,214.0,0.2,0,0,4,2
622,labeled,41,technician,single,secondary,0,883,0,1,cellular,7,60,4,-1,0,unknown,0,7,summer,-0.4999999999999997,-0.8660254037844388,0.9884683243281114,0.1514277775045767,1,0,15.0,0.5714285714285714,1,0,2,2
623,labeled,25,technician,single,tertiary,0,770,1,0,unknown,14,351,1,-1,0,unknown,0,5,spring,0.49999999999999994,-0.8660254037844387,0.29936312297335804,-0.9541392564000488,0,0,351.0,0.2,0,0,1,2
624,labeled,51,entrepreneur,married,tertiary,0,5397,0,0,unknown,6,42,1,-1,0,unknown,0,6,summer,1.2246467991473532e-16,-1.0,0.9377521321470804,0.3473052528448203,1,0,42.0,0.16666666666666666,0,0,3,4
625,labeled,32,technician,single,tertiary,0,1094,1,1,cellular,11,67,1,-1,0,unknown,0,8,summer,-0.8660254037844385,-0.5000000000000004,0.7907757369376989,-0.6121059825476626,0,0,67.0,0.125,1,0,1,3
626,labeled,41,entrepreneur,married,secondary,0,2110,1,0,cellular,18,134,1,-1,0,unknown,0,11,autumn,-0.5000000000000004,0.8660254037844384,-0.4853019625310808,-0.8743466161445822,0,0,134.0,0.09090909090909091,0,0,2,3
627,labeled,37,management,married,tertiary,0,3289,0,0,cellular,8,124,2,-1,0,unknown,0,8,summer,-0.8660254037844385,-0.5000000000000004,0.9987165071710528,-0.05064916883871264,1,0,62.0,0.25,0,0,2,3
628,labeled,33,management,married,secondary,0,3942,1,0,cellular,6,765,1,342,2,failure,1,5,spring,0.49999999999999994,-0.8660254037844387,0.9377521321470804,0.3473052528448203,1,0,765.0,0.2,0,0,1,3
629,labeled,39,management,married,tertiary,0,0,1,0,unknown,2,46,2,-1,0,unknown,0,6,summer,1.2246467991473532e-16,-1.0,0.39435585511331855,0.9189578116202306,1,0,23.0,0.3333333333333333,0,0,2,1
630,labeled,32,entrepreneur,divorced,secondary,0,1121,1,1,cellular,16,211,3,-1,0,unknown,0,4,spring,0.8660254037844387,-0.4999999999999998,-0.10116832198743204,-0.9948693233918952,0,0,70.33333333333333,0.75,1,0,1,3
631,labeled,50,blue-collar,married,primary,0,3932,1,0,cellular,20,122,2,-1,0,unknown,0,4,spring,0.8660254037844387,-0.4999999999999998,-0.7907757369376986,-0.6121059825476627,0,1,61.0,0.5,0,0,3,3
632,labeled,36,housemaid,married,secondary,0,2871,0,0,unknown,12,283,1,-1,0,unknown,0,6,summer,1.2246467991473532e-16,-1.0,0.6513724827222223,-0.758758122692791,0,0,283.0,0.16666666666666666,0,0,2,3
633,labeled,39,self-employed,single,unknown,0,0,0,0,unknown,20,13,11,-1,0,unknown,0,6,summer,1.2246467991473532e-16,-1.0,-0.7907757369376986,-0.6121059825476627,0,1,1.1818181818181819,1.8333333333333333,0,0,2,1
634,labeled,42,technician,single,secondary,0,272,0,0,cellular,26,31,8,-1,0,unknown,0,8,summer,-0.8660254037844385,-0.5000000000000004,-0.8486442574947509,0.5289640103269624,0,1,3.875,1.0,0,0,2,2
637,labeled,42,services,divorced,secondary,0,263,1,0,cellular,12,955,2,-1,0,unknown,1,5,spring,0.49999999999999994,-0.8660254037844387,0.6513724827222223,-0.758758122692791,0,0,477.5,0.4,0,0,2,2
638,labeled,49,entrepreneur,married,secondary,0,170,1,1,unknown,6,198,3,-1,0,unknown,0,5,spring,0.49999999999999994,-0.8660254037844387,0.9377521321470804,0.3473052528448203,1,0,66.0,0.6,1,0,3,2
639,labeled,38,technician,married,secondary,0,1951,1,0,cellular,21,161,2,-1,0,unknown,0,8,summer,-0.8660254037844385,-0.5000000000000004,-0.8978045395707417,-0.44039415155763423,0,1,80.5,0.25,0,0,2,3
640,labeled,35,blue-collar,married,secondary,0,145,0,1,unknown,4,5,1,808,12,failure,0,10,autumn,-0.8660254037844386,0.5000000000000001,0.72479278722912,0.6889669190756866,1,0,5.0,0.1,1,0,2,2
641,labeled,47,blue-collar,married,primary,0,563,1,0,cellular,4,147,2,264,4,other,0,2,winter,0.8660254037844386,0.5000000000000001,0.72479278722912,0.6889669190756866,1,0,73.5,1.0,0,0,3,2
642,labeled,42,services,married,secondary,0,-255,1,0,unknown,7,149,1,-1,0,unknown,0,5,spring,0.49999999999999994,-0.8660254037844387,0.9884683243281114,0.1514277775045767,1,0,149.0,0.2,1,0,2,1
643,labeled,40,management,single,tertiary,0,27,1,0,unknown,27,240,3,-1,0,unknown,0,5,spring,0.49999999999999994,-0.8660254037844387,-0.72479278722912,0.6889669190756865,0,1,80.0,0.6,0,0,2,2
644,labeled,24,blue-collar,married,secondary,0,12,1,0,unknown,27,292,7,-1,0,unknown,0,5,spring,0.49999999999999994,-0.8660254037844387,-0.72479278722912,0.6889669190756865,0,1,41.714285714285715,1.4,0,0,0,2
645,labeled,32,management,married,tertiary,0,63,1,0,cellular,21,221,8,-1,0,unknown,0,7,summer,-0.4999999999999997,-0.8660254037844388,-0.8978045395707417,-0.44039415155763423,0,1,27.625,1.1428571428571428,0,0,1,2
646,labeled,55,retired,married,primary,0,3328,0,0,cellular,14,632,4,-1,0,unknown,1,8,summer,-0.8660254037844385,-0.5000000000000004,0.29936312297335804,-0.9541392564000488,0,0,158.0,0.5,0,0,4,3
647,labeled,49,unemployed,married,tertiary,0,-470,1,0,cellular,20,77,3,185,7,failure,0,11,autumn,-0.5000000000000004,0.8660254037844384,-0.7907757369376986,-0.6121059825476627,0,1,25.666666666666668,0.2727272727272727,1,0,3,1
648,labeled,38,technician,single,tertiary,0,2267,1,0,cellular,17,222,1,-1,0,unknown,0,4,spring,0.8660254037844387,-0.4999999999999998,-0.2993631229733582,-0.9541392564000488,0,0,222.0,0.25,0,0,2,3
649,labeled,32,blue-collar,married,secondary,0,303,0,0,cellular,6,166,2,-1,0,unknown,0,2,winter,0.8660254037844386,0.5000000000000001,0.9377521321470804,0.3473052528448203,1,0,83.0,1.0,0,0,1,2
650,labeled,36,management,single,tertiary,0,0,0,0,cellular,11,108,2,-1,0,unknown,0,8,summer,-0.8660254037844385,-0.5000000000000004,0.7907757369376989,-0.6121059825476626,0,0,54.0,0.25,0,0,2,1
651,labeled,31,technician,married,secondary,0,259,0,1,cellular,29,156,2,-1,0,unknown,0,8,summer,-0.8660254037844385,-0.5000000000000004,-0.3943558551133187,0.9189578116202306,0,1,78.0,0.25,1,0,1,2
653,labeled,27,admin.,divorced,secondary,0,81,1,0,unknown,4,236,1,-1,0,unknown,0,6,summer,1.2246467991473532e-16,-1.0,0.72479278722912,0.6889669190756866,1,0,236.0,0.16666666666666666,0,0,1,2
654,labeled,41,admin.,married,secondary,0,918,1,1,unknown,27,239,1,-1,0,unknown,0,5,spring,0.49999999999999994,-0.8660254037844387,-0.72479278722912,0.6889669190756865,0,1,239.0,0.2,1,0,2,2
656,labeled,32,technician,married,secondary,0,776,1,0,unknown,26,116,4,-1,0,unknown,0,5,spring,0.49999999999999994,-0.8660254037844387,-0.8486442574947509,0.5289640103269624,0,1,29.0,0.8,0,0,1,2
657,labeled,31,unemployed,married,secondary,0,3236,0,0,unknown,25,292,2,-1,0,unknown,0,6,summer,1.2246467991473532e-16,-1.0,-0.9377521321470804,0.3473052528448203,0,1,146.0,0.3333333333333333,0,0,1,3
659,labeled,29,services,married,secondary,0,300,1,0,unknown,28,75,1,-1,0,unknown,0,5,spring,0.49999999999999994,-0.8660254037844387,-0.5712682150947924,0.8207634412072763,0,1,75.0,0.2,0,0,1,2
660,labeled,25,admin.,married,secondary,0,250,1,0,cellular,30,62,12,-1,0,unknown,0,7,summer,-0.4999999999999997,-0.8660254037844388,-0.20129852008866114,0.9795299412524943,0,1,5.166666666666667,1.7142857142857142,0,0,1,2
662,labeled,47,admin.,single,secondary,0,1534,1,0,cellular,6,104,1,312,1,failure,0,4,spring,0.8660254037844387,-0.4999999999999998,0.9377521321470804,0.3473052528448203,1,0,104.0,0.25,0,0,3,3
663,labeled,29,blue-collar,married,secondary,0,132,1,0,unknown,13,50,1,-1,0,unknown,0,5,spring,0.49999999999999994,-0.8660254037844387,0.48530196253108104,-0.8743466161445821,0,0,50.0,0.2,0,0,1,2
664,labeled,48,blue-collar,single,secondary,0,306,1,1,cellular,3,369,2,-1,0,unknown,0,2,winter,0.8660254037844386,0.5000000000000001,0.5712682150947923,0.8207634412072763,1,0,184.5,1.0,1,0,3,2
665,labeled,34,technician,single,secondary,0,111,1,0,cellular,7,146,2,171,3,failure,0,5,spring,0.49999999999999994,-0.8660254037844387,0.9884683243281114,0.1514277775045767,1,0,73.0,0.4,0,0,1,2
668,labeled,25,management,single,tertiary,0,544,1,0,cellular,17,113,4,479,1,failure,0,9,autumn,-1.0,-1.8369701987210297e-16,-0.2993631229733582,-0.9541392564000488,0,0,28.25,0.4444444444444444,0,0,1,2
670,labeled,30,management,single,tertiary,0,48,0,1,cellular,31,11,17,-1,0,unknown,0,7,summer,-0.4999999999999997,-0.8660254037844388,-2.4492935982947064e-16,1.0,0,1,0.6470588235294118,2.4285714285714284,1,0,1,2
671,labeled,48,blue-collar,married,secondary,0,155,1,0,unknown,9,71,1,-1,0,unknown,0,5,spring,0.49999999999999994,-0.8660254037844387,0.9680771188662043,-0.2506525322587204,1,0,71.0,0.2,0,0,3,2
672,labeled,54,management,divorced,tertiary,0,1293,1,0,cellular,21,179,10,-1,0,unknown,0,7,summer,-0.4999999999999997,-0.8660254037844388,-0.8978045395707417,-0.44039415155763423,0,1,17.9,1.4285714285714286,0,0,3,3
675,labeled,30,unemployed,married,tertiary,0,0,1,0,cellular,18,756,1,-1,0,unknown,0,11,autumn,-0.5000000000000004,0.8660254037844384,-0.4853019625310808,-0.8743466161445822,0,0,756.0,0.09090909090909091,0,0,1,1
678,labeled,36,management,married,tertiary,0,425,0,0,unknown,28,121,1,-1,0,unknown,0,5,spring,0.49999999999999994,-0.8660254037844387,-0.5712682150947924,0.8207634412072763,0,1,121.0,0.2,0,0,2,2
679,labeled,28,blue-collar,married,primary,0,696,1,0,unknown,26,318,2,-1,0,unknown,0,6,summer,1.2246467991473532e-16,-1.0,-0.8486442574947509,0.5289640103269624,0,1,159.0,0.3333333333333333,0,0,1,2
680,labeled,34,technician,single,secondary,0,933,0,0,cellular,29,96,4,-1,0,unknown,0,8,summer,-0.8660254037844385,-0.5000000000000004,-0.3943558551133187,0.9189578116202306,0,1,24.0,0.5,0,0,1,2
681,labeled,37,admin.,married,tertiary,0,0,1,0,cellular,17,65,2,119,1,failure,0,11,autumn,-0.5000000000000004,0.8660254037844384,-0.2993631229733582,-0.9541392564000488,0,0,32.5,0.18181818181818182,0,0,2,1
682,labeled,49,housemaid,divorced,primary,0,197,1,0,unknown,13,205,3,-1,0,unknown,0,5,spring,0.49999999999999994,-0.8660254037844387,0.48530196253108104,-0.8743466161445821,0,0,68.33333333333333,0.6,0,0,3,2
683,labeled,34,technician,single,tertiary,0,148,1,1,cellular,14,104,1,85,19,failure,0,10,autumn,-0.8660254037844386,0.5000000000000001,0.29936312297335804,-0.9541392564000488,0,0,104.0,0.1,1,0,1,2
684,labeled,34,blue-collar,single,secondary,0,3720,1,0,unknown,27,47,5,-1,0,unknown,0,5,spring,0.49999999999999994,-0.8660254037844387,-0.72479278722912,0.6889669190756865,0,1,9.4,1.0,0,0,1,3
687,labeled,32,services,single,secondary,0,2875,0,0,cellular,2,356,1,-1,0,unknown,1,7,summer,-0.4999999999999997,-0.8660254037844388,0.39435585511331855,0.9189578116202306,1,0,356.0,0.14285714285714285,0,0,1,3
688,labeled,40,technician,single,tertiary,0,219,0,0,cellular,15,176,2,-1,0,unknown,0,1,winter,0.49999999999999994,0.8660254037844387,0.10116832198743272,-0.994869323391895,0,0,88.0,2.0,0,0,2,2
690,labeled,55,technician,married,unknown,0,576,1,0,cellular,29,243,2,-1,0,unknown,0,1,winter,0.49999999999999994,0.8660254037844387,-0.3943558551133187,0.9189578116202306,0,1,121.5,2.0,0,0,4,2
691,labeled,56,management,divorced,tertiary,0,1017,1,0,unknown,9,184,5,-1,0,unknown,0,6,summer,1.2246467991473532e-16,-1.0,0.9680771188662043,-0.2506525322587204,1,0,36.8,0.8333333333333334,0,0,4,3
692,labeled,34,management,married,secondary,0,283,1,0,unknown,21,162,3,-1,0,unknown,0,5,spring,0.49999999999999994,-0.8660254037844387,-0.8978045395707417,-0.44039415155763423,0,1,54.0,0.6,0,0,1,2
695,labeled,28,blue-collar,married,secondary,0,4281,0,0,cellular,30,171,1,-1,0,unknown,0,4,spring,0.8660254037844387,-0.4999999999999998,-0.20129852008866114,0.9795299412524943,0,1,171.0,0.25,0,0,1,3
696,labeled,32,unemployed,single,secondary,0,0,0,0,cellular,27,123,2,-1,0,unknown,0,5,spring,0.49999999999999994,-0.8660254037844387,-0.72479278722912,0.6889669190756865,0,1,61.5,0.4,0,0,1,1
697,labeled,46,services,married,secondary,0,1542,1,0,cellular,16,126,2,149,8,failure,0,4,spring,0.8660254037844387,-0.4999999999999998,-0.10116832198743204,-0.9948693233918952,0,0,63.0,0.5,0,0,3,3
698,labeled,51,management,single,tertiary,0,2141,0,0,cellular,17,176,2,-1,0,unknown,0,11,autumn,-0.5000000000000004,0.8660254037844384,-0.2993631229733582,-0.9541392564000488,0,0,88.0,0.18181818181818182,0,0,3,3
701,labeled,49,blue-collar,married,primary,0,475,1,1,telephone,9,152,3,221,1,failure,0,2,winter,0.8660254037844386,0.5000000000000001,0.9680771188662043,-0.2506525322587204,1,0,50.666666666666664,1.5,1,0,3,2
702,labeled,52,technician,married,tertiary,0,223,0,0,cellular,29,161,3,-1,0,unknown,0,8,summer,-0.8660254037844385,-0.5000000000000004,-0.3943558551133187,0.9189578116202306,0,1,53.666666666666664,0.375,0,0,3,2
703,labeled,47,admin.,married,secondary,0,1059,1,0,unknown,6,83,3,-1,0,unknown,0,6,summer,1.2246467991473532e-16,-1.0,0.9377521321470804,0.3473052528448203,1,0,27.666666666666668,0.5,0,0,3,3
705,labeled,55,services,divorced,primary,0,2916,1,0,unknown,15,104,2,-1,0,unknown,0,5,spring,0.49999999999999994,-0.8660254037844387,0.10116832198743272,-0.994869323391895,0,0,52.0,0.4,0,0,4,3
706,labeled,57,management,married,tertiary,0,0,0,0,cellular,19,188,4,-1,0,unknown,0,8,summer,-0.8660254037844385,-0.5000000000000004,-0.651372482722222,-0.7587581226927911,0,0,47.0,0.5,0,0,4,1
708,labeled,27,entrepreneur,single,secondary,0,367,1,1,cellular,5,273,1,-1,0,unknown,0,5,spring,0.49999999999999994,-0.8660254037844387,0.8486442574947509,0.5289640103269624,1,0,273.0,0.2,1,0,1,2
709,labeled,44,self-employed,married,tertiary,0,133,0,0,cellular,28,86,4,-1,0,unknown,0,8,summer,-0.8660254037844385,-0.5000000000000004,-0.5712682150947924,0.8207634412072763,0,1,21.5,0.5,0,0,2,2
710,labeled,32,blue-collar,married,secondary,0,451,0,0,cellular,12,121,1,-1,0,unknown,0,5,spring,0.49999999999999994,-0.8660254037844387,0.6513724827222223,-0.758758122692791,0,0,121.0,0.2,0,0,1,2
711,labeled,52,retired,married,secondary,0,611,0,1,unknown,9,79,1,-1,0,unknown,0,6,summer,1.2246467991473532e-16,-1.0,0.9680771188662043,-0.2506525322587204,1,0,79.0,0.16666666666666666,1,0,3,2
712,labeled,49,unemployed,divorced,tertiary,0,779,0,0,cellular,8,148,1,871,2,failure,0,11,autumn,-0.5000000000000004,0.8660254037844384,0.9987165071710528,-0.05064916883871264,1,0,148.0,0.09090909090909091,0,0,3,2
713,labeled,56,retired,married,secondary,0,1332,0,0,cellular,28,17,14,-1,0,unknown,0,8,summer,-0.8660254037844385,-0.5000000000000004,-0.5712682150947924,0.8207634412072763,0,1,1.2142857142857142,1.75,0,0,4,3
714,labeled,41,blue-collar,married,primary,0,7735,1,0,cellular,20,220,1,190,1,failure,0,11,autumn,-0.5000000000000004,0.8660254037844384,-0.7907757369376986,-0.6121059825476627,0,1,220.0,0.09090909090909091,0,0,2,4
715,labeled,42,technician,single,secondary,0,0,1,0,unknown,7,275,4,-1,0,unknown,0,5,spring,0.49999999999999994,-0.8660254037844387,0.9884683243281114,0.1514277775045767,1,0,68.75,0.8,0,0,2,1
716,labeled,39,services,single,secondary,0,478,0,0,unknown,15,5,1,-1,0,unknown,0,10,autumn,-0.8660254037844386,0.5000000000000001,0.10116832198743272,-0.994869323391895,0,0,5.0,0.1,0,0,2,2
717,labeled,29,admin.,single,tertiary,0,10,0,0,cellular,29,87,1,120,1,failure,0,9,autumn,-1.0,-1.8369701987210297e-16,-0.3943558551133187,0.9189578116202306,0,1,87.0,0.1111111111111111,0,0,1,2
718,labeled,42,blue-collar,married,secondary,0,2151,1,0,cellular,13,149,1,364,2,failure,0,5,spring,0.49999999999999994,-0.8660254037844387,0.48530196253108104,-0.8743466161445821,0,0,149.0,0.2,0,0,2,3
719,labeled,48,blue-collar,married,secondary,0,697,0,0,unknown,13,108,2,-1,0,unknown,0,5,spring,0.49999999999999994,-0.8660254037844387,0.48530196253108104,-0.8743466161445821,0,0,54.0,0.4,0,0,3,2
720,labeled,45,blue-collar,married,secondary,0,831,1,0,unknown,15,319,5,-1,0,unknown,0,5,spring,0.49999999999999994,-0.8660254037844387,0.10116832198743272,-0.994869323391895,0,0,63.8,1.0,0,0,3,2
721,labeled,34,management,married,tertiary,0,2589,1,0,cellular,21,161,3,-1,0,unknown,0,11,autumn,-0.5000000000000004,0.8660254037844384,-0.8978045395707417,-0.44039415155763423,0,1,53.666666666666664,0.2727272727272727,0,0,1,3
722,labeled,57,admin.,married,secondary,0,2142,0,0,telephone,8,132,7,-1,0,unknown,0,7,summer,-0.4999999999999997,-0.8660254037844388,0.9987165071710528,-0.05064916883871264,1,0,18.857142857142858,1.0,0,0,4,3
723,labeled,48,blue-collar,married,primary,0,1083,0,1,cellular,18,79,1,172,8,failure,0,11,autumn,-0.5000000000000004,0.8660254037844384,-0.4853019625310808,-0.8743466161445822,0,0,79.0,0.09090909090909091,1,0,3,3
724,labeled,33,technician,married,tertiary,0,66,0,0,cellular,21,204,4,-1,0,unknown,0,7,summer,-0.4999999999999997,-0.8660254037844388,-0.8978045395707417,-0.44039415155763423,0,1,51.0,0.5714285714285714,0,0,1,2
726,labeled,41,blue-collar,single,secondary,0,74,1,0,unknown,1,479,9,-1,0,unknown,1,7,summer,-0.4999999999999997,-0.8660254037844388,0.20129852008866006,0.9795299412524945,1,0,53.22222222222222,1.2857142857142858,0,0,2,2
727,labeled,56,services,married,secondary,0,696,1,0,unknown,29,151,2,-1,0,unknown,0,5,spring,0.49999999999999994,-0.8660254037844387,-0.3943558551133187,0.9189578116202306,0,1,75.5,0.4,0,0,4,2
729,labeled,35,blue-collar,divorced,secondary,0,0,1,0,unknown,8,477,1,-1,0,unknown,0,5,spring,0.49999999999999994,-0.8660254037844387,0.9987165071710528,-0.05064916883871264,1,0,477.0,0.2,0,0,2,1
731,labeled,58,management,married,tertiary,0,9338,1,0,telephone,18,52,3,172,3,other,0,11,autumn,-0.5000000000000004,0.8660254037844384,-0.4853019625310808,-0.8743466161445822,0,0,17.333333333333332,0.2727272727272727,0,0,4,4
733,labeled,34,management,single,tertiary,0,186,1,0,cellular,15,14,2,-1,0,unknown,0,5,spring,0.49999999999999994,-0.8660254037844387,0.10116832198743272,-0.994869323391895,0,0,7.0,0.4,0,0,1,2
734,labeled,33,services,married,secondary,0,200,1,1,unknown,20,201,1,-1,0,unknown,0,5,spring,0.49999999999999994,-0.8660254037844387,-0.7907757369376986,-0.6121059825476627,0,1,201.0,0.2,1,0,1,2
735,labeled,43,blue-collar,divorced,primary,0,58,1,0,unknown,9,100,1,-1,0,unknown,0,5,spring,0.49999999999999994,-0.8660254037844387,0.9680771188662043,-0.2506525322587204,1,0,100.0,0.2,0,0,2,2
737,labeled,32,technician,single,secondary,0,0,0,0,cellular,21,126,2,-1,0,unknown,0,8,summer,-0.8660254037844385,-0.5000000000000004,-0.8978045395707417,-0.44039415155763423,0,1,63.0,0.25,0,0,1,1
739,labeled,32,management,single,tertiary,0,3620,0,0,cellular,14,165,2,-1,0,unknown,0,8,summer,-0.8660254037844385,-0.5000000000000004,0.29936312297335804,-0.9541392564000488,0,0,82.5,0.25,0,0,1,3
740,labeled,41,blue-collar,married,primary,0,-524,0,1,telephone,8,554,3,-1,0,unknown,0,7,summer,-0.4999999999999997,-0.8660254037844388,0.9987165071710528,-0.05064916883871264,1,0,184.66666666666666,0.42857142857142855,2,0,2,1
741,labeled,38,blue-collar,divorced,secondary,0,601,1,0,cellular,7,245,3,-1,0,unknown,0,5,spring,0.49999999999999994,-0.8660254037844387,0.9884683243281114,0.1514277775045767,1,0,81.66666666666667,0.6,0,0,2,2
742,labeled,29,services,married,secondary,0,11425,1,0,unknown,28,272,2,-1,0,unknown,0,5,spring,0.49999999999999994,-0.8660254037844387,-0.5712682150947924,0.8207634412072763,0,1,136.0,0.4,0,0,1,5
743,labeled,50,blue-collar,divorced,primary,0,-17,0,1,cellular,10,369,6,-1,0,unknown,0,7,summer,-0.4999999999999997,-0.8660254037844388,0.8978045395707416,-0.4403941515576344,1,0,61.5,0.8571428571428571,2,0,3,1
744,labeled,34,technician,single,secondary,0,173,0,0,cellular,19,294,3,-1,0,unknown,0,8,summer,-0.8660254037844385,-0.5000000000000004,-0.651372482722222,-0.7587581226927911,0,0,98.0,0.375,0,0,1,2
745,labeled,43,technician,single,tertiary,1,0,0,0,cellular,29,73,4,-1,0,unknown,0,8,summer,-0.8660254037844385,-0.5000000000000004,-0.3943558551133187,0.9189578116202306,0,1,18.25,0.5,1,0,2,1
746,labeled,26,management,single,tertiary,0,211,0,0,unknown,26,111,1,-1,0,unknown,0,5,spring,0.49999999999999994,-0.8660254037844387,-0.8486442574947509,0.5289640103269624,0,1,111.0,0.2,0,0,1,2
747,labeled,33,self-employed,married,tertiary,0,264,0,0,cellular,4,119,2,-1,0,unknown,0,5,spring,0.49999999999999994,-0.8660254037844387,0.72479278722912,0.6889669190756866,1,0,59.5,0.4,0,0,1,2
748,labeled,31,technician,single,tertiary,0,1215,0,0,cellular,3,39,1,-1,0,unknown,0,2,winter,0.8660254037844386,0.5000000000000001,0.5712682150947923,0.8207634412072763,1,0,39.0,0.5,0,0,1,3
749,labeled,38,student,single,tertiary,0,799,0,0,cellular,27,74,2,-1,0,unknown,0,2,winter,0.8660254037844386,0.5000000000000001,-0.72479278722912,0.6889669190756865,0,1,37.0,1.0,0,0,2,2
750,labeled,55,blue-collar,married,secondary,0,392,0,0,unknown,5,287,1,-1,0,unknown,0,5,spring,0.49999999999999994,-0.8660254037844387,0.8486442574947509,0.5289640103269624,1,0,287.0,0.2,0,0,4,2
751,labeled,51,housemaid,divorced,secondary,0,9223,0,0,cellular,18,655,4,-1,0,unknown,1,7,summer,-0.4999999999999997,-0.8660254037844388,-0.4853019625310808,-0.8743466161445822,0,0,163.75,0.5714285714285714,0,0,3,4
752,labeled,44,blue-collar,married,primary,0,5,1,0,cellular,17,196,1,-1,0,unknown,0,7,summer,-0.4999999999999997,-0.8660254037844388,-0.2993631229733582,-0.9541392564000488,0,0,196.0,0.14285714285714285,0,0,2,2
753,labeled,44,technician,single,secondary,0,-32,1,1,unknown,14,100,3,-1,0,unknown,0,5,spring,0.49999999999999994,-0.8660254037844387,0.29936312297335804,-0.9541392564000488,0,0,33.333333333333336,0.6,2,0,2,1
754,labeled,36,technician,single,secondary,0,1862,1,0,cellular,4,75,1,273,1,failure,0,2,winter,0.8660254037844386,0.5000000000000001,0.72479278722912,0.6889669190756866,1,0,75.0,0.5,0,0,2,3
755,labeled,42,management,single,secondary,0,9727,0,0,cellular,5,81,2,-1,0,unknown,0,8,summer,-0.8660254037844385,-0.5000000000000004,0.8486442574947509,0.5289640103269624,1,0,40.5,0.25,0,0,2,4
756,labeled,27,admin.,married,secondary,0,191,1,0,unknown,27,136,2,-1,0,unknown,0,5,spring,0.49999999999999994,-0.8660254037844387,-0.72479278722912,0.6889669190756865,0,1,68.0,0.4,0,0,1,2
757,labeled,35,services,married,secondary,0,504,1,1,unknown,27,371,2,-1,0,unknown,0,5,spring,0.49999999999999994,-0.8660254037844387,-0.72479278722912,0.6889669190756865,0,1,185.5,0.4,1,0,2,2
758,labeled,46,technician,married,tertiary,0,212,1,0,cellular,14,141,1,346,2,other,0,5,spring,0.49999999999999994,-0.8660254037844387,0.29936312297335804,-0.9541392564000488,0,0,141.0,0.2,0,0,3,2
760,labeled,29,blue-collar,single,secondary,0,554,1,0,cellular,15,133,4,-1,0,unknown,0,5,spring,0.49999999999999994,-0.8660254037844387,0.10116832198743272,-0.994869323391895,0,0,33.25,0.8,0,0,1,2
761,labeled,45,admin.,single,secondary,0,0,1,0,cellular,8,38,1,-1,0,unknown,0,5,spring,0.49999999999999994,-0.8660254037844387,0.9987165071710528,-0.05064916883871264,1,0,38.0,0.2,0,0,3,1
762,labeled,58,admin.,married,secondary,0,1144,0,0,telephone,4,82,3,-1,0,unknown,0,2,winter,0.8660254037844386,0.5000000000000001,0.72479278722912,0.6889669190756866,1,0,27.333333333333332,1.5,0,0,4,3
763,labeled,29,management,single,tertiary,0,1453,0,0,cellular,26,328,2,143,2,success,1,4,spring,0.8660254037844387,-0.4999999999999998,-0.8486442574947509,0.5289640103269624,0,1,164.0,0.5,0,0,1,3
764,labeled,48,services,divorced,secondary,0,3181,0,1,cellular,9,104,1,-1,0,unknown,0,4,spring,0.8660254037844387,-0.4999999999999998,0.9680771188662043,-0.2506525322587204,1,0,104.0,0.25,1,0,3,3
766,labeled,63,retired,married,tertiary,0,123,1,0,cellular,13,104,2,-1,0,unknown,0,2,winter,0.8660254037844386,0.5000000000000001,0.48530196253108104,-0.8743466161445821,0,0,52.0,1.0,0,0,4,2
767,labeled,30,management,single,tertiary,0,192,1,0,cellular,17,325,2,-1,0,unknown,1,3,spring,1.0,6.123233995736766e-17,-0.2993631229733582,-0.9541392564000488,0,0,162.5,0.6666666666666666,0,0,1,2
768,labeled,52,blue-collar,married,primary,0,1136,1,0,cellular,12,22,5,-1,0,unknown,0,5,spring,0.49999999999999994,-0.8660254037844387,0.6513724827222223,-0.758758122692791,0,0,4.4,1.0,0,0,3,3
769,labeled,32,services,married,primary,0,220,1,0,cellular,21,1017,6,-1,0,unknown,1,7,summer,-0.4999999999999997,-0.8660254037844388,-0.8978045395707417,-0.44039415155763423,0,1,169.5,0.8571428571428571,0,0,1,2
770,labeled,59,unknown,married,unknown,0,3949,0,0,unknown,5,48,2,-1,0,unknown,0,6,summer,1.2246467991473532e-16,-1.0,0.8486442574947509,0.5289640103269624,1,0,24.0,0.3333333333333333,0,0,4,3
771,labeled,59,retired,divorced,secondary,0,1022,0,0,unknown,5,669,1,-1,0,unknown,1,11,autumn,-0.5000000000000004,0.8660254037844384,0.8486442574947509,0.5289640103269624,1,0,669.0,0.09090909090909091,0,0,4,3
772,labeled,40,services,married,secondary,0,9383,1,0,cellular,21,7,8,185,1,failure,0,11,autumn,-0.5000000000000004,0.8660254037844384,-0.8978045395707417,-0.44039415155763423,0,1,0.875,0.7272727272727273,0,0,2,4
773,labeled,29,services,single,secondary,0,-295,1,0,cellular,18,196,1,-1,0,unknown,0,5,spring,0.49999999999999994,-0.8660254037844387,-0.4853019625310808,-0.8743466161445822,0,0,196.0,0.2,1,0,1,1
774,labeled,32,blue-collar,married,secondary,0,1784,1,0,cellular,12,87,4,357,4,failure,0,5,spring,0.49999999999999994,-0.8660254037844387,0.6513724827222223,-0.758758122692791,0,0,21.75,0.8,0,0,1,3
775,labeled,31,technician,single,tertiary,0,444,1,0,cellular,12,130,2,-1,0,unknown,0,8,summer,-0.8660254037844385,-0.5000000000000004,0.6513724827222223,-0.758758122692791,0,0,65.0,0.25,0,0,1,2
776,labeled,58,management,single,tertiary,0,330,0,1,cellular,28,82,3,-1,0,unknown,0,7,summer,-0.4999999999999997,-0.8660254037844388,-0.5712682150947924,0.8207634412072763,0,1,27.333333333333332,0.42857142857142855,1,0,4,2
777,labeled,26,student,single,secondary,0,207,0,0,cellular,16,104,1,196,1,failure,0,11,autumn,-0.5000000000000004,0.8660254037844384,-0.10116832198743204,-0.9948693233918952,0,0,104.0,0.09090909090909091,0,0,1,2
778,labeled,42,housemaid,married,primary,0,7,1,0,telephone,28,59,5,-1,0,unknown,0,7,summer,-0.4999999999999997,-0.8660254037844388,-0.5712682150947924,0.8207634412072763,0,1,11.8,0.7142857142857143,0,0,2,2
779,labeled,30,management,married,tertiary,0,552,0,0,cellular,21,137,4,-1,0,unknown,0,8,summer,-0.8660254037844385,-0.5000000000000004,-0.8978045395707417,-0.44039415155763423,0,1,34.25,0.5,0,0,1,2
780,labeled,37,blue-collar,married,primary,0,704,0,0,unknown,18,165,7,-1,0,unknown,0,6,summer,1.2246467991473532e-16,-1.0,-0.4853019625310808,-0.8743466161445822,0,0,23.571428571428573,1.1666666666666667,0,0,2,2
781,labeled,29,technician,single,tertiary,0,2899,1,0,unknown,3,250,1,-1,0,unknown,0,6,summer,1.2246467991473532e-16,-1.0,0.5712682150947923,0.8207634412072763,1,0,250.0,0.16666666666666666,0,0,1,3
783,labeled,45,blue-collar,married,primary,0,135,1,1,unknown,16,187,19,-1,0,unknown,0,5,spring,0.49999999999999994,-0.8660254037844387,-0.10116832198743204,-0.9948693233918952,0,0,9.842105263157896,3.8,1,0,3,2
784,labeled,26,services,single,secondary,0,504,1,1,cellular,30,206,5,239,3,failure,0,1,winter,0.49999999999999994,0.8660254037844387,-0.20129852008866114,0.9795299412524943,0,1,41.2,5.0,1,0,1,2
785,labeled,46,management,married,tertiary,0,5,0,0,cellular,28,205,2,-1,0,unknown,0,8,summer,-0.8660254037844385,-0.5000000000000004,-0.5712682150947924,0.8207634412072763,0,1,102.5,0.25,0,0,3,2
786,labeled,37,entrepreneur,married,tertiary,0,301,0,0,cellular,1,76,1,-1,0,unknown,0,9,autumn,-1.0,-1.8369701987210297e-16,0.20129852008866006,0.9795299412524945,1,0,76.0,0.1111111111111111,0,0,2,2
787,labeled,31,entrepreneur,married,tertiary,0,5190,0,0,cellular,20,187,2,-1,0,unknown,0,11,autumn,-0.5000000000000004,0.8660254037844384,-0.7907757369376986,-0.6121059825476627,0,1,93.5,0.18181818181818182,0,0,1,4
788,labeled,29,management,single,tertiary,0,445,0,0,cellular,5,504,1,92,1,success,1,8,summer,-0.8660254037844385,-0.5000000000000004,0.8486442574947509,0.5289640103269624,1,0,504.0,0.125,0,0,1,2
789,labeled,35,blue-collar,single,secondary,0,372,1,1,unknown,6,207,3,-1,0,unknown,0,5,spring,0.49999999999999994,-0.8660254037844387,0.9377521321470804,0.3473052528448203,1,0,69.0,0.6,1,0,2,2
790,labeled,35,management,single,tertiary,0,0,0,0,cellular,29,669,6,-1,0,unknown,0,8,summer,-0.8660254037844385,-0.5000000000000004,-0.3943558551133187,0.9189578116202306,0,1,111.5,0.75,0,0,2,1
792,labeled,33,technician,divorced,secondary,1,2,1,1,cellular,18,167,5,-1,0,unknown,0,11,autumn,-0.5000000000000004,0.8660254037844384,-0.4853019625310808,-0.8743466161445822,0,0,33.4,0.45454545454545453,2,0,1,2
794,labeled,41,admin.,married,secondary,0,4545,0,0,unknown,30,298,3,-1,0,unknown,0,5,spring,0.49999999999999994,-0.8660254037844387,-0.20129852008866114,0.9795299412524943,0,1,99.33333333333333,0.6,0,0,2,3
795,labeled,60,management,married,unknown,0,6313,0,0,unknown,19,39,2,-1,0,unknown,0,6,summer,1.2246467991473532e-16,-1.0,-0.651372482722222,-0.7587581226927911,0,0,19.5,0.3333333333333333,0,0,4,4
796,labeled,49,blue-collar,married,primary,0,377,1,0,cellular,31,18,44,-1,0,unknown,0,7,summer,-0.4999999999999997,-0.8660254037844388,-2.4492935982947064e-16,1.0,0,1,0.4090909090909091,6.285714285714286,0,0,3,2
797,labeled,25,services,single,secondary,0,56,0,0,cellular,21,71,11,-1,0,unknown,0,7,summer,-0.4999999999999997,-0.8660254037844388,-0.8978045395707417,-0.44039415155763423,0,1,6.454545454545454,1.5714285714285714,0,0,1,2
798,labeled,32,blue-collar,married,primary,0,94,0,0,cellular,23,312,1,-1,0,unknown,0,7,summer,-0.4999999999999997,-0.8660254037844388,-0.9987165071710528,-0.05064916883871355,0,1,312.0,0.14285714285714285,0,0,1,2
799,labeled,42,management,married,tertiary,0,0,0,0,cellular,13,325,2,-1,0,unknown,0,8,summer,-0.8660254037844385,-0.5000000000000004,0.48530196253108104,-0.8743466161445821,0,0,162.5,0.25,0,0,2,1
801,labeled,50,services,single,primary,0,147,1,0,unknown,7,198,2,-1,0,unknown,0,5,spring,0.49999999999999994,-0.8660254037844387,0.9884683243281114,0.1514277775045767,1,0,99.0,0.4,0,0,3,2
802,labeled,45,technician,married,secondary,0,1423,1,0,cellular,24,311,1,-1,0,unknown,0,7,summer,-0.4999999999999997,-0.8660254037844388,-0.9884683243281114,0.15142777750457667,0,1,311.0,0.14285714285714285,0,0,3,3
803,labeled,33,technician,single,tertiary,0,316,0,0,cellular,21,126,3,-1,0,unknown,0,8,summer,-0.8660254037844385,-0.5000000000000004,-0.8978045395707417,-0.44039415155763423,0,1,42.0,0.375,0,0,1,2
804,labeled,25,management,single,tertiary,0,807,0,0,cellular,18,267,2,114,2,failure,1,9,autumn,-1.0,-1.8369701987210297e-16,-0.4853019625310808,-0.8743466161445822,0,0,133.5,0.2222222222222222,0,0,1,2
805,labeled,41,entrepreneur,married,primary,0,32,1,0,cellular,21,549,2,-1,0,unknown,1,11,autumn,-0.5000000000000004,0.8660254037844384,-0.8978045395707417,-0.44039415155763423,0,1,274.5,0.18181818181818182,0,0,2,2
806,labeled,36,technician,single,secondary,1,2,0,0,cellular,12,587,2,-1,0,unknown,1,8,summer,-0.8660254037844385,-0.5000000000000004,0.6513724827222223,-0.758758122692791,0,0,293.5,0.25,1,0,2,2
807,labeled,32,blue-collar,single,secondary,0,610,0,1,cellular,28,95,3,-1,0,unknown,0,5,spring,0.49999999999999994,-0.8660254037844387,-0.5712682150947924,0.8207634412072763,0,1,31.666666666666668,0.6,1,0,1,2
809,labeled,39,blue-collar,married,secondary,0,-409,1,0,cellular,8,177,1,-1,0,unknown,0,5,spring,0.49999999999999994,-0.8660254037844387,0.9987165071710528,-0.05064916883871264,1,0,177.0,0.2,1,0,2,1
810,labeled,54,unknown,married,secondary,0,2214,0,0,cellular,12,104,1,99,2,other,1,11,autumn,-0.5000000000000004,0.8660254037844384,0.6513724827222223,-0.758758122692791,0,0,104.0,0.09090909090909091,0,0,3,3
811,labeled,31,management,married,tertiary,0,1374,1,0,cellular,30,203,2,2,3,other,0,1,winter,0.49999999999999994,0.8660254037844387,-0.20129852008866114,0.9795299412524943,0,1,101.5,2.0,0,0,1,3
813,labeled,37,technician,married,secondary,0,1629,1,0,unknown,19,229,3,-1,0,unknown,0,5,spring,0.49999999999999994,-0.8660254037844387,-0.651372482722222,-0.7587581226927911,0,0,76.33333333333333,0.6,0,0,2,3
815,labeled,36,blue-collar,married,secondary,0,1557,1,0,unknown,12,325,4,-1,0,unknown,0,5,spring,0.49999999999999994,-0.8660254037844387,0.6513724827222223,-0.758758122692791,0,0,81.25,0.8,0,0,2,3
816,labeled,51,blue-collar,divorced,primary,0,39,1,0,cellular,13,341,1,-1,0,unknown,0,5,spring,0.49999999999999994,-0.8660254037844387,0.48530196253108104,-0.8743466161445821,0,0,341.0,0.2,0,0,3,2
817,labeled,49,entrepreneur,married,primary,0,569,0,0,unknown,19,84,1,-1,0,unknown,0,6,summer,1.2246467991473532e-16,-1.0,-0.651372482722222,-0.7587581226927911,0,0,84.0,0.16666666666666666,0,0,3,2
818,labeled,57,admin.,divorced,primary,0,4,0,0,unknown,15,17,10,-1,0,unknown,0,5,spring,0.49999999999999994,-0.8660254037844387,0.10116832198743272,-0.994869323391895,0,0,1.7,2.0,0,0,4,2
819,labeled,39,self-employed,married,secondary,0,268,0,0,cellular,11,102,2,-1,0,unknown,0,5,spring,0.49999999999999994,-0.8660254037844387,0.7907757369376989,-0.6121059825476626,0,0,51.0,0.4,0,0,2,2
820,labeled,45,admin.,married,secondary,0,-538,1,0,unknown,3,214,2,-1,0,unknown,0,6,summer,1.2246467991473532e-16,-1.0,0.5712682150947923,0.8207634412072763,1,0,107.0,0.3333333333333333,1,0,3,1
821,labeled,34,blue-collar,single,primary,0,459,1,0,cellular,18,173,1,299,2,other,0,5,spring,0.49999999999999994,-0.8660254037844387,-0.4853019625310808,-0.8743466161445822,0,0,173.0,0.2,0,0,1,2
822,labeled,42,entrepreneur,divorced,tertiary,1,-6,1,0,unknown,5,380,1,-1,0,unknown,0,5,spring,0.49999999999999994,-0.8660254037844387,0.8486442574947509,0.5289640103269624,1,0,380.0,0.2,2,0,2,1
823,labeled,33,blue-collar,married,secondary,0,3576,1,0,cellular,2,124,1,308,2,other,0,4,spring,0.8660254037844387,-0.4999999999999998,0.39435585511331855,0.9189578116202306,1,0,124.0,0.25,0,0,1,3
824,labeled,42,technician,married,secondary,0,4948,1,0,cellular,2,311,2,-1,0,unknown,1,3,spring,1.0,6.123233995736766e-17,0.39435585511331855,0.9189578116202306,1,0,155.5,0.6666666666666666,0,0,2,3
825,labeled,47,technician,married,secondary,0,1989,1,1,cellular,25,108,4,-1,0,unknown,0,8,summer,-0.8660254037844385,-0.5000000000000004,-0.9377521321470804,0.3473052528448203,0,1,27.0,0.5,1,0,3,3
826,labeled,32,admin.,single,secondary,0,97,1,0,cellular,18,110,1,315,2,failure,0,5,spring,0.49999999999999994,-0.8660254037844387,-0.4853019625310808,-0.8743466161445822,0,0,110.0,0.2,0,0,1,2
827,labeled,34,management,married,tertiary,0,4835,1,0,cellular,4,265,1,-1,0,unknown,0,2,winter,0.8660254037844386,0.5000000000000001,0.72479278722912,0.6889669190756866,1,0,265.0,0.5,0,0,1,3
829,labeled,37,housemaid,married,primary,0,181,0,0,cellular,8,148,4,-1,0,unknown,0,8,summer,-0.8660254037844385,-0.5000000000000004,0.9987165071710528,-0.05064916883871264,1,0,37.0,0.5,0,0,2,2
830,labeled,28,management,single,tertiary,0,0,0,0,telephone,27,198,2,-1,0,unknown,0,5,spring,0.49999999999999994,-0.8660254037844387,-0.72479278722912,0.6889669190756865,0,1,99.0,0.4,0,0,1,1
831,labeled,54,management,married,tertiary,0,2958,1,0,cellular,20,83,1,-1,0,unknown,0,11,autumn,-0.5000000000000004,0.8660254037844384,-0.7907757369376986,-0.6121059825476627,0,1,83.0,0.09090909090909091,0,0,3,3
832,labeled,44,blue-collar,married,primary,0,129,1,0,cellular,7,378,1,-1,0,unknown,0,5,spring,0.49999999999999994,-0.8660254037844387,0.9884683243281114,0.1514277775045767,1,0,378.0,0.2,0,0,2,2
834,labeled,80,management,married,primary,0,6475,0,0,telephone,19,123,1,-1,0,unknown,0,10,autumn,-0.8660254037844386,0.5000000000000001,-0.651372482722222,-0.7587581226927911,0,0,123.0,0.1,0,0,5,4
835,labeled,33,blue-collar,married,secondary,0,668,1,0,cellular,18,968,1,-1,0,unknown,1,7,summer,-0.4999999999999997,-0.8660254037844388,-0.4853019625310808,-0.8743466161445822,0,0,968.0,0.14285714285714285,0,0,1,2
836,labeled,26,unemployed,married,tertiary,0,444,1,1,unknown,23,28,18,-1,0,unknown,0,5,spring,0.49999999999999994,-0.8660254037844387,-0.9987165071710528,-0.05064916883871355,0,1,1.5555555555555556,3.6,1,0,1,2
837,labeled,57,admin.,married,secondary,0,368,0,0,telephone,16,107,2,-1,0,unknown,0,11,autumn,-0.5000000000000004,0.8660254037844384,-0.10116832198743204,-0.9948693233918952,0,0,53.5,0.18181818181818182,0,0,4,2
838,labeled,40,services,married,secondary,0,15,0,0,cellular,4,78,1,-1,0,unknown,0,6,summer,1.2246467991473532e-16,-1.0,0.72479278722912,0.6889669190756866,1,0,78.0,0.16666666666666666,0,0,2,2
839,labeled,23,admin.,single,secondary,0,581,1,0,cellular,6,62,1,-1,0,unknown,0,5,spring,0.49999999999999994,-0.8660254037844387,0.9377521321470804,0.3473052528448203,1,0,62.0,0.2,0,0,0,2
840,labeled,50,technician,divorced,secondary,0,-711,1,1,cellular,24,148,1,-1,0,unknown,0,7,summer,-0.4999999999999997,-0.8660254037844388,-0.9884683243281114,0.15142777750457667,0,1,148.0,0.14285714285714285,2,0,3,1
842,labeled,40,self-employed,married,secondary,0,1514,1,1,unknown,23,373,1,-1,0,unknown,0,5,spring,0.49999999999999994,-0.8660254037844387,-0.9987165071710528,-0.05064916883871355,0,1,373.0,0.2,1,0,2,3
843,labeled,29,blue-collar,married,secondary,0,358,0,0,cellular,21,88,5,-1,0,unknown,0,7,summer,-0.4999999999999997,-0.8660254037844388,-0.8978045395707417,-0.44039415155763423,0,1,17.6,0.7142857142857143,0,0,1,2
844,labeled,38,admin.,married,secondary,0,421,1,0,cellular,17,279,1,-1,0,unknown,0,4,spring,0.8660254037844387,-0.4999999999999998,-0.2993631229733582,-0.9541392564000488,0,0,279.0,0.25,0,0,2,2
845,labeled,33,management,divorced,secondary,0,114,0,0,cellular,20,175,3,-1,0,unknown,0,8,summer,-0.8660254037844385,-0.5000000000000004,-0.7907757369376986,-0.6121059825476627,0,1,58.333333333333336,0.375,0,0,1,2
846,labeled,35,blue-collar,married,primary,0,321,1,0,cellular,16,221,1,-1,0,unknown,0,7,summer,-0.4999999999999997,-0.8660254037844388,-0.10116832198743204,-0.9948693233918952,0,0,221.0,0.14285714285714285,0,0,2,2
847,labeled,53,blue-collar,married,primary,0,43,1,0,cellular,7,208,1,140,1,failure,0,4,spring,0.8660254037844387,-0.4999999999999998,0.9884683243281114,0.1514277775045767,1,0,208.0,0.25,0,0,3,2
848,labeled,37,management,married,tertiary,0,1688,1,0,unknown,6,95,2,-1,0,unknown,0,6,summer,1.2246467991473532e-16,-1.0,0.9377521321470804,0.3473052528448203,1,0,47.5,0.3333333333333333,0,0,2,3
849,labeled,40,technician,married,secondary,0,693,1,0,cellular,4,97,4,196,5,failure,0,2,winter,0.8660254037844386,0.5000000000000001,0.72479278722912,0.6889669190756866,1,0,24.25,2.0,0,0,2,2
850,labeled,55,blue-collar,married,primary,0,2275,0,0,cellular,25,139,9,-1,0,unknown,0,8,summer,-0.8660254037844385,-0.5000000000000004,-0.9377521321470804,0.3473052528448203,0,1,15.444444444444445,1.125,0,0,4,3
851,labeled,39,management,divorced,tertiary,0,16,0,0,unknown,18,311,5,-1,0,unknown,0,6,summer,1.2246467991473532e-16,-1.0,-0.4853019625310808,-0.8743466161445822,0,0,62.2,0.8333333333333334,0,0,2,2
853,labeled,50,management,divorced,tertiary,0,200,1,0,cellular,24,248,1,-1,0,unknown,0,7,summer,-0.4999999999999997,-0.8660254037844388,-0.9884683243281114,0.15142777750457667,0,1,248.0,0.14285714285714285,0,0,3,2
854,labeled,32,technician,single,secondary,0,0,0,0,cellular,26,181,2,-1,0,unknown,0,8,summer,-0.8660254037844385,-0.5000000000000004,-0.8486442574947509,0.5289640103269624,0,1,90.5,0.25,0,0,1,1
856,labeled,57,technician,married,secondary,0,3069,1,1,cellular,7,63,3,-1,0,unknown,0,5,spring,0.49999999999999994,-0.8660254037844387,0.9884683243281114,0.1514277775045767,1,0,21.0,0.6,1,0,4,3
857,labeled,45,self-employed,married,secondary,0,3101,1,0,cellular,7,159,2,-1,0,unknown,0,8,summer,-0.8660254037844385,-0.5000000000000004,0.9884683243281114,0.1514277775045767,1,0,79.5,0.25,0,0,3,3
859,labeled,47,management,married,tertiary,0,3681,0,0,cellular,14,101,2,-1,0,unknown,0,8,summer,-0.8660254037844385,-0.5000000000000004,0.29936312297335804,-0.9541392564000488,0,0,50.5,0.25,0,0,3,3
860,labeled,40,technician,married,secondary,0,1278,0,0,cellular,17,342,2,-1,0,unknown,0,4,spring,0.8660254037844387,-0.4999999999999998,-0.2993631229733582,-0.9541392564000488,0,0,171.0,0.5,0,0,2,3
861,labeled,34,technician,married,secondary,0,121,1,1,cellular,4,153,1,309,3,other,0,6,summer,1.2246467991473532e-16,-1.0,0.72479278722912,0.6889669190756866,1,0,153.0,0.16666666666666666,1,0,1,2
862,labeled,51,services,divorced,secondary,0,520,1,0,telephone,17,76,1,-1,0,unknown,0,11,autumn,-0.5000000000000004,0.8660254037844384,-0.2993631229733582,-0.9541392564000488,0,0,76.0,0.09090909090909091,0,0,3,2
863,labeled,56,technician,married,secondary,0,4065,0,0,cellular,27,239,5,-1,0,unknown,0,8,summer,-0.8660254037844385,-0.5000000000000004,-0.72479278722912,0.6889669190756865,0,1,47.8,0.625,0,0,4,3
864,labeled,31,management,single,tertiary,0,878,1,0,cellular,18,190,2,-1,0,unknown,0,11,autumn,-0.5000000000000004,0.8660254037844384,-0.4853019625310808,-0.8743466161445822,0,0,95.0,0.18181818181818182,0,0,1,2
865,labeled,59,technician,married,primary,0,4206,0,0,cellular,14,309,1,91,10,success,1,1,winter,0.49999999999999994,0.8660254037844387,0.29936312297335804,-0.9541392564000488,0,0,309.0,1.0,0,0,4,3
866,labeled,29,management,married,tertiary,0,581,1,1,cellular,14,192,2,-1,0,unknown,0,7,summer,-0.4999999999999997,-0.8660254037844388,0.29936312297335804,-0.9541392564000488,0,0,96.0,0.2857142857142857,1,0,1,2
867,labeled,39,services,married,primary,0,1595,1,0,unknown,23,201,2,-1,0,unknown,0,5,spring,0.49999999999999994,-0.8660254037844387,-0.9987165071710528,-0.05064916883871355,0,1,100.5,0.4,0,0,2,3
868,labeled,28,blue-collar,single,secondary,0,52,0,0,unknown,19,190,1,-1,0,unknown,0,5,spring,0.49999999999999994,-0.8660254037844387,-0.651372482722222,-0.7587581226927911,0,0,190.0,0.2,0,0,1,2
869,labeled,77,retired,married,tertiary,0,0,0,0,cellular,16,847,1,60,1,success,1,10,autumn,-0.8660254037844386,0.5000000000000001,-0.10116832198743204,-0.9948693233918952,0,0,847.0,0.1,0,0,5,1
871,labeled,42,blue-collar,married,primary,0,0,1,0,cellular,17,71,1,-1,0,unknown,0,7,summer,-0.4999999999999997,-0.8660254037844388,-0.2993631229733582,-0.9541392564000488,0,0,71.0,0.14285714285714285,0,0,2,1
873,labeled,52,management,married,secondary,0,423,1,0,unknown,30,153,1,-1,0,unknown,0,5,spring,0.49999999999999994,-0.8660254037844387,-0.20129852008866114,0.9795299412524943,0,1,153.0,0.2,0,0,3,2
874,labeled,41,blue-collar,married,primary,0,395,1,0,unknown,16,87,6,-1,0,unknown,0,6,summer,1.2246467991473532e-16,-1.0,-0.10116832198743204,-0.9948693233918952,0,0,14.5,1.0,0,0,2,2
875,labeled,44,management,married,secondary,0,8261,1,0,cellular,23,201,16,-1,0,unknown,0,7,summer,-0.4999999999999997,-0.8660254037844388,-0.9987165071710528,-0.05064916883871355,0,1,12.5625,2.2857142857142856,0,0,2,4
876,labeled,46,blue-collar,married,primary,0,148,1,0,cellular,6,116,2,169,3,failure,0,5,spring,0.49999999999999994,-0.8660254037844387,0.9377521321470804,0.3473052528448203,1,0,58.0,0.4,0,0,3,2
877,labeled,55,technician,married,secondary,0,957,1,0,cellular,29,104,1,-1,0,unknown,0,1,winter,0.49999999999999994,0.8660254037844387,-0.3943558551133187,0.9189578116202306,0,1,104.0,1.0,0,0,4,2
878,labeled,28,admin.,married,secondary,0,15,1,0,cellular,30,73,3,256,3,other,0,1,winter,0.49999999999999994,0.8660254037844387,-0.20129852008866114,0.9795299412524943,0,1,24.333333333333332,3.0,0,0,1,2
880,labeled,30,technician,single,tertiary,0,-967,0,1,cellular,21,194,2,-1,0,unknown,0,8,summer,-0.8660254037844385,-0.5000000000000004,-0.8978045395707417,-0.44039415155763423,0,1,97.0,0.25,2,0,1,1
881,labeled,27,services,single,secondary,0,59,1,0,unknown,28,543,2,-1,0,unknown,1,5,spring,0.49999999999999994,-0.8660254037844387,-0.5712682150947924,0.8207634412072763,0,1,271.5,0.4,0,0,1,2
882,labeled,36,management,married,tertiary,0,1310,1,0,cellular,7,100,2,-1,0,unknown,0,8,summer,-0.8660254037844385,-0.5000000000000004,0.9884683243281114,0.1514277775045767,1,0,50.0,0.25,0,0,2,3
884,labeled,35,blue-collar,married,secondary,0,405,1,0,cellular,20,12,6,-1,0,unknown,0,4,spring,0.8660254037844387,-0.4999999999999998,-0.7907757369376986,-0.6121059825476627,0,1,2.0,1.5,0,0,2,2
885,labeled,38,technician,single,secondary,0,4360,1,0,cellular,29,188,2,-1,0,unknown,0,7,summer,-0.4999999999999997,-0.8660254037844388,-0.3943558551133187,0.9189578116202306,0,1,94.0,0.2857142857142857,0,0,2,3
886,labeled,47,technician,married,secondary,0,71,0,0,unknown,29,278,1,-1,0,unknown,0,5,spring,0.49999999999999994,-0.8660254037844387,-0.3943558551133187,0.9189578116202306,0,1,278.0,0.2,0,0,3,2
887,labeled,32,blue-collar,married,secondary,0,887,1,0,cellular,10,185,1,99,5,success,1,9,autumn,-1.0,-1.8369701987210297e-16,0.8978045395707416,-0.4403941515576344,1,0,185.0,0.1111111111111111,0,0,1,2
888,labeled,32,admin.,married,secondary,0,1035,1,0,cellular,17,84,1,-1,0,unknown,0,7,summer,-0.4999999999999997,-0.8660254037844388,-0.2993631229733582,-0.9541392564000488,0,0,84.0,0.14285714285714285,0,0,1,3
889,labeled,48,blue-collar,married,secondary,0,-18,0,1,unknown,4,270,1,-1,0,unknown,0,7,summer,-0.4999999999999997,-0.8660254037844388,0.72479278722912,0.6889669190756866,1,0,270.0,0.14285714285714285,2,0,3,1
890,labeled,40,admin.,married,secondary,0,1318,1,1,unknown,26,76,2,-1,0,unknown,0,5,spring,0.49999999999999994,-0.8660254037844387,-0.8486442574947509,0.5289640103269624,0,1,38.0,0.4,1,0,2,3
891,labeled,35,technician,divorced,secondary,0,473,1,1,unknown,26,434,4,-1,0,unknown,0,5,spring,0.49999999999999994,-0.8660254037844387,-0.8486442574947509,0.5289640103269624,0,1,108.5,0.8,1,0,2,2
892,labeled,32,services,married,secondary,0,177,1,0,telephone,15,45,2,-1,0,unknown,0,5,spring,0.49999999999999994,-0.8660254037844387,0.10116832198743272,-0.994869323391895,0,0,22.5,0.4,0,0,1,2
894,labeled,52,blue-collar,married,primary,0,29,0,0,cellular,13,109,2,-1,0,unknown,0,8,summer,-0.8660254037844385,-0.5000000000000004,0.48530196253108104,-0.8743466161445821,0,0,54.5,0.25,0,0,3,2
895,labeled,48,admin.,divorced,unknown,0,-61,0,0,cellular,14,243,1,-1,0,unknown,0,5,spring,0.49999999999999994,-0.8660254037844387,0.29936312297335804,-0.9541392564000488,0,0,243.0,0.2,1,0,3,1
896,labeled,49,technician,married,tertiary,0,1234,0,0,cellular,13,354,3,-1,0,unknown,1,8,summer,-0.8660254037844385,-0.5000000000000004,0.48530196253108104,-0.8743466161445821,0,0,118.0,0.375,0,0,3,3
897,labeled,42,entrepreneur,married,primary,0,154,0,0,cellular,20,94,2,-1,0,unknown,0,8,summer,-0.8660254037844385,-0.5000000000000004,-0.7907757369376986,-0.6121059825476627,0,1,47.0,0.25,0,0,2,2
898,labeled,55,blue-collar,married,primary,0,633,1,0,unknown,5,247,1,-1,0,unknown,0,5,spring,0.49999999999999994,-0.8660254037844387,0.8486442574947509,0.5289640103269624,1,0,247.0,0.2,0,0,4,2
899,labeled,34,technician,single,secondary,0,1382,1,1,unknown,28,185,6,-1,0,unknown,0,5,spring,0.49999999999999994,-0.8660254037844387,-0.5712682150947924,0.8207634412072763,0,1,30.833333333333332,1.2,1,0,1,3
900,labeled,35,blue-collar,married,primary,0,3,1,0,unknown,13,326,4,-1,0,unknown,0,5,spring,0.49999999999999994,-0.8660254037844387,0.48530196253108104,-0.8743466161445821,0,0,81.5,0.8,0,0,2,2
901,labeled,59,admin.,married,secondary,0,99,1,0,cellular,12,139,2,350,1,failure,0,5,spring,0.49999999999999994,-0.8660254037844387,0.6513724827222223,-0.758758122692791,0,0,69.5,0.4,0,0,4,2
902,labeled,34,management,married,tertiary,0,418,1,0,cellular,18,138,1,-1,0,unknown,0,11,autumn,-0.5000000000000004,0.8660254037844384,-0.4853019625310808,-0.8743466161445822,0,0,138.0,0.09090909090909091,0,0,1,2
903,labeled,31,blue-collar,married,secondary,0,1413,1,0,cellular,6,142,3,-1,0,unknown,0,5,spring,0.49999999999999994,-0.8660254037844387,0.9377521321470804,0.3473052528448203,1,0,47.333333333333336,0.6,0,0,1,3
904,labeled,25,admin.,married,secondary,0,891,1,0,unknown,28,328,1,-1,0,unknown,0,5,spring,0.49999999999999994,-0.8660254037844387,-0.5712682150947924,0.8207634412072763,0,1,328.0,0.2,0,0,1,2
905,labeled,30,technician,single,tertiary,0,9,1,0,cellular,6,45,2,169,2,failure,0,5,spring,0.49999999999999994,-0.8660254037844387,0.9377521321470804,0.3473052528448203,1,0,22.5,0.4,0,0,1,2
906,labeled,26,management,single,secondary,0,67,0,0,cellular,28,76,4,-1,0,unknown,0,7,summer,-0.4999999999999997,-0.8660254037844388,-0.5712682150947924,0.8207634412072763,0,1,19.0,0.5714285714285714,0,0,1,2
907,labeled,28,technician,single,tertiary,0,181,1,1,unknown,28,62,2,-1,0,unknown,0,5,spring,0.49999999999999994,-0.8660254037844387,-0.5712682150947924,0.8207634412072763,0,1,31.0,0.4,1,0,1,2
908,labeled,50,services,married,secondary,0,56,0,1,cellular,27,151,8,-1,0,unknown,0,8,summer,-0.8660254037844385,-0.5000000000000004,-0.72479278722912,0.6889669190756865,0,1,18.875,1.0,1,0,3,2
909,labeled,36,self-employed,married,tertiary,0,25,1,1,cellular,18,95,4,-1,0,unknown,0,7,summer,-0.4999999999999997,-0.8660254037844388,-0.4853019625310808,-0.8743466161445822,0,0,23.75,0.5714285714285714,1,0,2,2
910,labeled,53,blue-collar,married,secondary,0,2240,1,0,cellular,14,272,3,-1,0,unknown,0,7,summer,-0.4999999999999997,-0.8660254037844388,0.29936312297335804,-0.9541392564000488,0,0,90.66666666666667,0.42857142857142855,0,0,3,3
911,labeled,25,student,single,secondary,0,324,0,0,telephone,26,170,4,-1,0,unknown,1,8,summer,-0.8660254037844385,-0.5000000000000004,-0.8486442574947509,0.5289640103269624,0,1,42.5,0.5,0,0,1,2
913,labeled,37,technician,married,secondary,0,1062,1,0,cellular,31,413,2,-1,0,unknown,0,7,summer,-0.4999999999999997,-0.8660254037844388,-2.4492935982947064e-16,1.0,0,1,206.5,0.2857142857142857,0,0,2,3
915,labeled,32,management,married,tertiary,0,48,0,0,cellular,2,124,3,-1,0,unknown,0,2,winter,0.8660254037844386,0.5000000000000001,0.39435585511331855,0.9189578116202306,1,0,41.333333333333336,1.5,0,0,1,2
918,labeled,44,technician,divorced,secondary,0,-326,1,0,unknown,7,171,1,-1,0,unknown,0,5,spring,0.49999999999999994,-0.8660254037844387,0.9884683243281114,0.1514277775045767,1,0,171.0,0.2,1,0,2,1
919,labeled,36,management,married,tertiary,0,487,0,0,cellular,5,157,3,97,2,success,1,8,summer,-0.8660254037844385,-0.5000000000000004,0.8486442574947509,0.5289640103269624,1,0,52.333333333333336,0.375,0,0,2,2
920,labeled,54,technician,married,secondary,0,2221,0,1,cellular,13,73,2,-1,0,unknown,0,8,summer,-0.8660254037844385,-0.5000000000000004,0.48530196253108104,-0.8743466161445821,0,0,36.5,0.25,1,0,3,3
921,labeled,29,management,single,tertiary,0,4202,1,0,cellular,18,119,1,-1,0,unknown,0,5,spring,0.49999999999999994,-0.8660254037844387,-0.4853019625310808,-0.8743466161445822,0,0,119.0,0.2,0,0,1,3
923,labeled,53,unknown,married,primary,0,728,0,0,cellular,27,759,2,-1,0,unknown,1,10,autumn,-0.8660254037844386,0.5000000000000001,-0.72479278722912,0.6889669190756865,0,1,379.5,0.2,0,0,3,2
924,labeled,31,admin.,single,secondary,0,-456,1,0,unknown,28,81,2,-1,0,unknown,0,5,spring,0.49999999999999994,-0.8660254037844387,-0.5712682150947924,0.8207634412072763,0,1,40.5,0.4,1,0,1,1
925,labeled,58,housemaid,married,primary,0,5273,1,0,unknown,4,763,4,-1,0,unknown,0,6,summer,1.2246467991473532e-16,-1.0,0.72479278722912,0.6889669190756866,1,0,190.75,0.6666666666666666,0,0,4,4
926,labeled,47,management,married,tertiary,0,7703,1,0,cellular,21,157,5,-1,0,unknown,0,11,autumn,-0.5000000000000004,0.8660254037844384,-0.8978045395707417,-0.44039415155763423,0,1,31.4,0.45454545454545453,0,0,3,4
928,labeled,52,technician,married,secondary,0,59,0,0,telephone,29,20,2,-1,0,unknown,0,8,summer,-0.8660254037844385,-0.5000000000000004,-0.3943558551133187,0.9189578116202306,0,1,10.0,0.25,0,0,3,2
929,labeled,41,technician,married,secondary,0,59,1,0,cellular,6,185,4,-1,0,unknown,0,8,summer,-0.8660254037844385,-0.5000000000000004,0.9377521321470804,0.3473052528448203,1,0,46.25,0.5,0,0,2,2
930,labeled,56,housemaid,divorced,primary,1,1244,0,0,unknown,5,1558,1,-1,0,unknown,1,6,summer,1.2246467991473532e-16,-1.0,0.8486442574947509,0.5289640103269624,1,0,1558.0,0.16666666666666666,1,0,4,3
931,labeled,50,management,married,tertiary,0,114,1,0,cellular,4,70,5,85,5,other,0,11,autumn,-0.5000000000000004,0.8660254037844384,0.72479278722912,0.6889669190756866,1,0,14.0,0.45454545454545453,0,0,3,2
932,labeled,34,housemaid,married,tertiary,0,0,0,0,cellular,26,141,1,188,1,failure,0,5,spring,0.49999999999999994,-0.8660254037844387,-0.8486442574947509,0.5289640103269624,0,1,141.0,0.2,0,0,1,1
933,labeled,52,entrepreneur,married,tertiary,0,0,0,0,unknown,19,163,3,-1,0,unknown,0,6,summer,1.2246467991473532e-16,-1.0,-0.651372482722222,-0.7587581226927911,0,0,54.333333333333336,0.5,0,0,3,1
934,labeled,42,management,married,secondary,1,-28,0,0,cellular,5,176,1,-1,0,unknown,0,2,winter,0.8660254037844386,0.5000000000000001,0.8486442574947509,0.5289640103269624,1,0,176.0,0.5,2,0,2,1
935,labeled,42,management,single,tertiary,0,10913,0,0,cellular,4,74,3,-1,0,unknown,0,5,spring,0.49999999999999994,-0.8660254037844387,0.72479278722912,0.6889669190756866,1,0,24.666666666666668,0.6,0,0,2,5
936,labeled,31,self-employed,single,secondary,0,351,1,0,unknown,26,592,4,-1,0,unknown,0,5,spring,0.49999999999999994,-0.8660254037844387,-0.8486442574947509,0.5289640103269624,0,1,148.0,0.8,0,0,1,2
937,labeled,45,admin.,married,secondary,0,70,1,1,cellular,15,262,2,352,2,failure,0,5,spring,0.49999999999999994,-0.8660254037844387,0.10116832198743272,-0.994869323391895,0,0,131.0,0.4,1,0,3,2
939,labeled,33,blue-collar,single,secondary,0,137,1,0,cellular,14,123,1,360,3,other,0,5,spring,0.49999999999999994,-0.8660254037844387,0.29936312297335804,-0.9541392564000488,0,0,123.0,0.2,0,0,1,2
940,labeled,47,admin.,married,secondary,0,1942,0,1,cellular,14,225,1,364,1,failure,0,5,spring,0.49999999999999994,-0.8660254037844387,0.29936312297335804,-0.9541392564000488,0,0,225.0,0.2,1,0,3,3
942,labeled,71,unknown,married,tertiary,0,353,0,0,cellular,27,208,1,93,2,failure,0,1,winter,0.49999999999999994,0.8660254037844387,-0.72479278722912,0.6889669190756865,0,1,208.0,1.0,0,0,5,2
943,labeled,55,retired,married,primary,0,4426,0,0,cellular,5,67,4,-1,0,unknown,0,8,summer,-0.8660254037844385,-0.5000000000000004,0.8486442574947509,0.5289640103269624,1,0,16.75,0.5,0,0,4,3
944,labeled,30,blue-collar,married,secondary,0,-105,1,0,cellular,15,144,5,-1,0,unknown,0,5,spring,0.49999999999999994,-0.8660254037844387,0.10116832198743272,-0.994869323391895,0,0,28.8,1.0,1,0,1,1
945,labeled,27,student,single,secondary,0,1571,0,0,cellular,30,164,5,-1,0,unknown,0,1,winter,0.49999999999999994,0.8660254037844387,-0.20129852008866114,0.9795299412524943,0,1,32.8,5.0,0,0,1,3
947,labeled,30,blue-collar,single,primary,0,62,1,0,unknown,19,122,6,-1,0,unknown,0,5,spring,0.49999999999999994,-0.8660254037844387,-0.651372482722222,-0.7587581226927911,0,0,20.333333333333332,1.2,0,0,1,2
948,labeled,73,retired,married,unknown,0,509,0,0,telephone,16,434,1,57,1,failure,1,10,autumn,-0.8660254037844386,0.5000000000000001,-0.10116832198743204,-0.9948693233918952,0,0,434.0,0.1,0,0,5,2
949,labeled,42,technician,divorced,secondary,0,-280,1,0,unknown,26,258,1,-1,0,unknown,0,5,spring,0.49999999999999994,-0.8660254037844387,-0.8486442574947509,0.5289640103269624,0,1,258.0,0.2,1,0,2,1
950,labeled,60,retired,married,secondary,0,88,0,0,cellular,30,156,2,-1,0,unknown,0,4,spring,0.8660254037844387,-0.4999999999999998,-0.20129852008866114,0.9795299412524943,0,1,78.0,0.5,0,0,4,2
951,labeled,29,management,single,tertiary,0,3353,0,0,cellular,21,120,3,-1,0,unknown,0,7,summer,-0.4999999999999997,-0.8660254037844388,-0.8978045395707417,-0.44039415155763423,0,1,40.0,0.42857142857142855,0,0,1,3
952,labeled,59,self-employed,married,tertiary,0,583,0,0,unknown,13,64,2,-1,0,unknown,0,5,spring,0.49999999999999994,-0.8660254037844387,0.48530196253108104,-0.8743466161445821,0,0,32.0,0.4,0,0,4,2
953,labeled,36,blue-collar,single,secondary,0,336,0,1,unknown,16,559,3,-1,0,unknown,0,6,summer,1.2246467991473532e-16,-1.0,-0.10116832198743204,-0.9948693233918952,0,0,186.33333333333334,0.5,1,0,2,2
955,labeled,47,admin.,single,secondary,0,2540,0,0,cellular,18,110,5,-1,0,unknown,0,11,autumn,-0.5000000000000004,0.8660254037844384,-0.4853019625310808,-0.8743466161445822,0,0,22.0,0.45454545454545453,0,0,3,3
956,labeled,42,blue-collar,married,secondary,0,3057,1,0,unknown,27,32,1,-1,0,unknown,0,5,spring,0.49999999999999994,-0.8660254037844387,-0.72479278722912,0.6889669190756865,0,1,32.0,0.2,0,0,2,3
957,labeled,34,blue-collar,married,secondary,0,476,1,1,cellular,20,217,1,-1,0,unknown,0,4,spring,0.8660254037844387,-0.4999999999999998,-0.7907757369376986,-0.6121059825476627,0,1,217.0,0.25,1,0,1,2
958,labeled,45,entrepreneur,married,primary,0,59,1,0,telephone,13,119,3,371,3,failure,0,5,spring,0.49999999999999994,-0.8660254037844387,0.48530196253108104,-0.8743466161445821,0,0,39.666666666666664,0.6,0,0,3,2
959,labeled,42,technician,divorced,secondary,0,2983,1,0,unknown,21,187,5,-1,0,unknown,0,5,spring,0.49999999999999994,-0.8660254037844387,-0.8978045395707417,-0.44039415155763423,0,1,37.4,1.0,0,0,2,3
960,labeled,48,management,married,tertiary,1,-17,1,0,cellular,15,20,6,291,2,other,0,5,spring,0.49999999999999994,-0.8660254037844387,0.10116832198743272,-0.994869323391895,0,0,3.3333333333333335,1.2,2,0,3,1
962,labeled,46,management,married,tertiary,0,0,0,0,unknown,7,70,2,-1,0,unknown,0,5,spring,0.49999999999999994,-0.8660254037844387,0.9884683243281114,0.1514277775045767,1,0,35.0,0.4,0,0,3,1
963,labeled,30,entrepreneur,single,secondary,0,644,0,0,cellular,14,358,6,-1,0,unknown,0,7,summer,-0.4999999999999997,-0.8660254037844388,0.29936312297335804,-0.9541392564000488,0,0,59.666666666666664,0.8571428571428571,0,0,1,2
964,labeled,36,blue-collar,married,secondary,0,446,1,0,unknown,21,260,5,-1,0,unknown,0,5,spring,0.49999999999999994,-0.8660254037844387,-0.8978045395707417,-0.44039415155763423,0,1,52.0,1.0,0,0,2,2
965,labeled,54,retired,divorced,primary,0,19,0,0,unknown,20,23,4,-1,0,unknown,0,6,summer,1.2246467991473532e-16,-1.0,-0.7907757369376986,-0.6121059825476627,0,1,5.75,0.6666666666666666,0,0,3,2
967,labeled,34,admin.,married,secondary,0,54,1,0,unknown,20,89,2,-1,0,unknown,0,5,spring,0.49999999999999994,-0.8660254037844387,-0.7907757369376986,-0.6121059825476627,0,1,44.5,0.4,0,0,1,2
970,labeled,39,admin.,single,unknown,0,0,1,0,cellular,11,62,1,-1,0,unknown,0,5,spring,0.49999999999999994,-0.8660254037844387,0.7907757369376989,-0.6121059825476626,0,0,62.0,0.2,0,0,2,1
974,labeled,39,services,married,secondary,0,1434,1,0,unknown,20,212,2,-1,0,unknown,0,5,spring,0.49999999999999994,-0.8660254037844387,-0.7907757369376986,-0.6121059825476627,0,1,106.0,0.4,0,0,2,3
975,labeled,31,blue-collar,married,secondary,0,1667,1,0,cellular,20,342,1,-1,0,unknown,0,4,spring,0.8660254037844387,-0.4999999999999998,-0.7907757369376986,-0.6121059825476627,0,1,342.0,0.25,0,0,1,3
976,labeled,48,technician,married,secondary,0,342,1,0,cellular,28,255,2,-1,0,unknown,0,1,winter,0.49999999999999994,0.8660254037844387,-0.5712682150947924,0.8207634412072763,0,1,127.5,2.0,0,0,3,2
977,labeled,32,entrepreneur,married,unknown,0,78,1,0,cellular,21,158,1,135,1,failure,0,11,autumn,-0.5000000000000004,0.8660254037844384,-0.8978045395707417,-0.44039415155763423,0,1,158.0,0.09090909090909091,0,0,1,2
978,labeled,33,management,married,tertiary,0,1813,1,0,unknown,4,99,4,-1,0,unknown,0,6,summer,1.2246467991473532e-16,-1.0,0.72479278722912,0.6889669190756866,1,0,24.75,0.6666666666666666,0,0,1,3
979,labeled,49,retired,married,primary,0,1673,0,0,cellular,17,128,3,-1,0,unknown,0,7,summer,-0.4999999999999997,-0.8660254037844388,-0.2993631229733582,-0.9541392564000488,0,0,42.666666666666664,0.42857142857142855,0,0,3,3
980,labeled,40,admin.,divorced,secondary,0,213,0,0,unknown,7,176,1,-1,0,unknown,0,1,winter,0.49999999999999994,0.8660254037844387,0.9884683243281114,0.1514277775045767,1,0,176.0,1.0,0,0,2,2
981,labeled,32,technician,single,tertiary,0,4664,1,0,unknown,21,860,2,-1,0,unknown,1,5,spring,0.49999999999999994,-0.8660254037844387,-0.8978045395707417,-0.44039415155763423,0,1,430.0,0.4,0,0,1,3
982,labeled,45,technician,married,secondary,0,319,1,0,cellular,30,103,1,-1,0,unknown,0,6,summer,1.2246467991473532e-16,-1.0,-0.20129852008866114,0.9795299412524943,0,1,103.0,0.16666666666666666,0,0,3,2
983,labeled,35,unknown,married,primary,0,632,0,0,cellular,7,185,2,-1,0,unknown,0,7,summer,-0.4999999999999997,-0.8660254037844388,0.9884683243281114,0.1514277775045767,1,0,92.5,0.2857142857142857,0,0,2,2
984,labeled,27,technician,married,secondary,0,1576,1,1,unknown,28,266,2,-1,0,unknown,0,5,spring,0.49999999999999994,-0.8660254037844387,-0.5712682150947924,0.8207634412072763,0,1,133.0,0.4,1,0,1,3
985,labeled,23,technician,single,secondary,0,-300,1,0,unknown,4,217,2,-1,0,unknown,0,6,summer,1.2246467991473532e-16,-1.0,0.72479278722912,0.6889669190756866,1,0,108.5,0.3333333333333333,1,0,0,1
986,labeled,40,blue-collar,married,secondary,0,326,1,1,cellular,7,112,1,-1,0,unknown,0,7,summer,-0.4999999999999997,-0.8660254037844388,0.9884683243281114,0.1514277775045767,1,0,112.0,0.14285714285714285,1,0,2,2
988,labeled,36,management,divorced,tertiary,0,0,0,0,cellular,28,81,4,-1,0,unknown,0,8,summer,-0.8660254037844385,-0.5000000000000004,-0.5712682150947924,0.8207634412072763,0,1,20.25,0.5,0,0,2,1
989,labeled,38,blue-collar,married,primary,0,0,1,0,unknown,3,179,2,-1,0,unknown,0,6,summer,1.2246467991473532e-16,-1.0,0.5712682150947923,0.8207634412072763,1,0,89.5,0.3333333333333333,0,0,2,1
990,labeled,36,admin.,married,secondary,0,4270,0,0,unknown,19,227,6,-1,0,unknown,0,6,summer,1.2246467991473532e-16,-1.0,-0.651372482722222,-0.7587581226927911,0,0,37.833333333333336,1.0,0,0,2,3
991,labeled,44,management,single,tertiary,0,1423,1,0,cellular,8,201,2,-1,0,unknown,0,8,summer,-0.8660254037844385,-0.5000000000000004,0.9987165071710528,-0.05064916883871264,1,0,100.5,0.25,0,0,2,3
992,labeled,42,technician,married,secondary,0,436,0,0,cellular,20,143,2,-1,0,unknown,0,8,summer,-0.8660254037844385,-0.5000000000000004,-0.7907757369376986,-0.6121059825476627,0,1,71.5,0.25,0,0,2,2
993,labeled,49,unemployed,married,primary,0,-379,1,0,unknown,27,25,1,-1,0,unknown,0,5,spring,0.49999999999999994,-0.8660254037844387,-0.72479278722912,0.6889669190756865,0,1,25.0,0.2,1,0,3,1
995,labeled,55,admin.,married,secondary,0,866,1,0,cellular,17,85,1,151,1,failure,0,4,spring,0.8660254037844387,-0.4999999999999998,-0.2993631229733582,-0.9541392564000488,0,0,85.0,0.25,0,0,4,2
996,labeled,32,blue-collar,single,secondary,0,1668,1,0,cellular,18,183,1,-1,0,unknown,0,5,spring,0.49999999999999994,-0.8660254037844387,-0.4853019625310808,-0.8743466161445822,0,0,183.0,0.2,0,0,1,3
998,labeled,34,housemaid,married,secondary,0,0,1,0,unknown,30,154,1,-1,0,unknown,1,10,autumn,-0.8660254037844386,0.5000000000000001,-0.20129852008866114,0.9795299412524943,0,1,154.0,0.1,0,0,1,1
999,labeled,35,services,single,secondary,0,1055,1,1,cellular,16,327,1,-1,0,unknown,0,4,spring,0.8660254037844387,-0.4999999999999998,-0.10116832198743204,-0.9948693233918952,0,0,327.0,0.25,1,0,2,3
1000,labeled,59,housemaid,married,secondary,0,348,0,0,unknown,9,38,1,-1,0,unknown,0,6,summer,1.2246467991473532e-16,-1.0,0.9680771188662043,-0.2506525322587204,1,0,38.0,0.16666666666666666,0,0,4,2
1001,labeled,31,services,married,secondary,0,434,1,0,unknown,17,117,3,-1,0,unknown,0,6,summer,1.2246467991473532e-16,-1.0,-0.2993631229733582,-0.9541392564000488,0,0,39.0,0.5,0,0,1,2
1002,labeled,42,management,married,tertiary,0,362,1,0,cellular,3,654,2,-1,0,unknown,1,8,summer,-0.8660254037844385,-0.5000000000000004,0.5712682150947923,0.8207634412072763,1,0,327.0,0.25,0,0,2,2
1003,labeled,43,unemployed,married,tertiary,0,59,1,0,cellular,9,48,4,-1,0,unknown,0,2,winter,0.8660254037844386,0.5000000000000001,0.9680771188662043,-0.2506525322587204,1,0,12.0,2.0,0,0,2,2
1004,labeled,26,admin.,divorced,secondary,1,5,1,0,unknown,13,181,5,-1,0,unknown,0,5,spring,0.49999999999999994,-0.8660254037844387,0.48530196253108104,-0.8743466161445821,0,0,36.2,1.0,1,0,1,2
1005,labeled,31,admin.,married,secondary,0,-4,1,0,cellular,28,37,12,-1,0,unknown,0,7,summer,-0.4999999999999997,-0.8660254037844388,-0.5712682150947924,0.8207634412072763,0,1,3.0833333333333335,1.7142857142857142,1,0,1,1
1006,labeled,29,technician,single,secondary,0,114,0,0,cellular,12,328,2,183,4,success,1,2,winter,0.8660254037844386,0.5000000000000001,0.6513724827222223,-0.758758122692791,0,0,164.0,1.0,0,0,1,2
1008,labeled,48,management,married,tertiary,0,5058,0,1,cellular,19,37,1,-1,0,unknown,0,11,autumn,-0.5000000000000004,0.8660254037844384,-0.651372482722222,-0.7587581226927911,0,0,37.0,0.09090909090909091,1,0,3,4
1010,labeled,27,admin.,single,secondary,0,17,0,1,cellular,21,177,1,-1,0,unknown,0,7,summer,-0.4999999999999997,-0.8660254037844388,-0.8978045395707417,-0.44039415155763423,0,1,177.0,0.14285714285714285,1,0,1,2
1011,labeled,45,self-employed,married,tertiary,0,337,0,0,unknown,5,87,2,-1,0,unknown,0,6,summer,1.2246467991473532e-16,-1.0,0.8486442574947509,0.5289640103269624,1,0,43.5,0.3333333333333333,0,0,3,2
1012,labeled,35,management,married,secondary,0,837,1,0,unknown,23,50,3,-1,0,unknown,0,5,spring,0.49999999999999994,-0.8660254037844387,-0.9987165071710528,-0.05064916883871355,0,1,16.666666666666668,0.6,0,0,2,2
1014,labeled,38,housemaid,married,secondary,0,-288,1,0,cellular,28,143,2,-1,0,unknown,0,7,summer,-0.4999999999999997,-0.8660254037844388,-0.5712682150947924,0.8207634412072763,0,1,71.5,0.2857142857142857,1,0,2,1
1015,labeled,50,management,single,tertiary,0,575,1,0,unknown,16,274,8,-1,0,unknown,0,5,spring,0.49999999999999994,-0.8660254037844387,-0.10116832198743204,-0.9948693233918952,0,0,34.25,1.6,0,0,3,2
1016,labeled,45,technician,married,secondary,0,45,0,0,cellular,29,65,2,-1,0,unknown,0,7,summer,-0.4999999999999997,-0.8660254037844388,-0.3943558551133187,0.9189578116202306,0,1,32.5,0.2857142857142857,0,0,3,2
1017,labeled,51,blue-collar,married,secondary,0,2241,1,0,unknown,29,619,1,-1,0,unknown,0,5,spring,0.49999999999999994,-0.8660254037844387,-0.3943558551133187,0.9189578116202306,0,1,619.0,0.2,0,0,3,3
1018,labeled,40,self-employed,married,primary,0,100,1,0,unknown,13,92,1,-1,0,unknown,0,5,spring,0.49999999999999994,-0.8660254037844387,0.48530196253108104,-0.8743466161445821,0,0,92.0,0.2,0,0,2,2
1019,labeled,47,management,divorced,tertiary,0,97,1,0,cellular,31,9,19,-1,0,unknown,0,7,summer,-0.4999999999999997,-0.8660254037844388,-2.4492935982947064e-16,1.0,0,1,0.47368421052631576,2.7142857142857144,0,0,3,2
1020,labeled,50,blue-collar,married,primary,0,5772,0,0,cellular,18,49,3,-1,0,unknown,0,11,autumn,-0.5000000000000004,0.8660254037844384,-0.4853019625310808,-0.8743466161445822,0,0,16.333333333333332,0.2727272727272727,0,0,3,4
1021,labeled,61,admin.,married,secondary,0,4615,0,0,cellular,12,212,1,-1,0,unknown,1,3,spring,1.0,6.123233995736766e-17,0.6513724827222223,-0.758758122692791,0,0,212.0,0.3333333333333333,0,0,4,3
1022,labeled,37,technician,divorced,secondary,0,22,0,0,cellular,20,289,2,-1,0,unknown,0,8,summer,-0.8660254037844385,-0.5000000000000004,-0.7907757369376986,-0.6121059825476627,0,1,144.5,0.25,0,0,2,2
1023,labeled,57,technician,married,secondary,0,16061,1,0,unknown,30,352,3,-1,0,unknown,0,5,spring,0.49999999999999994,-0.8660254037844387,-0.20129852008866114,0.9795299412524943,0,1,117.33333333333333,0.6,0,0,4,5
1024,labeled,55,retired,married,primary,0,8897,0,0,unknown,11,262,1,-1,0,unknown,0,6,summer,1.2246467991473532e-16,-1.0,0.7907757369376989,-0.6121059825476626,0,0,262.0,0.16666666666666666,0,0,4,4
1026,labeled,35,management,married,tertiary,0,2683,1,0,cellular,9,156,1,-1,0,unknown,0,7,summer,-0.4999999999999997,-0.8660254037844388,0.9680771188662043,-0.2506525322587204,1,0,156.0,0.14285714285714285,0,0,2,3
1027,labeled,56,services,married,secondary,0,-233,0,1,cellular,23,55,10,-1,0,unknown,0,7,summer,-0.4999999999999997,-0.8660254037844388,-0.9987165071710528,-0.05064916883871355,0,1,5.5,1.4285714285714286,2,0,4,1
1028,labeled,38,blue-collar,married,secondary,0,1369,1,0,cellular,11,472,2,-1,0,unknown,0,5,spring,0.49999999999999994,-0.8660254037844387,0.7907757369376989,-0.6121059825476626,0,0,236.0,0.4,0,0,2,3
1030,labeled,31,admin.,married,secondary,0,14,1,1,cellular,16,101,7,-1,0,unknown,0,7,summer,-0.4999999999999997,-0.8660254037844388,-0.10116832198743204,-0.9948693233918952,0,0,14.428571428571429,1.0,1,0,1,2
1031,labeled,52,unemployed,married,primary,0,-105,0,1,cellular,29,141,1,-1,0,unknown,0,1,winter,0.49999999999999994,0.8660254037844387,-0.3943558551133187,0.9189578116202306,0,1,141.0,1.0,2,0,3,1
1032,labeled,56,unknown,married,unknown,0,0,0,0,unknown,20,471,2,-1,0,unknown,0,6,summer,1.2246467991473532e-16,-1.0,-0.7907757369376986,-0.6121059825476627,0,1,235.5,0.3333333333333333,0,0,4,1
1035,labeled,55,self-employed,married,secondary,0,-196,1,0,unknown,20,210,2,-1,0,unknown,0,5,spring,0.49999999999999994,-0.8660254037844387,-0.7907757369376986,-0.6121059825476627,0,1,105.0,0.4,1,0,4,1
1036,labeled,41,blue-collar,married,primary,0,947,1,0,cellular,20,23,4,-1,0,unknown,0,4,spring,0.8660254037844387,-0.4999999999999998,-0.7907757369376986,-0.6121059825476627,0,1,5.75,1.0,0,0,2,2
1038,labeled,32,management,single,tertiary,0,2352,0,0,cellular,18,226,1,-1,0,unknown,0,7,summer,-0.4999999999999997,-0.8660254037844388,-0.4853019625310808,-0.8743466161445822,0,0,226.0,0.14285714285714285,0,0,1,3
1039,labeled,46,management,single,tertiary,0,2145,1,0,cellular,21,87,4,-1,0,unknown,0,7,summer,-0.4999999999999997,-0.8660254037844388,-0.8978045395707417,-0.44039415155763423,0,1,21.75,0.5714285714285714,0,0,3,3
1040,labeled,54,services,married,secondary,0,0,0,0,unknown,19,220,1,-1,0,unknown,0,6,summer,1.2246467991473532e-16,-1.0,-0.651372482722222,-0.7587581226927911,0,0,220.0,0.16666666666666666,0,0,3,1
1041,labeled,49,admin.,married,secondary,0,14435,1,0,cellular,21,60,1,-1,0,unknown,0,11,autumn,-0.5000000000000004,0.8660254037844384,-0.8978045395707417,-0.44039415155763423,0,1,60.0,0.09090909090909091,0,0,3,5
1042,labeled,39,blue-collar,married,secondary,0,281,1,1,unknown,6,209,1,-1,0,unknown,0,5,spring,0.49999999999999994,-0.8660254037844387,0.9377521321470804,0.3473052528448203,1,0,209.0,0.2,1,0,2,2
1043,labeled,48,admin.,married,secondary,0,102,0,0,cellular,18,139,5,-1,0,unknown,0,8,summer,-0.8660254037844385,-0.5000000000000004,-0.4853019625310808,-0.8743466161445822,0,0,27.8,0.625,0,0,3,2
1044,labeled,57,housemaid,married,primary,0,0,0,0,unknown,9,257,2,-1,0,unknown,0,6,summer,1.2246467991473532e-16,-1.0,0.9680771188662043,-0.2506525322587204,1,0,128.5,0.3333333333333333,0,0,4,1
1045,labeled,31,services,married,secondary,0,419,1,0,unknown,21,272,1,-1,0,unknown,0,5,spring,0.49999999999999994,-0.8660254037844387,-0.8978045395707417,-0.44039415155763423,0,1,272.0,0.2,0,0,1,2
1046,labeled,37,management,married,tertiary,0,233,0,0,cellular,3,185,1,92,1,success,1,2,winter,0.8660254037844386,0.5000000000000001,0.5712682150947923,0.8207634412072763,1,0,185.0,0.5,0,0,2,2
1047,labeled,38,blue-collar,married,primary,0,3413,1,0,unknown,20,324,5,-1,0,unknown,0,6,summer,1.2246467991473532e-16,-1.0,-0.7907757369376986,-0.6121059825476627,0,1,64.8,0.8333333333333334,0,0,2,3
1050,labeled,74,retired,divorced,secondary,0,4080,0,0,cellular,19,343,3,-1,0,unknown,1,10,autumn,-0.8660254037844386,0.5000000000000001,-0.651372482722222,-0.7587581226927911,0,0,114.33333333333333,0.3,0,0,5,3
1051,labeled,34,management,married,tertiary,0,-79,1,0,cellular,11,90,1,-1,0,unknown,0,7,summer,-0.4999999999999997,-0.8660254037844388,0.7907757369376989,-0.6121059825476626,0,0,90.0,0.14285714285714285,1,0,1,1
1052,labeled,38,admin.,married,tertiary,0,659,1,1,cellular,31,129,2,-1,0,unknown,0,7,summer,-0.4999999999999997,-0.8660254037844388,-2.4492935982947064e-16,1.0,0,1,64.5,0.2857142857142857,1,0,2,2
1053,labeled,52,technician,married,secondary,0,123,0,0,cellular,28,16,20,-1,0,unknown,0,8,summer,-0.8660254037844385,-0.5000000000000004,-0.5712682150947924,0.8207634412072763,0,1,0.8,2.5,0,0,3,2
1054,labeled,30,self-employed,married,secondary,0,1771,1,0,cellular,13,158,4,-1,0,unknown,0,4,spring,0.8660254037844387,-0.4999999999999998,0.48530196253108104,-0.8743466161445821,0,0,39.5,1.0,0,0,1,3
1055,labeled,32,management,married,tertiary,0,2353,0,0,cellular,14,134,5,-1,0,unknown,0,8,summer,-0.8660254037844385,-0.5000000000000004,0.29936312297335804,-0.9541392564000488,0,0,26.8,0.625,0,0,1,3
1056,labeled,57,blue-collar,married,primary,0,284,0,1,cellular,7,261,12,-1,0,unknown,0,7,summer,-0.4999999999999997,-0.8660254037844388,0.9884683243281114,0.1514277775045767,1,0,21.75,1.7142857142857142,1,0,4,2
1057,labeled,43,blue-collar,married,secondary,0,10900,1,0,cellular,15,66,2,-1,0,unknown,0,5,spring,0.49999999999999994,-0.8660254037844387,0.10116832198743272,-0.994869323391895,0,0,33.0,0.4,0,0,2,5
1058,labeled,46,management,single,primary,0,536,0,0,unknown,17,118,3,-1,0,unknown,0,6,summer,1.2246467991473532e-16,-1.0,-0.2993631229733582,-0.9541392564000488,0,0,39.333333333333336,0.5,0,0,3,2
1059,labeled,32,management,single,tertiary,0,2620,0,0,cellular,28,77,4,-1,0,unknown,0,8,summer,-0.8660254037844385,-0.5000000000000004,-0.5712682150947924,0.8207634412072763,0,1,19.25,0.5,0,0,1,3
1060,labeled,31,unemployed,married,tertiary,0,597,0,0,cellular,21,161,2,-1,0,unknown,0,11,autumn,-0.5000000000000004,0.8660254037844384,-0.8978045395707417,-0.44039415155763423,0,1,80.5,0.18181818181818182,0,0,1,2
1061,labeled,38,blue-collar,single,primary,0,491,1,1,unknown,25,17,1,-1,0,unknown,0,8,summer,-0.8660254037844385,-0.5000000000000004,-0.9377521321470804,0.3473052528448203,0,1,17.0,0.125,1,0,2,2
1062,labeled,53,services,married,secondary,0,4991,0,0,cellular,18,62,6,-1,0,unknown,0,8,summer,-0.8660254037844385,-0.5000000000000004,-0.4853019625310808,-0.8743466161445822,0,0,10.333333333333334,0.75,0,0,3,3
1063,labeled,56,entrepreneur,divorced,primary,0,20,0,0,cellular,29,52,2,227,1,failure,0,1,winter,0.49999999999999994,0.8660254037844387,-0.3943558551133187,0.9189578116202306,0,1,26.0,2.0,0,0,4,2
1064,labeled,51,technician,divorced,tertiary,0,0,0,0,cellular,28,84,7,-1,0,unknown,0,8,summer,-0.8660254037844385,-0.5000000000000004,-0.5712682150947924,0.8207634412072763,0,1,12.0,0.875,0,0,3,1
1066,labeled,32,services,single,secondary,0,-393,1,0,cellular,17,135,1,-1,0,unknown,0,4,spring,0.8660254037844387,-0.4999999999999998,-0.2993631229733582,-0.9541392564000488,0,0,135.0,0.25,1,0,1,1
1067,labeled,44,self-employed,divorced,secondary,0,76,1,1,unknown,14,387,2,-1,0,unknown,0,5,spring,0.49999999999999994,-0.8660254037844387,0.29936312297335804,-0.9541392564000488,0,0,193.5,0.4,1,0,2,2
1069,labeled,46,technician,single,secondary,0,834,1,0,cellular,11,196,2,-1,0,unknown,0,7,summer,-0.4999999999999997,-0.8660254037844388,0.7907757369376989,-0.6121059825476626,0,0,98.0,0.2857142857142857,0,0,3,2
1070,labeled,56,housemaid,married,tertiary,0,1921,1,0,cellular,24,247,2,-1,0,unknown,0,7,summer,-0.4999999999999997,-0.8660254037844388,-0.9884683243281114,0.15142777750457667,0,1,123.5,0.2857142857142857,0,0,4,3
1071,labeled,42,management,divorced,tertiary,0,397,1,0,cellular,24,217,9,-1,0,unknown,0,7,summer,-0.4999999999999997,-0.8660254037844388,-0.9884683243281114,0.15142777750457667,0,1,24.11111111111111,1.2857142857142858,0,0,2,2
1072,labeled,27,technician,single,secondary,0,773,1,0,unknown,9,317,2,-1,0,unknown,0,5,spring,0.49999999999999994,-0.8660254037844387,0.9680771188662043,-0.2506525322587204,1,0,158.5,0.4,0,0,1,2
1073,labeled,42,admin.,single,secondary,0,35,1,0,cellular,4,98,1,266,3,failure,0,2,winter,0.8660254037844386,0.5000000000000001,0.72479278722912,0.6889669190756866,1,0,98.0,0.5,0,0,2,2
1074,labeled,34,technician,single,tertiary,0,9847,1,0,cellular,20,128,5,-1,0,unknown,0,11,autumn,-0.5000000000000004,0.8660254037844384,-0.7907757369376986,-0.6121059825476627,0,1,25.6,0.45454545454545453,0,0,1,4
1075,labeled,38,admin.,married,primary,0,0,1,0,unknown,2,29,32,-1,0,unknown,0,6,summer,1.2246467991473532e-16,-1.0,0.39435585511331855,0.9189578116202306,1,0,0.90625,5.333333333333333,0,0,2,1
1076,labeled,56,blue-collar,married,primary,0,150,0,0,cellular,3,128,1,-1,0,unknown,0,2,winter,0.8660254037844386,0.5000000000000001,0.5712682150947923,0.8207634412072763,1,0,128.0,0.5,0,0,4,2
1078,labeled,27,admin.,married,secondary,1,-527,1,0,cellular,14,172,3,-1,0,unknown,0,7,summer,-0.4999999999999997,-0.8660254037844388,0.29936312297335804,-0.9541392564000488,0,0,57.333333333333336,0.42857142857142855,2,0,1,1
1079,labeled,55,management,married,primary,0,227,0,1,unknown,9,175,3,-1,0,unknown,0,6,summer,1.2246467991473532e-16,-1.0,0.9680771188662043,-0.2506525322587204,1,0,58.333333333333336,0.5,1,0,4,2
1080,labeled,32,services,single,secondary,0,41,1,0,cellular,20,8,3,-1,0,unknown,0,4,spring,0.8660254037844387,-0.4999999999999998,-0.7907757369376986,-0.6121059825476627,0,1,2.6666666666666665,0.75,0,0,1,2
1082,labeled,32,blue-collar,married,primary,0,331,1,0,cellular,3,321,1,-1,0,unknown,0,2,winter,0.8660254037844386,0.5000000000000001,0.5712682150947923,0.8207634412072763,1,0,321.0,0.5,0,0,1,2
1083,labeled,34,blue-collar,married,primary,0,431,1,0,cellular,18,59,2,-1,0,unknown,0,5,spring,0.49999999999999994,-0.8660254037844387,-0.4853019625310808,-0.8743466161445822,0,0,29.5,0.4,0,0,1,2
1084,labeled,60,housemaid,married,primary,0,0,0,1,telephone,22,124,1,-1,0,unknown,0,7,summer,-0.4999999999999997,-0.8660254037844388,-0.9680771188662041,-0.2506525322587213,0,1,124.0,0.14285714285714285,1,0,4,1
1085,labeled,38,housemaid,divorced,secondary,0,74,0,0,cellular,27,255,3,148,1,success,1,10,autumn,-0.8660254037844386,0.5000000000000001,-0.72479278722912,0.6889669190756865,0,1,85.0,0.3,0,0,2,2
1086,labeled,57,retired,married,secondary,0,108,0,0,cellular,14,85,2,-1,0,unknown,0,7,summer,-0.4999999999999997,-0.8660254037844388,0.29936312297335804,-0.9541392564000488,0,0,42.5,0.2857142857142857,0,0,4,2
1087,labeled,36,self-employed,married,tertiary,0,16420,1,0,unknown,6,197,3,-1,0,unknown,0,6,summer,1.2246467991473532e-16,-1.0,0.9377521321470804,0.3473052528448203,1,0,65.66666666666667,0.5,0,0,2,5
1088,labeled,38,management,single,tertiary,0,113,1,0,cellular,6,606,3,-1,0,unknown,1,5,spring,0.49999999999999994,-0.8660254037844387,0.9377521321470804,0.3473052528448203,1,0,202.0,0.6,0,0,2,2
1090,labeled,54,services,married,secondary,0,382,1,0,cellular,2,155,2,-1,0,unknown,0,8,summer,-0.8660254037844385,-0.5000000000000004,0.39435585511331855,0.9189578116202306,1,0,77.5,0.25,0,0,3,2
1091,labeled,31,technician,married,secondary,0,650,0,0,cellular,22,115,1,-1,0,unknown,0,6,summer,1.2246467991473532e-16,-1.0,-0.9680771188662041,-0.2506525322587213,0,1,115.0,0.16666666666666666,0,0,1,2
1092,labeled,44,management,married,secondary,0,-666,0,0,cellular,30,342,3,-1,0,unknown,0,7,summer,-0.4999999999999997,-0.8660254037844388,-0.20129852008866114,0.9795299412524943,0,1,114.0,0.42857142857142855,1,0,2,1
1094,labeled,55,management,married,tertiary,0,0,1,0,unknown,14,159,2,-1,0,unknown,0,5,spring,0.49999999999999994,-0.8660254037844387,0.29936312297335804,-0.9541392564000488,0,0,79.5,0.4,0,0,4,1
1095,labeled,53,services,divorced,secondary,0,756,1,0,cellular,14,959,3,174,7,other,1,5,spring,0.49999999999999994,-0.8660254037844387,0.29936312297335804,-0.9541392564000488,0,0,319.6666666666667,0.6,0,0,3,2
1096,labeled,55,technician,married,secondary,1,-317,0,0,cellular,2,781,1,-1,0,unknown,1,2,winter,0.8660254037844386,0.5000000000000001,0.39435585511331855,0.9189578116202306,1,0,781.0,0.5,2,0,4,1
1097,labeled,59,housemaid,married,primary,0,230,0,0,cellular,13,119,2,-1,0,unknown,0,8,summer,-0.8660254037844385,-0.5000000000000004,0.48530196253108104,-0.8743466161445821,0,0,59.5,0.25,0,0,4,2
1098,labeled,33,technician,married,tertiary,0,-982,1,1,cellular,15,83,3,-1,0,unknown,0,7,summer,-0.4999999999999997,-0.8660254037844388,0.10116832198743272,-0.994869323391895,0,0,27.666666666666668,0.42857142857142855,2,0,1,1
1099,labeled,52,services,married,secondary,0,-887,0,0,cellular,16,135,1,-1,0,unknown,0,7,summer,-0.4999999999999997,-0.8660254037844388,-0.10116832198743204,-0.9948693233918952,0,0,135.0,0.14285714285714285,1,0,3,1
1100,labeled,57,blue-collar,married,primary,0,5432,1,1,unknown,6,383,1,-1,0,unknown,0,5,spring,0.49999999999999994,-0.8660254037844387,0.9377521321470804,0.3473052528448203,1,0,383.0,0.2,1,0,4,4
1101,labeled,44,admin.,married,secondary,0,199,0,0,cellular,3,289,1,-1,0,unknown,1,11,autumn,-0.5000000000000004,0.8660254037844384,0.5712682150947923,0.8207634412072763,1,0,289.0,0.09090909090909091,0,0,2,2
1103,labeled,34,technician,married,tertiary,0,553,1,1,cellular,18,58,2,-1,0,unknown,0,11,autumn,-0.5000000000000004,0.8660254037844384,-0.4853019625310808,-0.8743466161445822,0,0,29.0,0.18181818181818182,1,0,1,2
1104,labeled,35,technician,single,secondary,0,-44,0,0,unknown,2,134,2,-1,0,unknown,0,7,summer,-0.4999999999999997,-0.8660254037844388,0.39435585511331855,0.9189578116202306,1,0,67.0,0.2857142857142857,1,0,2,1
1105,labeled,27,blue-collar,single,secondary,0,14,0,0,unknown,14,72,2,-1,0,unknown,0,5,spring,0.49999999999999994,-0.8660254037844387,0.29936312297335804,-0.9541392564000488,0,0,36.0,0.4,0,0,1,2
1106,labeled,58,services,divorced,secondary,0,460,0,0,cellular,13,495,1,93,1,success,1,11,autumn,-0.5000000000000004,0.8660254037844384,0.48530196253108104,-0.8743466161445821,0,0,495.0,0.09090909090909091,0,0,4,2
1107,labeled,28,technician,single,secondary,0,764,1,0,cellular,15,153,1,371,2,failure,0,5,spring,0.49999999999999994,-0.8660254037844387,0.10116832198743272,-0.994869323391895,0,0,153.0,0.2,0,0,1,2
1108,labeled,59,retired,married,primary,0,0,1,0,unknown,26,104,7,-1,0,unknown,0,5,spring,0.49999999999999994,-0.8660254037844387,-0.8486442574947509,0.5289640103269624,0,1,14.857142857142858,1.4,0,0,4,1
1109,labeled,33,unemployed,married,secondary,0,10,1,0,cellular,16,132,1,-1,0,unknown,0,7,summer,-0.4999999999999997,-0.8660254037844388,-0.10116832198743204,-0.9948693233918952,0,0,132.0,0.14285714285714285,0,0,1,2
1110,labeled,52,management,married,tertiary,0,6923,0,0,cellular,20,371,1,-1,0,unknown,0,11,autumn,-0.5000000000000004,0.8660254037844384,-0.7907757369376986,-0.6121059825476627,0,1,371.0,0.09090909090909091,0,0,3,4
1111,labeled,36,unemployed,married,secondary,0,-135,1,0,cellular,29,121,3,-1,0,unknown,0,7,summer,-0.4999999999999997,-0.8660254037844388,-0.3943558551133187,0.9189578116202306,0,1,40.333333333333336,0.42857142857142855,1,0,2,1
1112,labeled,60,retired,divorced,secondary,0,593,0,1,cellular,8,96,1,-1,0,unknown,0,7,summer,-0.4999999999999997,-0.8660254037844388,0.9987165071710528,-0.05064916883871264,1,0,96.0,0.14285714285714285,1,0,4,2
1113,labeled,34,services,married,secondary,0,0,1,0,cellular,14,78,4,-1,0,unknown,0,7,summer,-0.4999999999999997,-0.8660254037844388,0.29936312297335804,-0.9541392564000488,0,0,19.5,0.5714285714285714,0,0,1,1
1114,labeled,56,technician,married,secondary,0,4056,0,1,telephone,28,31,4,-1,0,unknown,0,7,summer,-0.4999999999999997,-0.8660254037844388,-0.5712682150947924,0.8207634412072763,0,1,7.75,0.5714285714285714,1,0,4,3
1115,labeled,27,blue-collar,single,primary,0,-181,1,0,cellular,15,54,2,-1,0,unknown,0,5,spring,0.49999999999999994,-0.8660254037844387,0.10116832198743272,-0.994869323391895,0,0,27.0,0.4,1,0,1,1
1117,labeled,38,self-employed,married,secondary,0,754,0,0,unknown,20,256,3,-1,0,unknown,0,6,summer,1.2246467991473532e-16,-1.0,-0.7907757369376986,-0.6121059825476627,0,1,85.33333333333333,0.5,0,0,2,2
1119,labeled,55,technician,married,secondary,0,276,1,0,cellular,29,84,3,183,3,failure,0,1,winter,0.49999999999999994,0.8660254037844387,-0.3943558551133187,0.9189578116202306,0,1,28.0,3.0,0,0,4,2
1121,labeled,40,technician,married,secondary,0,982,1,0,cellular,6,252,3,-1,0,unknown,0,2,winter,0.8660254037844386,0.5000000000000001,0.9377521321470804,0.3473052528448203,1,0,84.0,1.5,0,0,2,2
1123,labeled,41,blue-collar,married,primary,0,177,1,0,cellular,18,187,3,-1,0,unknown,0,11,autumn,-0.5000000000000004,0.8660254037844384,-0.4853019625310808,-0.8743466161445822,0,0,62.333333333333336,0.2727272727272727,0,0,2,2
1124,labeled,44,blue-collar,married,primary,0,878,1,0,cellular,12,165,2,363,1,failure,0,5,spring,0.49999999999999994,-0.8660254037844387,0.6513724827222223,-0.758758122692791,0,0,82.5,0.4,0,0,2,2
1125,labeled,42,technician,married,secondary,0,448,1,0,cellular,3,13,5,-1,0,unknown,0,2,winter,0.8660254037844386,0.5000000000000001,0.5712682150947923,0.8207634412072763,1,0,2.6,2.5,0,0,2,2
1126,labeled,48,unemployed,married,primary,0,5459,0,0,unknown,6,29,4,-1,0,unknown,0,6,summer,1.2246467991473532e-16,-1.0,0.9377521321470804,0.3473052528448203,1,0,7.25,0.6666666666666666,0,0,3,4
1128,labeled,35,unknown,married,primary,0,371,0,0,cellular,29,41,2,-1,0,unknown,0,8,summer,-0.8660254037844385,-0.5000000000000004,-0.3943558551133187,0.9189578116202306,0,1,20.5,0.25,0,0,2,2
1131,labeled,42,blue-collar,single,primary,0,1634,1,0,cellular,5,119,1,195,8,success,0,2,winter,0.8660254037844386,0.5000000000000001,0.8486442574947509,0.5289640103269624,1,0,119.0,0.5,0,0,2,3
1132,labeled,31,management,single,tertiary,0,1497,0,0,cellular,13,275,12,-1,0,unknown,0,8,summer,-0.8660254037844385,-0.5000000000000004,0.48530196253108104,-0.8743466161445821,0,0,22.916666666666668,1.5,0,0,1,3
1135,labeled,30,admin.,married,secondary,0,0,0,0,cellular,15,127,5,-1,0,unknown,0,7,summer,-0.4999999999999997,-0.8660254037844388,0.10116832198743272,-0.994869323391895,0,0,25.4,0.7142857142857143,0,0,1,1
1136,labeled,31,admin.,married,secondary,0,239,1,1,telephone,4,211,3,-1,0,unknown,0,5,spring,0.49999999999999994,-0.8660254037844387,0.72479278722912,0.6889669190756866,1,0,70.33333333333333,0.6,1,0,1,2
1137,labeled,35,management,married,tertiary,0,367,0,0,cellular,21,168,2,-1,0,unknown,0,11,autumn,-0.5000000000000004,0.8660254037844384,-0.8978045395707417,-0.44039415155763423,0,1,84.0,0.18181818181818182,0,0,2,2
1138,labeled,32,blue-collar,married,secondary,0,3523,1,0,unknown,20,226,2,-1,0,unknown,0,5,spring,0.49999999999999994,-0.8660254037844387,-0.7907757369376986,-0.6121059825476627,0,1,113.0,0.4,0,0,1,3
1139,labeled,55,blue-collar,single,primary,0,1189,1,0,unknown,2,193,2,-1,0,unknown,0,6,summer,1.2246467991473532e-16,-1.0,0.39435585511331855,0.9189578116202306,1,0,96.5,0.3333333333333333,0,0,4,3
1141,labeled,26,blue-collar,married,secondary,0,107,1,0,unknown,4,46,3,-1,0,unknown,0,7,summer,-0.4999999999999997,-0.8660254037844388,0.72479278722912,0.6889669190756866,1,0,15.333333333333334,0.42857142857142855,0,0,1,2
1142,labeled,45,blue-collar,married,primary,0,2121,1,0,unknown,19,149,4,-1,0,unknown,0,5,spring,0.49999999999999994,-0.8660254037844387,-0.651372482722222,-0.7587581226927911,0,0,37.25,0.8,0,0,3,3
1144,labeled,57,technician,married,secondary,0,6171,0,0,cellular,19,161,2,-1,0,unknown,0,11,autumn,-0.5000000000000004,0.8660254037844384,-0.651372482722222,-0.7587581226927911,0,0,80.5,0.18181818181818182,0,0,4,4
1145,labeled,46,management,single,tertiary,0,329,1,0,telephone,4,36,6,90,2,other,0,5,spring,0.49999999999999994,-0.8660254037844387,0.72479278722912,0.6889669190756866,1,0,6.0,1.2,0,0,3,2
1146,labeled,46,management,divorced,tertiary,0,616,0,0,cellular,17,336,2,183,2,success,1,9,autumn,-1.0,-1.8369701987210297e-16,-0.2993631229733582,-0.9541392564000488,0,0,168.0,0.2222222222222222,0,0,3,2
1148,labeled,31,services,single,secondary,0,471,1,0,cellular,20,106,2,183,2,failure,0,11,autumn,-0.5000000000000004,0.8660254037844384,-0.7907757369376986,-0.6121059825476627,0,1,53.0,0.18181818181818182,0,0,1,2
1149,labeled,46,management,divorced,tertiary,0,25,0,0,unknown,26,103,2,-1,0,unknown,0,5,spring,0.49999999999999994,-0.8660254037844387,-0.8486442574947509,0.5289640103269624,0,1,51.5,0.4,0,0,3,2
1151,labeled,42,services,married,secondary,0,3619,1,0,unknown,27,22,16,-1,0,unknown,0,5,spring,0.49999999999999994,-0.8660254037844387,-0.72479278722912,0.6889669190756865,0,1,1.375,3.2,0,0,2,3
1153,labeled,26,unemployed,single,secondary,0,626,0,0,cellular,28,1451,2,-1,0,unknown,1,1,winter,0.49999999999999994,0.8660254037844387,-0.5712682150947924,0.8207634412072763,0,1,725.5,2.0,0,0,1,2
1154,labeled,57,housemaid,married,primary,0,43,0,0,cellular,18,89,3,-1,0,unknown,0,8,summer,-0.8660254037844385,-0.5000000000000004,-0.4853019625310808,-0.8743466161445822,0,0,29.666666666666668,0.375,0,0,4,2
1155,labeled,34,technician,married,secondary,0,0,1,0,cellular,15,144,1,-1,0,unknown,0,7,summer,-0.4999999999999997,-0.8660254037844388,0.10116832198743272,-0.994869323391895,0,0,144.0,0.14285714285714285,0,0,1,1
1156,labeled,45,blue-collar,married,primary,0,2431,0,0,cellular,6,133,2,-1,0,unknown,0,8,summer,-0.8660254037844385,-0.5000000000000004,0.9377521321470804,0.3473052528448203,1,0,66.5,0.25,0,0,3,3
1157,labeled,42,blue-collar,single,secondary,0,1074,1,1,cellular,13,951,3,370,4,failure,1,5,spring,0.49999999999999994,-0.8660254037844387,0.48530196253108104,-0.8743466161445821,0,0,317.0,0.6,1,0,2,3
1158,labeled,23,blue-collar,single,primary,0,8620,1,0,unknown,3,281,1,-1,0,unknown,0,6,summer,1.2246467991473532e-16,-1.0,0.5712682150947923,0.8207634412072763,1,0,281.0,0.16666666666666666,0,0,0,4
1159,labeled,34,blue-collar,married,secondary,0,-554,1,0,unknown,26,252,1,-1,0,unknown,0,5,spring,0.49999999999999994,-0.8660254037844387,-0.8486442574947509,0.5289640103269624,0,1,252.0,0.2,1,0,1,1
1160,labeled,44,management,married,tertiary,0,325,1,0,cellular,23,497,5,-1,0,unknown,0,7,summer,-0.4999999999999997,-0.8660254037844388,-0.9987165071710528,-0.05064916883871355,0,1,99.4,0.7142857142857143,0,0,2,2
1161,labeled,60,management,married,tertiary,0,759,0,0,cellular,14,136,2,-1,0,unknown,0,8,summer,-0.8660254037844385,-0.5000000000000004,0.29936312297335804,-0.9541392564000488,0,0,68.0,0.25,0,0,4,2
1162,labeled,48,blue-collar,single,secondary,0,-557,0,1,cellular,21,150,2,-1,0,unknown,0,11,autumn,-0.5000000000000004,0.8660254037844384,-0.8978045395707417,-0.44039415155763423,0,1,75.0,0.18181818181818182,2,0,3,1
1165,labeled,44,entrepreneur,married,tertiary,0,0,1,0,unknown,9,300,1,-1,0,unknown,0,7,summer,-0.4999999999999997,-0.8660254037844388,0.9680771188662043,-0.2506525322587204,1,0,300.0,0.14285714285714285,0,0,2,1
1166,labeled,35,housemaid,married,primary,0,0,1,0,cellular,14,340,3,-1,0,unknown,0,7,summer,-0.4999999999999997,-0.8660254037844388,0.29936312297335804,-0.9541392564000488,0,0,113.33333333333333,0.42857142857142855,0,0,2,1
1167,labeled,33,services,married,primary,0,0,1,0,cellular,18,351,2,-1,0,unknown,0,7,summer,-0.4999999999999997,-0.8660254037844388,-0.4853019625310808,-0.8743466161445822,0,0,175.5,0.2857142857142857,0,0,1,1
1168,labeled,53,admin.,single,secondary,0,2393,1,0,cellular,2,317,1,180,2,failure,1,8,summer,-0.8660254037844385,-0.5000000000000004,0.39435585511331855,0.9189578116202306,1,0,317.0,0.125,0,0,3,3
1169,labeled,43,technician,married,secondary,0,145,0,0,cellular,25,363,7,-1,0,unknown,1,8,summer,-0.8660254037844385,-0.5000000000000004,-0.9377521321470804,0.3473052528448203,0,1,51.857142857142854,0.875,0,0,2,2
1170,labeled,28,admin.,married,secondary,0,931,1,0,unknown,4,53,2,-1,0,unknown,0,7,summer,-0.4999999999999997,-0.8660254037844388,0.72479278722912,0.6889669190756866,1,0,26.5,0.2857142857142857,0,0,1,2
1172,labeled,24,services,married,tertiary,0,0,1,0,unknown,27,299,1,-1,0,unknown,0,5,spring,0.49999999999999994,-0.8660254037844387,-0.72479278722912,0.6889669190756865,0,1,299.0,0.2,0,0,0,1
1174,labeled,35,technician,single,tertiary,0,7555,1,0,cellular,28,137,1,122,3,failure,0,12,winter,-2.4492935982947064e-16,1.0,-0.5712682150947924,0.8207634412072763,0,1,137.0,0.08333333333333333,0,0,2,4
1175,labeled,37,admin.,married,secondary,0,1131,0,1,unknown,28,138,1,-1,0,unknown,0,5,spring,0.49999999999999994,-0.8660254037844387,-0.5712682150947924,0.8207634412072763,0,1,138.0,0.2,1,0,2,3
1176,labeled,31,technician,single,secondary,0,2540,0,0,cellular,15,252,1,184,3,success,1,7,summer,-0.4999999999999997,-0.8660254037844388,0.10116832198743272,-0.994869323391895,0,0,252.0,0.14285714285714285,0,0,1,3
1177,labeled,36,technician,single,secondary,0,9148,1,0,cellular,13,141,3,-1,0,unknown,0,8,summer,-0.8660254037844385,-0.5000000000000004,0.48530196253108104,-0.8743466161445821,0,0,47.0,0.375,0,0,2,4
1178,labeled,47,blue-collar,married,secondary,0,1237,1,0,cellular,30,412,1,169,1,success,1,4,spring,0.8660254037844387,-0.4999999999999998,-0.20129852008866114,0.9795299412524943,0,1,412.0,0.25,0,0,3,3
1179,labeled,33,technician,married,secondary,0,6699,0,0,cellular,9,425,1,462,1,failure,0,11,autumn,-0.5000000000000004,0.8660254037844384,0.9680771188662043,-0.2506525322587204,1,0,425.0,0.09090909090909091,0,0,1,4
1181,labeled,30,management,single,tertiary,0,4206,0,0,cellular,25,142,4,-1,0,unknown,0,8,summer,-0.8660254037844385,-0.5000000000000004,-0.9377521321470804,0.3473052528448203,0,1,35.5,0.5,0,0,1,3
1182,labeled,41,services,divorced,secondary,0,662,1,0,cellular,13,139,2,-1,0,unknown,0,5,spring,0.49999999999999994,-0.8660254037844387,0.48530196253108104,-0.8743466161445821,0,0,69.5,0.4,0,0,2,2
1183,labeled,47,management,married,tertiary,0,6644,1,0,cellular,17,174,2,-1,0,unknown,0,4,spring,0.8660254037844387,-0.4999999999999998,-0.2993631229733582,-0.9541392564000488,0,0,87.0,0.5,0,0,3,4
1184,labeled,58,blue-collar,divorced,primary,0,8226,1,0,cellular,31,124,10,-1,0,unknown,0,7,summer,-0.4999999999999997,-0.8660254037844388,-2.4492935982947064e-16,1.0,0,1,12.4,1.4285714285714286,0,0,4,4
1185,labeled,46,technician,married,secondary,0,404,0,1,cellular,21,162,5,-1,0,unknown,0,11,autumn,-0.5000000000000004,0.8660254037844384,-0.8978045395707417,-0.44039415155763423,0,1,32.4,0.45454545454545453,1,0,3,2
1186,labeled,49,unemployed,married,tertiary,0,376,0,0,cellular,22,158,1,59,2,failure,0,5,spring,0.49999999999999994,-0.8660254037844387,-0.9680771188662041,-0.2506525322587213,0,1,158.0,0.2,0,0,3,2
1188,labeled,44,blue-collar,married,secondary,0,1072,1,0,cellular,11,143,3,357,1,failure,0,5,spring,0.49999999999999994,-0.8660254037844387,0.7907757369376989,-0.6121059825476626,0,0,47.666666666666664,0.6,0,0,2,3
1189,labeled,47,management,married,tertiary,0,1893,0,0,cellular,8,161,1,-1,0,unknown,0,7,summer,-0.4999999999999997,-0.8660254037844388,0.9987165071710528,-0.05064916883871264,1,0,161.0,0.14285714285714285,0,0,3,3
1190,labeled,38,blue-collar,single,secondary,0,587,1,0,unknown,21,112,2,-1,0,unknown,0,5,spring,0.49999999999999994,-0.8660254037844387,-0.8978045395707417,-0.44039415155763423,0,1,56.0,0.4,0,0,2,2
1191,labeled,30,management,single,tertiary,0,146,1,0,unknown,3,220,2,-1,0,unknown,0,6,summer,1.2246467991473532e-16,-1.0,0.5712682150947923,0.8207634412072763,1,0,110.0,0.3333333333333333,0,0,1,2
1192,labeled,22,student,single,unknown,0,48,0,0,cellular,3,69,3,-1,0,unknown,0,7,summer,-0.4999999999999997,-0.8660254037844388,0.5712682150947923,0.8207634412072763,1,0,23.0,0.42857142857142855,0,0,0,2
1193,labeled,42,admin.,single,secondary,0,1013,1,0,unknown,5,146,2,-1,0,unknown,0,5,spring,0.49999999999999994,-0.8660254037844387,0.8486442574947509,0.5289640103269624,1,0,73.0,0.4,0,0,2,3
1195,labeled,61,admin.,married,unknown,0,4633,1,0,cellular,27,181,1,92,1,success,1,1,winter,0.49999999999999994,0.8660254037844387,-0.72479278722912,0.6889669190756865,0,1,181.0,1.0,0,0,4,3
1196,labeled,34,entrepreneur,married,secondary,0,4651,1,0,unknown,30,28,1,-1,0,unknown,0,8,summer,-0.8660254037844385,-0.5000000000000004,-0.20129852008866114,0.9795299412524943,0,1,28.0,0.125,0,0,1,3
1197,labeled,37,admin.,single,secondary,0,783,0,0,cellular,20,75,1,-1,0,unknown,0,8,summer,-0.8660254037844385,-0.5000000000000004,-0.7907757369376986,-0.6121059825476627,0,1,75.0,0.125,0,0,2,2
1198,labeled,31,technician,married,secondary,0,3702,1,0,cellular,20,129,1,-1,0,unknown,0,11,autumn,-0.5000000000000004,0.8660254037844384,-0.7907757369376986,-0.6121059825476627,0,1,129.0,0.09090909090909091,0,0,1,3
1199,labeled,55,management,married,unknown,0,561,0,0,cellular,28,271,2,-1,0,unknown,0,1,winter,0.49999999999999994,0.8660254037844387,-0.5712682150947924,0.8207634412072763,0,1,135.5,2.0,0,0,4,2
1200,labeled,39,services,married,secondary,0,115,1,0,cellular,31,81,5,-1,0,unknown,0,7,summer,-0.4999999999999997,-0.8660254037844388,-2.4492935982947064e-16,1.0,0,1,16.2,0.7142857142857143,0,0,2,2
1201,labeled,29,services,married,secondary,0,51,1,0,telephone,21,342,9,-1,0,unknown,0,7,summer,-0.4999999999999997,-0.8660254037844388,-0.8978045395707417,-0.44039415155763423,0,1,38.0,1.2857142857142858,0,0,1,2
1202,labeled,48,management,divorced,tertiary,0,549,1,0,cellular,14,72,1,363,2,other,0,5,spring,0.49999999999999994,-0.8660254037844387,0.29936312297335804,-0.9541392564000488,0,0,72.0,0.2,0,0,3,2
1203,labeled,51,management,married,tertiary,0,-896,1,1,cellular,14,248,2,-1,0,unknown,0,8,summer,-0.8660254037844385,-0.5000000000000004,0.29936312297335804,-0.9541392564000488,0,0,124.0,0.25,2,0,3,1
1204,labeled,33,blue-collar,married,primary,0,-190,0,0,unknown,20,9,1,-1,0,unknown,0,9,autumn,-1.0,-1.8369701987210297e-16,-0.7907757369376986,-0.6121059825476627,0,1,9.0,0.1111111111111111,1,0,1,1
1205,labeled,32,management,married,tertiary,0,1671,1,0,cellular,18,164,2,179,3,failure,0,11,autumn,-0.5000000000000004,0.8660254037844384,-0.4853019625310808,-0.8743466161445822,0,0,82.0,0.18181818181818182,0,0,1,3
1208,labeled,33,blue-collar,married,secondary,0,633,1,0,unknown,28,410,1,-1,0,unknown,0,5,spring,0.49999999999999994,-0.8660254037844387,-0.5712682150947924,0.8207634412072763,0,1,410.0,0.2,0,0,1,2
1209,labeled,46,self-employed,married,tertiary,0,1154,0,0,telephone,29,104,2,-1,0,unknown,0,7,summer,-0.4999999999999997,-0.8660254037844388,-0.3943558551133187,0.9189578116202306,0,1,52.0,0.2857142857142857,0,0,3,3
1210,labeled,59,blue-collar,divorced,secondary,0,3566,0,0,cellular,15,44,1,-1,0,unknown,0,5,spring,0.49999999999999994,-0.8660254037844387,0.10116832198743272,-0.994869323391895,0,0,44.0,0.2,0,0,4,3
1211,labeled,59,admin.,divorced,secondary,0,981,1,0,unknown,15,263,4,-1,0,unknown,0,5,spring,0.49999999999999994,-0.8660254037844387,0.10116832198743272,-0.994869323391895,0,0,65.75,0.8,0,0,4,2
1214,labeled,35,blue-collar,married,secondary,0,6407,1,1,cellular,30,144,1,266,2,failure,0,1,winter,0.49999999999999994,0.8660254037844387,-0.20129852008866114,0.9795299412524943,0,1,144.0,1.0,1,0,2,4
1215,labeled,40,entrepreneur,married,tertiary,0,1738,1,0,cellular,12,85,1,-1,0,unknown,0,5,spring,0.49999999999999994,-0.8660254037844387,0.6513724827222223,-0.758758122692791,0,0,85.0,0.2,0,0,2,3
1216,labeled,31,blue-collar,married,secondary,0,-50,1,0,unknown,2,184,1,-1,0,unknown,0,6,summer,1.2246467991473532e-16,-1.0,0.39435585511331855,0.9189578116202306,1,0,184.0,0.16666666666666666,1,0,1,1
1217,labeled,42,services,married,tertiary,0,12224,1,0,cellular,19,36,1,-1,0,unknown,0,11,autumn,-0.5000000000000004,0.8660254037844384,-0.651372482722222,-0.7587581226927911,0,0,36.0,0.09090909090909091,0,0,2,5
1218,labeled,40,technician,married,secondary,0,0,1,1,cellular,26,105,2,172,1,failure,0,7,summer,-0.4999999999999997,-0.8660254037844388,-0.8486442574947509,0.5289640103269624,0,1,52.5,0.2857142857142857,1,0,2,1
1219,labeled,52,unemployed,married,primary,0,248,0,1,cellular,10,374,3,-1,0,unknown,0,7,summer,-0.4999999999999997,-0.8660254037844388,0.8978045395707416,-0.4403941515576344,1,0,124.66666666666667,0.42857142857142855,1,0,3,2
1220,labeled,53,management,married,tertiary,0,13,0,0,unknown,20,19,6,-1,0,unknown,0,6,summer,1.2246467991473532e-16,-1.0,-0.7907757369376986,-0.6121059825476627,0,1,3.1666666666666665,1.0,0,0,3,2
1221,labeled,26,admin.,single,secondary,0,793,0,0,cellular,30,77,1,2,2,other,0,1,winter,0.49999999999999994,0.8660254037844387,-0.20129852008866114,0.9795299412524943,0,1,77.0,1.0,0,0,1,2
1223,labeled,36,blue-collar,married,primary,0,1180,0,0,cellular,15,330,1,311,4,success,1,4,spring,0.8660254037844387,-0.4999999999999998,0.10116832198743272,-0.994869323391895,0,0,330.0,0.25,0,0,2,3
1224,labeled,39,blue-collar,married,secondary,0,288,1,0,unknown,23,160,3,-1,0,unknown,0,5,spring,0.49999999999999994,-0.8660254037844387,-0.9987165071710528,-0.05064916883871355,0,1,53.333333333333336,0.6,0,0,2,2
1225,labeled,51,blue-collar,married,primary,0,37,1,0,cellular,13,79,1,370,1,failure,0,5,spring,0.49999999999999994,-0.8660254037844387,0.48530196253108104,-0.8743466161445821,0,0,79.0,0.2,0,0,3,2
1227,labeled,42,admin.,single,secondary,0,249,1,0,unknown,14,46,5,-1,0,unknown,0,5,spring,0.49999999999999994,-0.8660254037844387,0.29936312297335804,-0.9541392564000488,0,0,9.2,1.0,0,0,2,2
1228,labeled,37,blue-collar,single,primary,0,6968,1,0,unknown,20,412,1,-1,0,unknown,0,5,spring,0.49999999999999994,-0.8660254037844387,-0.7907757369376986,-0.6121059825476627,0,1,412.0,0.2,0,0,2,4
1229,labeled,53,technician,married,secondary,0,203,0,0,cellular,26,87,6,-1,0,unknown,0,8,summer,-0.8660254037844385,-0.5000000000000004,-0.8486442574947509,0.5289640103269624,0,1,14.5,0.75,0,0,3,2
1231,labeled,33,management,married,tertiary,0,752,1,0,cellular,11,104,4,-1,0,unknown,0,8,summer,-0.8660254037844385,-0.5000000000000004,0.7907757369376989,-0.6121059825476626,0,0,26.0,0.5,0,0,1,2
1232,labeled,43,unemployed,married,secondary,0,3522,0,0,cellular,5,169,2,-1,0,unknown,0,2,winter,0.8660254037844386,0.5000000000000001,0.8486442574947509,0.5289640103269624,1,0,84.5,1.0,0,0,2,3
1233,labeled,55,blue-collar,married,primary,0,4104,0,0,cellular,19,291,1,-1,0,unknown,0,11,autumn,-0.5000000000000004,0.8660254037844384,-0.651372482722222,-0.7587581226927911,0,0,291.0,0.09090909090909091,0,0,4,3
1234,labeled,46,blue-collar,married,secondary,0,-209,1,0,cellular,28,404,3,-1,0,unknown,0,7,summer,-0.4999999999999997,-0.8660254037844388,-0.5712682150947924,0.8207634412072763,0,1,134.66666666666666,0.42857142857142855,1,0,3,1
1236,labeled,26,services,single,secondary,0,56,1,0,cellular,12,153,1,-1,0,unknown,0,8,summer,-0.8660254037844385,-0.5000000000000004,0.6513724827222223,-0.758758122692791,0,0,153.0,0.125,0,0,1,2
1237,labeled,47,services,married,secondary,0,397,0,1,cellular,8,994,2,-1,0,unknown,1,8,summer,-0.8660254037844385,-0.5000000000000004,0.9987165071710528,-0.05064916883871264,1,0,497.0,0.25,1,0,3,2
1238,labeled,43,blue-collar,married,primary,0,-106,1,1,cellular,12,112,2,330,3,other,0,5,spring,0.49999999999999994,-0.8660254037844387,0.6513724827222223,-0.758758122692791,0,0,56.0,0.4,2,0,2,1
1239,labeled,30,unemployed,married,secondary,0,150,1,0,unknown,20,350,4,-1,0,unknown,0,5,spring,0.49999999999999994,-0.8660254037844387,-0.7907757369376986,-0.6121059825476627,0,1,87.5,0.8,0,0,1,2
1242,labeled,44,management,married,tertiary,0,721,1,0,cellular,17,157,2,172,1,failure,0,11,autumn,-0.5000000000000004,0.8660254037844384,-0.2993631229733582,-0.9541392564000488,0,0,78.5,0.18181818181818182,0,0,2,2
1243,labeled,41,technician,married,secondary,0,76,1,0,cellular,7,56,1,-1,0,unknown,0,5,spring,0.49999999999999994,-0.8660254037844387,0.9884683243281114,0.1514277775045767,1,0,56.0,0.2,0,0,2,2
1244,labeled,43,management,married,secondary,0,17551,0,0,cellular,26,14,14,-1,0,unknown,0,8,summer,-0.8660254037844385,-0.5000000000000004,-0.8486442574947509,0.5289640103269624,0,1,1.0,1.75,0,0,2,5
1245,labeled,36,management,divorced,tertiary,0,3610,1,0,unknown,4,347,3,-1,0,unknown,0,6,summer,1.2246467991473532e-16,-1.0,0.72479278722912,0.6889669190756866,1,0,115.66666666666667,0.5,0,0,2,3
1246,labeled,58,management,married,secondary,0,106,0,0,telephone,24,58,2,-1,0,unknown,0,3,spring,1.0,6.123233995736766e-17,-0.9884683243281114,0.15142777750457667,0,1,29.0,0.6666666666666666,0,0,4,2
1247,labeled,37,housemaid,divorced,secondary,0,1047,1,0,cellular,13,199,1,173,2,failure,0,5,spring,0.49999999999999994,-0.8660254037844387,0.48530196253108104,-0.8743466161445821,0,0,199.0,0.2,0,0,2,3
1248,labeled,33,services,married,secondary,0,0,1,0,telephone,22,44,8,-1,0,unknown,0,7,summer,-0.4999999999999997,-0.8660254037844388,-0.9680771188662041,-0.2506525322587213,0,1,5.5,1.1428571428571428,0,0,1,1
1249,labeled,36,management,divorced,tertiary,0,5199,1,0,unknown,2,55,25,-1,0,unknown,0,6,summer,1.2246467991473532e-16,-1.0,0.39435585511331855,0.9189578116202306,1,0,2.2,4.166666666666667,0,0,2,4
1250,labeled,53,retired,divorced,secondary,1,-208,0,1,unknown,6,161,1,-1,0,unknown,0,6,summer,1.2246467991473532e-16,-1.0,0.9377521321470804,0.3473052528448203,1,0,161.0,0.16666666666666666,3,0,3,1
1251,labeled,40,admin.,single,secondary,0,263,1,0,unknown,6,231,1,-1,0,unknown,0,5,spring,0.49999999999999994,-0.8660254037844387,0.9377521321470804,0.3473052528448203,1,0,231.0,0.2,0,0,2,2
1252,labeled,56,management,married,tertiary,0,326,0,1,telephone,9,246,3,-1,0,unknown,0,7,summer,-0.4999999999999997,-0.8660254037844388,0.9680771188662043,-0.2506525322587204,1,0,82.0,0.42857142857142855,1,0,4,2
1253,labeled,34,admin.,single,secondary,0,12,0,1,cellular,18,162,1,173,3,failure,0,11,autumn,-0.5000000000000004,0.8660254037844384,-0.4853019625310808,-0.8743466161445822,0,0,162.0,0.09090909090909091,1,0,1,2
1254,labeled,42,blue-collar,married,secondary,0,118,1,0,unknown,9,147,1,-1,0,unknown,0,5,spring,0.49999999999999994,-0.8660254037844387,0.9680771188662043,-0.2506525322587204,1,0,147.0,0.2,0,0,2,2
1255,labeled,49,blue-collar,married,primary,0,1011,1,0,cellular,16,285,5,-1,0,unknown,0,4,spring,0.8660254037844387,-0.4999999999999998,-0.10116832198743204,-0.9948693233918952,0,0,57.0,1.25,0,0,3,3
1256,labeled,26,student,single,secondary,0,281,0,0,cellular,7,239,3,-1,0,unknown,0,5,spring,0.49999999999999994,-0.8660254037844387,0.9884683243281114,0.1514277775045767,1,0,79.66666666666667,0.6,0,0,1,2
1257,labeled,44,services,divorced,secondary,0,0,1,0,unknown,4,389,5,-1,0,unknown,0,6,summer,1.2246467991473532e-16,-1.0,0.72479278722912,0.6889669190756866,1,0,77.8,0.8333333333333334,0,0,2,1
1258,labeled,32,management,married,tertiary,0,-65,1,0,cellular,26,107,4,-1,0,unknown,0,8,summer,-0.8660254037844385,-0.5000000000000004,-0.8486442574947509,0.5289640103269624,0,1,26.75,0.5,1,0,1,1
1259,labeled,44,self-employed,married,secondary,0,313,0,0,cellular,6,211,4,-1,0,unknown,0,8,summer,-0.8660254037844385,-0.5000000000000004,0.9377521321470804,0.3473052528448203,1,0,52.75,0.5,0,0,2,2
1260,labeled,24,retired,single,secondary,0,356,0,1,unknown,16,234,2,-1,0,unknown,0,5,spring,0.49999999999999994,-0.8660254037844387,-0.10116832198743204,-0.9948693233918952,0,0,117.0,0.4,1,0,0,2
1261,labeled,55,blue-collar,married,primary,0,1649,1,0,cellular,12,52,3,-1,0,unknown,0,5,spring,0.49999999999999994,-0.8660254037844387,0.6513724827222223,-0.758758122692791,0,0,17.333333333333332,0.6,0,0,4,3
1262,labeled,31,management,single,tertiary,0,6241,1,0,unknown,9,154,2,-1,0,unknown,0,5,spring,0.49999999999999994,-0.8660254037844387,0.9680771188662043,-0.2506525322587204,1,0,77.0,0.4,0,0,1,4
1263,labeled,56,admin.,divorced,primary,0,0,0,1,cellular,10,542,1,-1,0,unknown,0,7,summer,-0.4999999999999997,-0.8660254037844388,0.8978045395707416,-0.4403941515576344,1,0,542.0,0.14285714285714285,1,0,4,1
1265,labeled,30,admin.,single,secondary,0,126,1,0,cellular,18,16,6,368,1,other,0,5,spring,0.49999999999999994,-0.8660254037844387,-0.4853019625310808,-0.8743466161445822,0,0,2.6666666666666665,1.2,0,0,1,2
1267,labeled,37,self-employed,married,tertiary,0,144,0,0,cellular,13,244,6,-1,0,unknown,0,8,summer,-0.8660254037844385,-0.5000000000000004,0.48530196253108104,-0.8743466161445821,0,0,40.666666666666664,0.75,0,0,2,2
1268,labeled,37,management,married,tertiary,0,482,1,0,cellular,7,205,5,-1,0,unknown,0,8,summer,-0.8660254037844385,-0.5000000000000004,0.9884683243281114,0.1514277775045767,1,0,41.0,0.625,0,0,2,2
1269,labeled,48,blue-collar,married,primary,0,5359,1,0,unknown,21,248,3,-1,0,unknown,0,5,spring,0.49999999999999994,-0.8660254037844387,-0.8978045395707417,-0.44039415155763423,0,1,82.66666666666667,0.6,0,0,3,4
1270,labeled,50,technician,married,tertiary,0,201,1,1,cellular,3,116,2,253,1,failure,0,2,winter,0.8660254037844386,0.5000000000000001,0.5712682150947923,0.8207634412072763,1,0,58.0,1.0,1,0,3,2
1271,labeled,33,management,single,tertiary,0,26,0,0,cellular,20,216,3,-1,0,unknown,0,8,summer,-0.8660254037844385,-0.5000000000000004,-0.7907757369376986,-0.6121059825476627,0,1,72.0,0.375,0,0,1,2
1272,labeled,46,blue-collar,married,secondary,0,667,1,0,unknown,15,1263,2,-1,0,unknown,1,5,spring,0.49999999999999994,-0.8660254037844387,0.10116832198743272,-0.994869323391895,0,0,631.5,0.4,0,0,3,2
1273,labeled,37,blue-collar,married,secondary,0,387,1,0,unknown,6,219,2,-1,0,unknown,0,5,spring,0.49999999999999994,-0.8660254037844387,0.9377521321470804,0.3473052528448203,1,0,109.5,0.4,0,0,2,2
1274,labeled,39,blue-collar,married,secondary,0,1042,1,1,cellular,9,290,13,-1,0,unknown,0,7,summer,-0.4999999999999997,-0.8660254037844388,0.9680771188662043,-0.2506525322587204,1,0,22.307692307692307,1.8571428571428572,1,0,2,3
1276,labeled,34,unemployed,single,tertiary,0,422,0,0,cellular,12,123,1,-1,0,unknown,0,8,summer,-0.8660254037844385,-0.5000000000000004,0.6513724827222223,-0.758758122692791,0,0,123.0,0.125,0,0,1,2
1278,labeled,34,management,single,tertiary,0,1177,1,0,cellular,10,129,1,-1,0,unknown,0,7,summer,-0.4999999999999997,-0.8660254037844388,0.8978045395707416,-0.4403941515576344,1,0,129.0,0.14285714285714285,0,0,1,3
1279,labeled,27,services,single,secondary,0,-153,0,0,cellular,8,283,2,-1,0,unknown,0,7,summer,-0.4999999999999997,-0.8660254037844388,0.9987165071710528,-0.05064916883871264,1,0,141.5,0.2857142857142857,1,0,1,1
1280,labeled,34,blue-collar,married,primary,0,456,1,0,unknown,20,372,3,-1,0,unknown,0,6,summer,1.2246467991473532e-16,-1.0,-0.7907757369376986,-0.6121059825476627,0,1,124.0,0.5,0,0,1,2
1281,labeled,58,retired,married,secondary,0,430,1,1,cellular,17,100,1,-1,0,unknown,0,11,autumn,-0.5000000000000004,0.8660254037844384,-0.2993631229733582,-0.9541392564000488,0,0,100.0,0.09090909090909091,1,0,4,2
1282,labeled,53,unemployed,married,primary,0,979,1,0,cellular,3,352,1,-1,0,unknown,1,12,winter,-2.4492935982947064e-16,1.0,0.5712682150947923,0.8207634412072763,1,0,352.0,0.08333333333333333,0,0,3,2
1283,labeled,55,services,divorced,tertiary,0,1979,1,0,telephone,19,123,1,-1,0,unknown,0,11,autumn,-0.5000000000000004,0.8660254037844384,-0.651372482722222,-0.7587581226927911,0,0,123.0,0.09090909090909091,0,0,4,3
1284,labeled,49,blue-collar,married,secondary,0,-57,0,0,unknown,17,150,3,-1,0,unknown,0,6,summer,1.2246467991473532e-16,-1.0,-0.2993631229733582,-0.9541392564000488,0,0,50.0,0.5,1,0,3,1
1285,labeled,30,blue-collar,single,secondary,0,449,1,0,cellular,16,218,1,330,2,failure,0,4,spring,0.8660254037844387,-0.4999999999999998,-0.10116832198743204,-0.9948693233918952,0,0,218.0,0.25,0,0,1,2
1286,labeled,25,technician,single,secondary,0,-84,1,1,unknown,3,89,1,-1,0,unknown,0,6,summer,1.2246467991473532e-16,-1.0,0.5712682150947923,0.8207634412072763,1,0,89.0,0.16666666666666666,2,0,1,1
1287,labeled,41,management,married,primary,0,5310,1,0,cellular,17,984,1,-1,0,unknown,1,11,autumn,-0.5000000000000004,0.8660254037844384,-0.2993631229733582,-0.9541392564000488,0,0,984.0,0.09090909090909091,0,0,2,4
1288,labeled,35,housemaid,divorced,secondary,0,31,0,0,cellular,31,149,2,-1,0,unknown,0,7,summer,-0.4999999999999997,-0.8660254037844388,-2.4492935982947064e-16,1.0,0,1,74.5,0.2857142857142857,0,0,2,2
1289,labeled,40,management,married,tertiary,0,-503,0,1,cellular,29,303,2,-1,0,unknown,0,7,summer,-0.4999999999999997,-0.8660254037844388,-0.3943558551133187,0.9189578116202306,0,1,151.5,0.2857142857142857,2,0,2,1
1290,labeled,52,management,married,secondary,0,-586,1,0,cellular,22,81,4,-1,0,unknown,0,7,summer,-0.4999999999999997,-0.8660254037844388,-0.9680771188662041,-0.2506525322587213,0,1,20.25,0.5714285714285714,1,0,3,1
1291,labeled,30,unknown,single,tertiary,0,6827,0,0,cellular,27,30,3,-1,0,unknown,0,2,winter,0.8660254037844386,0.5000000000000001,-0.72479278722912,0.6889669190756865,0,1,10.0,1.5,0,0,1,4
1292,labeled,35,technician,married,secondary,0,690,1,0,unknown,23,240,2,-1,0,unknown,0,5,spring,0.49999999999999994,-0.8660254037844387,-0.9987165071710528,-0.05064916883871355,0,1,120.0,0.4,0,0,2,2
1294,labeled,40,self-employed,married,tertiary,0,1602,0,0,unknown,17,279,1,-1,0,unknown,0,6,summer,1.2246467991473532e-16,-1.0,-0.2993631229733582,-0.9541392564000488,0,0,279.0,0.16666666666666666,0,0,2,3
1295,labeled,50,management,married,tertiary,0,-479,1,0,cellular,19,130,2,160,1,failure,0,11,autumn,-0.5000000000000004,0.8660254037844384,-0.651372482722222,-0.7587581226927911,0,0,65.0,0.18181818181818182,1,0,3,1
1296,labeled,28,management,single,unknown,0,76,0,1,cellular,8,158,1,-1,0,unknown,0,7,summer,-0.4999999999999997,-0.8660254037844388,0.9987165071710528,-0.05064916883871264,1,0,158.0,0.14285714285714285,1,0,1,2
1297,labeled,56,unemployed,divorced,primary,0,803,0,0,telephone,3,258,2,-1,0,unknown,0,2,winter,0.8660254037844386,0.5000000000000001,0.5712682150947923,0.8207634412072763,1,0,129.0,1.0,0,0,4,2
1301,labeled,36,services,married,secondary,0,-297,1,0,cellular,13,36,2,-1,0,unknown,0,5,spring,0.49999999999999994,-0.8660254037844387,0.48530196253108104,-0.8743466161445821,0,0,18.0,0.4,1,0,2,1
1302,labeled,58,retired,married,secondary,0,222,0,0,cellular,7,122,6,-1,0,unknown,0,8,summer,-0.8660254037844385,-0.5000000000000004,0.9884683243281114,0.1514277775045767,1,0,20.333333333333332,0.75,0,0,4,2
1303,labeled,42,services,married,secondary,0,299,1,0,cellular,11,222,3,-1,0,unknown,0,5,spring,0.49999999999999994,-0.8660254037844387,0.7907757369376989,-0.6121059825476626,0,0,74.0,0.6,0,0,2,2
1304,labeled,27,blue-collar,single,primary,0,1118,1,0,unknown,30,88,4,-1,0,unknown,0,6,summer,1.2246467991473532e-16,-1.0,-0.20129852008866114,0.9795299412524943,0,1,22.0,0.6666666666666666,0,0,1,3
1305,labeled,48,unknown,married,unknown,0,291,0,0,cellular,30,166,2,-1,0,unknown,0,7,summer,-0.4999999999999997,-0.8660254037844388,-0.20129852008866114,0.9795299412524943,0,1,83.0,0.2857142857142857,0,0,3,2
1306,labeled,31,technician,single,tertiary,0,449,0,0,cellular,4,73,3,-1,0,unknown,0,2,winter,0.8660254037844386,0.5000000000000001,0.72479278722912,0.6889669190756866,1,0,24.333333333333332,1.5,0,0,1,2
1307,labeled,26,entrepreneur,married,tertiary,0,31,1,1,cellular,6,207,1,363,2,failure,0,5,spring,0.49999999999999994,-0.8660254037844387,0.9377521321470804,0.3473052528448203,1,0,207.0,0.2,1,0,1,2
1308,labeled,53,entrepreneur,married,tertiary,0,2296,1,1,cellular,17,183,1,-1,0,unknown,0,11,autumn,-0.5000000000000004,0.8660254037844384,-0.2993631229733582,-0.9541392564000488,0,0,183.0,0.09090909090909091,1,0,3,3
1309,labeled,30,admin.,married,tertiary,0,394,1,0,cellular,7,223,1,-1,0,unknown,0,5,spring,0.49999999999999994,-0.8660254037844387,0.9884683243281114,0.1514277775045767,1,0,223.0,0.2,0,0,1,2
1311,labeled,48,management,married,tertiary,0,257,1,0,unknown,5,350,2,-1,0,unknown,0,5,spring,0.49999999999999994,-0.8660254037844387,0.8486442574947509,0.5289640103269624,1,0,175.0,0.4,0,0,3,2
1312,labeled,48,technician,divorced,tertiary,0,116,0,1,cellular,22,38,1,-1,0,unknown,0,7,summer,-0.4999999999999997,-0.8660254037844388,-0.9680771188662041,-0.2506525322587213,0,1,38.0,0.14285714285714285,1,0,3,2
1314,labeled,50,management,married,tertiary,0,209,1,0,cellular,4,99,1,-1,0,unknown,0,2,winter,0.8660254037844386,0.5000000000000001,0.72479278722912,0.6889669190756866,1,0,99.0,0.5,0,0,3,2
1315,labeled,46,retired,married,primary,0,-29,1,0,cellular,7,304,3,-1,0,unknown,0,5,spring,0.49999999999999994,-0.8660254037844387,0.9884683243281114,0.1514277775045767,1,0,101.33333333333333,0.6,1,0,3,1
1316,labeled,33,management,single,tertiary,0,191,1,0,cellular,19,171,1,183,1,failure,0,11,autumn,-0.5000000000000004,0.8660254037844384,-0.651372482722222,-0.7587581226927911,0,0,171.0,0.09090909090909091,0,0,1,2
1317,labeled,30,technician,married,tertiary,0,1565,1,0,cellular,26,260,1,-1,0,unknown,0,5,spring,0.49999999999999994,-0.8660254037844387,-0.8486442574947509,0.5289640103269624,0,1,260.0,0.2,0,0,1,3
1318,labeled,31,blue-collar,married,primary,0,0,1,1,unknown,12,59,4,-1,0,unknown,0,5,spring,0.49999999999999994,-0.8660254037844387,0.6513724827222223,-0.758758122692791,0,0,14.75,0.8,1,0,1,1
1319,labeled,47,technician,married,secondary,0,-935,1,0,unknown,28,176,2,-1,0,unknown,0,5,spring,0.49999999999999994,-0.8660254037844387,-0.5712682150947924,0.8207634412072763,0,1,88.0,0.4,1,0,3,1
1320,labeled,38,blue-collar,married,secondary,0,204,1,0,unknown,16,270,15,-1,0,unknown,0,6,summer,1.2246467991473532e-16,-1.0,-0.10116832198743204,-0.9948693233918952,0,0,18.0,2.5,0,0,2,2
1321,labeled,36,management,married,tertiary,0,15,0,0,cellular,26,133,11,-1,0,unknown,0,8,summer,-0.8660254037844385,-0.5000000000000004,-0.8486442574947509,0.5289640103269624,0,1,12.090909090909092,1.375,0,0,2,2
1322,labeled,34,admin.,divorced,secondary,0,-256,0,0,cellular,18,641,1,-1,0,unknown,1,7,summer,-0.4999999999999997,-0.8660254037844388,-0.4853019625310808,-0.8743466161445822,0,0,641.0,0.14285714285714285,1,0,1,1
1323,labeled,30,services,married,secondary,0,694,1,0,unknown,29,544,1,-1,0,unknown,0,5,spring,0.49999999999999994,-0.8660254037844387,-0.3943558551133187,0.9189578116202306,0,1,544.0,0.2,0,0,1,2
1324,labeled,36,technician,married,secondary,0,293,0,0,unknown,9,287,1,-1,0,unknown,0,6,summer,1.2246467991473532e-16,-1.0,0.9680771188662043,-0.2506525322587204,1,0,287.0,0.16666666666666666,0,0,2,2
1325,labeled,25,student,married,tertiary,0,0,1,0,cellular,9,160,1,-1,0,unknown,0,7,summer,-0.4999999999999997,-0.8660254037844388,0.9680771188662043,-0.2506525322587204,1,0,160.0,0.14285714285714285,0,0,1,1
1326,labeled,36,services,married,secondary,0,1321,1,0,unknown,6,82,4,-1,0,unknown,0,6,summer,1.2246467991473532e-16,-1.0,0.9377521321470804,0.3473052528448203,1,0,20.5,0.6666666666666666,0,0,2,3
1327,labeled,38,management,married,tertiary,0,223,0,0,cellular,28,63,1,-1,0,unknown,0,1,winter,0.49999999999999994,0.8660254037844387,-0.5712682150947924,0.8207634412072763,0,1,63.0,1.0,0,0,2,2
1329,labeled,57,self-employed,married,secondary,0,43,0,1,unknown,26,215,3,-1,0,unknown,0,6,summer,1.2246467991473532e-16,-1.0,-0.8486442574947509,0.5289640103269624,0,1,71.66666666666667,0.5,1,0,4,2
1331,labeled,56,retired,divorced,primary,0,689,0,0,cellular,29,144,1,102,1,other,1,1,winter,0.49999999999999994,0.8660254037844387,-0.3943558551133187,0.9189578116202306,0,1,144.0,1.0,0,0,4,2
1332,labeled,37,technician,single,secondary,0,0,0,0,cellular,4,69,2,-1,0,unknown,0,8,summer,-0.8660254037844385,-0.5000000000000004,0.72479278722912,0.6889669190756866,1,0,34.5,0.25,0,0,2,1
1333,labeled,50,management,married,tertiary,0,4375,1,0,cellular,21,163,2,113,3,failure,0,11,autumn,-0.5000000000000004,0.8660254037844384,-0.8978045395707417,-0.44039415155763423,0,1,81.5,0.18181818181818182,0,0,3,3
1334,labeled,52,blue-collar,married,secondary,0,-102,1,0,unknown,7,423,1,-1,0,unknown,0,5,spring,0.49999999999999994,-0.8660254037844387,0.9884683243281114,0.1514277775045767,1,0,423.0,0.2,1,0,3,1
1335,labeled,32,technician,divorced,secondary,0,1104,1,0,unknown,12,298,2,-1,0,unknown,0,5,spring,0.49999999999999994,-0.8660254037844387,0.6513724827222223,-0.758758122692791,0,0,149.0,0.4,0,0,1,3
1338,labeled,51,admin.,married,secondary,0,1407,1,0,unknown,2,151,3,-1,0,unknown,0,6,summer,1.2246467991473532e-16,-1.0,0.39435585511331855,0.9189578116202306,1,0,50.333333333333336,0.5,0,0,3,3
1339,labeled,38,admin.,single,secondary,0,873,1,0,cellular,12,95,1,327,9,other,0,5,spring,0.49999999999999994,-0.8660254037844387,0.6513724827222223,-0.758758122692791,0,0,95.0,0.2,0,0,2,2
1341,labeled,58,retired,married,secondary,0,770,0,0,cellular,12,219,4,-1,0,unknown,0,8,summer,-0.8660254037844385,-0.5000000000000004,0.6513724827222223,-0.758758122692791,0,0,54.75,0.5,0,0,4,2
1342,labeled,57,management,married,tertiary,0,323,0,0,cellular,7,76,2,-1,0,unknown,0,8,summer,-0.8660254037844385,-0.5000000000000004,0.9884683243281114,0.1514277775045767,1,0,38.0,0.25,0,0,4,2
1343,labeled,54,management,married,tertiary,0,391,1,0,cellular,12,30,7,-1,0,unknown,0,5,spring,0.49999999999999994,-0.8660254037844387,0.6513724827222223,-0.758758122692791,0,0,4.285714285714286,1.4,0,0,3,2
1344,labeled,58,management,married,tertiary,0,3224,0,0,cellular,19,58,2,-1,0,unknown,0,8,summer,-0.8660254037844385,-0.5000000000000004,-0.651372482722222,-0.7587581226927911,0,0,29.0,0.25,0,0,4,3
1345,labeled,40,services,divorced,secondary,0,1964,1,0,unknown,30,177,1,-1,0,unknown,0,5,spring,0.49999999999999994,-0.8660254037844387,-0.20129852008866114,0.9795299412524943,0,1,177.0,0.2,0,0,2,3
1346,labeled,32,blue-collar,married,secondary,0,4,1,0,cellular,15,16,9,309,1,failure,0,5,spring,0.49999999999999994,-0.8660254037844387,0.10116832198743272,-0.994869323391895,0,0,1.7777777777777777,1.8,0,0,1,2
1347,labeled,44,blue-collar,married,primary,0,2649,1,0,unknown,20,202,2,-1,0,unknown,0,6,summer,1.2246467991473532e-16,-1.0,-0.7907757369376986,-0.6121059825476627,0,1,101.0,0.3333333333333333,0,0,2,3
1348,labeled,34,management,single,tertiary,0,6757,0,0,cellular,28,210,5,-1,0,unknown,0,8,summer,-0.8660254037844385,-0.5000000000000004,-0.5712682150947924,0.8207634412072763,0,1,42.0,0.625,0,0,1,4
1349,labeled,41,management,married,tertiary,0,149,1,0,unknown,5,65,3,-1,0,unknown,0,6,summer,1.2246467991473532e-16,-1.0,0.8486442574947509,0.5289640103269624,1,0,21.666666666666668,0.5,0,0,2,2
1350,labeled,28,blue-collar,married,secondary,0,367,1,0,cellular,14,10,9,344,1,failure,0,5,spring,0.49999999999999994,-0.8660254037844387,0.29936312297335804,-0.9541392564000488,0,0,1.1111111111111112,1.8,0,0,1,2
1351,labeled,34,technician,married,secondary,0,40,0,0,cellular,11,106,3,-1,0,unknown,0,8,summer,-0.8660254037844385,-0.5000000000000004,0.7907757369376989,-0.6121059825476626,0,0,35.333333333333336,0.375,0,0,1,2
1352,labeled,43,blue-collar,married,primary,0,7717,1,0,unknown,15,302,8,-1,0,unknown,0,5,spring,0.49999999999999994,-0.8660254037844387,0.10116832198743272,-0.994869323391895,0,0,37.75,1.6,0,0,2,4
1353,labeled,45,blue-collar,married,primary,0,909,0,0,cellular,18,230,8,-1,0,unknown,0,8,summer,-0.8660254037844385,-0.5000000000000004,-0.4853019625310808,-0.8743466161445822,0,0,28.75,1.0,0,0,3,2
1354,labeled,54,housemaid,married,unknown,0,0,0,0,cellular,14,94,5,145,3,other,0,4,spring,0.8660254037844387,-0.4999999999999998,0.29936312297335804,-0.9541392564000488,0,0,18.8,1.25,0,0,3,1
1355,labeled,38,blue-collar,married,secondary,0,644,1,0,unknown,3,179,1,-1,0,unknown,0,6,summer,1.2246467991473532e-16,-1.0,0.5712682150947923,0.8207634412072763,1,0,179.0,0.16666666666666666,0,0,2,2
1357,labeled,59,blue-collar,married,primary,0,0,0,0,cellular,18,167,2,-1,0,unknown,0,11,autumn,-0.5000000000000004,0.8660254037844384,-0.4853019625310808,-0.8743466161445822,0,0,83.5,0.18181818181818182,0,0,4,1
1358,labeled,30,management,married,tertiary,0,0,1,0,cellular,9,127,1,-1,0,unknown,0,7,summer,-0.4999999999999997,-0.8660254037844388,0.9680771188662043,-0.2506525322587204,1,0,127.0,0.14285714285714285,0,0,1,1
1359,labeled,34,blue-collar,divorced,secondary,0,-568,1,0,unknown,26,248,2,-1,0,unknown,0,5,spring,0.49999999999999994,-0.8660254037844387,-0.8486442574947509,0.5289640103269624,0,1,124.0,0.4,1,0,1,1
1360,labeled,32,services,married,secondary,0,-637,1,1,cellular,20,18,5,-1,0,unknown,0,4,spring,0.8660254037844387,-0.4999999999999998,-0.7907757369376986,-0.6121059825476627,0,1,3.6,1.25,2,0,1,1
1361,labeled,40,blue-collar,married,primary,0,2806,1,0,cellular,14,173,6,353,23,failure,0,5,spring,0.49999999999999994,-0.8660254037844387,0.29936312297335804,-0.9541392564000488,0,0,28.833333333333332,1.2,0,0,2,3
1362,labeled,35,services,married,secondary,0,817,1,0,telephone,14,102,14,-1,0,unknown,0,7,summer,-0.4999999999999997,-0.8660254037844388,0.29936312297335804,-0.9541392564000488,0,0,7.285714285714286,2.0,0,0,2,2
1364,labeled,31,blue-collar,single,primary,0,-271,0,0,unknown,21,281,3,-1,0,unknown,0,5,spring,0.49999999999999994,-0.8660254037844387,-0.8978045395707417,-0.44039415155763423,0,1,93.66666666666667,0.6,1,0,1,1
1365,labeled,34,blue-collar,married,primary,0,1668,1,0,unknown,31,30,1,-1,0,unknown,0,3,spring,1.0,6.123233995736766e-17,-2.4492935982947064e-16,1.0,0,1,30.0,0.3333333333333333,0,0,1,3
1366,labeled,35,admin.,divorced,secondary,0,-396,1,0,cellular,17,46,1,-1,0,unknown,0,4,spring,0.8660254037844387,-0.4999999999999998,-0.2993631229733582,-0.9541392564000488,0,0,46.0,0.25,1,0,2,1
1367,labeled,46,management,single,tertiary,0,39,0,1,cellular,17,80,1,152,1,failure,0,11,autumn,-0.5000000000000004,0.8660254037844384,-0.2993631229733582,-0.9541392564000488,0,0,80.0,0.09090909090909091,1,0,3,2
1368,labeled,47,unemployed,married,primary,0,167,1,0,telephone,30,66,1,241,1,other,0,1,winter,0.49999999999999994,0.8660254037844387,-0.20129852008866114,0.9795299412524943,0,1,66.0,1.0,0,0,3,2
1369,labeled,54,services,married,unknown,0,7869,1,0,unknown,15,145,4,-1,0,unknown,0,5,spring,0.49999999999999994,-0.8660254037844387,0.10116832198743272,-0.994869323391895,0,0,36.25,0.8,0,0,3,4
1370,labeled,38,management,single,tertiary,0,37,1,0,cellular,17,156,1,273,3,failure,0,4,spring,0.8660254037844387,-0.4999999999999998,-0.2993631229733582,-0.9541392564000488,0,0,156.0,0.25,0,0,2,2
1371,labeled,49,self-employed,married,primary,0,494,1,0,unknown,27,84,4,-1,0,unknown,0,5,spring,0.49999999999999994,-0.8660254037844387,-0.72479278722912,0.6889669190756865,0,1,21.0,0.8,0,0,3,2
1373,labeled,37,management,single,tertiary,0,100,1,0,cellular,21,101,2,-1,0,unknown,0,8,summer,-0.8660254037844385,-0.5000000000000004,-0.8978045395707417,-0.44039415155763423,0,1,50.5,0.25,0,0,2,2
1374,labeled,42,technician,divorced,secondary,0,239,0,0,cellular,19,163,4,-1,0,unknown,0,8,summer,-0.8660254037844385,-0.5000000000000004,-0.651372482722222,-0.7587581226927911,0,0,40.75,0.5,0,0,2,2
1375,labeled,43,self-employed,married,secondary,0,624,1,0,cellular,17,65,1,131,1,failure,0,11,autumn,-0.5000000000000004,0.8660254037844384,-0.2993631229733582,-0.9541392564000488,0,0,65.0,0.09090909090909091,0,0,2,2
1376,labeled,35,management,married,tertiary,0,0,1,0,cellular,21,295,3,-1,0,unknown,0,7,summer,-0.4999999999999997,-0.8660254037844388,-0.8978045395707417,-0.44039415155763423,0,1,98.33333333333333,0.42857142857142855,0,0,2,1
1379,labeled,35,admin.,married,secondary,0,727,1,0,cellular,20,219,7,133,1,failure,0,11,autumn,-0.5000000000000004,0.8660254037844384,-0.7907757369376986,-0.6121059825476627,0,1,31.285714285714285,0.6363636363636364,0,0,2,2
1381,labeled,35,self-employed,single,tertiary,0,52,0,0,cellular,7,310,2,96,2,other,0,9,autumn,-1.0,-1.8369701987210297e-16,0.9884683243281114,0.1514277775045767,1,0,155.0,0.2222222222222222,0,0,2,2
1382,labeled,34,management,married,tertiary,0,15,0,0,cellular,25,169,4,-1,0,unknown,0,8,summer,-0.8660254037844385,-0.5000000000000004,-0.9377521321470804,0.3473052528448203,0,1,42.25,0.5,0,0,1,2
1383,labeled,52,admin.,single,unknown,0,2235,0,0,cellular,24,242,2,-1,0,unknown,1,2,winter,0.8660254037844386,0.5000000000000001,-0.9884683243281114,0.15142777750457667,0,1,121.0,1.0,0,0,3,3
1384,labeled,37,unknown,married,unknown,0,1691,0,0,unknown,9,63,1,-1,0,unknown,0,6,summer,1.2246467991473532e-16,-1.0,0.9680771188662043,-0.2506525322587204,1,0,63.0,0.16666666666666666,0,0,2,3
1385,labeled,43,retired,married,secondary,0,517,1,0,unknown,20,15,13,-1,0,unknown,0,5,spring,0.49999999999999994,-0.8660254037844387,-0.7907757369376986,-0.6121059825476627,0,1,1.1538461538461537,2.6,0,0,2,2
1386,labeled,39,self-employed,married,secondary,0,157,1,1,cellular,17,330,1,-1,0,unknown,0,7,summer,-0.4999999999999997,-0.8660254037844388,-0.2993631229733582,-0.9541392564000488,0,0,330.0,0.14285714285714285,1,0,2,2
1388,labeled,38,technician,single,tertiary,0,212,0,0,cellular,20,79,3,-1,0,unknown,0,8,summer,-0.8660254037844385,-0.5000000000000004,-0.7907757369376986,-0.6121059825476627,0,1,26.333333333333332,0.375,0,0,2,2
1389,labeled,34,management,married,secondary,0,1003,1,0,cellular,21,240,2,-1,0,unknown,0,7,summer,-0.4999999999999997,-0.8660254037844388,-0.8978045395707417,-0.44039415155763423,0,1,120.0,0.2857142857142857,0,0,1,3
1390,labeled,32,management,single,tertiary,0,480,1,0,cellular,7,90,3,-1,0,unknown,0,8,summer,-0.8660254037844385,-0.5000000000000004,0.9884683243281114,0.1514277775045767,1,0,30.0,0.375,0,0,1,2
1391,labeled,33,technician,divorced,secondary,0,0,1,0,cellular,7,177,2,-1,0,unknown,0,5,spring,0.49999999999999994,-0.8660254037844387,0.9884683243281114,0.1514277775045767,1,0,88.5,0.4,0,0,1,1
1393,labeled,39,technician,single,secondary,0,123,1,0,unknown,2,158,1,-1,0,unknown,0,6,summer,1.2246467991473532e-16,-1.0,0.39435585511331855,0.9189578116202306,1,0,158.0,0.16666666666666666,0,0,2,2
1394,labeled,49,management,single,primary,0,552,0,0,telephone,31,115,6,-1,0,unknown,0,7,summer,-0.4999999999999997,-0.8660254037844388,-2.4492935982947064e-16,1.0,0,1,19.166666666666668,0.8571428571428571,0,0,3,2
1395,labeled,34,student,single,unknown,0,1272,0,0,cellular,25,279,1,117,1,failure,0,8,summer,-0.8660254037844385,-0.5000000000000004,-0.9377521321470804,0.3473052528448203,0,1,279.0,0.125,0,0,1,3
1398,labeled,39,blue-collar,married,primary,0,700,1,0,cellular,21,44,1,-1,0,unknown,0,11,autumn,-0.5000000000000004,0.8660254037844384,-0.8978045395707417,-0.44039415155763423,0,1,44.0,0.09090909090909091,0,0,2,2
1399,labeled,37,admin.,married,secondary,0,751,0,0,cellular,21,219,1,-1,0,unknown,0,4,spring,0.8660254037844387,-0.4999999999999998,-0.8978045395707417,-0.44039415155763423,0,1,219.0,0.25,0,0,2,2
1400,labeled,31,admin.,single,secondary,0,737,1,0,unknown,26,543,2,-1,0,unknown,1,5,spring,0.49999999999999994,-0.8660254037844387,-0.8486442574947509,0.5289640103269624,0,1,271.5,0.4,0,0,1,2
1401,labeled,28,self-employed,single,tertiary,0,436,0,0,cellular,19,474,3,95,3,other,1,6,summer,1.2246467991473532e-16,-1.0,-0.651372482722222,-0.7587581226927911,0,0,158.0,0.5,0,0,1,2
1402,labeled,57,admin.,divorced,unknown,0,883,0,0,unknown,20,43,8,-1,0,unknown,0,6,summer,1.2246467991473532e-16,-1.0,-0.7907757369376986,-0.6121059825476627,0,1,5.375,1.3333333333333333,0,0,4,2
1403,labeled,37,technician,married,secondary,1,0,0,0,unknown,18,236,1,-1,0,unknown,0,6,summer,1.2246467991473532e-16,-1.0,-0.4853019625310808,-0.8743466161445822,0,0,236.0,0.16666666666666666,1,0,2,1
1404,labeled,30,admin.,single,secondary,0,230,1,0,cellular,7,115,3,-1,0,unknown,0,5,spring,0.49999999999999994,-0.8660254037844387,0.9884683243281114,0.1514277775045767,1,0,38.333333333333336,0.6,0,0,1,2
1405,labeled,41,services,married,unknown,0,82,1,0,cellular,11,105,1,336,2,failure,0,5,spring,0.49999999999999994,-0.8660254037844387,0.7907757369376989,-0.6121059825476626,0,0,105.0,0.2,0,0,2,2
1406,labeled,30,admin.,single,secondary,0,3815,1,0,unknown,3,159,4,-1,0,unknown,0,6,summer,1.2246467991473532e-16,-1.0,0.5712682150947923,0.8207634412072763,1,0,39.75,0.6666666666666666,0,0,1,3
1407,labeled,36,management,married,tertiary,0,608,1,0,unknown,26,204,1,-1,0,unknown,0,5,spring,0.49999999999999994,-0.8660254037844387,-0.8486442574947509,0.5289640103269624,0,1,204.0,0.2,0,0,2,2
1408,labeled,48,management,married,secondary,0,4406,1,0,cellular,8,1032,3,141,7,failure,1,4,spring,0.8660254037844387,-0.4999999999999998,0.9987165071710528,-0.05064916883871264,1,0,344.0,0.75,0,0,3,3
1409,labeled,33,management,married,tertiary,0,144,0,0,cellular,21,151,2,-1,0,unknown,0,8,summer,-0.8660254037844385,-0.5000000000000004,-0.8978045395707417,-0.44039415155763423,0,1,75.5,0.25,0,0,1,2
1410,labeled,32,management,married,tertiary,0,5871,0,0,cellular,19,159,2,-1,0,unknown,0,8,summer,-0.8660254037844385,-0.5000000000000004,-0.651372482722222,-0.7587581226927911,0,0,79.5,0.25,0,0,1,4
1411,labeled,35,technician,married,secondary,0,0,0,0,cellular,27,106,4,-1,0,unknown,0,8,summer,-0.8660254037844385,-0.5000000000000004,-0.72479278722912,0.6889669190756865,0,1,26.5,0.5,0,0,2,1
1412,labeled,26,blue-collar,married,secondary,0,135,0,0,unknown,4,355,1,-1,0,unknown,0,7,summer,-0.4999999999999997,-0.8660254037844388,0.72479278722912,0.6889669190756866,1,0,355.0,0.14285714285714285,0,0,1,2
1413,labeled,53,management,divorced,secondary,0,118,0,1,cellular,11,246,3,-1,0,unknown,0,8,summer,-0.8660254037844385,-0.5000000000000004,0.7907757369376989,-0.6121059825476626,0,0,82.0,0.375,1,0,3,2
1414,labeled,36,blue-collar,married,secondary,0,-471,0,0,cellular,11,254,2,353,1,failure,0,5,spring,0.49999999999999994,-0.8660254037844387,0.7907757369376989,-0.6121059825476626,0,0,127.0,0.4,1,0,2,1
1415,labeled,43,management,married,tertiary,0,691,1,0,cellular,6,171,3,-1,0,unknown,0,8,summer,-0.8660254037844385,-0.5000000000000004,0.9377521321470804,0.3473052528448203,1,0,57.0,0.375,0,0,2,2
1417,labeled,40,blue-collar,married,secondary,0,6766,1,0,cellular,20,97,2,-1,0,unknown,0,11,autumn,-0.5000000000000004,0.8660254037844384,-0.7907757369376986,-0.6121059825476627,0,1,48.5,0.18181818181818182,0,0,2,4
1418,labeled,36,services,married,secondary,0,37,1,0,unknown,8,102,4,-1,0,unknown,0,5,spring,0.49999999999999994,-0.8660254037844387,0.9987165071710528,-0.05064916883871264,1,0,25.5,0.8,0,0,2,2
1419,labeled,24,services,married,secondary,1,116,1,0,unknown,23,27,1,-1,0,unknown,0,5,spring,0.49999999999999994,-0.8660254037844387,-0.9987165071710528,-0.05064916883871355,0,1,27.0,0.2,1,0,0,2
1420,labeled,46,management,divorced,tertiary,0,136,0,0,cellular,19,134,2,-1,0,unknown,0,8,summer,-0.8660254037844385,-0.5000000000000004,-0.651372482722222,-0.7587581226927911,0,0,67.0,0.25,0,0,3,2
1421,labeled,58,management,married,tertiary,0,1523,1,0,telephone,29,7,5,-1,0,unknown,0,7,summer,-0.4999999999999997,-0.8660254037844388,-0.3943558551133187,0.9189578116202306,0,1,1.4,0.7142857142857143,0,0,4,3
1423,labeled,54,unknown,married,unknown,0,2507,0,0,unknown,20,34,8,-1,0,unknown,0,6,summer,1.2246467991473532e-16,-1.0,-0.7907757369376986,-0.6121059825476627,0,1,4.25,1.3333333333333333,0,0,3,3
1424,labeled,31,blue-collar,married,primary,0,0,1,1,cellular,10,112,1,-1,0,unknown,0,7,summer,-0.4999999999999997,-0.8660254037844388,0.8978045395707416,-0.4403941515576344,1,0,112.0,0.14285714285714285,1,0,1,1
1426,labeled,30,services,divorced,secondary,0,0,1,0,cellular,13,172,1,-1,0,unknown,0,5,spring,0.49999999999999994,-0.8660254037844387,0.48530196253108104,-0.8743466161445821,0,0,172.0,0.2,0,0,1,1
1427,labeled,30,blue-collar,single,secondary,1,242,1,0,unknown,21,412,1,-1,0,unknown,1,5,spring,0.49999999999999994,-0.8660254037844387,-0.8978045395707417,-0.44039415155763423,0,1,412.0,0.2,1,0,1,2
1428,labeled,42,admin.,married,secondary,0,209,1,0,unknown,28,21,24,-1,0,unknown,0,5,spring,0.49999999999999994,-0.8660254037844387,-0.5712682150947924,0.8207634412072763,0,1,0.875,4.8,0,0,2,2
1429,labeled,33,self-employed,single,tertiary,0,59,0,0,cellular,19,836,3,-1,0,unknown,1,8,summer,-0.8660254037844385,-0.5000000000000004,-0.651372482722222,-0.7587581226927911,0,0,278.6666666666667,0.375,0,0,1,2
1430,labeled,37,management,divorced,tertiary,0,0,1,0,cellular,11,217,6,-1,0,unknown,0,5,spring,0.49999999999999994,-0.8660254037844387,0.7907757369376989,-0.6121059825476626,0,0,36.166666666666664,1.2,0,0,2,1
1432,labeled,35,technician,single,tertiary,0,463,1,0,cellular,25,743,13,-1,0,unknown,1,7,summer,-0.4999999999999997,-0.8660254037844388,-0.9377521321470804,0.3473052528448203,0,1,57.15384615384615,1.8571428571428572,0,0,2,2
1433,labeled,39,technician,married,secondary,1,-175,1,0,unknown,14,202,2,-1,0,unknown,0,5,spring,0.49999999999999994,-0.8660254037844387,0.29936312297335804,-0.9541392564000488,0,0,101.0,0.4,2,0,2,1
1434,labeled,42,blue-collar,married,secondary,0,347,1,0,cellular,11,79,3,-1,0,unknown,0,5,spring,0.49999999999999994,-0.8660254037844387,0.7907757369376989,-0.6121059825476626,0,0,26.333333333333332,0.6,0,0,2,2
1435,labeled,34,blue-collar,married,secondary,0,517,1,0,cellular,11,206,1,-1,0,unknown,0,5,spring,0.49999999999999994,-0.8660254037844387,0.7907757369376989,-0.6121059825476626,0,0,206.0,0.2,0,0,1,2
1436,labeled,38,management,married,tertiary,0,116,1,0,unknown,21,164,2,-1,0,unknown,0,5,spring,0.49999999999999994,-0.8660254037844387,-0.8978045395707417,-0.44039415155763423,0,1,82.0,0.4,0,0,2,2
1437,labeled,30,self-employed,single,tertiary,0,40,0,0,cellular,21,140,1,-1,0,unknown,0,11,autumn,-0.5000000000000004,0.8660254037844384,-0.8978045395707417,-0.44039415155763423,0,1,140.0,0.09090909090909091,0,0,1,2
1439,labeled,49,self-employed,married,secondary,0,349,1,1,unknown,13,176,3,-1,0,unknown,0,5,spring,0.49999999999999994,-0.8660254037844387,0.48530196253108104,-0.8743466161445821,0,0,58.666666666666664,0.6,1,0,3,2
1440,labeled,42,blue-collar,married,primary,0,1514,1,0,cellular,5,115,1,-1,0,unknown,0,2,winter,0.8660254037844386,0.5000000000000001,0.8486442574947509,0.5289640103269624,1,0,115.0,0.5,0,0,2,3
1441,labeled,48,admin.,married,secondary,0,182,1,0,cellular,5,238,3,-1,0,unknown,0,2,winter,0.8660254037844386,0.5000000000000001,0.8486442574947509,0.5289640103269624,1,0,79.33333333333333,1.5,0,0,3,2
1442,labeled,54,blue-collar,divorced,primary,0,-173,0,0,cellular,9,98,1,-1,0,unknown,0,7,summer,-0.4999999999999997,-0.8660254037844388,0.9680771188662043,-0.2506525322587204,1,0,98.0,0.14285714285714285,1,0,3,1
1443,labeled,63,entrepreneur,married,secondary,0,3898,0,0,telephone,4,250,2,187,2,success,1,8,summer,-0.8660254037844385,-0.5000000000000004,0.72479278722912,0.6889669190756866,1,0,125.0,0.25,0,0,4,3
1444,labeled,34,admin.,single,secondary,0,292,0,0,cellular,7,147,4,-1,0,unknown,0,7,summer,-0.4999999999999997,-0.8660254037844388,0.9884683243281114,0.1514277775045767,1,0,36.75,0.5714285714285714,0,0,1,2
1445,labeled,36,blue-collar,married,primary,0,393,1,0,unknown,12,278,1,-1,0,unknown,0,6,summer,1.2246467991473532e-16,-1.0,0.6513724827222223,-0.758758122692791,0,0,278.0,0.16666666666666666,0,0,2,2
1446,labeled,60,self-employed,married,primary,0,355,0,1,cellular,29,816,6,-1,0,unknown,1,7,summer,-0.4999999999999997,-0.8660254037844388,-0.3943558551133187,0.9189578116202306,0,1,136.0,0.8571428571428571,1,0,4,2
1447,labeled,43,unemployed,divorced,secondary,0,4088,1,0,cellular,21,63,1,-1,0,unknown,0,11,autumn,-0.5000000000000004,0.8660254037844384,-0.8978045395707417,-0.44039415155763423,0,1,63.0,0.09090909090909091,0,0,2,3
1448,labeled,42,management,divorced,tertiary,0,0,0,0,unknown,20,85,2,-1,0,unknown,0,6,summer,1.2246467991473532e-16,-1.0,-0.7907757369376986,-0.6121059825476627,0,1,42.5,0.3333333333333333,0,0,2,1
1449,labeled,55,technician,divorced,secondary,0,65,1,1,cellular,25,113,3,-1,0,unknown,0,8,summer,-0.8660254037844385,-0.5000000000000004,-0.9377521321470804,0.3473052528448203,0,1,37.666666666666664,0.375,1,0,4,2
1451,labeled,44,services,single,secondary,0,111,0,0,unknown,12,109,2,-1,0,unknown,0,6,summer,1.2246467991473532e-16,-1.0,0.6513724827222223,-0.758758122692791,0,0,54.5,0.3333333333333333,0,0,2,2
1452,labeled,41,blue-collar,divorced,primary,0,2195,1,0,unknown,3,211,5,-1,0,unknown,0,6,summer,1.2246467991473532e-16,-1.0,0.5712682150947923,0.8207634412072763,1,0,42.2,0.8333333333333334,0,0,2,3
1454,labeled,52,services,married,secondary,0,380,0,1,cellular,25,288,12,-1,0,unknown,0,8,summer,-0.8660254037844385,-0.5000000000000004,-0.9377521321470804,0.3473052528448203,0,1,24.0,1.5,1,0,3,2
1455,labeled,46,blue-collar,married,primary,0,148,1,0,unknown,7,279,1,-1,0,unknown,0,5,spring,0.49999999999999994,-0.8660254037844387,0.9884683243281114,0.1514277775045767,1,0,279.0,0.2,0,0,3,2
1456,labeled,29,blue-collar,married,secondary,0,423,1,1,unknown,14,241,2,-1,0,unknown,0,5,spring,0.49999999999999994,-0.8660254037844387,0.29936312297335804,-0.9541392564000488,0,0,120.5,0.4,1,0,1,2
1457,labeled,42,blue-collar,married,primary,0,1146,1,0,telephone,20,37,1,-1,0,unknown,0,4,spring,0.8660254037844387,-0.4999999999999998,-0.7907757369376986,-0.6121059825476627,0,1,37.0,0.25,0,0,2,3
1458,labeled,47,entrepreneur,married,tertiary,0,455,1,0,cellular,29,189,4,-1,0,unknown,0,7,summer,-0.4999999999999997,-0.8660254037844388,-0.3943558551133187,0.9189578116202306,0,1,47.25,0.5714285714285714,0,0,3,2
1459,labeled,32,services,married,secondary,0,406,1,0,unknown,15,294,2,-1,0,unknown,0,5,spring,0.49999999999999994,-0.8660254037844387,0.10116832198743272,-0.994869323391895,0,0,147.0,0.4,0,0,1,2
1460,labeled,31,blue-collar,married,primary,0,360,1,0,unknown,19,97,9,-1,0,unknown,0,5,spring,0.49999999999999994,-0.8660254037844387,-0.651372482722222,-0.7587581226927911,0,0,10.777777777777779,1.8,0,0,1,2
1461,labeled,34,technician,single,secondary,0,164,0,0,telephone,11,259,4,-1,0,unknown,0,5,spring,0.49999999999999994,-0.8660254037844387,0.7907757369376989,-0.6121059825476626,0,0,64.75,0.8,0,0,1,2
1462,labeled,41,technician,married,secondary,0,0,0,1,cellular,23,107,1,-1,0,unknown,0,7,summer,-0.4999999999999997,-0.8660254037844388,-0.9987165071710528,-0.05064916883871355,0,1,107.0,0.14285714285714285,1,0,2,1
1463,labeled,48,management,single,tertiary,0,409,0,0,cellular,21,761,2,-1,0,unknown,0,7,summer,-0.4999999999999997,-0.8660254037844388,-0.8978045395707417,-0.44039415155763423,0,1,380.5,0.2857142857142857,0,0,3,2
1464,labeled,34,blue-collar,married,secondary,0,383,1,0,cellular,5,11,9,-1,0,unknown,0,5,spring,0.49999999999999994,-0.8660254037844387,0.8486442574947509,0.5289640103269624,1,0,1.2222222222222223,1.8,0,0,1,2
1465,labeled,58,management,married,tertiary,0,2759,0,0,cellular,17,235,1,-1,0,unknown,0,11,autumn,-0.5000000000000004,0.8660254037844384,-0.2993631229733582,-0.9541392564000488,0,0,235.0,0.09090909090909091,0,0,4,3
1466,labeled,40,management,married,tertiary,0,1557,1,0,cellular,13,101,3,-1,0,unknown,0,4,spring,0.8660254037844387,-0.4999999999999998,0.48530196253108104,-0.8743466161445821,0,0,33.666666666666664,0.75,0,0,2,3
1467,labeled,37,entrepreneur,married,tertiary,0,2684,0,0,unknown,20,187,2,-1,0,unknown,0,6,summer,1.2246467991473532e-16,-1.0,-0.7907757369376986,-0.6121059825476627,0,1,93.5,0.3333333333333333,0,0,2,3
1468,labeled,27,management,single,tertiary,0,87,0,0,cellular,4,143,1,-1,0,unknown,0,5,spring,0.49999999999999994,-0.8660254037844387,0.72479278722912,0.6889669190756866,1,0,143.0,0.2,0,0,1,2
1470,labeled,35,admin.,married,secondary,0,0,0,0,unknown,7,326,1,-1,0,unknown,0,5,spring,0.49999999999999994,-0.8660254037844387,0.9884683243281114,0.1514277775045767,1,0,326.0,0.2,0,0,2,1
1471,labeled,34,management,married,tertiary,0,428,1,0,cellular,17,28,1,345,1,failure,0,4,spring,0.8660254037844387,-0.4999999999999998,-0.2993631229733582,-0.9541392564000488,0,0,28.0,0.25,0,0,1,2
1472,labeled,37,services,single,tertiary,0,221,1,0,unknown,28,25,1,-1,0,unknown,0,5,spring,0.49999999999999994,-0.8660254037844387,-0.5712682150947924,0.8207634412072763,0,1,25.0,0.2,0,0,2,2
1473,labeled,29,unemployed,single,secondary,0,495,0,0,telephone,30,95,1,-1,0,unknown,0,4,spring,0.8660254037844387,-0.4999999999999998,-0.20129852008866114,0.9795299412524943,0,1,95.0,0.25,0,0,1,2
1474,labeled,39,blue-collar,single,primary,0,0,1,0,cellular,19,286,2,-1,0,unknown,0,11,autumn,-0.5000000000000004,0.8660254037844384,-0.651372482722222,-0.7587581226927911,0,0,143.0,0.18181818181818182,0,0,2,1
1475,labeled,56,admin.,divorced,secondary,0,980,0,1,cellular,18,150,2,-1,0,unknown,0,8,summer,-0.8660254037844385,-0.5000000000000004,-0.4853019625310808,-0.8743466161445822,0,0,75.0,0.25,1,0,4,2
1476,labeled,58,housemaid,single,tertiary,0,140,1,1,cellular,16,128,2,-1,0,unknown,0,7,summer,-0.4999999999999997,-0.8660254037844388,-0.10116832198743204,-0.9948693233918952,0,0,64.0,0.2857142857142857,1,0,4,2
1477,labeled,37,technician,single,secondary,0,3672,0,0,cellular,12,664,3,-1,0,unknown,1,8,summer,-0.8660254037844385,-0.5000000000000004,0.6513724827222223,-0.758758122692791,0,0,221.33333333333334,0.375,0,0,2,3
1479,labeled,33,services,divorced,secondary,0,408,1,0,unknown,8,216,1,-1,0,unknown,0,5,spring,0.49999999999999994,-0.8660254037844387,0.9987165071710528,-0.05064916883871264,1,0,216.0,0.2,0,0,1,2
1480,labeled,45,management,married,tertiary,0,1934,1,0,unknown,29,44,15,-1,0,unknown,0,5,spring,0.49999999999999994,-0.8660254037844387,-0.3943558551133187,0.9189578116202306,0,1,2.933333333333333,3.0,0,0,3,3
1481,labeled,41,blue-collar,married,secondary,0,560,1,0,cellular,12,463,1,-1,0,unknown,0,5,spring,0.49999999999999994,-0.8660254037844387,0.6513724827222223,-0.758758122692791,0,0,463.0,0.2,0,0,2,2
1482,labeled,28,blue-collar,married,secondary,0,11,1,0,cellular,15,196,1,-1,0,unknown,0,5,spring,0.49999999999999994,-0.8660254037844387,0.10116832198743272,-0.994869323391895,0,0,196.0,0.2,0,0,1,2
1483,labeled,53,admin.,married,secondary,0,269,0,1,cellular,18,143,7,-1,0,unknown,0,7,summer,-0.4999999999999997,-0.8660254037844388,-0.4853019625310808,-0.8743466161445822,0,0,20.428571428571427,1.0,1,0,3,2
1485,labeled,38,services,married,secondary,0,431,1,0,unknown,20,411,1,-1,0,unknown,0,5,spring,0.49999999999999994,-0.8660254037844387,-0.7907757369376986,-0.6121059825476627,0,1,411.0,0.2,0,0,2,2
1487,labeled,37,blue-collar,married,primary,0,697,1,0,cellular,14,367,2,-1,0,unknown,0,7,summer,-0.4999999999999997,-0.8660254037844388,0.29936312297335804,-0.9541392564000488,0,0,183.5,0.2857142857142857,0,0,2,2
1489,labeled,53,management,married,unknown,0,2238,1,0,cellular,2,282,2,385,1,success,1,6,summer,1.2246467991473532e-16,-1.0,0.39435585511331855,0.9189578116202306,1,0,141.0,0.3333333333333333,0,0,3,3
1490,labeled,31,admin.,single,secondary,0,1305,1,0,unknown,28,217,5,-1,0,unknown,0,5,spring,0.49999999999999994,-0.8660254037844387,-0.5712682150947924,0.8207634412072763,0,1,43.4,1.0,0,0,1,3
1491,labeled,45,entrepreneur,married,primary,0,2409,1,0,unknown,14,120,1,-1,0,unknown,0,5,spring,0.49999999999999994,-0.8660254037844387,0.29936312297335804,-0.9541392564000488,0,0,120.0,0.2,0,0,3,3
1492,labeled,32,self-employed,married,secondary,0,214,1,1,cellular,15,317,5,-1,0,unknown,0,7,summer,-0.4999999999999997,-0.8660254037844388,0.10116832198743272,-0.994869323391895,0,0,63.4,0.7142857142857143,1,0,1,2
1493,labeled,33,admin.,single,secondary,0,2558,1,0,cellular,18,186,1,-1,0,unknown,0,5,spring,0.49999999999999994,-0.8660254037844387,-0.4853019625310808,-0.8743466161445822,0,0,186.0,0.2,0,0,1,3
1494,labeled,45,technician,married,secondary,0,1486,1,0,cellular,8,355,1,-1,0,unknown,0,7,summer,-0.4999999999999997,-0.8660254037844388,0.9987165071710528,-0.05064916883871264,1,0,355.0,0.14285714285714285,0,0,3,3
1496,labeled,48,management,married,tertiary,0,866,0,0,cellular,29,146,2,-1,0,unknown,0,1,winter,0.49999999999999994,0.8660254037844387,-0.3943558551133187,0.9189578116202306,0,1,73.0,2.0,0,0,3,2
1497,labeled,37,student,married,unknown,0,0,0,0,unknown,18,115,1,-1,0,unknown,0,6,summer,1.2246467991473532e-16,-1.0,-0.4853019625310808,-0.8743466161445822,0,0,115.0,0.16666666666666666,0,0,2,1
1498,labeled,41,admin.,single,secondary,0,-264,0,1,unknown,9,35,3,-1,0,unknown,0,5,spring,0.49999999999999994,-0.8660254037844387,0.9680771188662043,-0.2506525322587204,1,0,11.666666666666666,0.6,2,0,2,1
1499,labeled,38,blue-collar,single,secondary,0,-11,1,0,unknown,7,72,1,-1,0,unknown,0,5,spring,0.49999999999999994,-0.8660254037844387,0.9884683243281114,0.1514277775045767,1,0,72.0,0.2,1,0,2,1
1501,labeled,47,technician,married,secondary,0,1170,1,0,cellular,30,968,1,87,5,failure,1,4,spring,0.8660254037844387,-0.4999999999999998,-0.20129852008866114,0.9795299412524943,0,1,968.0,0.25,0,0,3,3
1502,labeled,60,management,divorced,tertiary,0,374,0,0,cellular,3,593,1,-1,0,unknown,1,6,summer,1.2246467991473532e-16,-1.0,0.5712682150947923,0.8207634412072763,1,0,593.0,0.16666666666666666,0,0,4,2
1505,labeled,38,blue-collar,married,primary,0,174,1,1,telephone,13,212,3,-1,0,unknown,0,5,spring,0.49999999999999994,-0.8660254037844387,0.48530196253108104,-0.8743466161445821,0,0,70.66666666666667,0.6,1,0,2,2
1507,labeled,36,technician,married,secondary,0,18,1,0,cellular,8,152,2,347,1,failure,0,5,spring,0.49999999999999994,-0.8660254037844387,0.9987165071710528,-0.05064916883871264,1,0,76.0,0.4,0,0,2,2
1508,labeled,56,blue-collar,married,secondary,0,2189,0,1,cellular,30,90,2,232,1,failure,0,1,winter,0.49999999999999994,0.8660254037844387,-0.20129852008866114,0.9795299412524943,0,1,45.0,2.0,1,0,4,3
1509,labeled,34,services,married,secondary,0,2217,0,0,unknown,8,149,1,-1,0,unknown,0,5,spring,0.49999999999999994,-0.8660254037844387,0.9987165071710528,-0.05064916883871264,1,0,149.0,0.2,0,0,1,3
1511,labeled,51,services,married,secondary,0,0,0,1,unknown,26,565,3,-1,0,unknown,0,6,summer,1.2246467991473532e-16,-1.0,-0.8486442574947509,0.5289640103269624,0,1,188.33333333333334,0.5,1,0,3,1
1512,labeled,49,admin.,married,secondary,0,2471,0,0,cellular,20,157,3,-1,0,unknown,0,8,summer,-0.8660254037844385,-0.5000000000000004,-0.7907757369376986,-0.6121059825476627,0,1,52.333333333333336,0.375,0,0,3,3
1513,labeled,31,self-employed,married,secondary,0,31,0,0,cellular,6,165,4,-1,0,unknown,0,8,summer,-0.8660254037844385,-0.5000000000000004,0.9377521321470804,0.3473052528448203,1,0,41.25,0.5,0,0,1,2
1515,labeled,34,admin.,married,secondary,0,104,0,0,cellular,29,109,2,-1,0,unknown,0,8,summer,-0.8660254037844385,-0.5000000000000004,-0.3943558551133187,0.9189578116202306,0,1,54.5,0.25,0,0,1,2
1516,labeled,36,blue-collar,married,secondary,0,145,1,0,unknown,23,106,3,-1,0,unknown,0,5,spring,0.49999999999999994,-0.8660254037844387,-0.9987165071710528,-0.05064916883871355,0,1,35.333333333333336,0.6,0,0,2,2
1517,labeled,40,management,married,tertiary,0,1043,1,0,unknown,12,73,1,-1,0,unknown,0,6,summer,1.2246467991473532e-16,-1.0,0.6513724827222223,-0.758758122692791,0,0,73.0,0.16666666666666666,0,0,2,3
1518,labeled,31,admin.,married,secondary,0,0,1,1,cellular,18,79,3,-1,0,unknown,0,11,autumn,-0.5000000000000004,0.8660254037844384,-0.4853019625310808,-0.8743466161445822,0,0,26.333333333333332,0.2727272727272727,1,0,1,1
1519,labeled,32,technician,single,secondary,0,-21,0,1,unknown,4,400,1,-1,0,unknown,0,7,summer,-0.4999999999999997,-0.8660254037844388,0.72479278722912,0.6889669190756866,1,0,400.0,0.14285714285714285,2,0,1,1
1520,labeled,58,blue-collar,married,secondary,0,597,0,1,unknown,5,133,1,-1,0,unknown,0,6,summer,1.2246467991473532e-16,-1.0,0.8486442574947509,0.5289640103269624,1,0,133.0,0.16666666666666666,1,0,4,2
1521,labeled,32,admin.,single,tertiary,0,1578,1,0,cellular,19,100,1,182,1,failure,0,11,autumn,-0.5000000000000004,0.8660254037844384,-0.651372482722222,-0.7587581226927911,0,0,100.0,0.09090909090909091,0,0,1,3
1522,labeled,50,blue-collar,married,primary,0,8140,1,0,cellular,18,256,6,-1,0,unknown,0,8,summer,-0.8660254037844385,-0.5000000000000004,-0.4853019625310808,-0.8743466161445822,0,0,42.666666666666664,0.75,0,0,3,4
1524,labeled,41,admin.,married,secondary,0,8235,1,1,unknown,30,124,4,-1,0,unknown,0,5,spring,0.49999999999999994,-0.8660254037844387,-0.20129852008866114,0.9795299412524943,0,1,31.0,0.8,1,0,2,4
1525,labeled,50,management,married,tertiary,0,8,0,0,cellular,17,223,1,96,2,failure,0,11,autumn,-0.5000000000000004,0.8660254037844384,-0.2993631229733582,-0.9541392564000488,0,0,223.0,0.09090909090909091,0,0,3,2
1526,labeled,30,management,single,tertiary,0,2,1,1,cellular,25,1031,8,-1,0,unknown,1,7,summer,-0.4999999999999997,-0.8660254037844388,-0.9377521321470804,0.3473052528448203,0,1,128.875,1.1428571428571428,1,0,1,2
1528,labeled,41,blue-collar,single,unknown,0,4686,0,0,unknown,20,30,6,-1,0,unknown,0,6,summer,1.2246467991473532e-16,-1.0,-0.7907757369376986,-0.6121059825476627,0,1,5.0,1.0,0,0,2,3
1529,labeled,36,management,married,tertiary,0,9274,1,1,cellular,19,107,2,-1,0,unknown,0,11,autumn,-0.5000000000000004,0.8660254037844384,-0.651372482722222,-0.7587581226927911,0,0,53.5,0.18181818181818182,1,0,2,4
1530,labeled,34,management,single,secondary,0,0,0,0,cellular,22,132,4,-1,0,unknown,0,8,summer,-0.8660254037844385,-0.5000000000000004,-0.9680771188662041,-0.2506525322587213,0,1,33.0,0.5,0,0,1,1
1531,labeled,50,services,married,secondary,0,26400,0,0,cellular,25,206,4,-1,0,unknown,0,8,summer,-0.8660254037844385,-0.5000000000000004,-0.9377521321470804,0.3473052528448203,0,1,51.5,0.5,0,0,3,5
1532,labeled,46,admin.,married,secondary,0,118,1,0,unknown,14,20,11,-1,0,unknown,0,5,spring,0.49999999999999994,-0.8660254037844387,0.29936312297335804,-0.9541392564000488,0,0,1.8181818181818181,2.2,0,0,3,2
1534,labeled,49,management,married,secondary,0,365,1,0,unknown,4,84,2,-1,0,unknown,0,6,summer,1.2246467991473532e-16,-1.0,0.72479278722912,0.6889669190756866,1,0,42.0,0.3333333333333333,0,0,3,2
1536,labeled,56,blue-collar,married,primary,0,377,0,0,cellular,13,58,5,-1,0,unknown,0,8,summer,-0.8660254037844385,-0.5000000000000004,0.48530196253108104,-0.8743466161445821,0,0,11.6,0.625,0,0,4,2
1537,labeled,36,management,single,tertiary,0,447,1,1,cellular,29,102,3,-1,0,unknown,0,7,summer,-0.4999999999999997,-0.8660254037844388,-0.3943558551133187,0.9189578116202306,0,1,34.0,0.42857142857142855,1,0,2,2
1538,labeled,46,blue-collar,married,primary,0,88,1,0,cellular,6,29,1,356,2,failure,0,5,spring,0.49999999999999994,-0.8660254037844387,0.9377521321470804,0.3473052528448203,1,0,29.0,0.2,0,0,3,2
1539,labeled,35,services,single,secondary,0,37,1,0,cellular,14,152,1,-1,0,unknown,0,5,spring,0.49999999999999994,-0.8660254037844387,0.29936312297335804,-0.9541392564000488,0,0,152.0,0.2,0,0,2,2
1540,labeled,50,housemaid,married,primary,0,399,1,0,unknown,15,419,2,-1,0,unknown,0,5,spring,0.49999999999999994,-0.8660254037844387,0.10116832198743272,-0.994869323391895,0,0,209.5,0.4,0,0,3,2
1541,labeled,30,technician,married,secondary,0,613,1,0,cellular,6,19,1,-1,0,unknown,0,5,spring,0.49999999999999994,-0.8660254037844387,0.9377521321470804,0.3473052528448203,1,0,19.0,0.2,0,0,1,2
1544,labeled,33,services,married,secondary,0,82,1,0,cellular,28,263,2,-1,0,unknown,0,7,summer,-0.4999999999999997,-0.8660254037844388,-0.5712682150947924,0.8207634412072763,0,1,131.5,0.2857142857142857,0,0,1,2
1545,labeled,58,management,married,tertiary,0,16265,0,0,telephone,17,215,3,-1,0,unknown,0,11,autumn,-0.5000000000000004,0.8660254037844384,-0.2993631229733582,-0.9541392564000488,0,0,71.66666666666667,0.2727272727272727,0,0,4,5
1546,labeled,54,blue-collar,married,primary,0,776,1,0,unknown,9,103,2,-1,0,unknown,0,5,spring,0.49999999999999994,-0.8660254037844387,0.9680771188662043,-0.2506525322587204,1,0,51.5,0.4,0,0,3,2
1547,labeled,38,management,married,tertiary,0,382,1,0,unknown,6,262,1,-1,0,unknown,0,5,spring,0.49999999999999994,-0.8660254037844387,0.9377521321470804,0.3473052528448203,1,0,262.0,0.2,0,0,2,2
1549,labeled,46,management,divorced,secondary,0,565,0,0,cellular,19,126,6,-1,0,unknown,0,8,summer,-0.8660254037844385,-0.5000000000000004,-0.651372482722222,-0.7587581226927911,0,0,21.0,0.75,0,0,3,2
1550,labeled,27,blue-collar,single,secondary,0,5571,1,0,unknown,30,435,2,-1,0,unknown,0,5,spring,0.49999999999999994,-0.8660254037844387,-0.20129852008866114,0.9795299412524943,0,1,217.5,0.4,0,0,1,4
1551,labeled,38,management,single,tertiary,0,8674,1,0,telephone,20,5,3,150,6,failure,0,4,spring,0.8660254037844387,-0.4999999999999998,-0.7907757369376986,-0.6121059825476627,0,1,1.6666666666666667,0.75,0,0,2,4
1552,labeled,33,blue-collar,married,secondary,0,49,1,0,cellular,14,332,2,358,2,failure,0,5,spring,0.49999999999999994,-0.8660254037844387,0.29936312297335804,-0.9541392564000488,0,0,166.0,0.4,0,0,1,2
1553,labeled,34,technician,married,secondary,0,1547,0,0,cellular,20,200,2,-1,0,unknown,0,8,summer,-0.8660254037844385,-0.5000000000000004,-0.7907757369376986,-0.6121059825476627,0,1,100.0,0.25,0,0,1,3
1554,labeled,26,blue-collar,single,primary,0,3344,1,0,unknown,4,329,4,-1,0,unknown,0,6,summer,1.2246467991473532e-16,-1.0,0.72479278722912,0.6889669190756866,1,0,82.25,0.6666666666666666,0,0,1,3
1555,labeled,60,unknown,married,unknown,0,7331,0,0,cellular,4,122,1,-1,0,unknown,0,8,summer,-0.8660254037844385,-0.5000000000000004,0.72479278722912,0.6889669190756866,1,0,122.0,0.125,0,0,4,4
1556,labeled,38,blue-collar,married,secondary,0,1201,1,0,cellular,20,45,4,153,1,failure,0,4,spring,0.8660254037844387,-0.4999999999999998,-0.7907757369376986,-0.6121059825476627,0,1,11.25,1.0,0,0,2,3
1558,labeled,34,blue-collar,married,secondary,0,14,1,1,cellular,2,171,2,193,2,other,0,2,winter,0.8660254037844386,0.5000000000000001,0.39435585511331855,0.9189578116202306,1,0,85.5,1.0,1,0,1,2
1560,labeled,46,services,married,secondary,0,0,1,0,cellular,22,154,1,124,1,other,0,6,summer,1.2246467991473532e-16,-1.0,-0.9680771188662041,-0.2506525322587213,0,1,154.0,0.16666666666666666,0,0,3,1
1561,labeled,33,management,single,tertiary,0,77,0,0,cellular,22,107,6,-1,0,unknown,0,8,summer,-0.8660254037844385,-0.5000000000000004,-0.9680771188662041,-0.2506525322587213,0,1,17.833333333333332,0.75,0,0,1,2
1562,labeled,31,blue-collar,married,secondary,0,1498,1,1,unknown,23,159,3,-1,0,unknown,0,5,spring,0.49999999999999994,-0.8660254037844387,-0.9987165071710528,-0.05064916883871355,0,1,53.0,0.6,1,0,1,3
1564,labeled,28,management,single,tertiary,0,3246,1,0,unknown,19,7,1,-1,0,unknown,0,5,spring,0.49999999999999994,-0.8660254037844387,-0.651372482722222,-0.7587581226927911,0,0,7.0,0.2,0,0,1,3
1565,labeled,57,unemployed,married,secondary,0,0,0,0,unknown,19,97,1,-1,0,unknown,0,6,summer,1.2246467991473532e-16,-1.0,-0.651372482722222,-0.7587581226927911,0,0,97.0,0.16666666666666666,0,0,4,1
1566,labeled,27,admin.,married,secondary,0,897,0,0,cellular,5,397,1,-1,0,unknown,1,6,summer,1.2246467991473532e-16,-1.0,0.8486442574947509,0.5289640103269624,1,0,397.0,0.16666666666666666,0,0,1,2
1567,labeled,43,admin.,married,secondary,0,3207,1,0,cellular,21,228,3,-1,0,unknown,0,7,summer,-0.4999999999999997,-0.8660254037844388,-0.8978045395707417,-0.44039415155763423,0,1,76.0,0.42857142857142855,0,0,2,3
1568,labeled,30,admin.,married,tertiary,0,0,1,0,cellular,24,209,2,-1,0,unknown,0,7,summer,-0.4999999999999997,-0.8660254037844388,-0.9884683243281114,0.15142777750457667,0,1,104.5,0.2857142857142857,0,0,1,1
1570,labeled,47,services,divorced,secondary,0,687,0,0,cellular,6,285,6,-1,0,unknown,0,2,winter,0.8660254037844386,0.5000000000000001,0.9377521321470804,0.3473052528448203,1,0,47.5,3.0,0,0,3,2
1571,labeled,57,management,married,tertiary,0,1606,0,0,cellular,29,339,3,-1,0,unknown,0,7,summer,-0.4999999999999997,-0.8660254037844388,-0.3943558551133187,0.9189578116202306,0,1,113.0,0.42857142857142855,0,0,4,3
1572,labeled,31,management,married,secondary,0,468,1,0,cellular,14,164,1,-1,0,unknown,0,5,spring,0.49999999999999994,-0.8660254037844387,0.29936312297335804,-0.9541392564000488,0,0,164.0,0.2,0,0,1,2
1573,labeled,31,technician,single,secondary,0,625,1,0,unknown,12,1083,2,-1,0,unknown,0,5,spring,0.49999999999999994,-0.8660254037844387,0.6513724827222223,-0.758758122692791,0,0,541.5,0.4,0,0,1,2
1574,labeled,58,housemaid,married,secondary,0,2712,0,0,telephone,14,137,1,-1,0,unknown,0,8,summer,-0.8660254037844385,-0.5000000000000004,0.29936312297335804,-0.9541392564000488,0,0,137.0,0.125,0,0,4,3
1575,labeled,38,services,married,secondary,0,-148,0,0,unknown,25,456,3,-1,0,unknown,0,6,summer,1.2246467991473532e-16,-1.0,-0.9377521321470804,0.3473052528448203,0,1,152.0,0.5,1,0,2,1
1576,labeled,38,technician,divorced,secondary,0,411,0,0,cellular,11,63,6,-1,0,unknown,0,8,summer,-0.8660254037844385,-0.5000000000000004,0.7907757369376989,-0.6121059825476626,0,0,10.5,0.75,0,0,2,2
1577,labeled,48,management,single,secondary,0,284,1,0,cellular,21,257,2,-1,0,unknown,0,7,summer,-0.4999999999999997,-0.8660254037844388,-0.8978045395707417,-0.44039415155763423,0,1,128.5,0.2857142857142857,0,0,3,2
1579,labeled,46,self-employed,married,tertiary,0,138,1,1,unknown,5,246,1,-1,0,unknown,0,5,spring,0.49999999999999994,-0.8660254037844387,0.8486442574947509,0.5289640103269624,1,0,246.0,0.2,1,0,3,2
1580,labeled,53,blue-collar,married,primary,0,4148,0,0,cellular,15,200,3,-1,0,unknown,0,7,summer,-0.4999999999999997,-0.8660254037844388,0.10116832198743272,-0.994869323391895,0,0,66.66666666666667,0.42857142857142855,0,0,3,3
1581,labeled,49,blue-collar,divorced,primary,0,14,1,0,unknown,27,550,7,-1,0,unknown,0,5,spring,0.49999999999999994,-0.8660254037844387,-0.72479278722912,0.6889669190756865,0,1,78.57142857142857,1.4,0,0,3,2
1582,labeled,30,admin.,single,tertiary,0,304,0,0,cellular,30,633,1,85,2,success,1,4,spring,0.8660254037844387,-0.4999999999999998,-0.20129852008866114,0.9795299412524943,0,1,633.0,0.25,0,0,1,2
1584,labeled,33,services,married,secondary,0,799,1,1,unknown,8,266,1,-1,0,unknown,0,5,spring,0.49999999999999994,-0.8660254037844387,0.9987165071710528,-0.05064916883871264,1,0,266.0,0.2,1,0,1,2
1585,labeled,52,services,married,secondary,0,647,0,0,telephone,7,398,2,460,2,failure,1,7,summer,-0.4999999999999997,-0.8660254037844388,0.9884683243281114,0.1514277775045767,1,0,199.0,0.2857142857142857,0,0,3,2
1586,labeled,31,management,married,tertiary,0,22554,1,0,cellular,14,8,6,267,4,failure,0,5,spring,0.49999999999999994,-0.8660254037844387,0.29936312297335804,-0.9541392564000488,0,0,1.3333333333333333,1.2,0,0,1,5
1587,labeled,46,technician,married,secondary,0,-331,1,0,unknown,27,112,1,-1,0,unknown,0,5,spring,0.49999999999999994,-0.8660254037844387,-0.72479278722912,0.6889669190756865,0,1,112.0,0.2,1,0,3,1
1588,labeled,25,entrepreneur,single,tertiary,0,16877,1,1,cellular,15,117,2,-1,0,unknown,0,5,spring,0.49999999999999994,-0.8660254037844387,0.10116832198743272,-0.994869323391895,0,0,58.5,0.4,1,0,1,5
1589,labeled,55,blue-collar,married,secondary,0,1008,1,0,cellular,12,112,2,-1,0,unknown,0,8,summer,-0.8660254037844385,-0.5000000000000004,0.6513724827222223,-0.758758122692791,0,0,56.0,0.25,0,0,4,3
1590,labeled,32,blue-collar,single,secondary,0,2287,1,0,unknown,14,413,2,-1,0,unknown,0,5,spring,0.49999999999999994,-0.8660254037844387,0.29936312297335804,-0.9541392564000488,0,0,206.5,0.4,0,0,1,3
1591,labeled,40,services,married,secondary,0,771,1,0,cellular,15,173,4,-1,0,unknown,0,5,spring,0.49999999999999994,-0.8660254037844387,0.10116832198743272,-0.994869323391895,0,0,43.25,0.8,0,0,2,2
1592,labeled,47,blue-collar,married,secondary,0,478,1,0,unknown,28,211,2,-1,0,unknown,0,5,spring,0.49999999999999994,-0.8660254037844387,-0.5712682150947924,0.8207634412072763,0,1,105.5,0.4,0,0,3,2
1593,labeled,29,entrepreneur,married,secondary,0,184,1,0,cellular,5,231,4,-1,0,unknown,0,5,spring,0.49999999999999994,-0.8660254037844387,0.8486442574947509,0.5289640103269624,1,0,57.75,0.8,0,0,1,2
1594,labeled,32,blue-collar,single,secondary,0,28,1,0,cellular,18,125,1,368,4,failure,0,5,spring,0.49999999999999994,-0.8660254037844387,-0.4853019625310808,-0.8743466161445822,0,0,125.0,0.2,0,0,1,2
1595,labeled,54,blue-collar,married,secondary,0,-621,0,0,unknown,23,173,1,-1,0,unknown,0,5,spring,0.49999999999999994,-0.8660254037844387,-0.9987165071710528,-0.05064916883871355,0,1,173.0,0.2,1,0,3,1
1596,labeled,44,technician,single,secondary,0,7141,0,0,cellular,8,809,2,-1,0,unknown,1,8,summer,-0.8660254037844385,-0.5000000000000004,0.9987165071710528,-0.05064916883871264,1,0,404.5,0.25,0,0,2,4
1597,labeled,36,management,single,secondary,0,1505,1,0,cellular,16,270,1,-1,0,unknown,1,11,autumn,-0.5000000000000004,0.8660254037844384,-0.10116832198743204,-0.9948693233918952,0,0,270.0,0.09090909090909091,0,0,2,3
1598,labeled,34,management,married,tertiary,0,3303,1,0,cellular,17,485,2,227,4,failure,1,6,summer,1.2246467991473532e-16,-1.0,-0.2993631229733582,-0.9541392564000488,0,0,242.5,0.3333333333333333,0,0,1,3
1599,labeled,24,management,single,tertiary,0,175,0,0,cellular,3,67,2,-1,0,unknown,0,7,summer,-0.4999999999999997,-0.8660254037844388,0.5712682150947923,0.8207634412072763,1,0,33.5,0.2857142857142857,0,0,0,2
1600,labeled,30,management,single,tertiary,0,731,1,0,cellular,16,39,1,342,3,failure,0,4,spring,0.8660254037844387,-0.4999999999999998,-0.10116832198743204,-0.9948693233918952,0,0,39.0,0.25,0,0,1,2
1601,labeled,46,management,married,tertiary,0,532,1,0,cellular,6,105,4,366,2,failure,0,5,spring,0.49999999999999994,-0.8660254037844387,0.9377521321470804,0.3473052528448203,1,0,26.25,0.8,0,0,3,2
1602,labeled,37,management,single,unknown,0,710,1,0,unknown,20,247,2,-1,0,unknown,0,5,spring,0.49999999999999994,-0.8660254037844387,-0.7907757369376986,-0.6121059825476627,0,1,123.5,0.4,0,0,2,2
1603,labeled,34,services,married,secondary,0,0,0,1,unknown,2,193,4,-1,0,unknown,0,7,summer,-0.4999999999999997,-0.8660254037844388,0.39435585511331855,0.9189578116202306,1,0,48.25,0.5714285714285714,1,0,1,1
1604,labeled,35,admin.,married,secondary,0,779,0,1,cellular,25,322,1,-1,0,unknown,0,7,summer,-0.4999999999999997,-0.8660254037844388,-0.9377521321470804,0.3473052528448203,0,1,322.0,0.14285714285714285,1,0,2,2
1606,labeled,23,technician,single,secondary,0,592,0,0,cellular,30,166,1,-1,0,unknown,0,4,spring,0.8660254037844387,-0.4999999999999998,-0.20129852008866114,0.9795299412524943,0,1,166.0,0.25,0,0,0,2
1607,labeled,35,admin.,single,tertiary,0,61,0,1,cellular,30,67,1,-1,0,unknown,0,4,spring,0.8660254037844387,-0.4999999999999998,-0.20129852008866114,0.9795299412524943,0,1,67.0,0.25,1,0,2,2
1608,labeled,28,technician,married,secondary,0,222,1,1,cellular,29,72,1,261,1,failure,0,1,winter,0.49999999999999994,0.8660254037844387,-0.3943558551133187,0.9189578116202306,0,1,72.0,1.0,1,0,1,2
1609,labeled,58,self-employed,married,primary,0,1013,1,0,cellular,11,206,1,461,1,failure,1,8,summer,-0.8660254037844385,-0.5000000000000004,0.7907757369376989,-0.6121059825476626,0,0,206.0,0.125,0,0,4,3
1610,labeled,32,blue-collar,single,secondary,0,219,0,0,telephone,5,176,1,288,3,failure,0,2,winter,0.8660254037844386,0.5000000000000001,0.8486442574947509,0.5289640103269624,1,0,176.0,0.5,0,0,1,2
1611,labeled,36,blue-collar,married,secondary,0,-73,1,1,cellular,18,15,8,-1,0,unknown,0,5,spring,0.49999999999999994,-0.8660254037844387,-0.4853019625310808,-0.8743466161445822,0,0,1.875,1.6,2,0,2,1
1612,labeled,33,technician,married,secondary,0,60,1,0,telephone,29,57,2,-1,0,unknown,0,8,summer,-0.8660254037844385,-0.5000000000000004,-0.3943558551133187,0.9189578116202306,0,1,28.5,0.25,0,0,1,2
1613,labeled,43,management,single,tertiary,0,137,0,0,cellular,21,50,1,113,5,other,0,11,autumn,-0.5000000000000004,0.8660254037844384,-0.8978045395707417,-0.44039415155763423,0,1,50.0,0.09090909090909091,0,0,2,2
1614,labeled,35,unemployed,married,secondary,0,976,1,0,cellular,4,52,4,91,1,other,0,5,spring,0.49999999999999994,-0.8660254037844387,0.72479278722912,0.6889669190756866,1,0,13.0,0.8,0,0,2,2
1615,labeled,30,student,single,secondary,0,31,0,0,telephone,30,44,1,-1,0,unknown,0,4,spring,0.8660254037844387,-0.4999999999999998,-0.20129852008866114,0.9795299412524943,0,1,44.0,0.25,0,0,1,2
1616,labeled,43,management,married,tertiary,0,13047,0,0,cellular,18,36,4,-1,0,unknown,0,8,summer,-0.8660254037844385,-0.5000000000000004,-0.4853019625310808,-0.8743466161445822,0,0,9.0,0.5,0,0,2,5
1617,labeled,37,self-employed,married,secondary,0,4147,1,0,cellular,31,35,16,-1,0,unknown,0,7,summer,-0.4999999999999997,-0.8660254037844388,-2.4492935982947064e-16,1.0,0,1,2.1875,2.2857142857142856,0,0,2,3
1618,labeled,33,admin.,married,secondary,0,351,1,0,cellular,19,107,2,-1,0,unknown,0,11,autumn,-0.5000000000000004,0.8660254037844384,-0.651372482722222,-0.7587581226927911,0,0,53.5,0.18181818181818182,0,0,1,2
1620,labeled,50,management,married,secondary,1,420,0,0,cellular,20,22,5,-1,0,unknown,0,11,autumn,-0.5000000000000004,0.8660254037844384,-0.7907757369376986,-0.6121059825476627,0,1,4.4,0.45454545454545453,1,0,3,2
1621,labeled,44,blue-collar,married,primary,0,-322,1,0,unknown,20,22,3,-1,0,unknown,0,6,summer,1.2246467991473532e-16,-1.0,-0.7907757369376986,-0.6121059825476627,0,1,7.333333333333333,0.5,1,0,2,1
1622,labeled,30,student,single,secondary,0,3102,0,0,cellular,26,123,1,-1,0,unknown,0,1,winter,0.49999999999999994,0.8660254037844387,-0.8486442574947509,0.5289640103269624,0,1,123.0,1.0,0,0,1,3
1623,labeled,54,housemaid,divorced,secondary,0,1335,0,0,unknown,5,115,2,-1,0,unknown,0,6,summer,1.2246467991473532e-16,-1.0,0.8486442574947509,0.5289640103269624,1,0,57.5,0.3333333333333333,0,0,3,3
1624,labeled,33,blue-collar,married,secondary,0,0,1,1,cellular,28,83,12,-1,0,unknown,0,7,summer,-0.4999999999999997,-0.8660254037844388,-0.5712682150947924,0.8207634412072763,0,1,6.916666666666667,1.7142857142857142,1,0,1,1
1625,labeled,32,admin.,married,secondary,0,0,0,0,cellular,30,119,3,-1,0,unknown,0,1,winter,0.49999999999999994,0.8660254037844387,-0.20129852008866114,0.9795299412524943,0,1,39.666666666666664,3.0,0,0,1,1
1626,labeled,48,retired,married,primary,0,5174,1,0,unknown,18,88,8,-1,0,unknown,0,6,summer,1.2246467991473532e-16,-1.0,-0.4853019625310808,-0.8743466161445822,0,0,11.0,1.3333333333333333,0,0,3,4
1627,labeled,28,services,single,secondary,0,281,1,0,cellular,18,128,1,-1,0,unknown,0,5,spring,0.49999999999999994,-0.8660254037844387,-0.4853019625310808,-0.8743466161445822,0,0,128.0,0.2,0,0,1,2
1628,labeled,44,unemployed,single,primary,0,4225,0,0,unknown,16,227,1,-1,0,unknown,0,6,summer,1.2246467991473532e-16,-1.0,-0.10116832198743204,-0.9948693233918952,0,0,227.0,0.16666666666666666,0,0,2,3
1629,labeled,53,management,married,tertiary,0,138,0,0,unknown,30,150,1,-1,0,unknown,0,5,spring,0.49999999999999994,-0.8660254037844387,-0.20129852008866114,0.9795299412524943,0,1,150.0,0.2,0,0,3,2
1630,labeled,34,management,single,tertiary,0,613,1,0,unknown,3,119,4,-1,0,unknown,0,6,summer,1.2246467991473532e-16,-1.0,0.5712682150947923,0.8207634412072763,1,0,29.75,0.6666666666666666,0,0,1,2
1631,labeled,41,technician,single,tertiary,0,1645,1,0,cellular,4,261,1,184,6,success,1,2,winter,0.8660254037844386,0.5000000000000001,0.72479278722912,0.6889669190756866,1,0,261.0,0.5,0,0,2,3
1634,labeled,45,management,married,tertiary,0,6944,0,0,cellular,5,131,5,356,3,failure,0,8,summer,-0.8660254037844385,-0.5000000000000004,0.8486442574947509,0.5289640103269624,1,0,26.2,0.625,0,0,3,4
1635,labeled,27,blue-collar,single,secondary,0,5,1,0,unknown,19,205,3,-1,0,unknown,0,5,spring,0.49999999999999994,-0.8660254037844387,-0.651372482722222,-0.7587581226927911,0,0,68.33333333333333,0.6,0,0,1,2
1636,labeled,24,blue-collar,married,secondary,0,0,0,0,unknown,28,94,1,-1,0,unknown,0,5,spring,0.49999999999999994,-0.8660254037844387,-0.5712682150947924,0.8207634412072763,0,1,94.0,0.2,0,0,0,1
1637,labeled,31,technician,single,secondary,0,4884,1,0,telephone,5,475,4,166,2,failure,0,5,spring,0.49999999999999994,-0.8660254037844387,0.8486442574947509,0.5289640103269624,1,0,118.75,0.8,0,0,1,3
1639,labeled,47,management,divorced,tertiary,0,2505,0,0,unknown,20,40,3,-1,0,unknown,0,6,summer,1.2246467991473532e-16,-1.0,-0.7907757369376986,-0.6121059825476627,0,1,13.333333333333334,0.5,0,0,3,3
1640,labeled,25,student,single,secondary,0,4,0,0,cellular,22,107,2,-1,0,unknown,1,4,spring,0.8660254037844387,-0.4999999999999998,-0.9680771188662041,-0.2506525322587213,0,1,53.5,0.5,0,0,1,2
1641,labeled,42,blue-collar,divorced,secondary,0,1486,1,0,cellular,6,203,2,334,2,failure,0,5,spring,0.49999999999999994,-0.8660254037844387,0.9377521321470804,0.3473052528448203,1,0,101.5,0.4,0,0,2,3
1642,labeled,33,admin.,married,secondary,0,214,1,0,unknown,27,345,1,-1,0,unknown,0,5,spring,0.49999999999999994,-0.8660254037844387,-0.72479278722912,0.6889669190756865,0,1,345.0,0.2,0,0,1,2
1644,labeled,42,technician,married,secondary,0,1056,1,0,telephone,6,23,2,-1,0,unknown,0,2,winter,0.8660254037844386,0.5000000000000001,0.9377521321470804,0.3473052528448203,1,0,11.5,1.0,0,0,2,3
1645,labeled,47,management,single,tertiary,0,0,0,0,unknown,11,58,3,-1,0,unknown,0,6,summer,1.2246467991473532e-16,-1.0,0.7907757369376989,-0.6121059825476626,0,0,19.333333333333332,0.5,0,0,3,1
1646,labeled,36,management,single,tertiary,0,873,1,0,unknown,23,241,2,-1,0,unknown,0,5,spring,0.49999999999999994,-0.8660254037844387,-0.9987165071710528,-0.05064916883871355,0,1,120.5,0.4,0,0,2,2
1647,labeled,56,self-employed,married,secondary,0,792,0,1,cellular,30,149,2,-1,0,unknown,0,7,summer,-0.4999999999999997,-0.8660254037844388,-0.20129852008866114,0.9795299412524943,0,1,74.5,0.2857142857142857,1,0,4,2
1648,labeled,47,admin.,married,secondary,0,3670,0,0,cellular,18,567,1,95,3,success,1,10,autumn,-0.8660254037844386,0.5000000000000001,-0.4853019625310808,-0.8743466161445822,0,0,567.0,0.1,0,0,3,3
1649,labeled,45,technician,single,tertiary,0,0,1,0,cellular,18,139,2,-1,0,unknown,0,11,autumn,-0.5000000000000004,0.8660254037844384,-0.4853019625310808,-0.8743466161445822,0,0,69.5,0.18181818181818182,0,0,3,1
1651,labeled,30,management,married,secondary,0,-553,1,1,cellular,7,98,1,167,2,failure,0,5,spring,0.49999999999999994,-0.8660254037844387,0.9884683243281114,0.1514277775045767,1,0,98.0,0.2,2,0,1,1
1652,labeled,41,management,divorced,tertiary,0,360,1,0,telephone,22,9,3,-1,0,unknown,0,8,summer,-0.8660254037844385,-0.5000000000000004,-0.9680771188662041,-0.2506525322587213,0,1,3.0,0.375,0,0,2,2
1653,labeled,42,services,married,secondary,0,502,1,0,unknown,30,70,1,-1,0,unknown,0,5,spring,0.49999999999999994,-0.8660254037844387,-0.20129852008866114,0.9795299412524943,0,1,70.0,0.2,0,0,2,2
1654,labeled,47,management,divorced,tertiary,0,1156,0,1,cellular,15,82,2,-1,0,unknown,0,7,summer,-0.4999999999999997,-0.8660254037844388,0.10116832198743272,-0.994869323391895,0,0,41.0,0.2857142857142857,1,0,3,3
1655,labeled,46,management,divorced,secondary,0,366,1,0,unknown,19,86,7,-1,0,unknown,0,5,spring,0.49999999999999994,-0.8660254037844387,-0.651372482722222,-0.7587581226927911,0,0,12.285714285714286,1.4,0,0,3,2
1656,labeled,26,self-employed,single,tertiary,0,217,0,0,cellular,29,168,3,-1,0,unknown,0,1,winter,0.49999999999999994,0.8660254037844387,-0.3943558551133187,0.9189578116202306,0,1,56.0,3.0,0,0,1,2
1657,labeled,45,management,single,tertiary,0,2053,1,0,cellular,18,310,1,804,1,failure,1,10,autumn,-0.8660254037844386,0.5000000000000001,-0.4853019625310808,-0.8743466161445822,0,0,310.0,0.1,0,0,3,3
1660,labeled,29,blue-collar,married,primary,0,199,1,0,unknown,30,322,2,-1,0,unknown,0,5,spring,0.49999999999999994,-0.8660254037844387,-0.20129852008866114,0.9795299412524943,0,1,161.0,0.4,0,0,1,2
1661,labeled,59,admin.,married,secondary,0,2374,0,0,cellular,30,173,2,-1,0,unknown,0,4,spring,0.8660254037844387,-0.4999999999999998,-0.20129852008866114,0.9795299412524943,0,1,86.5,0.5,0,0,4,3
1662,labeled,48,retired,married,primary,1,-277,0,1,cellular,19,157,1,-1,0,unknown,0,11,autumn,-0.5000000000000004,0.8660254037844384,-0.651372482722222,-0.7587581226927911,0,0,157.0,0.09090909090909091,3,0,3,1
1663,labeled,50,blue-collar,married,secondary,0,800,1,0,unknown,14,19,14,-1,0,unknown,0,5,spring,0.49999999999999994,-0.8660254037844387,0.29936312297335804,-0.9541392564000488,0,0,1.3571428571428572,2.8,0,0,3,2
1664,labeled,33,technician,single,tertiary,0,128,0,0,cellular,19,264,1,-1,0,unknown,0,8,summer,-0.8660254037844385,-0.5000000000000004,-0.651372482722222,-0.7587581226927911,0,0,264.0,0.125,0,0,1,2
1665,labeled,60,admin.,married,secondary,0,3738,0,0,cellular,22,190,1,188,9,success,1,12,winter,-2.4492935982947064e-16,1.0,-0.9680771188662041,-0.2506525322587213,0,1,190.0,0.08333333333333333,0,0,4,3
1666,labeled,30,management,single,tertiary,0,778,1,0,unknown,16,124,2,-1,0,unknown,0,6,summer,1.2246467991473532e-16,-1.0,-0.10116832198743204,-0.9948693233918952,0,0,62.0,0.3333333333333333,0,0,1,2
1667,labeled,44,management,divorced,tertiary,0,0,0,0,cellular,22,54,2,-1,0,unknown,0,8,summer,-0.8660254037844385,-0.5000000000000004,-0.9680771188662041,-0.2506525322587213,0,1,27.0,0.25,0,0,2,1
1668,labeled,34,admin.,married,secondary,0,606,1,0,cellular,4,80,1,-1,0,unknown,0,6,summer,1.2246467991473532e-16,-1.0,0.72479278722912,0.6889669190756866,1,0,80.0,0.16666666666666666,0,0,1,2
1669,labeled,51,technician,married,secondary,0,-388,1,0,cellular,5,261,1,-1,0,unknown,0,8,summer,-0.8660254037844385,-0.5000000000000004,0.8486442574947509,0.5289640103269624,1,0,261.0,0.125,1,0,3,1
1670,labeled,37,technician,married,tertiary,0,0,1,0,cellular,17,77,1,-1,0,unknown,0,11,autumn,-0.5000000000000004,0.8660254037844384,-0.2993631229733582,-0.9541392564000488,0,0,77.0,0.09090909090909091,0,0,2,1
1671,labeled,35,technician,divorced,tertiary,0,4522,1,0,cellular,19,98,2,-1,0,unknown,0,11,autumn,-0.5000000000000004,0.8660254037844384,-0.651372482722222,-0.7587581226927911,0,0,49.0,0.18181818181818182,0,0,2,3
1672,labeled,28,technician,single,secondary,0,615,1,0,cellular,7,281,1,-1,0,unknown,0,5,spring,0.49999999999999994,-0.8660254037844387,0.9884683243281114,0.1514277775045767,1,0,281.0,0.2,0,0,1,2
1673,labeled,25,technician,single,tertiary,0,471,1,0,unknown,15,147,1,-1,0,unknown,0,5,spring,0.49999999999999994,-0.8660254037844387,0.10116832198743272,-0.994869323391895,0,0,147.0,0.2,0,0,1,2
1674,labeled,29,self-employed,married,secondary,0,-85,1,0,unknown,27,305,2,-1,0,unknown,0,5,spring,0.49999999999999994,-0.8660254037844387,-0.72479278722912,0.6889669190756865,0,1,152.5,0.4,1,0,1,1
1675,labeled,33,management,single,tertiary,0,1904,0,0,cellular,8,191,2,-1,0,unknown,0,8,summer,-0.8660254037844385,-0.5000000000000004,0.9987165071710528,-0.05064916883871264,1,0,95.5,0.25,0,0,1,3
1676,labeled,48,technician,married,secondary,0,566,1,0,cellular,2,378,2,386,1,success,1,9,autumn,-1.0,-1.8369701987210297e-16,0.39435585511331855,0.9189578116202306,1,0,189.0,0.2222222222222222,0,0,3,2
1677,labeled,41,management,married,tertiary,0,246,0,1,unknown,6,85,3,-1,0,unknown,0,6,summer,1.2246467991473532e-16,-1.0,0.9377521321470804,0.3473052528448203,1,0,28.333333333333332,0.5,1,0,2,2
1679,labeled,36,admin.,divorced,secondary,0,358,1,0,cellular,7,244,3,313,1,failure,0,4,spring,0.8660254037844387,-0.4999999999999998,0.9884683243281114,0.1514277775045767,1,0,81.33333333333333,0.75,0,0,2,2
1680,labeled,29,management,single,secondary,0,-97,1,0,unknown,27,5,3,-1,0,unknown,0,5,spring,0.49999999999999994,-0.8660254037844387,-0.72479278722912,0.6889669190756865,0,1,1.6666666666666667,0.6,1,0,1,1
1681,labeled,36,blue-collar,single,primary,0,373,0,0,cellular,2,217,1,221,1,failure,0,2,winter,0.8660254037844386,0.5000000000000001,0.39435585511331855,0.9189578116202306,1,0,217.0,0.5,0,0,2,2
1683,labeled,28,technician,single,secondary,0,2041,1,0,unknown,21,196,1,-1,0,unknown,0,5,spring,0.49999999999999994,-0.8660254037844387,-0.8978045395707417,-0.44039415155763423,0,1,196.0,0.2,0,0,1,3
1684,labeled,33,blue-collar,single,secondary,0,26,0,0,cellular,30,76,2,207,1,failure,0,1,winter,0.49999999999999994,0.8660254037844387,-0.20129852008866114,0.9795299412524943,0,1,38.0,2.0,0,0,1,2
1686,labeled,34,services,divorced,secondary,0,199,1,0,unknown,15,318,1,-1,0,unknown,0,5,spring,0.49999999999999994,-0.8660254037844387,0.10116832198743272,-0.994869323391895,0,0,318.0,0.2,0,0,1,2
1687,labeled,36,self-employed,married,tertiary,0,511,0,0,cellular,25,47,1,120,1,failure,0,8,summer,-0.8660254037844385,-0.5000000000000004,-0.9377521321470804,0.3473052528448203,0,1,47.0,0.125,0,0,2,2
1688,labeled,44,admin.,married,secondary,0,2404,1,0,cellular,28,180,2,-1,0,unknown,0,1,winter,0.49999999999999994,0.8660254037844387,-0.5712682150947924,0.8207634412072763,0,1,90.0,2.0,0,0,2,3
1689,labeled,37,admin.,single,tertiary,0,2319,1,0,cellular,20,114,1,152,2,failure,0,4,spring,0.8660254037844387,-0.4999999999999998,-0.7907757369376986,-0.6121059825476627,0,1,114.0,0.25,0,0,2,3
1690,labeled,48,entrepreneur,married,secondary,0,718,0,1,cellular,10,105,1,-1,0,unknown,0,7,summer,-0.4999999999999997,-0.8660254037844388,0.8978045395707416,-0.4403941515576344,1,0,105.0,0.14285714285714285,1,0,3,2
1691,labeled,39,admin.,divorced,secondary,0,2898,1,1,telephone,25,259,2,-1,0,unknown,0,7,summer,-0.4999999999999997,-0.8660254037844388,-0.9377521321470804,0.3473052528448203,0,1,129.5,0.2857142857142857,1,0,2,3
1692,labeled,49,technician,married,tertiary,0,1842,1,0,cellular,25,269,1,-1,0,unknown,0,5,spring,0.49999999999999994,-0.8660254037844387,-0.9377521321470804,0.3473052528448203,0,1,269.0,0.2,0,0,3,3
1694,labeled,59,blue-collar,married,primary,0,2821,0,0,unknown,20,81,3,-1,0,unknown,0,6,summer,1.2246467991473532e-16,-1.0,-0.7907757369376986,-0.6121059825476627,0,1,27.0,0.5,0,0,4,3
1696,labeled,35,housemaid,married,tertiary,0,11,1,1,cellular,17,505,3,-1,0,unknown,0,7,summer,-0.4999999999999997,-0.8660254037844388,-0.2993631229733582,-0.9541392564000488,0,0,168.33333333333334,0.42857142857142855,1,0,2,2
1697,labeled,40,admin.,single,secondary,0,109,1,0,cellular,11,221,1,461,1,success,1,8,summer,-0.8660254037844385,-0.5000000000000004,0.7907757369376989,-0.6121059825476626,0,0,221.0,0.125,0,0,2,2
1701,labeled,27,student,single,tertiary,0,-148,1,0,cellular,11,146,3,224,1,other,0,9,autumn,-1.0,-1.8369701987210297e-16,0.7907757369376989,-0.6121059825476626,0,0,48.666666666666664,0.3333333333333333,1,0,1,1
1702,labeled,58,housemaid,married,primary,0,419,0,1,unknown,5,295,3,-1,0,unknown,0,6,summer,1.2246467991473532e-16,-1.0,0.8486442574947509,0.5289640103269624,1,0,98.33333333333333,0.5,1,0,4,2
1703,labeled,33,blue-collar,married,secondary,0,748,1,0,unknown,23,115,4,-1,0,unknown,0,5,spring,0.49999999999999994,-0.8660254037844387,-0.9987165071710528,-0.05064916883871355,0,1,28.75,0.8,0,0,1,2
1704,labeled,33,management,married,tertiary,0,638,1,0,cellular,13,347,2,-1,0,unknown,0,8,summer,-0.8660254037844385,-0.5000000000000004,0.48530196253108104,-0.8743466161445821,0,0,173.5,0.25,0,0,1,2
1705,labeled,39,blue-collar,married,primary,0,2304,1,0,unknown,17,775,3,-1,0,unknown,1,6,summer,1.2246467991473532e-16,-1.0,-0.2993631229733582,-0.9541392564000488,0,0,258.3333333333333,0.5,0,0,2,3
1706,labeled,60,blue-collar,married,unknown,0,100,1,0,unknown,5,22,1,-1,0,unknown,0,5,spring,0.49999999999999994,-0.8660254037844387,0.8486442574947509,0.5289640103269624,1,0,22.0,0.2,0,0,4,2
1707,labeled,38,technician,married,secondary,0,6718,0,0,cellular,25,232,1,96,4,success,1,11,autumn,-0.5000000000000004,0.8660254037844384,-0.9377521321470804,0.3473052528448203,0,1,232.0,0.09090909090909091,0,0,2,4
1708,labeled,29,services,married,secondary,0,190,1,0,telephone,13,38,3,-1,0,unknown,0,5,spring,0.49999999999999994,-0.8660254037844387,0.48530196253108104,-0.8743466161445821,0,0,12.666666666666666,0.6,0,0,1,2
1709,labeled,41,technician,married,secondary,0,907,0,0,unknown,16,35,6,-1,0,unknown,0,6,summer,1.2246467991473532e-16,-1.0,-0.10116832198743204,-0.9948693233918952,0,0,5.833333333333333,1.0,0,0,2,2
1712,labeled,30,services,single,secondary,0,426,1,0,unknown,20,340,3,-1,0,unknown,0,5,spring,0.49999999999999994,-0.8660254037844387,-0.7907757369376986,-0.6121059825476627,0,1,113.33333333333333,0.6,0,0,1,2
1713,labeled,46,blue-collar,married,primary,0,65,0,0,unknown,24,9,1,-1,0,unknown,0,6,summer,1.2246467991473532e-16,-1.0,-0.9884683243281114,0.15142777750457667,0,1,9.0,0.16666666666666666,0,0,3,2
1714,labeled,50,self-employed,married,secondary,0,37,0,0,cellular,13,104,10,-1,0,unknown,0,8,summer,-0.8660254037844385,-0.5000000000000004,0.48530196253108104,-0.8743466161445821,0,0,10.4,1.25,0,0,3,2
1715,labeled,32,blue-collar,married,secondary,0,1150,1,0,cellular,20,121,1,-1,0,unknown,0,4,spring,0.8660254037844387,-0.4999999999999998,-0.7907757369376986,-0.6121059825476627,0,1,121.0,0.25,0,0,1,3
1716,labeled,31,admin.,married,secondary,0,0,1,0,unknown,14,40,2,-1,0,unknown,0,5,spring,0.49999999999999994,-0.8660254037844387,0.29936312297335804,-0.9541392564000488,0,0,20.0,0.4,0,0,1,1
1717,labeled,51,admin.,divorced,secondary,0,467,1,0,unknown,19,83,1,-1,0,unknown,0,5,spring,0.49999999999999994,-0.8660254037844387,-0.651372482722222,-0.7587581226927911,0,0,83.0,0.2,0,0,3,2
1718,labeled,31,services,divorced,primary,0,467,1,0,cellular,7,623,1,293,1,success,1,5,spring,0.49999999999999994,-0.8660254037844387,0.9884683243281114,0.1514277775045767,1,0,623.0,0.2,0,0,1,2
1719,labeled,39,services,married,secondary,0,9381,1,0,unknown,20,273,1,-1,0,unknown,0,5,spring,0.49999999999999994,-0.8660254037844387,-0.7907757369376986,-0.6121059825476627,0,1,273.0,0.2,0,0,2,4
1722,labeled,34,technician,married,tertiary,0,195,0,0,cellular,20,78,3,-1,0,unknown,1,8,summer,-0.8660254037844385,-0.5000000000000004,-0.7907757369376986,-0.6121059825476627,0,1,26.0,0.375,0,0,1,2
1725,labeled,33,management,single,tertiary,0,0,0,0,cellular,28,236,10,-1,0,unknown,0,8,summer,-0.8660254037844385,-0.5000000000000004,-0.5712682150947924,0.8207634412072763,0,1,23.6,1.25,0,0,1,1
1727,labeled,28,technician,single,tertiary,0,167,1,1,cellular,2,194,2,-1,0,unknown,0,2,winter,0.8660254037844386,0.5000000000000001,0.39435585511331855,0.9189578116202306,1,0,97.0,1.0,1,0,1,2
1728,labeled,35,technician,divorced,secondary,0,316,0,0,cellular,22,77,2,-1,0,unknown,0,8,summer,-0.8660254037844385,-0.5000000000000004,-0.9680771188662041,-0.2506525322587213,0,1,38.5,0.25,0,0,2,2
1729,labeled,36,services,married,secondary,0,341,0,0,unknown,14,90,1,-1,0,unknown,0,5,spring,0.49999999999999994,-0.8660254037844387,0.29936312297335804,-0.9541392564000488,0,0,90.0,0.2,0,0,2,2
1730,labeled,23,services,single,secondary,0,248,1,0,cellular,18,222,1,-1,0,unknown,0,5,spring,0.49999999999999994,-0.8660254037844387,-0.4853019625310808,-0.8743466161445822,0,0,222.0,0.2,0,0,0,2
1732,labeled,33,management,single,tertiary,0,2007,0,0,cellular,19,570,1,-1,0,unknown,0,11,autumn,-0.5000000000000004,0.8660254037844384,-0.651372482722222,-0.7587581226927911,0,0,570.0,0.09090909090909091,0,0,1,3
1733,labeled,28,blue-collar,single,secondary,0,60,1,0,unknown,23,66,1,-1,0,unknown,0,5,spring,0.49999999999999994,-0.8660254037844387,-0.9987165071710528,-0.05064916883871355,0,1,66.0,0.2,0,0,1,2
1735,labeled,50,blue-collar,married,unknown,0,458,0,0,cellular,20,181,2,-1,0,unknown,0,8,summer,-0.8660254037844385,-0.5000000000000004,-0.7907757369376986,-0.6121059825476627,0,1,90.5,0.25,0,0,3,2
1736,labeled,46,blue-collar,married,primary,0,167,0,1,cellular,15,90,1,-1,0,unknown,0,7,summer,-0.4999999999999997,-0.8660254037844388,0.10116832198743272,-0.994869323391895,0,0,90.0,0.14285714285714285,1,0,3,2
1737,labeled,46,admin.,married,secondary,0,173,1,0,cellular,29,194,4,436,1,other,0,1,winter,0.49999999999999994,0.8660254037844387,-0.3943558551133187,0.9189578116202306,0,1,48.5,4.0,0,0,3,2
1739,labeled,42,blue-collar,married,primary,0,703,1,1,telephone,31,88,10,-1,0,unknown,0,7,summer,-0.4999999999999997,-0.8660254037844388,-2.4492935982947064e-16,1.0,0,1,8.8,1.4285714285714286,1,0,2,2
1740,labeled,44,technician,single,secondary,0,1674,0,0,telephone,20,718,1,-1,0,unknown,1,10,autumn,-0.8660254037844386,0.5000000000000001,-0.7907757369376986,-0.6121059825476627,0,1,718.0,0.1,0,0,2,3
1741,labeled,30,technician,single,tertiary,0,702,1,0,cellular,11,213,4,-1,0,unknown,0,8,summer,-0.8660254037844385,-0.5000000000000004,0.7907757369376989,-0.6121059825476626,0,0,53.25,0.5,0,0,1,2
1742,labeled,52,admin.,divorced,secondary,0,100,0,1,unknown,19,148,1,-1,0,unknown,0,6,summer,1.2246467991473532e-16,-1.0,-0.651372482722222,-0.7587581226927911,0,0,148.0,0.16666666666666666,1,0,3,2
1743,labeled,53,entrepreneur,married,unknown,0,6,0,0,cellular,20,68,1,-1,0,unknown,0,11,autumn,-0.5000000000000004,0.8660254037844384,-0.7907757369376986,-0.6121059825476627,0,1,68.0,0.09090909090909091,0,0,3,2
1744,labeled,52,admin.,married,secondary,0,683,0,0,unknown,12,271,1,-1,0,unknown,0,6,summer,1.2246467991473532e-16,-1.0,0.6513724827222223,-0.758758122692791,0,0,271.0,0.16666666666666666,0,0,3,2
1746,labeled,59,technician,divorced,secondary,0,875,1,0,unknown,26,228,1,-1,0,unknown,0,5,spring,0.49999999999999994,-0.8660254037844387,-0.8486442574947509,0.5289640103269624,0,1,228.0,0.2,0,0,4,2
1747,labeled,27,services,single,secondary,0,268,1,0,unknown,23,78,10,-1,0,unknown,0,5,spring,0.49999999999999994,-0.8660254037844387,-0.9987165071710528,-0.05064916883871355,0,1,7.8,2.0,0,0,1,2
1749,labeled,28,student,single,secondary,0,0,1,0,unknown,15,133,3,-1,0,unknown,0,5,spring,0.49999999999999994,-0.8660254037844387,0.10116832198743272,-0.994869323391895,0,0,44.333333333333336,0.6,0,0,1,1
1750,labeled,35,technician,single,secondary,0,446,1,0,cellular,13,63,1,-1,0,unknown,0,5,spring,0.49999999999999994,-0.8660254037844387,0.48530196253108104,-0.8743466161445821,0,0,63.0,0.2,0,0,2,2
1752,labeled,25,admin.,single,tertiary,0,221,0,0,cellular,26,68,1,-1,0,unknown,0,5,spring,0.49999999999999994,-0.8660254037844387,-0.8486442574947509,0.5289640103269624,0,1,68.0,0.2,0,0,1,2
1753,labeled,58,retired,married,primary,0,563,0,0,telephone,7,876,1,-1,0,unknown,1,7,summer,-0.4999999999999997,-0.8660254037844388,0.9884683243281114,0.1514277775045767,1,0,876.0,0.14285714285714285,0,0,4,2
1754,labeled,35,technician,divorced,secondary,0,49,0,0,cellular,29,24,12,-1,0,unknown,0,8,summer,-0.8660254037844385,-0.5000000000000004,-0.3943558551133187,0.9189578116202306,0,1,2.0,1.5,0,0,2,2
1757,labeled,37,blue-collar,married,secondary,0,1052,0,0,unknown,16,405,3,-1,0,unknown,0,6,summer,1.2246467991473532e-16,-1.0,-0.10116832198743204,-0.9948693233918952,0,0,135.0,0.5,0,0,2,3
1758,labeled,36,blue-collar,married,secondary,0,681,1,0,unknown,6,174,2,-1,0,unknown,0,5,spring,0.49999999999999994,-0.8660254037844387,0.9377521321470804,0.3473052528448203,1,0,87.0,0.4,0,0,2,2
1759,labeled,34,management,single,unknown,0,1526,1,0,cellular,16,156,1,147,7,other,0,4,spring,0.8660254037844387,-0.4999999999999998,-0.10116832198743204,-0.9948693233918952,0,0,156.0,0.25,0,0,1,3
1760,labeled,38,admin.,single,secondary,0,903,1,0,telephone,31,58,13,-1,0,unknown,0,7,summer,-0.4999999999999997,-0.8660254037844388,-2.4492935982947064e-16,1.0,0,1,4.461538461538462,1.8571428571428572,0,0,2,2
1761,labeled,34,entrepreneur,married,tertiary,0,353,1,0,unknown,16,261,1,-1,0,unknown,0,5,spring,0.49999999999999994,-0.8660254037844387,-0.10116832198743204,-0.9948693233918952,0,0,261.0,0.2,0,0,1,2
1764,labeled,32,blue-collar,married,secondary,0,476,1,0,unknown,3,200,1,-1,0,unknown,0,6,summer,1.2246467991473532e-16,-1.0,0.5712682150947923,0.8207634412072763,1,0,200.0,0.16666666666666666,0,0,1,2
1765,labeled,49,retired,single,primary,0,25819,0,0,unknown,17,94,1,-1,0,unknown,0,6,summer,1.2246467991473532e-16,-1.0,-0.2993631229733582,-0.9541392564000488,0,0,94.0,0.16666666666666666,0,0,3,5
1766,labeled,37,blue-collar,married,primary,0,539,1,0,unknown,21,281,1,-1,0,unknown,0,5,spring,0.49999999999999994,-0.8660254037844387,-0.8978045395707417,-0.44039415155763423,0,1,281.0,0.2,0,0,2,2
1767,labeled,53,technician,married,secondary,0,4545,1,0,unknown,15,190,6,-1,0,unknown,0,5,spring,0.49999999999999994,-0.8660254037844387,0.10116832198743272,-0.994869323391895,0,0,31.666666666666668,1.2,0,0,3,3
1769,labeled,45,entrepreneur,married,secondary,0,251,1,0,unknown,14,126,3,-1,0,unknown,0,5,spring,0.49999999999999994,-0.8660254037844387,0.29936312297335804,-0.9541392564000488,0,0,42.0,0.6,0,0,3,2
1772,labeled,32,blue-collar,married,secondary,0,953,1,1,cellular,20,219,4,-1,0,unknown,0,4,spring,0.8660254037844387,-0.4999999999999998,-0.7907757369376986,-0.6121059825476627,0,1,54.75,1.0,1,0,1,2
1773,labeled,52,management,married,tertiary,0,576,0,0,unknown,3,315,1,-1,0,unknown,0,6,summer,1.2246467991473532e-16,-1.0,0.5712682150947923,0.8207634412072763,1,0,315.0,0.16666666666666666,0,0,3,2
1774,labeled,28,blue-collar,married,secondary,0,96,1,1,unknown,27,132,2,-1,0,unknown,0,5,spring,0.49999999999999994,-0.8660254037844387,-0.72479278722912,0.6889669190756865,0,1,66.0,0.4,1,0,1,2
1775,labeled,51,self-employed,married,secondary,1,29,0,1,cellular,7,200,1,-1,0,unknown,0,7,summer,-0.4999999999999997,-0.8660254037844388,0.9884683243281114,0.1514277775045767,1,0,200.0,0.14285714285714285,2,0,3,2
1776,labeled,35,management,married,tertiary,1,33,1,0,cellular,21,180,1,-1,0,unknown,0,11,autumn,-0.5000000000000004,0.8660254037844384,-0.8978045395707417,-0.44039415155763423,0,1,180.0,0.09090909090909091,1,0,2,2
1777,labeled,39,blue-collar,married,primary,0,104,0,0,cellular,18,201,2,-1,0,unknown,0,11,autumn,-0.5000000000000004,0.8660254037844384,-0.4853019625310808,-0.8743466161445822,0,0,100.5,0.18181818181818182,0,0,2,2
1778,labeled,54,retired,divorced,tertiary,0,6103,1,1,unknown,21,86,6,-1,0,unknown,0,5,spring,0.49999999999999994,-0.8660254037844387,-0.8978045395707417,-0.44039415155763423,0,1,14.333333333333334,1.2,1,0,3,4
1780,labeled,57,admin.,divorced,unknown,0,4012,0,0,cellular,20,915,1,-1,0,unknown,0,11,autumn,-0.5000000000000004,0.8660254037844384,-0.7907757369376986,-0.6121059825476627,0,1,915.0,0.09090909090909091,0,0,4,3
1781,labeled,31,unemployed,married,secondary,0,291,1,0,unknown,20,378,3,-1,0,unknown,0,5,spring,0.49999999999999994,-0.8660254037844387,-0.7907757369376986,-0.6121059825476627,0,1,126.0,0.6,0,0,1,2
1782,labeled,46,admin.,married,secondary,0,3094,1,0,telephone,21,192,9,-1,0,unknown,0,11,autumn,-0.5000000000000004,0.8660254037844384,-0.8978045395707417,-0.44039415155763423,0,1,21.333333333333332,0.8181818181818182,0,0,3,3
1783,labeled,54,services,divorced,secondary,0,1009,1,0,cellular,12,33,3,175,2,other,0,5,spring,0.49999999999999994,-0.8660254037844387,0.6513724827222223,-0.758758122692791,0,0,11.0,0.6,0,0,3,3
1785,labeled,39,management,single,tertiary,1,-400,1,0,cellular,19,274,4,-1,0,unknown,0,8,summer,-0.8660254037844385,-0.5000000000000004,-0.651372482722222,-0.7587581226927911,0,0,68.5,0.5,2,0,2,1
1786,labeled,32,entrepreneur,single,tertiary,0,880,1,1,cellular,28,27,10,-1,0,unknown,0,8,summer,-0.8660254037844385,-0.5000000000000004,-0.5712682150947924,0.8207634412072763,0,1,2.7,1.25,1,0,1,2
1788,labeled,37,self-employed,married,secondary,0,214,1,0,unknown,6,61,1,-1,0,unknown,0,6,summer,1.2246467991473532e-16,-1.0,0.9377521321470804,0.3473052528448203,1,0,61.0,0.16666666666666666,0,0,2,2
1789,labeled,49,entrepreneur,divorced,secondary,0,38,0,0,cellular,5,128,1,-1,0,unknown,0,2,winter,0.8660254037844386,0.5000000000000001,0.8486442574947509,0.5289640103269624,1,0,128.0,0.5,0,0,3,2
1790,labeled,39,entrepreneur,married,secondary,0,0,0,0,cellular,21,108,7,-1,0,unknown,0,11,autumn,-0.5000000000000004,0.8660254037844384,-0.8978045395707417,-0.44039415155763423,0,1,15.428571428571429,0.6363636363636364,0,0,2,1
1791,labeled,35,management,single,tertiary,0,242,1,0,cellular,8,89,2,-1,0,unknown,0,8,summer,-0.8660254037844385,-0.5000000000000004,0.9987165071710528,-0.05064916883871264,1,0,44.5,0.25,0,0,2,2
1794,labeled,39,management,married,tertiary,0,14,1,0,unknown,23,130,1,-1,0,unknown,0,5,spring,0.49999999999999994,-0.8660254037844387,-0.9987165071710528,-0.05064916883871355,0,1,130.0,0.2,0,0,2,2
1795,labeled,45,unknown,married,primary,0,51,0,0,unknown,11,81,1,-1,0,unknown,0,6,summer,1.2246467991473532e-16,-1.0,0.7907757369376989,-0.6121059825476626,0,0,81.0,0.16666666666666666,0,0,3,2
1797,labeled,28,unemployed,single,secondary,0,14,0,0,cellular,12,119,4,-1,0,unknown,0,8,summer,-0.8660254037844385,-0.5000000000000004,0.6513724827222223,-0.758758122692791,0,0,29.75,0.5,0,0,1,2
1798,labeled,48,blue-collar,single,unknown,0,421,1,0,cellular,18,127,1,-1,0,unknown,0,5,spring,0.49999999999999994,-0.8660254037844387,-0.4853019625310808,-0.8743466161445822,0,0,127.0,0.2,0,0,3,2
1799,labeled,32,technician,single,secondary,0,2987,0,0,cellular,25,156,1,-1,0,unknown,0,5,spring,0.49999999999999994,-0.8660254037844387,-0.9377521321470804,0.3473052528448203,0,1,156.0,0.2,0,0,1,3
1800,labeled,49,services,single,secondary,0,123,0,0,unknown,11,319,6,-1,0,unknown,0,6,summer,1.2246467991473532e-16,-1.0,0.7907757369376989,-0.6121059825476626,0,0,53.166666666666664,1.0,0,0,3,2
1801,labeled,26,blue-collar,single,secondary,0,184,0,0,cellular,30,103,3,-1,0,unknown,0,7,summer,-0.4999999999999997,-0.8660254037844388,-0.20129852008866114,0.9795299412524943,0,1,34.333333333333336,0.42857142857142855,0,0,1,2
1802,labeled,47,admin.,married,secondary,0,300,1,1,telephone,14,128,6,-1,0,unknown,0,8,summer,-0.8660254037844385,-0.5000000000000004,0.29936312297335804,-0.9541392564000488,0,0,21.333333333333332,0.75,1,0,3,2
1803,labeled,59,retired,married,secondary,0,1173,0,0,unknown,9,77,2,-1,0,unknown,0,6,summer,1.2246467991473532e-16,-1.0,0.9680771188662043,-0.2506525322587204,1,0,38.5,0.3333333333333333,0,0,4,3
1804,labeled,40,management,married,tertiary,0,0,0,0,cellular,14,109,8,-1,0,unknown,0,7,summer,-0.4999999999999997,-0.8660254037844388,0.29936312297335804,-0.9541392564000488,0,0,13.625,1.1428571428571428,0,0,2,1
1805,labeled,51,blue-collar,married,primary,0,40,1,0,cellular,12,51,2,342,3,failure,0,5,spring,0.49999999999999994,-0.8660254037844387,0.6513724827222223,-0.758758122692791,0,0,25.5,0.4,0,0,3,2
1806,labeled,52,management,single,tertiary,0,76,0,0,cellular,26,1223,6,-1,0,unknown,1,8,summer,-0.8660254037844385,-0.5000000000000004,-0.8486442574947509,0.5289640103269624,0,1,203.83333333333334,0.75,0,0,3,2
1807,labeled,41,technician,married,secondary,0,1608,1,0,cellular,2,142,1,-1,0,unknown,0,6,summer,1.2246467991473532e-16,-1.0,0.39435585511331855,0.9189578116202306,1,0,142.0,0.16666666666666666,0,0,2,3
1809,labeled,46,admin.,married,secondary,0,17,0,0,cellular,26,388,6,-1,0,unknown,1,8,summer,-0.8660254037844385,-0.5000000000000004,-0.8486442574947509,0.5289640103269624,0,1,64.66666666666667,0.75,0,0,3,2
1810,labeled,31,management,married,tertiary,0,387,1,0,cellular,9,155,3,-1,0,unknown,0,2,winter,0.8660254037844386,0.5000000000000001,0.9680771188662043,-0.2506525322587204,1,0,51.666666666666664,1.5,0,0,1,2
1811,labeled,43,management,married,tertiary,0,3520,1,0,cellular,4,190,3,-1,0,unknown,0,8,summer,-0.8660254037844385,-0.5000000000000004,0.72479278722912,0.6889669190756866,1,0,63.333333333333336,0.375,0,0,2,3
1812,labeled,28,blue-collar,married,secondary,0,1316,1,0,cellular,15,242,1,-1,0,unknown,0,5,spring,0.49999999999999994,-0.8660254037844387,0.10116832198743272,-0.994869323391895,0,0,242.0,0.2,0,0,1,3
1813,labeled,47,services,married,secondary,0,2593,1,0,unknown,16,323,1,-1,0,unknown,0,5,spring,0.49999999999999994,-0.8660254037844387,-0.10116832198743204,-0.9948693233918952,0,0,323.0,0.2,0,0,3,3
1814,labeled,32,management,single,tertiary,0,1822,1,0,cellular,20,86,2,-1,0,unknown,0,4,spring,0.8660254037844387,-0.4999999999999998,-0.7907757369376986,-0.6121059825476627,0,1,43.0,0.5,0,0,1,3
1815,labeled,40,blue-collar,married,secondary,0,11076,0,0,unknown,11,113,1,-1,0,unknown,0,6,summer,1.2246467991473532e-16,-1.0,0.7907757369376989,-0.6121059825476626,0,0,113.0,0.16666666666666666,0,0,2,5
1816,labeled,34,management,single,tertiary,0,8047,1,0,cellular,20,29,3,152,1,failure,0,4,spring,0.8660254037844387,-0.4999999999999998,-0.7907757369376986,-0.6121059825476627,0,1,9.666666666666666,0.75,0,0,1,4
1817,labeled,48,technician,married,secondary,0,4262,1,0,unknown,13,220,2,-1,0,unknown,0,5,spring,0.49999999999999994,-0.8660254037844387,0.48530196253108104,-0.8743466161445821,0,0,110.0,0.4,0,0,3,3
1818,labeled,51,blue-collar,married,secondary,0,1841,1,0,cellular,18,312,3,-1,0,unknown,0,8,summer,-0.8660254037844385,-0.5000000000000004,-0.4853019625310808,-0.8743466161445822,0,0,104.0,0.375,0,0,3,3
1820,labeled,54,management,married,tertiary,0,0,0,0,cellular,16,118,5,-1,0,unknown,0,7,summer,-0.4999999999999997,-0.8660254037844388,-0.10116832198743204,-0.9948693233918952,0,0,23.6,0.7142857142857143,0,0,3,1
1821,labeled,44,admin.,single,secondary,0,2532,0,0,unknown,19,82,1,-1,0,unknown,0,6,summer,1.2246467991473532e-16,-1.0,-0.651372482722222,-0.7587581226927911,0,0,82.0,0.16666666666666666,0,0,2,3
1822,labeled,49,admin.,married,primary,0,163,1,0,cellular,15,82,3,-1,0,unknown,0,5,spring,0.49999999999999994,-0.8660254037844387,0.10116832198743272,-0.994869323391895,0,0,27.333333333333332,0.6,0,0,3,2
1823,labeled,50,entrepreneur,married,tertiary,0,435,1,0,cellular,18,47,4,-1,0,unknown,0,5,spring,0.49999999999999994,-0.8660254037844387,-0.4853019625310808,-0.8743466161445822,0,0,11.75,0.8,0,0,3,2
1824,labeled,54,housemaid,married,secondary,0,203,1,1,cellular,25,97,1,-1,0,unknown,0,7,summer,-0.4999999999999997,-0.8660254037844388,-0.9377521321470804,0.3473052528448203,0,1,97.0,0.14285714285714285,1,0,3,2
1825,labeled,58,self-employed,divorced,tertiary,0,1389,0,0,unknown,9,700,1,-1,0,unknown,1,6,summer,1.2246467991473532e-16,-1.0,0.9680771188662043,-0.2506525322587204,1,0,700.0,0.16666666666666666,0,0,4,3
1826,labeled,51,entrepreneur,married,secondary,1,-2076,0,1,cellular,28,123,6,-1,0,unknown,0,7,summer,-0.4999999999999997,-0.8660254037844388,-0.5712682150947924,0.8207634412072763,0,1,20.5,0.8571428571428571,3,0,3,0
1827,labeled,37,technician,single,tertiary,0,1662,0,0,cellular,19,199,5,-1,0,unknown,0,8,summer,-0.8660254037844385,-0.5000000000000004,-0.651372482722222,-0.7587581226927911,0,0,39.8,0.625,0,0,2,3
1828,labeled,41,blue-collar,married,primary,0,0,1,0,unknown,30,232,3,-1,0,unknown,0,5,spring,0.49999999999999994,-0.8660254037844387,-0.20129852008866114,0.9795299412524943,0,1,77.33333333333333,0.6,0,0,2,1
1830,labeled,31,blue-collar,married,secondary,0,1249,1,0,unknown,21,32,1,-1,0,unknown,0,5,spring,0.49999999999999994,-0.8660254037844387,-0.8978045395707417,-0.44039415155763423,0,1,32.0,0.2,0,0,1,3
1831,labeled,57,retired,divorced,secondary,0,-333,1,0,unknown,6,531,1,-1,0,unknown,0,5,spring,0.49999999999999994,-0.8660254037844387,0.9377521321470804,0.3473052528448203,1,0,531.0,0.2,1,0,4,1
1832,labeled,41,self-employed,married,secondary,0,26,1,0,cellular,11,49,1,-1,0,unknown,0,5,spring,0.49999999999999994,-0.8660254037844387,0.7907757369376989,-0.6121059825476626,0,0,49.0,0.2,0,0,2,2
1833,labeled,54,entrepreneur,married,tertiary,0,1549,0,1,cellular,5,85,7,196,3,failure,0,2,winter,0.8660254037844386,0.5000000000000001,0.8486442574947509,0.5289640103269624,1,0,12.142857142857142,3.5,1,0,3,3
1834,labeled,30,technician,single,secondary,0,4778,1,0,unknown,4,99,2,-1,0,unknown,0,6,summer,1.2246467991473532e-16,-1.0,0.72479278722912,0.6889669190756866,1,0,49.5,0.3333333333333333,0,0,1,3
1835,labeled,35,management,divorced,tertiary,0,464,0,1,cellular,5,37,2,-1,0,unknown,0,8,summer,-0.8660254037844385,-0.5000000000000004,0.8486442574947509,0.5289640103269624,1,0,18.5,0.25,1,0,2,2
1838,labeled,51,self-employed,married,tertiary,0,833,0,0,cellular,31,77,3,-1,0,unknown,0,7,summer,-0.4999999999999997,-0.8660254037844388,-2.4492935982947064e-16,1.0,0,1,25.666666666666668,0.42857142857142855,0,0,3,2
1839,labeled,31,management,married,tertiary,0,161,0,0,cellular,13,657,7,-1,0,unknown,1,8,summer,-0.8660254037844385,-0.5000000000000004,0.48530196253108104,-0.8743466161445821,0,0,93.85714285714286,0.875,0,0,1,2
1840,labeled,54,retired,married,secondary,0,1131,1,0,cellular,14,155,1,177,7,failure,0,5,spring,0.49999999999999994,-0.8660254037844387,0.29936312297335804,-0.9541392564000488,0,0,155.0,0.2,0,0,3,3
1841,labeled,39,technician,married,tertiary,0,212,0,0,unknown,23,36,2,-1,0,unknown,0,7,summer,-0.4999999999999997,-0.8660254037844388,-0.9987165071710528,-0.05064916883871355,0,1,18.0,0.2857142857142857,0,0,2,2
1842,labeled,58,retired,single,primary,0,6568,0,0,cellular,21,106,3,-1,0,unknown,0,7,summer,-0.4999999999999997,-0.8660254037844388,-0.8978045395707417,-0.44039415155763423,0,1,35.333333333333336,0.42857142857142855,0,0,4,4
1843,labeled,21,student,single,secondary,0,2485,0,0,cellular,30,258,6,169,3,success,1,6,summer,1.2246467991473532e-16,-1.0,-0.20129852008866114,0.9795299412524943,0,1,43.0,1.0,0,0,0,3
1844,labeled,39,technician,married,secondary,0,10,1,0,cellular,18,122,3,357,4,failure,0,5,spring,0.49999999999999994,-0.8660254037844387,-0.4853019625310808,-0.8743466161445822,0,0,40.666666666666664,0.6,0,0,2,2
1845,labeled,32,management,married,secondary,0,3941,1,0,unknown,29,129,2,-1,0,unknown,0,5,spring,0.49999999999999994,-0.8660254037844387,-0.3943558551133187,0.9189578116202306,0,1,64.5,0.4,0,0,1,3
1848,labeled,35,management,single,tertiary,0,628,1,0,cellular,17,128,3,-1,0,unknown,0,4,spring,0.8660254037844387,-0.4999999999999998,-0.2993631229733582,-0.9541392564000488,0,0,42.666666666666664,0.75,0,0,2,2
1849,labeled,56,entrepreneur,married,unknown,0,571,0,0,unknown,20,18,2,-1,0,unknown,0,6,summer,1.2246467991473532e-16,-1.0,-0.7907757369376986,-0.6121059825476627,0,1,9.0,0.3333333333333333,0,0,4,2
1850,labeled,36,blue-collar,married,secondary,0,190,1,0,cellular,9,183,1,-1,0,unknown,0,7,summer,-0.4999999999999997,-0.8660254037844388,0.9680771188662043,-0.2506525322587204,1,0,183.0,0.14285714285714285,0,0,2,2
1851,labeled,27,blue-collar,married,secondary,0,2164,1,0,cellular,16,130,1,323,1,other,0,4,spring,0.8660254037844387,-0.4999999999999998,-0.10116832198743204,-0.9948693233918952,0,0,130.0,0.25,0,0,1,3
1852,labeled,43,management,married,secondary,0,-17,1,0,unknown,16,343,1,-1,0,unknown,0,5,spring,0.49999999999999994,-0.8660254037844387,-0.10116832198743204,-0.9948693233918952,0,0,343.0,0.2,1,0,2,1
1853,labeled,32,admin.,divorced,secondary,1,-14,1,0,unknown,12,155,3,-1,0,unknown,0,5,spring,0.49999999999999994,-0.8660254037844387,0.6513724827222223,-0.758758122692791,0,0,51.666666666666664,0.6,2,0,1,1
1854,labeled,48,admin.,married,secondary,0,12,0,1,cellular,7,46,1,-1,0,unknown,0,7,summer,-0.4999999999999997,-0.8660254037844388,0.9884683243281114,0.1514277775045767,1,0,46.0,0.14285714285714285,1,0,3,2
1855,labeled,42,unemployed,divorced,tertiary,0,-176,0,0,cellular,29,85,4,-1,0,unknown,0,8,summer,-0.8660254037844385,-0.5000000000000004,-0.3943558551133187,0.9189578116202306,0,1,21.25,0.5,1,0,2,1
1856,labeled,45,technician,married,tertiary,0,265,0,0,cellular,28,14,3,-1,0,unknown,0,8,summer,-0.8660254037844385,-0.5000000000000004,-0.5712682150947924,0.8207634412072763,0,1,4.666666666666667,0.375,0,0,3,2
1858,labeled,33,technician,married,secondary,0,0,1,1,cellular,19,163,2,-1,0,unknown,0,11,autumn,-0.5000000000000004,0.8660254037844384,-0.651372482722222,-0.7587581226927911,0,0,81.5,0.18181818181818182,1,0,1,1
1859,labeled,59,retired,married,secondary,0,0,0,0,cellular,18,247,4,-1,0,unknown,0,7,summer,-0.4999999999999997,-0.8660254037844388,-0.4853019625310808,-0.8743466161445822,0,0,61.75,0.5714285714285714,0,0,4,1
1860,labeled,48,blue-collar,married,secondary,0,874,1,0,cellular,13,78,2,-1,0,unknown,0,5,spring,0.49999999999999994,-0.8660254037844387,0.48530196253108104,-0.8743466161445821,0,0,39.0,0.4,0,0,3,2
1861,labeled,49,technician,married,secondary,0,12532,0,0,cellular,13,77,8,-1,0,unknown,0,8,summer,-0.8660254037844385,-0.5000000000000004,0.48530196253108104,-0.8743466161445821,0,0,9.625,1.0,0,0,3,5
1862,labeled,41,management,divorced,tertiary,0,4559,1,1,cellular,16,106,1,-1,0,unknown,0,7,summer,-0.4999999999999997,-0.8660254037844388,-0.10116832198743204,-0.9948693233918952,0,0,106.0,0.14285714285714285,1,0,2,3
1863,labeled,38,entrepreneur,married,secondary,0,157,0,1,cellular,15,57,11,366,1,other,0,5,spring,0.49999999999999994,-0.8660254037844387,0.10116832198743272,-0.994869323391895,0,0,5.181818181818182,2.2,1,0,2,2
1864,labeled,38,services,married,secondary,0,-3,0,1,cellular,21,152,2,-1,0,unknown,0,11,autumn,-0.5000000000000004,0.8660254037844384,-0.8978045395707417,-0.44039415155763423,0,1,76.0,0.18181818181818182,2,0,2,1
1865,labeled,65,housemaid,married,primary,0,2171,1,0,cellular,4,112,7,-1,0,unknown,0,9,autumn,-1.0,-1.8369701987210297e-16,0.72479278722912,0.6889669190756866,1,0,16.0,0.7777777777777778,0,0,5,3
1866,labeled,36,services,single,secondary,0,1484,1,0,cellular,18,177,2,174,1,other,0,11,autumn,-0.5000000000000004,0.8660254037844384,-0.4853019625310808,-0.8743466161445822,0,0,88.5,0.18181818181818182,0,0,2,3
1867,labeled,33,services,married,secondary,0,-334,1,0,cellular,30,329,5,-1,0,unknown,0,7,summer,-0.4999999999999997,-0.8660254037844388,-0.20129852008866114,0.9795299412524943,0,1,65.8,0.7142857142857143,1,0,1,1
1868,labeled,34,blue-collar,single,tertiary,0,1017,1,0,unknown,6,136,1,-1,0,unknown,0,5,spring,0.49999999999999994,-0.8660254037844387,0.9377521321470804,0.3473052528448203,1,0,136.0,0.2,0,0,1,3
1869,labeled,40,blue-collar,married,primary,0,97,1,0,unknown,2,193,5,-1,0,unknown,0,6,summer,1.2246467991473532e-16,-1.0,0.39435585511331855,0.9189578116202306,1,0,38.6,0.8333333333333334,0,0,2,2
1871,labeled,49,management,single,tertiary,0,582,0,0,cellular,28,70,9,-1,0,unknown,0,8,summer,-0.8660254037844385,-0.5000000000000004,-0.5712682150947924,0.8207634412072763,0,1,7.777777777777778,1.125,0,0,3,2
1872,labeled,49,blue-collar,single,primary,0,3015,1,0,unknown,15,93,1,-1,0,unknown,0,5,spring,0.49999999999999994,-0.8660254037844387,0.10116832198743272,-0.994869323391895,0,0,93.0,0.2,0,0,3,3
1873,labeled,26,admin.,married,tertiary,0,2860,0,0,cellular,30,52,3,-1,0,unknown,0,3,spring,1.0,6.123233995736766e-17,-0.20129852008866114,0.9795299412524943,0,1,17.333333333333332,1.0,0,0,1,3
1876,labeled,50,services,married,primary,0,1268,0,0,cellular,18,172,1,-1,0,unknown,0,11,autumn,-0.5000000000000004,0.8660254037844384,-0.4853019625310808,-0.8743466161445822,0,0,172.0,0.09090909090909091,0,0,3,3
1877,labeled,32,blue-collar,married,secondary,0,146,0,0,cellular,5,210,1,-1,0,unknown,0,2,winter,0.8660254037844386,0.5000000000000001,0.8486442574947509,0.5289640103269624,1,0,210.0,0.5,0,0,1,2
1878,labeled,41,technician,divorced,secondary,0,51,0,0,cellular,20,261,2,-1,0,unknown,0,8,summer,-0.8660254037844385,-0.5000000000000004,-0.7907757369376986,-0.6121059825476627,0,1,130.5,0.25,0,0,2,2
1879,labeled,43,management,divorced,tertiary,0,45,1,0,cellular,25,197,6,-1,0,unknown,0,7,summer,-0.4999999999999997,-0.8660254037844388,-0.9377521321470804,0.3473052528448203,0,1,32.833333333333336,0.8571428571428571,0,0,2,2
1880,labeled,47,technician,married,tertiary,0,2401,0,0,cellular,12,236,1,104,1,success,0,8,summer,-0.8660254037844385,-0.5000000000000004,0.6513724827222223,-0.758758122692791,0,0,236.0,0.125,0,0,3,3
1881,labeled,36,blue-collar,married,secondary,0,0,1,0,unknown,6,337,1,-1,0,unknown,0,5,spring,0.49999999999999994,-0.8660254037844387,0.9377521321470804,0.3473052528448203,1,0,337.0,0.2,0,0,2,1
1882,labeled,26,admin.,single,secondary,0,601,0,0,telephone,28,112,1,-1,0,unknown,0,1,winter,0.49999999999999994,0.8660254037844387,-0.5712682150947924,0.8207634412072763,0,1,112.0,1.0,0,0,1,2
1883,labeled,36,management,single,tertiary,0,2939,0,0,cellular,18,882,8,-1,0,unknown,1,8,summer,-0.8660254037844385,-0.5000000000000004,-0.4853019625310808,-0.8743466161445822,0,0,110.25,1.0,0,0,2,3
1884,labeled,37,self-employed,single,tertiary,0,553,0,0,unknown,17,200,2,-1,0,unknown,0,6,summer,1.2246467991473532e-16,-1.0,-0.2993631229733582,-0.9541392564000488,0,0,100.0,0.3333333333333333,0,0,2,2
1885,labeled,38,management,single,tertiary,0,1367,0,0,cellular,22,119,4,-1,0,unknown,0,10,autumn,-0.8660254037844386,0.5000000000000001,-0.9680771188662041,-0.2506525322587213,0,1,29.75,0.4,0,0,2,3
1886,labeled,41,management,married,unknown,0,2457,1,0,unknown,9,285,1,-1,0,unknown,0,5,spring,0.49999999999999994,-0.8660254037844387,0.9680771188662043,-0.2506525322587204,1,0,285.0,0.2,0,0,2,3
1888,labeled,36,services,single,secondary,0,166,1,0,unknown,7,223,2,-1,0,unknown,0,5,spring,0.49999999999999994,-0.8660254037844387,0.9884683243281114,0.1514277775045767,1,0,111.5,0.4,0,0,2,2
1889,labeled,52,blue-collar,married,primary,0,780,1,0,unknown,16,30,3,-1,0,unknown,0,5,spring,0.49999999999999994,-0.8660254037844387,-0.10116832198743204,-0.9948693233918952,0,0,10.0,0.6,0,0,3,2
1890,labeled,27,services,single,secondary,0,198,1,0,unknown,4,172,2,-1,0,unknown,0,6,summer,1.2246467991473532e-16,-1.0,0.72479278722912,0.6889669190756866,1,0,86.0,0.3333333333333333,0,0,1,2
1892,labeled,49,services,married,secondary,0,2201,1,0,unknown,15,233,3,-1,0,unknown,0,5,spring,0.49999999999999994,-0.8660254037844387,0.10116832198743272,-0.994869323391895,0,0,77.66666666666667,0.6,0,0,3,3
1894,labeled,34,management,married,tertiary,0,131,1,0,cellular,22,156,1,-1,0,unknown,0,4,spring,0.8660254037844387,-0.4999999999999998,-0.9680771188662041,-0.2506525322587213,0,1,156.0,0.25,0,0,1,2
1896,labeled,48,management,married,primary,0,607,0,0,cellular,5,77,6,-1,0,unknown,0,3,spring,1.0,6.123233995736766e-17,0.8486442574947509,0.5289640103269624,1,0,12.833333333333334,2.0,0,0,3,2
1897,labeled,42,self-employed,married,tertiary,0,0,0,0,cellular,8,118,6,-1,0,unknown,0,8,summer,-0.8660254037844385,-0.5000000000000004,0.9987165071710528,-0.05064916883871264,1,0,19.666666666666668,0.75,0,0,2,1
1898,labeled,34,admin.,single,primary,0,0,1,1,cellular,6,172,4,-1,0,unknown,0,5,spring,0.49999999999999994,-0.8660254037844387,0.9377521321470804,0.3473052528448203,1,0,43.0,0.8,1,0,1,1
1899,labeled,41,technician,married,secondary,0,280,1,0,unknown,15,221,4,-1,0,unknown,0,5,spring,0.49999999999999994,-0.8660254037844387,0.10116832198743272,-0.994869323391895,0,0,55.25,0.8,0,0,2,2
1901,labeled,26,admin.,single,secondary,0,442,0,0,cellular,30,84,3,-1,0,unknown,0,7,summer,-0.4999999999999997,-0.8660254037844388,-0.20129852008866114,0.9795299412524943,0,1,28.0,0.42857142857142855,0,0,1,2
1902,labeled,46,unemployed,divorced,primary,0,18,0,0,cellular,21,344,1,-1,0,unknown,0,11,autumn,-0.5000000000000004,0.8660254037844384,-0.8978045395707417,-0.44039415155763423,0,1,344.0,0.09090909090909091,0,0,3,2
1903,labeled,43,management,married,tertiary,0,0,1,0,cellular,17,110,1,-1,0,unknown,0,11,autumn,-0.5000000000000004,0.8660254037844384,-0.2993631229733582,-0.9541392564000488,0,0,110.0,0.09090909090909091,0,0,2,1
1904,labeled,35,self-employed,married,tertiary,0,555,1,0,cellular,2,58,1,136,1,failure,0,4,spring,0.8660254037844387,-0.4999999999999998,0.39435585511331855,0.9189578116202306,1,0,58.0,0.25,0,0,2,2
1905,labeled,34,blue-collar,married,primary,0,182,0,0,cellular,24,78,1,-1,0,unknown,0,7,summer,-0.4999999999999997,-0.8660254037844388,-0.9884683243281114,0.15142777750457667,0,1,78.0,0.14285714285714285,0,0,1,2
1906,labeled,42,management,married,tertiary,0,512,0,0,cellular,4,158,1,-1,0,unknown,0,11,autumn,-0.5000000000000004,0.8660254037844384,0.72479278722912,0.6889669190756866,1,0,158.0,0.09090909090909091,0,0,2,2
1907,labeled,32,self-employed,married,secondary,0,-41,1,0,unknown,28,234,3,-1,0,unknown,0,5,spring,0.49999999999999994,-0.8660254037844387,-0.5712682150947924,0.8207634412072763,0,1,78.0,0.6,1,0,1,1
1908,labeled,45,admin.,married,unknown,0,2029,0,0,cellular,30,123,1,186,4,failure,0,11,autumn,-0.5000000000000004,0.8660254037844384,-0.20129852008866114,0.9795299412524943,0,1,123.0,0.09090909090909091,0,0,3,3
1909,labeled,35,management,divorced,tertiary,0,154,1,0,unknown,4,141,6,-1,0,unknown,0,6,summer,1.2246467991473532e-16,-1.0,0.72479278722912,0.6889669190756866,1,0,23.5,1.0,0,0,2,2
1910,labeled,44,management,married,tertiary,0,3764,0,0,cellular,28,125,12,-1,0,unknown,0,8,summer,-0.8660254037844385,-0.5000000000000004,-0.5712682150947924,0.8207634412072763,0,1,10.416666666666666,1.5,0,0,2,3
1911,labeled,33,management,single,secondary,0,1562,1,0,cellular,17,97,1,-1,0,unknown,0,4,spring,0.8660254037844387,-0.4999999999999998,-0.2993631229733582,-0.9541392564000488,0,0,97.0,0.25,0,0,1,3
1912,labeled,52,admin.,married,secondary,0,0,0,0,cellular,22,91,2,275,1,failure,0,4,spring,0.8660254037844387,-0.4999999999999998,-0.9680771188662041,-0.2506525322587213,0,1,45.5,0.5,0,0,3,1
1913,labeled,58,unemployed,married,tertiary,0,751,0,0,telephone,28,38,1,-1,0,unknown,0,1,winter,0.49999999999999994,0.8660254037844387,-0.5712682150947924,0.8207634412072763,0,1,38.0,1.0,0,0,4,2
1914,labeled,30,technician,single,tertiary,0,6618,1,0,cellular,21,239,8,-1,0,unknown,0,8,summer,-0.8660254037844385,-0.5000000000000004,-0.8978045395707417,-0.44039415155763423,0,1,29.875,1.0,0,0,1,4
1916,labeled,27,blue-collar,divorced,secondary,0,6,1,0,cellular,14,116,3,-1,0,unknown,0,7,summer,-0.4999999999999997,-0.8660254037844388,0.29936312297335804,-0.9541392564000488,0,0,38.666666666666664,0.42857142857142855,0,0,1,2
1917,labeled,35,admin.,divorced,tertiary,0,1559,1,0,unknown,9,26,2,-1,0,unknown,0,5,spring,0.49999999999999994,-0.8660254037844387,0.9680771188662043,-0.2506525322587204,1,0,13.0,0.4,0,0,2,3
1918,labeled,46,services,married,secondary,0,261,1,0,unknown,16,134,4,-1,0,unknown,0,5,spring,0.49999999999999994,-0.8660254037844387,-0.10116832198743204,-0.9948693233918952,0,0,33.5,0.8,0,0,3,2
1920,labeled,46,management,married,tertiary,0,468,1,0,unknown,20,128,6,-1,0,unknown,0,5,spring,0.49999999999999994,-0.8660254037844387,-0.7907757369376986,-0.6121059825476627,0,1,21.333333333333332,1.2,0,0,3,2
1921,labeled,55,technician,married,secondary,0,0,1,0,unknown,30,119,2,-1,0,unknown,0,5,spring,0.49999999999999994,-0.8660254037844387,-0.20129852008866114,0.9795299412524943,0,1,59.5,0.4,0,0,4,1
1922,labeled,51,housemaid,married,secondary,0,265,0,0,cellular,27,316,5,-1,0,unknown,0,8,summer,-0.8660254037844385,-0.5000000000000004,-0.72479278722912,0.6889669190756865,0,1,63.2,0.625,0,0,3,2
1924,labeled,39,blue-collar,single,secondary,0,4141,1,1,unknown,2,21,1,-1,0,unknown,0,6,summer,1.2246467991473532e-16,-1.0,0.39435585511331855,0.9189578116202306,1,0,21.0,0.16666666666666666,1,0,2,3
1925,labeled,43,blue-collar,married,primary,0,234,0,1,cellular,15,45,1,-1,0,unknown,0,5,spring,0.49999999999999994,-0.8660254037844387,0.10116832198743272,-0.994869323391895,0,0,45.0,0.2,1,0,2,2
1926,labeled,41,blue-collar,married,primary,0,849,1,0,unknown,15,72,1,-1,0,unknown,0,5,spring,0.49999999999999994,-0.8660254037844387,0.10116832198743272,-0.994869323391895,0,0,72.0,0.2,0,0,2,2
1927,labeled,59,retired,married,secondary,0,9970,1,0,unknown,29,57,2,-1,0,unknown,0,5,spring,0.49999999999999994,-0.8660254037844387,-0.3943558551133187,0.9189578116202306,0,1,28.5,0.4,0,0,4,4
1928,labeled,41,management,married,tertiary,0,4817,0,1,cellular,18,168,7,-1,0,unknown,0,7,summer,-0.4999999999999997,-0.8660254037844388,-0.4853019625310808,-0.8743466161445822,0,0,24.0,1.0,1,0,2,3
1929,labeled,53,technician,married,secondary,0,68,0,0,cellular,25,41,2,-1,0,unknown,0,8,summer,-0.8660254037844385,-0.5000000000000004,-0.9377521321470804,0.3473052528448203,0,1,20.5,0.25,0,0,3,2
1930,labeled,41,admin.,married,tertiary,0,1535,0,0,cellular,4,54,2,-1,0,unknown,0,5,spring,0.49999999999999994,-0.8660254037844387,0.72479278722912,0.6889669190756866,1,0,27.0,0.4,0,0,2,3
1931,labeled,32,services,single,secondary,0,174,1,0,cellular,6,145,1,-1,0,unknown,0,5,spring,0.49999999999999994,-0.8660254037844387,0.9377521321470804,0.3473052528448203,1,0,145.0,0.2,0,0,1,2
1932,labeled,51,technician,married,tertiary,0,2515,0,0,cellular,30,210,3,-1,0,unknown,0,11,autumn,-0.5000000000000004,0.8660254037844384,-0.20129852008866114,0.9795299412524943,0,1,70.0,0.2727272727272727,0,0,3,3
1933,labeled,56,services,married,secondary,0,86,0,0,cellular,27,26,11,-1,0,unknown,0,8,summer,-0.8660254037844385,-0.5000000000000004,-0.72479278722912,0.6889669190756865,0,1,2.3636363636363638,1.375,0,0,4,2
1934,labeled,30,management,single,tertiary,0,325,1,0,unknown,6,122,16,-1,0,unknown,0,6,summer,1.2246467991473532e-16,-1.0,0.9377521321470804,0.3473052528448203,1,0,7.625,2.6666666666666665,0,0,1,2
1935,labeled,56,technician,married,secondary,0,158,1,1,cellular,11,102,6,349,1,failure,0,5,spring,0.49999999999999994,-0.8660254037844387,0.7907757369376989,-0.6121059825476626,0,0,17.0,1.2,1,0,4,2
1936,labeled,50,housemaid,single,unknown,0,0,0,0,telephone,28,118,8,-1,0,unknown,0,7,summer,-0.4999999999999997,-0.8660254037844388,-0.5712682150947924,0.8207634412072763,0,1,14.75,1.1428571428571428,0,0,3,1
1938,labeled,50,self-employed,married,secondary,0,1131,0,0,cellular,14,219,10,-1,0,unknown,0,8,summer,-0.8660254037844385,-0.5000000000000004,0.29936312297335804,-0.9541392564000488,0,0,21.9,1.25,0,0,3,3
1939,labeled,48,management,single,tertiary,0,8103,0,0,unknown,17,125,1,111,3,failure,0,11,autumn,-0.5000000000000004,0.8660254037844384,-0.2993631229733582,-0.9541392564000488,0,0,125.0,0.09090909090909091,0,0,3,4
1940,labeled,34,blue-collar,single,secondary,0,1234,1,0,cellular,18,90,1,-1,0,unknown,0,7,summer,-0.4999999999999997,-0.8660254037844388,-0.4853019625310808,-0.8743466161445822,0,0,90.0,0.14285714285714285,0,0,1,3
1941,labeled,38,management,married,tertiary,0,2272,1,1,cellular,13,244,1,-1,0,unknown,0,5,spring,0.49999999999999994,-0.8660254037844387,0.48530196253108104,-0.8743466161445821,0,0,244.0,0.2,1,0,2,3
1942,labeled,51,housemaid,married,primary,0,29,1,0,cellular,14,333,2,-1,0,unknown,0,7,summer,-0.4999999999999997,-0.8660254037844388,0.29936312297335804,-0.9541392564000488,0,0,166.5,0.2857142857142857,0,0,3,2
1943,labeled,36,technician,married,secondary,0,184,0,0,cellular,31,69,1,-1,0,unknown,0,8,summer,-0.8660254037844385,-0.5000000000000004,-2.4492935982947064e-16,1.0,0,1,69.0,0.125,0,0,2,2
1944,labeled,35,services,married,secondary,0,175,1,0,cellular,31,5,3,-1,0,unknown,0,7,summer,-0.4999999999999997,-0.8660254037844388,-2.4492935982947064e-16,1.0,0,1,1.6666666666666667,0.42857142857142855,0,0,2,2
1945,labeled,36,management,married,tertiary,0,1585,0,0,telephone,3,26,2,197,1,failure,0,2,winter,0.8660254037844386,0.5000000000000001,0.5712682150947923,0.8207634412072763,1,0,13.0,1.0,0,0,2,3
1946,labeled,57,retired,married,secondary,0,40,1,1,cellular,25,93,4,-1,0,unknown,0,8,summer,-0.8660254037844385,-0.5000000000000004,-0.9377521321470804,0.3473052528448203,0,1,23.25,0.5,1,0,4,2
1947,labeled,34,management,married,secondary,0,-285,1,0,unknown,27,532,2,-1,0,unknown,0,5,spring,0.49999999999999994,-0.8660254037844387,-0.72479278722912,0.6889669190756865,0,1,266.0,0.4,1,0,1,1
1948,labeled,51,blue-collar,married,unknown,0,1880,1,0,unknown,5,57,1,-1,0,unknown,0,5,spring,0.49999999999999994,-0.8660254037844387,0.8486442574947509,0.5289640103269624,1,0,57.0,0.2,0,0,3,3
1949,labeled,38,technician,married,secondary,0,823,1,1,cellular,17,224,2,180,1,failure,0,11,autumn,-0.5000000000000004,0.8660254037844384,-0.2993631229733582,-0.9541392564000488,0,0,112.0,0.18181818181818182,1,0,2,2
1950,labeled,39,blue-collar,married,primary,0,3709,1,0,unknown,16,77,1,-1,0,unknown,0,6,summer,1.2246467991473532e-16,-1.0,-0.10116832198743204,-0.9948693233918952,0,0,77.0,0.16666666666666666,0,0,2,3
1953,labeled,35,technician,married,secondary,0,99,1,1,unknown,14,208,5,-1,0,unknown,0,5,spring,0.49999999999999994,-0.8660254037844387,0.29936312297335804,-0.9541392564000488,0,0,41.6,1.0,1,0,2,2
1954,labeled,28,unemployed,married,secondary,0,660,1,0,unknown,4,606,2,-1,0,unknown,0,6,summer,1.2246467991473532e-16,-1.0,0.72479278722912,0.6889669190756866,1,0,303.0,0.3333333333333333,0,0,1,2
1955,labeled,33,management,divorced,tertiary,0,0,1,1,cellular,19,275,8,-1,0,unknown,0,8,summer,-0.8660254037844385,-0.5000000000000004,-0.651372482722222,-0.7587581226927911,0,0,34.375,1.0,1,0,1,1
1957,labeled,55,management,married,tertiary,0,532,0,0,cellular,19,124,2,-1,0,unknown,0,11,autumn,-0.5000000000000004,0.8660254037844384,-0.651372482722222,-0.7587581226927911,0,0,62.0,0.18181818181818182,0,0,4,2
1958,labeled,34,technician,single,secondary,0,0,1,1,unknown,16,214,1,-1,0,unknown,0,5,spring,0.49999999999999994,-0.8660254037844387,-0.10116832198743204,-0.9948693233918952,0,0,214.0,0.2,1,0,1,1
1959,labeled,50,management,married,unknown,0,3310,0,0,unknown,5,1009,2,-1,0,unknown,0,6,summer,1.2246467991473532e-16,-1.0,0.8486442574947509,0.5289640103269624,1,0,504.5,0.3333333333333333,0,0,3,3
1960,labeled,59,management,married,unknown,0,3524,0,0,cellular,21,216,4,-1,0,unknown,0,11,autumn,-0.5000000000000004,0.8660254037844384,-0.8978045395707417,-0.44039415155763423,0,1,54.0,0.36363636363636365,0,0,4,3
1962,labeled,49,services,married,secondary,0,69,1,1,cellular,21,59,4,-1,0,unknown,0,11,autumn,-0.5000000000000004,0.8660254037844384,-0.8978045395707417,-0.44039415155763423,0,1,14.75,0.36363636363636365,1,0,3,2
1963,labeled,32,admin.,single,tertiary,0,-57,0,1,unknown,4,192,1,-1,0,unknown,0,7,summer,-0.4999999999999997,-0.8660254037844388,0.72479278722912,0.6889669190756866,1,0,192.0,0.14285714285714285,2,0,1,1
1964,labeled,48,blue-collar,married,secondary,0,151,1,0,unknown,6,73,1,-1,0,unknown,0,5,spring,0.49999999999999994,-0.8660254037844387,0.9377521321470804,0.3473052528448203,1,0,73.0,0.2,0,0,3,2
1965,labeled,35,blue-collar,married,primary,0,-14,1,0,unknown,12,212,5,-1,0,unknown,0,5,spring,0.49999999999999994,-0.8660254037844387,0.6513724827222223,-0.758758122692791,0,0,42.4,1.0,1,0,2,1
1966,labeled,36,management,married,tertiary,0,-289,1,0,cellular,14,113,3,-1,0,unknown,0,5,spring,0.49999999999999994,-0.8660254037844387,0.29936312297335804,-0.9541392564000488,0,0,37.666666666666664,0.6,1,0,2,1
1967,labeled,43,management,married,tertiary,0,346,0,1,cellular,15,88,3,-1,0,unknown,0,7,summer,-0.4999999999999997,-0.8660254037844388,0.10116832198743272,-0.994869323391895,0,0,29.333333333333332,0.42857142857142855,1,0,2,2
1968,labeled,27,services,married,secondary,0,0,1,0,cellular,22,1608,13,-1,0,unknown,1,7,summer,-0.4999999999999997,-0.8660254037844388,-0.9680771188662041,-0.2506525322587213,0,1,123.6923076923077,1.8571428571428572,0,0,1,1
1969,labeled,44,management,married,secondary,0,-1750,1,0,unknown,20,218,1,-1,0,unknown,0,6,summer,1.2246467991473532e-16,-1.0,-0.7907757369376986,-0.6121059825476627,0,1,218.0,0.16666666666666666,1,0,2,0
1970,labeled,38,unemployed,married,tertiary,0,1442,0,0,unknown,26,535,6,-1,0,unknown,0,5,spring,0.49999999999999994,-0.8660254037844387,-0.8486442574947509,0.5289640103269624,0,1,89.16666666666667,1.2,0,0,2,3
1971,labeled,48,technician,married,tertiary,0,317,0,0,unknown,6,135,1,-1,0,unknown,0,5,spring,0.49999999999999994,-0.8660254037844387,0.9377521321470804,0.3473052528448203,1,0,135.0,0.2,0,0,3,2
1972,labeled,39,technician,married,secondary,0,149,1,0,cellular,6,151,2,-1,0,unknown,0,5,spring,0.49999999999999994,-0.8660254037844387,0.9377521321470804,0.3473052528448203,1,0,75.5,0.4,0,0,2,2
1973,labeled,31,entrepreneur,single,tertiary,0,43,0,0,cellular,20,185,2,-1,0,unknown,0,11,autumn,-0.5000000000000004,0.8660254037844384,-0.7907757369376986,-0.6121059825476627,0,1,92.5,0.18181818181818182,0,0,1,2
1974,labeled,40,technician,married,tertiary,0,0,0,0,cellular,19,44,1,-1,0,unknown,0,8,summer,-0.8660254037844385,-0.5000000000000004,-0.651372482722222,-0.7587581226927911,0,0,44.0,0.125,0,0,2,1
1975,labeled,40,services,married,secondary,0,1436,1,0,cellular,6,207,1,351,2,failure,0,5,spring,0.49999999999999994,-0.8660254037844387,0.9377521321470804,0.3473052528448203,1,0,207.0,0.2,0,0,2,3
1977,labeled,57,retired,married,tertiary,0,0,0,0,cellular,12,116,4,-1,0,unknown,0,8,summer,-0.8660254037844385,-0.5000000000000004,0.6513724827222223,-0.758758122692791,0,0,29.0,0.5,0,0,4,1
1978,labeled,29,admin.,single,secondary,0,3426,1,0,cellular,17,139,2,-1,0,unknown,0,4,spring,0.8660254037844387,-0.4999999999999998,-0.2993631229733582,-0.9541392564000488,0,0,69.5,0.5,0,0,1,3
1979,labeled,58,blue-collar,married,primary,0,0,1,0,cellular,31,5,25,-1,0,unknown,0,7,summer,-0.4999999999999997,-0.8660254037844388,-2.4492935982947064e-16,1.0,0,1,0.2,3.5714285714285716,0,0,4,1
1980,labeled,28,management,single,tertiary,0,772,0,0,cellular,9,125,6,-1,0,unknown,0,4,spring,0.8660254037844387,-0.4999999999999998,0.9680771188662043,-0.2506525322587204,1,0,20.833333333333332,1.5,0,0,1,2
1981,labeled,30,admin.,single,secondary,0,-636,0,0,cellular,25,250,1,-1,0,unknown,0,7,summer,-0.4999999999999997,-0.8660254037844388,-0.9377521321470804,0.3473052528448203,0,1,250.0,0.14285714285714285,1,0,1,1
1982,labeled,39,blue-collar,married,primary,0,794,1,0,cellular,19,76,6,-1,0,unknown,0,11,autumn,-0.5000000000000004,0.8660254037844384,-0.651372482722222,-0.7587581226927911,0,0,12.666666666666666,0.5454545454545454,0,0,2,2
1983,labeled,31,technician,single,tertiary,0,976,0,0,cellular,15,95,1,-1,0,unknown,0,6,summer,1.2246467991473532e-16,-1.0,0.10116832198743272,-0.994869323391895,0,0,95.0,0.16666666666666666,0,0,1,2
1984,labeled,28,blue-collar,married,secondary,0,1133,0,0,cellular,6,129,4,211,3,other,0,2,winter,0.8660254037844386,0.5000000000000001,0.9377521321470804,0.3473052528448203,1,0,32.25,2.0,0,0,1,3
1986,labeled,50,entrepreneur,married,secondary,0,1011,1,0,telephone,30,340,2,-1,0,unknown,0,7,summer,-0.4999999999999997,-0.8660254037844388,-0.20129852008866114,0.9795299412524943,0,1,170.0,0.2857142857142857,0,0,3,3
1987,labeled,28,admin.,single,secondary,0,28,1,0,cellular,7,227,2,-1,0,unknown,0,5,spring,0.49999999999999994,-0.8660254037844387,0.9884683243281114,0.1514277775045767,1,0,113.5,0.4,0,0,1,2
1988,labeled,44,management,married,tertiary,0,790,0,0,cellular,28,99,24,-1,0,unknown,0,8,summer,-0.8660254037844385,-0.5000000000000004,-0.5712682150947924,0.8207634412072763,0,1,4.125,3.0,0,0,2,2
1989,labeled,39,blue-collar,married,primary,0,46,0,0,cellular,13,69,1,-1,0,unknown,0,8,summer,-0.8660254037844385,-0.5000000000000004,0.48530196253108104,-0.8743466161445821,0,0,69.0,0.125,0,0,2,2
1990,labeled,45,services,married,secondary,0,0,0,1,cellular,8,47,7,-1,0,unknown,0,7,summer,-0.4999999999999997,-0.8660254037844388,0.9987165071710528,-0.05064916883871264,1,0,6.714285714285714,1.0,1,0,3,1
1991,labeled,61,retired,married,secondary,0,77,1,0,cellular,15,195,7,-1,0,unknown,0,7,summer,-0.4999999999999997,-0.8660254037844388,0.10116832198743272,-0.994869323391895,0,0,27.857142857142858,1.0,0,0,4,2
1992,labeled,39,entrepreneur,married,primary,0,238,1,1,cellular,19,134,1,-1,0,unknown,0,11,autumn,-0.5000000000000004,0.8660254037844384,-0.651372482722222,-0.7587581226927911,0,0,134.0,0.09090909090909091,1,0,2,2
1993,labeled,34,technician,single,tertiary,0,639,0,0,cellular,22,215,10,-1,0,unknown,0,8,summer,-0.8660254037844385,-0.5000000000000004,-0.9680771188662041,-0.2506525322587213,0,1,21.5,1.25,0,0,1,2
1995,labeled,48,blue-collar,married,primary,0,752,1,0,cellular,18,90,6,-1,0,unknown,0,5,spring,0.49999999999999994,-0.8660254037844387,-0.4853019625310808,-0.8743466161445822,0,0,15.0,1.2,0,0,3,2
1996,labeled,31,technician,single,secondary,0,27,0,1,cellular,16,229,1,-1,0,unknown,0,7,summer,-0.4999999999999997,-0.8660254037844388,-0.10116832198743204,-0.9948693233918952,0,0,229.0,0.14285714285714285,1,0,1,2
1997,labeled,30,blue-collar,single,secondary,1,451,0,0,unknown,14,103,6,-1,0,unknown,0,5,spring,0.49999999999999994,-0.8660254037844387,0.29936312297335804,-0.9541392564000488,0,0,17.166666666666668,1.2,1,0,1,2
1998,labeled,31,technician,single,tertiary,0,18,0,0,cellular,25,121,3,-1,0,unknown,0,8,summer,-0.8660254037844385,-0.5000000000000004,-0.9377521321470804,0.3473052528448203,0,1,40.333333333333336,0.375,0,0,1,2
1999,labeled,47,technician,married,primary,0,186,1,0,unknown,9,165,1,-1,0,unknown,0,5,spring,0.49999999999999994,-0.8660254037844387,0.9680771188662043,-0.2506525322587204,1,0,165.0,0.2,0,0,3,2
2000,labeled,39,technician,single,tertiary,0,1192,0,0,cellular,8,136,1,-1,0,unknown,0,8,summer,-0.8660254037844385,-0.5000000000000004,0.9987165071710528,-0.05064916883871264,1,0,136.0,0.125,0,0,2,3
2001,labeled,57,technician,married,secondary,0,0,0,0,unknown,13,44,1,-1,0,unknown,0,5,spring,0.49999999999999994,-0.8660254037844387,0.48530196253108104,-0.8743466161445821,0,0,44.0,0.2,0,0,4,1
2002,labeled,57,technician,married,secondary,0,1476,1,0,cellular,17,364,1,-1,0,unknown,0,11,autumn,-0.5000000000000004,0.8660254037844384,-0.2993631229733582,-0.9541392564000488,0,0,364.0,0.09090909090909091,0,0,4,3
2003,labeled,31,technician,single,tertiary,0,1173,1,0,unknown,3,207,1,-1,0,unknown,0,6,summer,1.2246467991473532e-16,-1.0,0.5712682150947923,0.8207634412072763,1,0,207.0,0.16666666666666666,0,0,1,3
2005,labeled,41,technician,married,tertiary,0,525,1,0,cellular,9,74,1,-1,0,unknown,0,7,summer,-0.4999999999999997,-0.8660254037844388,0.9680771188662043,-0.2506525322587204,1,0,74.0,0.14285714285714285,0,0,2,2
2006,labeled,39,entrepreneur,married,tertiary,0,1,1,0,cellular,17,180,1,-1,0,unknown,0,11,autumn,-0.5000000000000004,0.8660254037844384,-0.2993631229733582,-0.9541392564000488,0,0,180.0,0.09090909090909091,0,0,2,2
2007,labeled,57,housemaid,married,secondary,0,165,1,0,telephone,10,73,1,-1,0,unknown,0,7,summer,-0.4999999999999997,-0.8660254037844388,0.8978045395707416,-0.4403941515576344,1,0,73.0,0.14285714285714285,0,0,4,2
2008,labeled,58,blue-collar,married,secondary,0,-33,0,1,telephone,31,77,13,-1,0,unknown,0,7,summer,-0.4999999999999997,-0.8660254037844388,-2.4492935982947064e-16,1.0,0,1,5.923076923076923,1.8571428571428572,2,0,4,1
2009,labeled,35,management,married,tertiary,0,940,1,0,unknown,27,245,2,-1,0,unknown,0,5,spring,0.49999999999999994,-0.8660254037844387,-0.72479278722912,0.6889669190756865,0,1,122.5,0.4,0,0,2,2
2010,labeled,55,blue-collar,married,primary,0,282,0,1,telephone,14,252,4,-1,0,unknown,0,7,summer,-0.4999999999999997,-0.8660254037844388,0.29936312297335804,-0.9541392564000488,0,0,63.0,0.5714285714285714,1,0,4,2
2012,labeled,42,blue-collar,married,primary,0,267,1,0,telephone,31,175,2,-1,0,unknown,0,7,summer,-0.4999999999999997,-0.8660254037844388,-2.4492935982947064e-16,1.0,0,1,87.5,0.2857142857142857,0,0,2,2
2013,labeled,31,services,single,secondary,0,464,0,1,cellular,2,111,1,-1,0,unknown,0,2,winter,0.8660254037844386,0.5000000000000001,0.39435585511331855,0.9189578116202306,1,0,111.0,0.5,1,0,1,2
2015,labeled,29,management,single,tertiary,0,5988,1,0,unknown,28,317,1,-1,0,unknown,0,5,spring,0.49999999999999994,-0.8660254037844387,-0.5712682150947924,0.8207634412072763,0,1,317.0,0.2,0,0,1,4
2016,labeled,38,technician,single,secondary,0,-248,1,0,cellular,18,1173,3,278,6,success,1,5,spring,0.49999999999999994,-0.8660254037844387,-0.4853019625310808,-0.8743466161445822,0,0,391.0,0.6,1,0,2,1
2019,labeled,46,blue-collar,married,secondary,0,773,0,0,unknown,13,152,1,-1,0,unknown,0,5,spring,0.49999999999999994,-0.8660254037844387,0.48530196253108104,-0.8743466161445821,0,0,152.0,0.2,0,0,3,2
2021,labeled,42,blue-collar,married,secondary,0,236,1,0,unknown,5,175,7,-1,0,unknown,0,6,summer,1.2246467991473532e-16,-1.0,0.8486442574947509,0.5289640103269624,1,0,25.0,1.1666666666666667,0,0,2,2
2024,labeled,57,retired,married,primary,0,1624,1,1,cellular,18,246,1,-1,0,unknown,0,7,summer,-0.4999999999999997,-0.8660254037844388,-0.4853019625310808,-0.8743466161445822,0,0,246.0,0.14285714285714285,1,0,4,3
2025,labeled,52,services,married,secondary,0,108,1,0,unknown,15,543,12,-1,0,unknown,0,5,spring,0.49999999999999994,-0.8660254037844387,0.10116832198743272,-0.994869323391895,0,0,45.25,2.4,0,0,3,2
2026,labeled,52,unknown,married,primary,0,250,0,0,cellular,29,268,6,-1,0,unknown,0,7,summer,-0.4999999999999997,-0.8660254037844388,-0.3943558551133187,0.9189578116202306,0,1,44.666666666666664,0.8571428571428571,0,0,3,2
2028,labeled,55,services,divorced,secondary,0,208,1,0,unknown,29,200,2,-1,0,unknown,0,5,spring,0.49999999999999994,-0.8660254037844387,-0.3943558551133187,0.9189578116202306,0,1,100.0,0.4,0,0,4,2
2029,labeled,21,student,single,secondary,0,6849,0,0,cellular,14,126,3,127,7,other,0,8,summer,-0.8660254037844385,-0.5000000000000004,0.29936312297335804,-0.9541392564000488,0,0,42.0,0.375,0,0,0,4
2031,labeled,32,management,divorced,tertiary,0,-4,1,0,unknown,8,399,4,-1,0,unknown,0,5,spring,0.49999999999999994,-0.8660254037844387,0.9987165071710528,-0.05064916883871264,1,0,99.75,0.8,1,0,1,1
2032,labeled,37,blue-collar,divorced,secondary,0,46,1,0,unknown,8,133,2,-1,0,unknown,0,5,spring,0.49999999999999994,-0.8660254037844387,0.9987165071710528,-0.05064916883871264,1,0,66.5,0.4,0,0,2,2
2033,labeled,40,services,divorced,secondary,0,-83,0,1,cellular,23,186,1,-1,0,unknown,0,7,summer,-0.4999999999999997,-0.8660254037844388,-0.9987165071710528,-0.05064916883871355,0,1,186.0,0.14285714285714285,2,0,2,1
2034,labeled,47,services,single,unknown,0,1781,0,0,cellular,19,385,2,-1,0,unknown,1,10,autumn,-0.8660254037844386,0.5000000000000001,-0.651372482722222,-0.7587581226927911,0,0,192.5,0.2,0,0,3,3
2035,labeled,33,blue-collar,married,secondary,0,291,0,1,unknown,3,267,1,-1,0,unknown,0,7,summer,-0.4999999999999997,-0.8660254037844388,0.5712682150947923,0.8207634412072763,1,0,267.0,0.14285714285714285,1,0,1,2
2036,labeled,26,blue-collar,married,primary,0,0,1,0,unknown,21,425,1,-1,0,unknown,0,5,spring,0.49999999999999994,-0.8660254037844387,-0.8978045395707417,-0.44039415155763423,0,1,425.0,0.2,0,0,1,1
2037,labeled,66,retired,married,secondary,0,4778,0,0,cellular,13,72,3,-1,0,unknown,0,8,summer,-0.8660254037844385,-0.5000000000000004,0.48530196253108104,-0.8743466161445821,0,0,24.0,0.375,0,0,5,3
2038,labeled,43,blue-collar,divorced,primary,0,89,1,0,unknown,15,237,2,-1,0,unknown,0,5,spring,0.49999999999999994,-0.8660254037844387,0.10116832198743272,-0.994869323391895,0,0,118.5,0.4,0,0,2,2
2039,labeled,45,technician,married,secondary,0,1404,0,0,cellular,11,71,2,-1,0,unknown,0,8,summer,-0.8660254037844385,-0.5000000000000004,0.7907757369376989,-0.6121059825476626,0,0,35.5,0.25,0,0,3,3
2040,labeled,35,technician,married,secondary,0,0,1,0,cellular,9,524,1,96,5,success,1,11,autumn,-0.5000000000000004,0.8660254037844384,0.9680771188662043,-0.2506525322587204,1,0,524.0,0.09090909090909091,0,0,2,1
2041,labeled,51,admin.,married,secondary,0,2658,0,0,telephone,28,148,2,-1,0,unknown,0,1,winter,0.49999999999999994,0.8660254037844387,-0.5712682150947924,0.8207634412072763,0,1,74.0,2.0,0,0,3,3
2042,labeled,45,technician,married,secondary,0,1670,0,0,cellular,23,76,1,-1,0,unknown,0,10,autumn,-0.8660254037844386,0.5000000000000001,-0.9987165071710528,-0.05064916883871355,0,1,76.0,0.1,0,0,3,3
2043,labeled,42,management,divorced,tertiary,0,0,0,0,unknown,19,131,2,-1,0,unknown,0,5,spring,0.49999999999999994,-0.8660254037844387,-0.651372482722222,-0.7587581226927911,0,0,65.5,0.4,0,0,2,1
2044,labeled,38,services,married,secondary,0,502,1,1,unknown,19,88,5,-1,0,unknown,0,5,spring,0.49999999999999994,-0.8660254037844387,-0.651372482722222,-0.7587581226927911,0,0,17.6,1.0,1,0,2,2
2046,labeled,48,technician,single,tertiary,0,-561,1,0,cellular,11,168,2,-1,0,unknown,0,5,spring,0.49999999999999994,-0.8660254037844387,0.7907757369376989,-0.6121059825476626,0,0,84.0,0.4,1,0,3,1
2047,labeled,27,blue-collar,single,primary,0,1215,0,0,cellular,29,283,1,-1,0,unknown,0,1,winter,0.49999999999999994,0.8660254037844387,-0.3943558551133187,0.9189578116202306,0,1,283.0,1.0,0,0,1,3
2048,labeled,30,technician,single,secondary,0,60,0,0,cellular,2,465,2,-1,0,unknown,0,2,winter,0.8660254037844386,0.5000000000000001,0.39435585511331855,0.9189578116202306,1,0,232.5,1.0,0,0,1,2
2049,labeled,35,services,married,secondary,0,130,1,0,cellular,12,136,1,-1,0,unknown,0,5,spring,0.49999999999999994,-0.8660254037844387,0.6513724827222223,-0.758758122692791,0,0,136.0,0.2,0,0,2,2
2051,labeled,38,self-employed,married,secondary,0,273,1,0,unknown,28,110,5,-1,0,unknown,0,5,spring,0.49999999999999994,-0.8660254037844387,-0.5712682150947924,0.8207634412072763,0,1,22.0,1.0,0,0,2,2
2053,labeled,62,housemaid,married,secondary,0,569,0,0,cellular,4,123,3,-1,0,unknown,0,9,autumn,-1.0,-1.8369701987210297e-16,0.72479278722912,0.6889669190756866,1,0,41.0,0.3333333333333333,0,0,4,2
2054,labeled,60,blue-collar,married,secondary,0,321,1,0,cellular,7,63,1,-1,0,unknown,0,5,spring,0.49999999999999994,-0.8660254037844387,0.9884683243281114,0.1514277775045767,1,0,63.0,0.2,0,0,4,2
2055,labeled,48,admin.,married,secondary,0,285,1,1,cellular,29,164,6,-1,0,unknown,0,7,summer,-0.4999999999999997,-0.8660254037844388,-0.3943558551133187,0.9189578116202306,0,1,27.333333333333332,0.8571428571428571,1,0,3,2
2057,labeled,40,management,married,tertiary,0,10,1,0,cellular,18,219,3,-1,0,unknown,0,11,autumn,-0.5000000000000004,0.8660254037844384,-0.4853019625310808,-0.8743466161445822,0,0,73.0,0.2727272727272727,0,0,2,2
2058,labeled,42,technician,married,secondary,0,2027,1,1,cellular,9,196,1,-1,0,unknown,0,7,summer,-0.4999999999999997,-0.8660254037844388,0.9680771188662043,-0.2506525322587204,1,0,196.0,0.14285714285714285,1,0,2,3
2059,labeled,35,management,single,tertiary,0,1354,1,0,cellular,16,185,1,330,1,failure,0,4,spring,0.8660254037844387,-0.4999999999999998,-0.10116832198743204,-0.9948693233918952,0,0,185.0,0.25,0,0,2,3
2061,labeled,33,management,married,tertiary,0,278,1,0,cellular,15,199,2,274,3,other,0,5,spring,0.49999999999999994,-0.8660254037844387,0.10116832198743272,-0.994869323391895,0,0,99.5,0.4,0,0,1,2
2063,labeled,34,entrepreneur,married,secondary,0,5,1,1,cellular,5,184,1,167,6,failure,0,5,spring,0.49999999999999994,-0.8660254037844387,0.8486442574947509,0.5289640103269624,1,0,184.0,0.2,1,0,1,2
2064,labeled,59,technician,married,primary,0,3168,1,0,unknown,29,240,2,-1,0,unknown,0,5,spring,0.49999999999999994,-0.8660254037844387,-0.3943558551133187,0.9189578116202306,0,1,120.0,0.4,0,0,4,3
2065,labeled,43,management,divorced,tertiary,0,97,0,0,cellular,29,24,3,-1,0,unknown,0,1,winter,0.49999999999999994,0.8660254037844387,-0.3943558551133187,0.9189578116202306,0,1,8.0,3.0,0,0,2,2
2066,labeled,28,blue-collar,married,primary,0,55,1,0,cellular,6,161,1,337,1,failure,0,5,spring,0.49999999999999994,-0.8660254037844387,0.9377521321470804,0.3473052528448203,1,0,161.0,0.2,0,0,1,2
2067,labeled,41,admin.,married,tertiary,0,1277,0,0,unknown,16,286,1,-1,0,unknown,0,6,summer,1.2246467991473532e-16,-1.0,-0.10116832198743204,-0.9948693233918952,0,0,286.0,0.16666666666666666,0,0,2,3
2068,labeled,41,management,married,secondary,0,0,0,1,cellular,7,630,3,-1,0,unknown,0,7,summer,-0.4999999999999997,-0.8660254037844388,0.9884683243281114,0.1514277775045767,1,0,210.0,0.42857142857142855,1,0,2,1
2069,labeled,32,admin.,married,secondary,0,0,1,1,cellular,17,159,2,195,2,failure,0,11,autumn,-0.5000000000000004,0.8660254037844384,-0.2993631229733582,-0.9541392564000488,0,0,79.5,0.18181818181818182,1,0,1,1
2070,labeled,36,technician,married,tertiary,0,1317,0,0,cellular,29,174,2,-1,0,unknown,0,10,autumn,-0.8660254037844386,0.5000000000000001,-0.3943558551133187,0.9189578116202306,0,1,87.0,0.2,0,0,2,3
2071,labeled,73,retired,married,primary,0,284,0,0,cellular,28,399,3,-1,0,unknown,1,1,winter,0.49999999999999994,0.8660254037844387,-0.5712682150947924,0.8207634412072763,0,1,133.0,3.0,0,0,5,2
2072,labeled,48,management,married,tertiary,0,1150,0,0,cellular,5,389,1,64,2,success,1,8,summer,-0.8660254037844385,-0.5000000000000004,0.8486442574947509,0.5289640103269624,1,0,389.0,0.125,0,0,3,3
2073,labeled,37,management,married,tertiary,0,537,1,1,unknown,21,143,1,-1,0,unknown,0,5,spring,0.49999999999999994,-0.8660254037844387,-0.8978045395707417,-0.44039415155763423,0,1,143.0,0.2,1,0,2,2
2074,labeled,38,technician,married,tertiary,0,49,0,0,cellular,22,125,4,-1,0,unknown,0,7,summer,-0.4999999999999997,-0.8660254037844388,-0.9680771188662041,-0.2506525322587213,0,1,31.25,0.5714285714285714,0,0,2,2
2076,labeled,34,blue-collar,married,secondary,0,1306,1,0,unknown,20,120,1,-1,0,unknown,0,5,spring,0.49999999999999994,-0.8660254037844387,-0.7907757369376986,-0.6121059825476627,0,1,120.0,0.2,0,0,1,3
2077,labeled,46,technician,married,secondary,0,1419,1,0,unknown,14,32,3,-1,0,unknown,0,5,spring,0.49999999999999994,-0.8660254037844387,0.29936312297335804,-0.9541392564000488,0,0,10.666666666666666,0.6,0,0,3,3
2078,labeled,34,blue-collar,married,secondary,0,1421,1,1,unknown,27,157,2,-1,0,unknown,0,5,spring,0.49999999999999994,-0.8660254037844387,-0.72479278722912,0.6889669190756865,0,1,78.5,0.4,1,0,1,3
2080,labeled,43,self-employed,married,secondary,0,99,0,0,unknown,17,332,1,-1,0,unknown,0,6,summer,1.2246467991473532e-16,-1.0,-0.2993631229733582,-0.9541392564000488,0,0,332.0,0.16666666666666666,0,0,2,2
2081,labeled,31,blue-collar,married,secondary,0,0,1,0,unknown,5,143,1,-1,0,unknown,0,5,spring,0.49999999999999994,-0.8660254037844387,0.8486442574947509,0.5289640103269624,1,0,143.0,0.2,0,0,1,1
2083,labeled,45,blue-collar,married,primary,0,101,1,0,unknown,7,923,3,-1,0,unknown,0,5,spring,0.49999999999999994,-0.8660254037844387,0.9884683243281114,0.1514277775045767,1,0,307.6666666666667,0.6,0,0,3,2
2084,labeled,35,technician,divorced,secondary,0,59,1,0,unknown,8,461,3,-1,0,unknown,0,5,spring,0.49999999999999994,-0.8660254037844387,0.9987165071710528,-0.05064916883871264,1,0,153.66666666666666,0.6,0,0,2,2
2085,labeled,41,management,married,tertiary,0,185,1,1,unknown,5,42,1,-1,0,unknown,0,5,spring,0.49999999999999994,-0.8660254037844387,0.8486442574947509,0.5289640103269624,1,0,42.0,0.2,1,0,2,2
2087,labeled,42,technician,married,secondary,0,609,1,0,cellular,11,432,2,-1,0,unknown,0,5,spring,0.49999999999999994,-0.8660254037844387,0.7907757369376989,-0.6121059825476626,0,0,216.0,0.4,0,0,2,2
2088,labeled,30,services,married,secondary,0,217,0,1,unknown,3,23,1,-1,0,unknown,0,6,summer,1.2246467991473532e-16,-1.0,0.5712682150947923,0.8207634412072763,1,0,23.0,0.16666666666666666,1,0,1,2
2090,labeled,27,services,married,secondary,0,54,1,0,cellular,18,97,1,370,1,failure,0,5,spring,0.49999999999999994,-0.8660254037844387,-0.4853019625310808,-0.8743466161445822,0,0,97.0,0.2,0,0,1,2
2091,labeled,30,blue-collar,single,secondary,0,312,0,0,cellular,23,1407,1,-1,0,unknown,1,6,summer,1.2246467991473532e-16,-1.0,-0.9987165071710528,-0.05064916883871355,0,1,1407.0,0.16666666666666666,0,0,1,2
2092,labeled,26,housemaid,married,secondary,0,-759,1,0,cellular,11,191,1,-1,0,unknown,0,7,summer,-0.4999999999999997,-0.8660254037844388,0.7907757369376989,-0.6121059825476626,0,0,191.0,0.14285714285714285,1,0,1,1
2093,labeled,40,blue-collar,married,secondary,0,950,0,1,unknown,12,140,1,-1,0,unknown,0,6,summer,1.2246467991473532e-16,-1.0,0.6513724827222223,-0.758758122692791,0,0,140.0,0.16666666666666666,1,0,2,2
2094,labeled,28,student,single,secondary,0,383,1,0,cellular,17,346,1,-1,0,unknown,0,4,spring,0.8660254037844387,-0.4999999999999998,-0.2993631229733582,-0.9541392564000488,0,0,346.0,0.25,0,0,1,2
2095,labeled,27,services,single,secondary,0,466,1,0,cellular,13,109,1,-1,0,unknown,0,5,spring,0.49999999999999994,-0.8660254037844387,0.48530196253108104,-0.8743466161445821,0,0,109.0,0.2,0,0,1,2
2096,labeled,35,admin.,married,tertiary,0,1147,1,0,cellular,2,82,2,-1,0,unknown,0,2,winter,0.8660254037844386,0.5000000000000001,0.39435585511331855,0.9189578116202306,1,0,41.0,1.0,0,0,2,3
2097,labeled,40,admin.,divorced,secondary,0,3,0,0,unknown,11,140,1,-1,0,unknown,0,6,summer,1.2246467991473532e-16,-1.0,0.7907757369376989,-0.6121059825476626,0,0,140.0,0.16666666666666666,0,0,2,2
2099,labeled,28,admin.,single,secondary,0,4739,0,0,telephone,12,360,1,181,5,success,1,5,spring,0.49999999999999994,-0.8660254037844387,0.6513724827222223,-0.758758122692791,0,0,360.0,0.2,0,0,1,3
2101,labeled,54,services,married,secondary,0,817,0,0,cellular,31,113,6,-1,0,unknown,0,7,summer,-0.4999999999999997,-0.8660254037844388,-2.4492935982947064e-16,1.0,0,1,18.833333333333332,0.8571428571428571,0,0,3,2
2102,labeled,33,technician,divorced,secondary,1,-306,0,1,unknown,9,109,1,-1,0,unknown,0,5,spring,0.49999999999999994,-0.8660254037844387,0.9680771188662043,-0.2506525322587204,1,0,109.0,0.2,3,0,1,1
2103,labeled,36,management,married,secondary,0,648,1,0,cellular,18,54,2,-1,0,unknown,0,11,autumn,-0.5000000000000004,0.8660254037844384,-0.4853019625310808,-0.8743466161445822,0,0,27.0,0.18181818181818182,0,0,2,2
2104,labeled,31,management,married,secondary,0,1377,1,0,cellular,12,129,4,-1,0,unknown,0,8,summer,-0.8660254037844385,-0.5000000000000004,0.6513724827222223,-0.758758122692791,0,0,32.25,0.5,0,0,1,3
2105,labeled,56,retired,married,tertiary,0,470,0,0,cellular,5,97,1,-1,0,unknown,0,2,winter,0.8660254037844386,0.5000000000000001,0.8486442574947509,0.5289640103269624,1,0,97.0,0.5,0,0,4,2
2106,labeled,32,technician,married,secondary,1,0,1,1,cellular,25,132,8,-1,0,unknown,0,8,summer,-0.8660254037844385,-0.5000000000000004,-0.9377521321470804,0.3473052528448203,0,1,16.5,1.0,2,0,1,1
2107,labeled,50,technician,married,secondary,0,1404,0,0,cellular,6,131,3,-1,0,unknown,0,8,summer,-0.8660254037844385,-0.5000000000000004,0.9377521321470804,0.3473052528448203,1,0,43.666666666666664,0.375,0,0,3,3
2108,labeled,44,admin.,married,secondary,0,0,1,1,unknown,16,159,1,-1,0,unknown,0,5,spring,0.49999999999999994,-0.8660254037844387,-0.10116832198743204,-0.9948693233918952,0,0,159.0,0.2,1,0,2,1
2110,labeled,43,blue-collar,married,secondary,0,1334,1,0,unknown,6,371,2,-1,0,unknown,0,5,spring,0.49999999999999994,-0.8660254037844387,0.9377521321470804,0.3473052528448203,1,0,185.5,0.4,0,0,2,3
2111,labeled,30,blue-collar,married,primary,0,1324,1,0,unknown,21,395,2,-1,0,unknown,0,5,spring,0.49999999999999994,-0.8660254037844387,-0.8978045395707417,-0.44039415155763423,0,1,197.5,0.4,0,0,1,3
2112,labeled,47,technician,married,unknown,0,2106,1,0,unknown,6,168,1,-1,0,unknown,0,5,spring,0.49999999999999994,-0.8660254037844387,0.9377521321470804,0.3473052528448203,1,0,168.0,0.2,0,0,3,3
2113,labeled,46,technician,married,tertiary,0,341,1,1,cellular,5,84,1,-1,0,unknown,0,5,spring,0.49999999999999994,-0.8660254037844387,0.8486442574947509,0.5289640103269624,1,0,84.0,0.2,1,0,3,2
2115,labeled,31,management,married,tertiary,0,625,1,0,cellular,13,96,2,349,5,failure,0,5,spring,0.49999999999999994,-0.8660254037844387,0.48530196253108104,-0.8743466161445821,0,0,48.0,0.4,0,0,1,2
2116,labeled,71,retired,divorced,tertiary,0,253,0,0,cellular,12,1117,2,-1,0,unknown,0,8,summer,-0.8660254037844385,-0.5000000000000004,0.6513724827222223,-0.758758122692791,0,0,558.5,0.25,0,0,5,2
2118,labeled,50,unemployed,divorced,secondary,0,23,0,0,cellular,4,282,2,-1,0,unknown,0,8,summer,-0.8660254037844385,-0.5000000000000004,0.72479278722912,0.6889669190756866,1,0,141.0,0.25,0,0,3,2
2120,labeled,46,blue-collar,married,primary,0,252,1,0,unknown,27,217,1,-1,0,unknown,0,5,spring,0.49999999999999994,-0.8660254037844387,-0.72479278722912,0.6889669190756865,0,1,217.0,0.2,0,0,3,2
2121,labeled,32,services,married,secondary,0,64,1,0,unknown,15,546,9,-1,0,unknown,0,5,spring,0.49999999999999994,-0.8660254037844387,0.10116832198743272,-0.994869323391895,0,0,60.666666666666664,1.8,0,0,1,2
2122,labeled,31,admin.,single,secondary,0,1583,1,0,unknown,3,14,1,-1,0,unknown,0,6,summer,1.2246467991473532e-16,-1.0,0.5712682150947923,0.8207634412072763,1,0,14.0,0.16666666666666666,0,0,1,3
2124,labeled,29,services,married,secondary,0,2,1,0,cellular,10,183,1,-1,0,unknown,0,7,summer,-0.4999999999999997,-0.8660254037844388,0.8978045395707416,-0.4403941515576344,1,0,183.0,0.14285714285714285,0,0,1,2
2125,labeled,58,retired,divorced,unknown,0,5914,1,0,cellular,23,255,1,-1,0,unknown,0,7,summer,-0.4999999999999997,-0.8660254037844388,-0.9987165071710528,-0.05064916883871355,0,1,255.0,0.14285714285714285,0,0,4,4
2126,labeled,27,blue-collar,single,secondary,0,156,0,0,cellular,22,203,1,-1,0,unknown,0,7,summer,-0.4999999999999997,-0.8660254037844388,-0.9680771188662041,-0.2506525322587213,0,1,203.0,0.14285714285714285,0,0,1,2
2127,labeled,29,blue-collar,single,secondary,0,16,1,0,cellular,11,262,3,-1,0,unknown,0,5,spring,0.49999999999999994,-0.8660254037844387,0.7907757369376989,-0.6121059825476626,0,0,87.33333333333333,0.6,0,0,1,2
2128,labeled,26,blue-collar,single,primary,0,-881,1,0,cellular,18,827,2,-1,0,unknown,1,5,spring,0.49999999999999994,-0.8660254037844387,-0.4853019625310808,-0.8743466161445822,0,0,413.5,0.4,1,0,1,1
2129,labeled,42,blue-collar,married,primary,0,-11,1,0,unknown,9,291,4,-1,0,unknown,0,5,spring,0.49999999999999994,-0.8660254037844387,0.9680771188662043,-0.2506525322587204,1,0,72.75,0.8,1,0,2,1
2131,labeled,35,blue-collar,married,secondary,0,243,1,0,cellular,20,41,3,-1,0,unknown,0,4,spring,0.8660254037844387,-0.4999999999999998,-0.7907757369376986,-0.6121059825476627,0,1,13.666666666666666,0.75,0,0,2,2
2132,labeled,38,services,married,secondary,0,-311,1,0,unknown,28,66,2,-1,0,unknown,0,5,spring,0.49999999999999994,-0.8660254037844387,-0.5712682150947924,0.8207634412072763,0,1,33.0,0.4,1,0,2,1
2133,labeled,36,technician,divorced,secondary,0,-426,1,0,unknown,2,85,8,-1,0,unknown,0,6,summer,1.2246467991473532e-16,-1.0,0.39435585511331855,0.9189578116202306,1,0,10.625,1.3333333333333333,1,0,2,1
2134,labeled,36,blue-collar,single,primary,0,1304,1,0,unknown,20,8,10,-1,0,unknown,0,6,summer,1.2246467991473532e-16,-1.0,-0.7907757369376986,-0.6121059825476627,0,1,0.8,1.6666666666666667,0,0,2,3
2135,labeled,52,unknown,married,secondary,0,140,0,0,cellular,25,112,6,-1,0,unknown,0,8,summer,-0.8660254037844385,-0.5000000000000004,-0.9377521321470804,0.3473052528448203,0,1,18.666666666666668,0.75,0,0,3,2
2136,labeled,31,admin.,single,secondary,0,144,1,0,unknown,4,43,11,-1,0,unknown,0,7,summer,-0.4999999999999997,-0.8660254037844388,0.72479278722912,0.6889669190756866,1,0,3.909090909090909,1.5714285714285714,0,0,1,2
2138,labeled,38,technician,single,tertiary,0,0,1,0,cellular,1,71,1,-1,0,unknown,0,6,summer,1.2246467991473532e-16,-1.0,0.20129852008866006,0.9795299412524945,1,0,71.0,0.16666666666666666,0,0,2,1
2139,labeled,35,management,married,tertiary,0,1091,0,1,cellular,29,127,2,-1,0,unknown,0,1,winter,0.49999999999999994,0.8660254037844387,-0.3943558551133187,0.9189578116202306,0,1,63.5,2.0,1,0,2,3
2141,labeled,49,management,divorced,tertiary,0,1410,0,0,unknown,8,29,1,-1,0,unknown,0,6,summer,1.2246467991473532e-16,-1.0,0.9987165071710528,-0.05064916883871264,1,0,29.0,0.16666666666666666,0,0,3,3
2142,labeled,49,management,married,tertiary,0,82,0,0,cellular,29,165,1,-1,0,unknown,0,1,winter,0.49999999999999994,0.8660254037844387,-0.3943558551133187,0.9189578116202306,0,1,165.0,1.0,0,0,3,2
2143,labeled,48,management,divorced,tertiary,0,109,1,0,unknown,27,89,2,-1,0,unknown,0,5,spring,0.49999999999999994,-0.8660254037844387,-0.72479278722912,0.6889669190756865,0,1,44.5,0.4,0,0,3,2
2144,labeled,28,management,married,tertiary,0,3685,0,1,cellular,8,70,2,-1,0,unknown,0,7,summer,-0.4999999999999997,-0.8660254037844388,0.9987165071710528,-0.05064916883871264,1,0,35.0,0.2857142857142857,1,0,1,3
2145,labeled,41,admin.,married,secondary,0,21513,1,0,unknown,5,87,1,-1,0,unknown,0,6,summer,1.2246467991473532e-16,-1.0,0.8486442574947509,0.5289640103269624,1,0,87.0,0.16666666666666666,0,0,2,5
2146,labeled,44,blue-collar,divorced,secondary,0,222,0,0,cellular,30,149,13,-1,0,unknown,0,7,summer,-0.4999999999999997,-0.8660254037844388,-0.20129852008866114,0.9795299412524943,0,1,11.461538461538462,1.8571428571428572,0,0,2,2
2147,labeled,33,blue-collar,married,secondary,0,91,1,0,unknown,19,364,1,-1,0,unknown,0,5,spring,0.49999999999999994,-0.8660254037844387,-0.651372482722222,-0.7587581226927911,0,0,364.0,0.2,0,0,1,2
2149,labeled,35,technician,married,secondary,0,-264,1,0,cellular,29,381,1,247,2,failure,0,1,winter,0.49999999999999994,0.8660254037844387,-0.3943558551133187,0.9189578116202306,0,1,381.0,1.0,1,0,2,1
2150,labeled,42,management,married,tertiary,0,9003,0,0,cellular,20,135,2,-1,0,unknown,0,11,autumn,-0.5000000000000004,0.8660254037844384,-0.7907757369376986,-0.6121059825476627,0,1,67.5,0.18181818181818182,0,0,2,4
2151,labeled,51,admin.,single,tertiary,0,25,1,0,cellular,30,158,1,-1,0,unknown,0,1,winter,0.49999999999999994,0.8660254037844387,-0.20129852008866114,0.9795299412524943,0,1,158.0,1.0,0,0,3,2
2152,labeled,43,blue-collar,married,secondary,0,135,0,0,cellular,5,156,1,337,3,failure,0,5,spring,0.49999999999999994,-0.8660254037844387,0.8486442574947509,0.5289640103269624,1,0,156.0,0.2,0,0,2,2
2153,labeled,58,admin.,married,secondary,0,4,1,1,telephone,25,282,9,-1,0,unknown,0,7,summer,-0.4999999999999997,-0.8660254037844388,-0.9377521321470804,0.3473052528448203,0,1,31.333333333333332,1.2857142857142858,1,0,4,2
2155,labeled,27,admin.,married,secondary,0,126,0,0,cellular,13,123,2,-1,0,unknown,0,10,autumn,-0.8660254037844386,0.5000000000000001,0.48530196253108104,-0.8743466161445821,0,0,61.5,0.2,0,0,1,2
2156,labeled,40,technician,married,secondary,0,4445,1,0,cellular,20,153,2,183,2,failure,0,11,autumn,-0.5000000000000004,0.8660254037844384,-0.7907757369376986,-0.6121059825476627,0,1,76.5,0.18181818181818182,0,0,2,3
2158,labeled,27,admin.,married,secondary,0,717,1,1,cellular,6,653,1,334,2,success,1,5,spring,0.49999999999999994,-0.8660254037844387,0.9377521321470804,0.3473052528448203,1,0,653.0,0.2,1,0,1,2
2159,labeled,31,management,single,tertiary,0,12559,0,0,cellular,9,344,1,295,1,failure,1,9,autumn,-1.0,-1.8369701987210297e-16,0.9680771188662043,-0.2506525322587204,1,0,344.0,0.1111111111111111,0,0,1,5
2160,labeled,36,management,single,tertiary,0,679,0,1,unknown,4,85,3,-1,0,unknown,0,7,summer,-0.4999999999999997,-0.8660254037844388,0.72479278722912,0.6889669190756866,1,0,28.333333333333332,0.42857142857142855,1,0,2,2
2162,labeled,32,management,single,tertiary,0,470,1,0,cellular,11,72,2,361,1,other,0,5,spring,0.49999999999999994,-0.8660254037844387,0.7907757369376989,-0.6121059825476626,0,0,36.0,0.4,0,0,1,2
2164,labeled,32,blue-collar,married,secondary,0,103,1,0,unknown,19,191,4,-1,0,unknown,0,5,spring,0.49999999999999994,-0.8660254037844387,-0.651372482722222,-0.7587581226927911,0,0,47.75,0.8,0,0,1,2
2165,labeled,34,self-employed,single,tertiary,0,881,1,0,cellular,17,145,2,-1,0,unknown,0,11,autumn,-0.5000000000000004,0.8660254037844384,-0.2993631229733582,-0.9541392564000488,0,0,72.5,0.18181818181818182,0,0,1,2
2166,labeled,49,technician,married,secondary,1,-66,1,0,cellular,19,114,1,-1,0,unknown,0,11,autumn,-0.5000000000000004,0.8660254037844384,-0.651372482722222,-0.7587581226927911,0,0,114.0,0.09090909090909091,2,0,3,1
2167,labeled,49,retired,married,primary,0,-45,0,0,unknown,4,191,2,-1,0,unknown,0,7,summer,-0.4999999999999997,-0.8660254037844388,0.72479278722912,0.6889669190756866,1,0,95.5,0.2857142857142857,1,0,3,1
2168,labeled,34,technician,single,secondary,0,0,0,0,cellular,21,163,2,-1,0,unknown,0,8,summer,-0.8660254037844385,-0.5000000000000004,-0.8978045395707417,-0.44039415155763423,0,1,81.5,0.25,0,0,1,1
2169,labeled,26,technician,single,secondary,0,251,1,0,unknown,27,371,2,-1,0,unknown,0,5,spring,0.49999999999999994,-0.8660254037844387,-0.72479278722912,0.6889669190756865,0,1,185.5,0.4,0,0,1,2
2171,labeled,46,management,married,secondary,0,12176,0,0,unknown,20,29,3,-1,0,unknown,0,6,summer,1.2246467991473532e-16,-1.0,-0.7907757369376986,-0.6121059825476627,0,1,9.666666666666666,0.5,0,0,3,5
2172,labeled,41,management,married,tertiary,0,42,0,0,cellular,25,140,8,-1,0,unknown,0,8,summer,-0.8660254037844385,-0.5000000000000004,-0.9377521321470804,0.3473052528448203,0,1,17.5,1.0,0,0,2,2
2173,labeled,44,blue-collar,married,secondary,0,876,1,0,cellular,2,130,1,-1,0,unknown,0,6,summer,1.2246467991473532e-16,-1.0,0.39435585511331855,0.9189578116202306,1,0,130.0,0.16666666666666666,0,0,2,2
2175,labeled,58,blue-collar,married,primary,0,63,0,0,unknown,17,116,1,-1,0,unknown,0,6,summer,1.2246467991473532e-16,-1.0,-0.2993631229733582,-0.9541392564000488,0,0,116.0,0.16666666666666666,0,0,4,2
2177,labeled,31,technician,single,unknown,0,187,0,0,cellular,17,86,1,-1,0,unknown,0,7,summer,-0.4999999999999997,-0.8660254037844388,-0.2993631229733582,-0.9541392564000488,0,0,86.0,0.14285714285714285,0,0,1,2
2178,labeled,37,blue-collar,married,primary,0,0,1,0,unknown,26,24,1,-1,0,unknown,0,5,spring,0.49999999999999994,-0.8660254037844387,-0.8486442574947509,0.5289640103269624,0,1,24.0,0.2,0,0,2,1
2179,labeled,29,admin.,married,secondary,0,22170,1,0,cellular,18,44,1,355,3,failure,0,5,spring,0.49999999999999994,-0.8660254037844387,-0.4853019625310808,-0.8743466161445822,0,0,44.0,0.2,0,0,1,5
2182,labeled,50,entrepreneur,married,secondary,0,796,1,1,cellular,7,141,8,297,2,other,0,5,spring,0.49999999999999994,-0.8660254037844387,0.9884683243281114,0.1514277775045767,1,0,17.625,1.6,1,0,3,2
2183,labeled,34,management,married,tertiary,0,290,1,0,cellular,26,63,4,-1,0,unknown,0,8,summer,-0.8660254037844385,-0.5000000000000004,-0.8486442574947509,0.5289640103269624,0,1,15.75,0.5,0,0,1,2
2186,labeled,42,retired,single,tertiary,0,311,0,0,cellular,30,114,2,-1,0,unknown,0,1,winter,0.49999999999999994,0.8660254037844387,-0.20129852008866114,0.9795299412524943,0,1,57.0,2.0,0,0,2,2
2187,labeled,46,self-employed,married,secondary,0,394,1,0,cellular,31,208,2,-1,0,unknown,0,7,summer,-0.4999999999999997,-0.8660254037844388,-2.4492935982947064e-16,1.0,0,1,104.0,0.2857142857142857,0,0,3,2
2188,labeled,38,management,married,tertiary,0,12879,0,0,unknown,17,118,3,-1,0,unknown,0,6,summer,1.2246467991473532e-16,-1.0,-0.2993631229733582,-0.9541392564000488,0,0,39.333333333333336,0.5,0,0,2,5
2189,labeled,32,blue-collar,married,secondary,0,512,1,0,unknown,5,528,1,-1,0,unknown,0,5,spring,0.49999999999999994,-0.8660254037844387,0.8486442574947509,0.5289640103269624,1,0,528.0,0.2,0,0,1,2
2190,labeled,36,blue-collar,married,secondary,0,198,1,0,unknown,9,400,2,-1,0,unknown,0,5,spring,0.49999999999999994,-0.8660254037844387,0.9680771188662043,-0.2506525322587204,1,0,200.0,0.4,0,0,2,2
2191,labeled,51,blue-collar,married,primary,0,370,1,0,telephone,3,143,4,272,1,failure,0,2,winter,0.8660254037844386,0.5000000000000001,0.5712682150947923,0.8207634412072763,1,0,35.75,2.0,0,0,3,2
2192,labeled,29,self-employed,married,tertiary,0,750,1,0,unknown,23,121,2,-1,0,unknown,0,5,spring,0.49999999999999994,-0.8660254037844387,-0.9987165071710528,-0.05064916883871355,0,1,60.5,0.4,0,0,1,2
2193,labeled,41,self-employed,married,primary,0,332,0,0,unknown,6,37,3,-1,0,unknown,0,6,summer,1.2246467991473532e-16,-1.0,0.9377521321470804,0.3473052528448203,1,0,12.333333333333334,0.5,0,0,2,2
2195,labeled,31,blue-collar,married,unknown,0,-123,1,0,cellular,3,100,3,201,2,failure,0,2,winter,0.8660254037844386,0.5000000000000001,0.5712682150947923,0.8207634412072763,1,0,33.333333333333336,1.5,1,0,1,1
2196,labeled,31,management,single,secondary,0,44,0,0,cellular,27,105,2,-1,0,unknown,0,8,summer,-0.8660254037844385,-0.5000000000000004,-0.72479278722912,0.6889669190756865,0,1,52.5,0.25,0,0,1,2
2197,labeled,48,blue-collar,married,primary,0,189,0,0,telephone,18,29,2,-1,0,unknown,0,8,summer,-0.8660254037844385,-0.5000000000000004,-0.4853019625310808,-0.8743466161445822,0,0,14.5,0.25,0,0,3,2
2198,labeled,57,services,married,secondary,0,155,1,0,unknown,5,174,1,-1,0,unknown,0,5,spring,0.49999999999999994,-0.8660254037844387,0.8486442574947509,0.5289640103269624,1,0,174.0,0.2,0,0,4,2
2199,labeled,35,admin.,single,secondary,0,0,1,0,cellular,13,1073,1,-1,0,unknown,1,5,spring,0.49999999999999994,-0.8660254037844387,0.48530196253108104,-0.8743466161445821,0,0,1073.0,0.2,0,0,2,1
2200,labeled,29,services,divorced,secondary,0,77,1,0,cellular,13,1101,2,-1,0,unknown,1,4,spring,0.8660254037844387,-0.4999999999999998,0.48530196253108104,-0.8743466161445821,0,0,550.5,0.5,0,0,1,2
2201,labeled,30,technician,single,tertiary,0,2328,0,0,cellular,5,270,3,241,4,other,0,4,spring,0.8660254037844387,-0.4999999999999998,0.8486442574947509,0.5289640103269624,1,0,90.0,0.75,0,0,1,3
2202,labeled,46,technician,married,secondary,0,970,1,1,cellular,19,40,2,-1,0,unknown,0,8,summer,-0.8660254037844385,-0.5000000000000004,-0.651372482722222,-0.7587581226927911,0,0,20.0,0.25,1,0,3,2
2204,labeled,36,blue-collar,married,primary,0,1924,1,0,cellular,20,904,2,-1,0,unknown,1,4,spring,0.8660254037844387,-0.4999999999999998,-0.7907757369376986,-0.6121059825476627,0,1,452.0,0.5,0,0,2,3
2205,labeled,34,entrepreneur,divorced,tertiary,0,260,0,0,cellular,20,371,1,-1,0,unknown,0,11,autumn,-0.5000000000000004,0.8660254037844384,-0.7907757369376986,-0.6121059825476627,0,1,371.0,0.09090909090909091,0,0,1,2
2206,labeled,36,blue-collar,married,secondary,0,1402,0,0,unknown,17,235,2,-1,0,unknown,0,6,summer,1.2246467991473532e-16,-1.0,-0.2993631229733582,-0.9541392564000488,0,0,117.5,0.3333333333333333,0,0,2,3
2209,labeled,26,admin.,married,secondary,0,2469,0,0,cellular,16,136,8,-1,0,unknown,0,7,summer,-0.4999999999999997,-0.8660254037844388,-0.10116832198743204,-0.9948693233918952,0,0,17.0,1.1428571428571428,0,0,1,3
2210,labeled,49,management,married,tertiary,0,101,1,0,unknown,6,221,2,-1,0,unknown,0,5,spring,0.49999999999999994,-0.8660254037844387,0.9377521321470804,0.3473052528448203,1,0,110.5,0.4,0,0,3,2
2211,labeled,44,management,divorced,tertiary,0,-717,1,0,cellular,10,183,1,-1,0,unknown,0,7,summer,-0.4999999999999997,-0.8660254037844388,0.8978045395707416,-0.4403941515576344,1,0,183.0,0.14285714285714285,1,0,2,1
2212,labeled,33,technician,married,secondary,0,178,1,1,telephone,28,265,2,-1,0,unknown,0,7,summer,-0.4999999999999997,-0.8660254037844388,-0.5712682150947924,0.8207634412072763,0,1,132.5,0.2857142857142857,1,0,1,2
2213,labeled,55,management,divorced,tertiary,0,481,1,0,telephone,8,147,2,298,3,failure,0,5,spring,0.49999999999999994,-0.8660254037844387,0.9987165071710528,-0.05064916883871264,1,0,73.5,0.4,0,0,4,2
2214,labeled,34,admin.,married,tertiary,0,908,1,0,telephone,19,377,3,7,4,success,0,11,autumn,-0.5000000000000004,0.8660254037844384,-0.651372482722222,-0.7587581226927911,0,0,125.66666666666667,0.2727272727272727,0,0,1,2
2215,labeled,32,management,single,tertiary,0,2540,1,0,cellular,26,958,6,-1,0,unknown,1,8,summer,-0.8660254037844385,-0.5000000000000004,-0.8486442574947509,0.5289640103269624,0,1,159.66666666666666,0.75,0,0,1,3
2216,labeled,41,student,married,secondary,0,1299,0,0,unknown,20,28,4,-1,0,unknown,0,6,summer,1.2246467991473532e-16,-1.0,-0.7907757369376986,-0.6121059825476627,0,1,7.0,0.6666666666666666,0,0,2,3
2217,labeled,38,entrepreneur,married,tertiary,0,1514,0,1,cellular,21,160,3,120,3,failure,0,11,autumn,-0.5000000000000004,0.8660254037844384,-0.8978045395707417,-0.44039415155763423,0,1,53.333333333333336,0.2727272727272727,1,0,2,3
2218,labeled,28,management,single,tertiary,0,886,0,1,cellular,29,94,1,205,2,failure,0,1,winter,0.49999999999999994,0.8660254037844387,-0.3943558551133187,0.9189578116202306,0,1,94.0,1.0,1,0,1,2
2219,labeled,35,admin.,single,secondary,0,2826,0,0,unknown,20,22,12,-1,0,unknown,0,6,summer,1.2246467991473532e-16,-1.0,-0.7907757369376986,-0.6121059825476627,0,1,1.8333333333333333,2.0,0,0,2,3
2221,labeled,53,blue-collar,married,secondary,0,426,0,1,cellular,14,360,4,-1,0,unknown,0,8,summer,-0.8660254037844385,-0.5000000000000004,0.29936312297335804,-0.9541392564000488,0,0,90.0,0.5,1,0,3,2
2222,labeled,36,management,single,tertiary,0,2812,1,0,unknown,30,358,4,-1,0,unknown,0,5,spring,0.49999999999999994,-0.8660254037844387,-0.20129852008866114,0.9795299412524943,0,1,89.5,0.8,0,0,2,3
2223,labeled,31,blue-collar,married,primary,0,107,1,0,cellular,17,193,2,322,1,other,0,4,spring,0.8660254037844387,-0.4999999999999998,-0.2993631229733582,-0.9541392564000488,0,0,96.5,0.5,0,0,1,2
2224,labeled,29,admin.,single,secondary,0,1118,1,0,unknown,8,77,2,-1,0,unknown,0,5,spring,0.49999999999999994,-0.8660254037844387,0.9987165071710528,-0.05064916883871264,1,0,38.5,0.4,0,0,1,3
2225,labeled,49,blue-collar,married,secondary,0,164,0,0,cellular,4,19,3,175,2,other,0,2,winter,0.8660254037844386,0.5000000000000001,0.72479278722912,0.6889669190756866,1,0,6.333333333333333,1.5,0,0,3,2
2226,labeled,48,technician,married,unknown,0,5540,0,0,unknown,16,143,5,-1,0,unknown,0,6,summer,1.2246467991473532e-16,-1.0,-0.10116832198743204,-0.9948693233918952,0,0,28.6,0.8333333333333334,0,0,3,4
2227,labeled,34,management,divorced,secondary,0,299,0,0,cellular,7,91,2,-1,0,unknown,0,8,summer,-0.8660254037844385,-0.5000000000000004,0.9884683243281114,0.1514277775045767,1,0,45.5,0.25,0,0,1,2
2228,labeled,51,management,divorced,tertiary,0,0,0,0,cellular,13,60,2,-1,0,unknown,0,8,summer,-0.8660254037844385,-0.5000000000000004,0.48530196253108104,-0.8743466161445821,0,0,30.0,0.25,0,0,3,1
2230,labeled,40,technician,married,secondary,0,108,0,0,unknown,20,402,22,-1,0,unknown,0,6,summer,1.2246467991473532e-16,-1.0,-0.7907757369376986,-0.6121059825476627,0,1,18.272727272727273,3.6666666666666665,0,0,2,2
2231,labeled,51,management,married,unknown,0,707,0,0,cellular,13,287,2,-1,0,unknown,0,8,summer,-0.8660254037844385,-0.5000000000000004,0.48530196253108104,-0.8743466161445821,0,0,143.5,0.25,0,0,3,2
2232,labeled,59,self-employed,married,tertiary,0,3807,0,1,cellular,9,70,1,-1,0,unknown,0,7,summer,-0.4999999999999997,-0.8660254037844388,0.9680771188662043,-0.2506525322587204,1,0,70.0,0.14285714285714285,1,0,4,3
2233,labeled,31,technician,married,secondary,0,584,1,1,unknown,21,151,1,-1,0,unknown,0,5,spring,0.49999999999999994,-0.8660254037844387,-0.8978045395707417,-0.44039415155763423,0,1,151.0,0.2,1,0,1,2
2234,labeled,53,technician,married,secondary,0,106,0,0,cellular,13,205,4,-1,0,unknown,0,8,summer,-0.8660254037844385,-0.5000000000000004,0.48530196253108104,-0.8743466161445821,0,0,51.25,0.5,0,0,3,2
2235,labeled,32,admin.,single,secondary,0,748,1,0,cellular,20,91,3,-1,0,unknown,0,11,autumn,-0.5000000000000004,0.8660254037844384,-0.7907757369376986,-0.6121059825476627,0,1,30.333333333333332,0.2727272727272727,0,0,1,2
2236,labeled,49,services,divorced,secondary,0,3250,0,0,unknown,16,32,3,-1,0,unknown,0,6,summer,1.2246467991473532e-16,-1.0,-0.10116832198743204,-0.9948693233918952,0,0,10.666666666666666,0.5,0,0,3,3
2237,labeled,33,technician,married,secondary,0,571,0,1,cellular,4,254,2,-1,0,unknown,0,2,winter,0.8660254037844386,0.5000000000000001,0.72479278722912,0.6889669190756866,1,0,127.0,1.0,1,0,1,2
2238,labeled,39,services,married,secondary,0,5733,1,0,unknown,20,175,2,-1,0,unknown,0,5,spring,0.49999999999999994,-0.8660254037844387,-0.7907757369376986,-0.6121059825476627,0,1,87.5,0.4,0,0,2,4
2239,labeled,36,services,married,secondary,0,1746,1,0,unknown,26,99,1,-1,0,unknown,0,5,spring,0.49999999999999994,-0.8660254037844387,-0.8486442574947509,0.5289640103269624,0,1,99.0,0.2,0,0,2,3
2240,labeled,40,services,married,secondary,0,110,1,0,unknown,4,126,1,-1,0,unknown,0,6,summer,1.2246467991473532e-16,-1.0,0.72479278722912,0.6889669190756866,1,0,126.0,0.16666666666666666,0,0,2,2
2241,labeled,46,admin.,married,secondary,0,0,1,1,cellular,20,239,2,259,2,failure,0,4,spring,0.8660254037844387,-0.4999999999999998,-0.7907757369376986,-0.6121059825476627,0,1,119.5,0.5,1,0,3,1
2242,labeled,37,technician,single,secondary,0,437,1,0,unknown,26,210,1,-1,0,unknown,0,5,spring,0.49999999999999994,-0.8660254037844387,-0.8486442574947509,0.5289640103269624,0,1,210.0,0.2,0,0,2,2
2244,labeled,43,self-employed,married,tertiary,0,70,0,0,unknown,6,230,2,-1,0,unknown,0,6,summer,1.2246467991473532e-16,-1.0,0.9377521321470804,0.3473052528448203,1,0,115.0,0.3333333333333333,0,0,2,2
2245,labeled,36,technician,married,tertiary,0,630,1,1,cellular,29,109,1,246,1,failure,0,12,winter,-2.4492935982947064e-16,1.0,-0.3943558551133187,0.9189578116202306,0,1,109.0,0.08333333333333333,1,0,2,2
2246,labeled,50,technician,married,secondary,0,2498,1,0,cellular,21,35,1,176,1,failure,0,11,autumn,-0.5000000000000004,0.8660254037844384,-0.8978045395707417,-0.44039415155763423,0,1,35.0,0.09090909090909091,0,0,3,3
2247,labeled,49,services,married,secondary,0,827,0,0,cellular,8,780,4,-1,0,unknown,1,8,summer,-0.8660254037844385,-0.5000000000000004,0.9987165071710528,-0.05064916883871264,1,0,195.0,0.5,0,0,3,2
2251,labeled,35,blue-collar,married,secondary,0,1281,1,0,cellular,14,330,2,-1,0,unknown,0,7,summer,-0.4999999999999997,-0.8660254037844388,0.29936312297335804,-0.9541392564000488,0,0,165.0,0.2857142857142857,0,0,2,3
2252,labeled,44,technician,married,secondary,0,319,1,0,cellular,6,200,1,253,1,failure,0,2,winter,0.8660254037844386,0.5000000000000001,0.9377521321470804,0.3473052528448203,1,0,200.0,0.5,0,0,2,2
2253,labeled,44,technician,divorced,secondary,0,0,0,0,cellular,12,56,2,-1,0,unknown,0,8,summer,-0.8660254037844385,-0.5000000000000004,0.6513724827222223,-0.758758122692791,0,0,28.0,0.25,0,0,2,1
2254,labeled,50,self-employed,married,secondary,0,2066,1,1,cellular,29,197,2,244,3,failure,0,1,winter,0.49999999999999994,0.8660254037844387,-0.3943558551133187,0.9189578116202306,0,1,98.5,2.0,1,0,3,3
2255,labeled,40,admin.,married,secondary,0,0,1,1,cellular,17,57,1,-1,0,unknown,0,11,autumn,-0.5000000000000004,0.8660254037844384,-0.2993631229733582,-0.9541392564000488,0,0,57.0,0.09090909090909091,1,0,2,1
2256,labeled,57,management,married,primary,0,1053,1,0,unknown,13,227,4,-1,0,unknown,0,5,spring,0.49999999999999994,-0.8660254037844387,0.48530196253108104,-0.8743466161445821,0,0,56.75,0.8,0,0,4,3
2257,labeled,37,technician,single,secondary,0,2434,0,0,cellular,16,91,3,-1,0,unknown,1,2,winter,0.8660254037844386,0.5000000000000001,-0.10116832198743204,-0.9948693233918952,0,0,30.333333333333332,1.5,0,0,2,3
2258,labeled,34,management,married,secondary,0,15,0,0,cellular,25,184,7,-1,0,unknown,0,8,summer,-0.8660254037844385,-0.5000000000000004,-0.9377521321470804,0.3473052528448203,0,1,26.285714285714285,0.875,0,0,1,2
2260,labeled,31,technician,divorced,secondary,0,10788,1,0,unknown,4,135,2,-1,0,unknown,0,6,summer,1.2246467991473532e-16,-1.0,0.72479278722912,0.6889669190756866,1,0,67.5,0.3333333333333333,0,0,1,5
2261,labeled,57,management,married,tertiary,0,1350,1,0,unknown,8,339,2,-1,0,unknown,0,5,spring,0.49999999999999994,-0.8660254037844387,0.9987165071710528,-0.05064916883871264,1,0,169.5,0.4,0,0,4,3
2263,labeled,40,blue-collar,married,secondary,0,444,1,0,unknown,5,327,2,-1,0,unknown,0,6,summer,1.2246467991473532e-16,-1.0,0.8486442574947509,0.5289640103269624,1,0,163.5,0.3333333333333333,0,0,2,2
2264,labeled,32,management,married,tertiary,0,4753,1,0,cellular,5,159,2,350,2,failure,0,5,spring,0.49999999999999994,-0.8660254037844387,0.8486442574947509,0.5289640103269624,1,0,79.5,0.4,0,0,1,3
2266,labeled,41,blue-collar,married,primary,0,299,1,1,cellular,7,102,1,-1,0,unknown,0,5,spring,0.49999999999999994,-0.8660254037844387,0.9884683243281114,0.1514277775045767,1,0,102.0,0.2,1,0,2,2
2267,labeled,39,admin.,divorced,secondary,0,1021,1,0,unknown,20,20,3,-1,0,unknown,0,6,summer,1.2246467991473532e-16,-1.0,-0.7907757369376986,-0.6121059825476627,0,1,6.666666666666667,0.5,0,0,2,3
2269,labeled,35,admin.,married,secondary,1,0,0,1,unknown,4,105,3,-1,0,unknown,0,7,summer,-0.4999999999999997,-0.8660254037844388,0.72479278722912,0.6889669190756866,1,0,35.0,0.42857142857142855,2,0,2,1
2270,labeled,43,technician,single,tertiary,0,1018,1,0,unknown,19,257,2,-1,0,unknown,0,5,spring,0.49999999999999994,-0.8660254037844387,-0.651372482722222,-0.7587581226927911,0,0,128.5,0.4,0,0,2,3
2271,labeled,40,management,married,tertiary,0,41,0,0,cellular,19,164,2,-1,0,unknown,0,8,summer,-0.8660254037844385,-0.5000000000000004,-0.651372482722222,-0.7587581226927911,0,0,82.0,0.25,0,0,2,2
2272,labeled,53,management,divorced,primary,0,256,0,0,cellular,19,126,1,-1,0,unknown,0,11,autumn,-0.5000000000000004,0.8660254037844384,-0.651372482722222,-0.7587581226927911,0,0,126.0,0.09090909090909091,0,0,3,2
2273,labeled,55,retired,married,primary,0,-969,0,1,cellular,14,104,1,-1,0,unknown,0,5,spring,0.49999999999999994,-0.8660254037844387,0.29936312297335804,-0.9541392564000488,0,0,104.0,0.2,2,0,4,1
2274,labeled,36,management,married,tertiary,0,258,0,0,unknown,6,161,3,-1,0,unknown,0,6,summer,1.2246467991473532e-16,-1.0,0.9377521321470804,0.3473052528448203,1,0,53.666666666666664,0.5,0,0,2,2
2275,labeled,53,entrepreneur,married,primary,0,1041,1,0,cellular,19,854,2,170,3,other,0,11,autumn,-0.5000000000000004,0.8660254037844384,-0.651372482722222,-0.7587581226927911,0,0,427.0,0.18181818181818182,0,0,3,3
2276,labeled,37,blue-collar,married,secondary,0,424,1,1,unknown,9,371,3,-1,0,unknown,0,6,summer,1.2246467991473532e-16,-1.0,0.9680771188662043,-0.2506525322587204,1,0,123.66666666666667,0.5,1,0,2,2
2277,labeled,49,technician,married,unknown,0,316,1,0,cellular,18,41,2,-1,0,unknown,0,11,autumn,-0.5000000000000004,0.8660254037844384,-0.4853019625310808,-0.8743466161445822,0,0,20.5,0.18181818181818182,0,0,3,2
2278,labeled,40,services,divorced,unknown,0,4385,1,0,unknown,5,315,1,-1,0,unknown,0,5,spring,0.49999999999999994,-0.8660254037844387,0.8486442574947509,0.5289640103269624,1,0,315.0,0.2,0,0,2,3
2279,labeled,35,management,married,tertiary,0,319,1,0,unknown,23,162,3,-1,0,unknown,0,5,spring,0.49999999999999994,-0.8660254037844387,-0.9987165071710528,-0.05064916883871355,0,1,54.0,0.6,0,0,2,2
2280,labeled,31,management,married,tertiary,0,420,1,0,cellular,25,137,16,-1,0,unknown,0,7,summer,-0.4999999999999997,-0.8660254037844388,-0.9377521321470804,0.3473052528448203,0,1,8.5625,2.2857142857142856,0,0,1,2
2281,labeled,35,technician,single,secondary,0,125,0,0,cellular,22,112,2,-1,0,unknown,0,8,summer,-0.8660254037844385,-0.5000000000000004,-0.9680771188662041,-0.2506525322587213,0,1,56.0,0.25,0,0,2,2
2283,labeled,36,blue-collar,married,primary,0,967,1,1,unknown,23,293,1,-1,0,unknown,0,5,spring,0.49999999999999994,-0.8660254037844387,-0.9987165071710528,-0.05064916883871355,0,1,293.0,0.2,1,0,2,2
2284,labeled,32,self-employed,married,primary,0,281,1,0,cellular,6,175,1,-1,0,unknown,0,8,summer,-0.8660254037844385,-0.5000000000000004,0.9377521321470804,0.3473052528448203,1,0,175.0,0.125,0,0,1,2
2285,labeled,46,admin.,divorced,secondary,0,7378,0,0,cellular,18,466,1,-1,0,unknown,0,11,autumn,-0.5000000000000004,0.8660254037844384,-0.4853019625310808,-0.8743466161445822,0,0,466.0,0.09090909090909091,0,0,3,4
2286,labeled,33,admin.,married,tertiary,0,638,0,0,cellular,24,318,1,-1,0,unknown,0,7,summer,-0.4999999999999997,-0.8660254037844388,-0.9884683243281114,0.15142777750457667,0,1,318.0,0.14285714285714285,0,0,1,2
2287,labeled,23,management,single,tertiary,0,737,1,0,cellular,30,119,1,-1,0,unknown,0,4,spring,0.8660254037844387,-0.4999999999999998,-0.20129852008866114,0.9795299412524943,0,1,119.0,0.25,0,0,0,2
2289,labeled,35,technician,married,tertiary,0,0,1,1,cellular,23,112,1,62,6,other,0,9,autumn,-1.0,-1.8369701987210297e-16,-0.9987165071710528,-0.05064916883871355,0,1,112.0,0.1111111111111111,1,0,2,1
2290,labeled,25,blue-collar,single,secondary,0,-353,1,0,unknown,23,95,3,-1,0,unknown,0,6,summer,1.2246467991473532e-16,-1.0,-0.9987165071710528,-0.05064916883871355,0,1,31.666666666666668,0.5,1,0,1,1
2292,labeled,58,retired,married,unknown,0,939,0,0,cellular,5,155,1,-1,0,unknown,0,8,summer,-0.8660254037844385,-0.5000000000000004,0.8486442574947509,0.5289640103269624,1,0,155.0,0.125,0,0,4,2
2293,labeled,51,retired,divorced,secondary,0,349,1,0,unknown,30,78,2,-1,0,unknown,0,5,spring,0.49999999999999994,-0.8660254037844387,-0.20129852008866114,0.9795299412524943,0,1,39.0,0.4,0,0,3,2
2294,labeled,45,admin.,married,secondary,0,634,1,0,cellular,20,75,9,-1,0,unknown,0,8,summer,-0.8660254037844385,-0.5000000000000004,-0.7907757369376986,-0.6121059825476627,0,1,8.333333333333334,1.125,0,0,3,2
2295,labeled,51,admin.,married,secondary,0,2963,0,0,unknown,17,83,2,-1,0,unknown,0,6,summer,1.2246467991473532e-16,-1.0,-0.2993631229733582,-0.9541392564000488,0,0,41.5,0.3333333333333333,0,0,3,3
2297,labeled,36,services,single,secondary,0,332,1,0,unknown,7,142,1,-1,0,unknown,0,5,spring,0.49999999999999994,-0.8660254037844387,0.9884683243281114,0.1514277775045767,1,0,142.0,0.2,0,0,2,2
2298,labeled,33,management,married,tertiary,0,2094,0,0,cellular,20,67,1,-1,0,unknown,0,11,autumn,-0.5000000000000004,0.8660254037844384,-0.7907757369376986,-0.6121059825476627,0,1,67.0,0.09090909090909091,0,0,1,3
2300,labeled,61,retired,married,secondary,0,2910,0,0,cellular,6,215,1,-1,0,unknown,1,10,autumn,-0.8660254037844386,0.5000000000000001,0.9377521321470804,0.3473052528448203,1,0,215.0,0.1,0,0,4,3
2301,labeled,53,technician,married,tertiary,0,6067,0,1,unknown,16,226,4,-1,0,unknown,0,6,summer,1.2246467991473532e-16,-1.0,-0.10116832198743204,-0.9948693233918952,0,0,56.5,0.6666666666666666,1,0,3,4
2302,labeled,50,blue-collar,married,secondary,0,896,0,0,unknown,16,287,1,-1,0,unknown,0,6,summer,1.2246467991473532e-16,-1.0,-0.10116832198743204,-0.9948693233918952,0,0,287.0,0.16666666666666666,0,0,3,2
2303,labeled,39,admin.,single,secondary,0,19,1,1,unknown,13,19,9,-1,0,unknown,0,5,spring,0.49999999999999994,-0.8660254037844387,0.48530196253108104,-0.8743466161445821,0,0,2.111111111111111,1.8,1,0,2,2
2304,labeled,43,unknown,single,unknown,0,184,0,0,telephone,28,41,1,-1,0,unknown,0,1,winter,0.49999999999999994,0.8660254037844387,-0.5712682150947924,0.8207634412072763,0,1,41.0,1.0,0,0,2,2
2305,labeled,40,management,married,tertiary,0,88,1,1,telephone,9,148,6,-1,0,unknown,0,2,winter,0.8660254037844386,0.5000000000000001,0.9680771188662043,-0.2506525322587204,1,0,24.666666666666668,3.0,1,0,2,2
2306,labeled,35,blue-collar,married,primary,0,3591,1,0,unknown,30,148,4,-1,0,unknown,0,5,spring,0.49999999999999994,-0.8660254037844387,-0.20129852008866114,0.9795299412524943,0,1,37.0,0.8,0,0,2,3
2307,labeled,48,blue-collar,married,secondary,0,1168,1,1,cellular,15,1181,9,-1,0,unknown,0,5,spring,0.49999999999999994,-0.8660254037844387,0.10116832198743272,-0.994869323391895,0,0,131.22222222222223,1.8,1,0,3,3
2308,labeled,38,admin.,married,tertiary,0,1979,0,0,cellular,5,176,2,-1,0,unknown,0,8,summer,-0.8660254037844385,-0.5000000000000004,0.8486442574947509,0.5289640103269624,1,0,88.0,0.25,0,0,2,3
2309,labeled,59,retired,married,secondary,0,5712,1,0,cellular,25,471,2,-1,0,unknown,0,7,summer,-0.4999999999999997,-0.8660254037844388,-0.9377521321470804,0.3473052528448203,0,1,235.5,0.2857142857142857,0,0,4,4
2310,labeled,43,blue-collar,married,secondary,0,-178,1,0,cellular,30,335,6,-1,0,unknown,0,7,summer,-0.4999999999999997,-0.8660254037844388,-0.20129852008866114,0.9795299412524943,0,1,55.833333333333336,0.8571428571428571,1,0,2,1
2311,labeled,39,admin.,single,secondary,0,1242,1,0,unknown,12,303,3,-1,0,unknown,0,5,spring,0.49999999999999994,-0.8660254037844387,0.6513724827222223,-0.758758122692791,0,0,101.0,0.6,0,0,2,3
2312,labeled,38,management,married,tertiary,0,-80,1,0,cellular,30,140,1,2,3,other,0,1,winter,0.49999999999999994,0.8660254037844387,-0.20129852008866114,0.9795299412524943,0,1,140.0,1.0,1,0,2,1
2313,labeled,32,technician,single,tertiary,0,350,0,0,cellular,19,164,2,-1,0,unknown,0,11,autumn,-0.5000000000000004,0.8660254037844384,-0.651372482722222,-0.7587581226927911,0,0,82.0,0.18181818181818182,0,0,1,2
2314,labeled,23,technician,single,tertiary,0,1124,1,0,unknown,28,806,1,-1,0,unknown,1,5,spring,0.49999999999999994,-0.8660254037844387,-0.5712682150947924,0.8207634412072763,0,1,806.0,0.2,0,0,0,3
2315,labeled,58,management,married,tertiary,0,165,0,0,cellular,19,145,7,-1,0,unknown,0,8,summer,-0.8660254037844385,-0.5000000000000004,-0.651372482722222,-0.7587581226927911,0,0,20.714285714285715,0.875,0,0,4,2
2316,labeled,52,blue-collar,married,secondary,0,2094,1,0,cellular,31,267,1,474,1,failure,1,8,summer,-0.8660254037844385,-0.5000000000000004,-2.4492935982947064e-16,1.0,0,1,267.0,0.125,0,0,3,3
2317,labeled,35,admin.,divorced,secondary,0,152,0,1,cellular,8,199,1,-1,0,unknown,0,7,summer,-0.4999999999999997,-0.8660254037844388,0.9987165071710528,-0.05064916883871264,1,0,199.0,0.14285714285714285,1,0,2,2
2319,labeled,39,technician,married,secondary,0,623,1,0,cellular,11,126,2,-1,0,unknown,0,5,spring,0.49999999999999994,-0.8660254037844387,0.7907757369376989,-0.6121059825476626,0,0,63.0,0.4,0,0,2,2
2322,labeled,31,services,single,secondary,0,1993,1,0,telephone,20,55,2,-1,0,unknown,0,11,autumn,-0.5000000000000004,0.8660254037844384,-0.7907757369376986,-0.6121059825476627,0,1,27.5,0.18181818181818182,0,0,1,3
2323,labeled,46,management,married,tertiary,0,971,1,0,cellular,8,174,1,-1,0,unknown,0,4,spring,0.8660254037844387,-0.4999999999999998,0.9987165071710528,-0.05064916883871264,1,0,174.0,0.25,0,0,3,2
2324,labeled,52,blue-collar,divorced,primary,0,1753,1,0,unknown,15,41,1,-1,0,unknown,0,5,spring,0.49999999999999994,-0.8660254037844387,0.10116832198743272,-0.994869323391895,0,0,41.0,0.2,0,0,3,3
2325,labeled,58,housemaid,married,tertiary,0,506,0,0,unknown,11,138,5,-1,0,unknown,0,6,summer,1.2246467991473532e-16,-1.0,0.7907757369376989,-0.6121059825476626,0,0,27.6,0.8333333333333334,0,0,4,2
2326,labeled,40,blue-collar,married,secondary,0,1095,1,0,unknown,29,660,2,-1,0,unknown,0,5,spring,0.49999999999999994,-0.8660254037844387,-0.3943558551133187,0.9189578116202306,0,1,330.0,0.4,0,0,2,3
2327,labeled,47,self-employed,married,secondary,1,-3,0,0,cellular,5,236,2,-1,0,unknown,0,2,winter,0.8660254037844386,0.5000000000000001,0.8486442574947509,0.5289640103269624,1,0,118.0,1.0,2,0,3,1
2328,labeled,37,technician,married,secondary,0,712,1,0,cellular,18,291,2,-1,0,unknown,0,11,autumn,-0.5000000000000004,0.8660254037844384,-0.4853019625310808,-0.8743466161445822,0,0,145.5,0.18181818181818182,0,0,2,2
2331,labeled,34,management,single,tertiary,0,0,0,0,cellular,21,191,2,-1,0,unknown,0,8,summer,-0.8660254037844385,-0.5000000000000004,-0.8978045395707417,-0.44039415155763423,0,1,95.5,0.25,0,0,1,1
2332,labeled,30,technician,single,tertiary,0,226,1,0,unknown,16,197,1,-1,0,unknown,0,5,spring,0.49999999999999994,-0.8660254037844387,-0.10116832198743204,-0.9948693233918952,0,0,197.0,0.2,0,0,1,2
2333,labeled,26,technician,single,secondary,0,1275,1,0,unknown,20,18,9,-1,0,unknown,0,6,summer,1.2246467991473532e-16,-1.0,-0.7907757369376986,-0.6121059825476627,0,1,2.0,1.5,0,0,1,3
2334,labeled,48,management,married,tertiary,0,0,0,0,cellular,28,16,16,-1,0,unknown,0,8,summer,-0.8660254037844385,-0.5000000000000004,-0.5712682150947924,0.8207634412072763,0,1,1.0,2.0,0,0,3,1
2335,labeled,37,management,single,tertiary,0,869,1,0,cellular,15,140,4,327,2,failure,0,4,spring,0.8660254037844387,-0.4999999999999998,0.10116832198743272,-0.994869323391895,0,0,35.0,1.0,0,0,2,2
2336,labeled,54,services,married,primary,0,1,1,0,cellular,14,143,1,-1,0,unknown,0,5,spring,0.49999999999999994,-0.8660254037844387,0.29936312297335804,-0.9541392564000488,0,0,143.0,0.2,0,0,3,2
2337,labeled,42,services,divorced,secondary,0,375,1,1,unknown,6,121,2,-1,0,unknown,0,5,spring,0.49999999999999994,-0.8660254037844387,0.9377521321470804,0.3473052528448203,1,0,60.5,0.4,1,0,2,2
2338,labeled,49,technician,divorced,secondary,0,271,1,0,unknown,12,274,6,-1,0,unknown,0,5,spring,0.49999999999999994,-0.8660254037844387,0.6513724827222223,-0.758758122692791,0,0,45.666666666666664,1.2,0,0,3,2
2339,labeled,37,admin.,divorced,tertiary,0,4301,1,0,unknown,23,168,1,-1,0,unknown,0,5,spring,0.49999999999999994,-0.8660254037844387,-0.9987165071710528,-0.05064916883871355,0,1,168.0,0.2,0,0,2,3
2340,labeled,34,self-employed,married,tertiary,0,1963,1,0,cellular,23,61,2,-1,0,unknown,0,7,summer,-0.4999999999999997,-0.8660254037844388,-0.9987165071710528,-0.05064916883871355,0,1,30.5,0.2857142857142857,0,0,1,3
2343,labeled,50,self-employed,married,secondary,0,3034,0,1,cellular,6,168,3,-1,0,unknown,0,8,summer,-0.8660254037844385,-0.5000000000000004,0.9377521321470804,0.3473052528448203,1,0,56.0,0.375,1,0,3,3
2344,labeled,47,management,married,tertiary,0,105,1,0,cellular,22,268,1,-1,0,unknown,0,7,summer,-0.4999999999999997,-0.8660254037844388,-0.9680771188662041,-0.2506525322587213,0,1,268.0,0.14285714285714285,0,0,3,2
2346,labeled,57,blue-collar,married,primary,0,169,0,0,unknown,9,230,3,-1,0,unknown,0,6,summer,1.2246467991473532e-16,-1.0,0.9680771188662043,-0.2506525322587204,1,0,76.66666666666667,0.5,0,0,4,2
2348,labeled,46,management,divorced,tertiary,0,752,0,0,unknown,5,36,2,-1,0,unknown,0,6,summer,1.2246467991473532e-16,-1.0,0.8486442574947509,0.5289640103269624,1,0,18.0,0.3333333333333333,0,0,3,2
2349,labeled,52,housemaid,married,secondary,0,14362,0,0,unknown,5,132,1,-1,0,unknown,0,6,summer,1.2246467991473532e-16,-1.0,0.8486442574947509,0.5289640103269624,1,0,132.0,0.16666666666666666,0,0,3,5
2350,labeled,42,services,married,secondary,0,87,1,0,cellular,5,238,3,340,2,failure,0,5,spring,0.49999999999999994,-0.8660254037844387,0.8486442574947509,0.5289640103269624,1,0,79.33333333333333,0.6,0,0,2,2
2352,labeled,25,technician,single,secondary,0,965,0,0,cellular,9,144,5,-1,0,unknown,0,7,summer,-0.4999999999999997,-0.8660254037844388,0.9680771188662043,-0.2506525322587204,1,0,28.8,0.7142857142857143,0,0,1,2
2353,labeled,36,services,married,secondary,0,259,1,0,cellular,12,86,2,-1,0,unknown,0,5,spring,0.49999999999999994,-0.8660254037844387,0.6513724827222223,-0.758758122692791,0,0,43.0,0.4,0,0,2,2
2354,labeled,36,blue-collar,married,secondary,0,-215,1,0,unknown,8,177,2,-1,0,unknown,0,5,spring,0.49999999999999994,-0.8660254037844387,0.9987165071710528,-0.05064916883871264,1,0,88.5,0.4,1,0,2,1
2355,labeled,36,blue-collar,married,primary,0,50,1,0,cellular,15,232,2,365,5,other,0,5,spring,0.49999999999999994,-0.8660254037844387,0.10116832198743272,-0.994869323391895,0,0,116.0,0.4,0,0,2,2
2356,labeled,34,management,single,tertiary,0,185,0,0,cellular,22,203,4,-1,0,unknown,0,7,summer,-0.4999999999999997,-0.8660254037844388,-0.9680771188662041,-0.2506525322587213,0,1,50.75,0.5714285714285714,0,0,1,2
2357,labeled,53,admin.,married,secondary,0,105,0,1,cellular,21,74,2,-1,0,unknown,0,8,summer,-0.8660254037844385,-0.5000000000000004,-0.8978045395707417,-0.44039415155763423,0,1,37.0,0.25,1,0,3,2
2358,labeled,37,unemployed,married,secondary,0,1982,0,0,cellular,9,404,1,182,1,success,1,9,autumn,-1.0,-1.8369701987210297e-16,0.9680771188662043,-0.2506525322587204,1,0,404.0,0.1111111111111111,0,0,2,3
2359,labeled,35,management,single,secondary,0,79,1,0,cellular,29,79,1,-1,0,unknown,0,1,winter,0.49999999999999994,0.8660254037844387,-0.3943558551133187,0.9189578116202306,0,1,79.0,1.0,0,0,2,2
2363,labeled,45,blue-collar,married,primary,0,177,1,0,cellular,29,249,3,-1,0,unknown,0,1,winter,0.49999999999999994,0.8660254037844387,-0.3943558551133187,0.9189578116202306,0,1,83.0,3.0,0,0,3,2
2364,labeled,40,services,married,secondary,0,0,0,0,unknown,12,543,2,-1,0,unknown,0,6,summer,1.2246467991473532e-16,-1.0,0.6513724827222223,-0.758758122692791,0,0,271.5,0.3333333333333333,0,0,2,1
2365,labeled,35,blue-collar,married,primary,0,415,1,0,cellular,14,73,1,-1,0,unknown,0,5,spring,0.49999999999999994,-0.8660254037844387,0.29936312297335804,-0.9541392564000488,0,0,73.0,0.2,0,0,2,2
2366,labeled,33,technician,married,secondary,0,4785,1,0,cellular,20,137,1,272,2,failure,0,4,spring,0.8660254037844387,-0.4999999999999998,-0.7907757369376986,-0.6121059825476627,0,1,137.0,0.25,0,0,1,3
2367,labeled,53,admin.,married,secondary,0,1789,0,0,telephone,16,295,1,91,2,success,1,3,spring,1.0,6.123233995736766e-17,-0.10116832198743204,-0.9948693233918952,0,0,295.0,0.3333333333333333,0,0,3,3
2368,labeled,35,admin.,married,secondary,0,8654,1,0,unknown,24,103,6,-1,0,unknown,0,6,summer,1.2246467991473532e-16,-1.0,-0.9884683243281114,0.15142777750457667,0,1,17.166666666666668,1.0,0,0,2,4
2370,labeled,34,admin.,married,secondary,0,652,1,0,unknown,19,420,1,-1,0,unknown,0,5,spring,0.49999999999999994,-0.8660254037844387,-0.651372482722222,-0.7587581226927911,0,0,420.0,0.2,0,0,1,2
2371,labeled,36,admin.,single,secondary,0,53,0,1,cellular,9,36,6,-1,0,unknown,0,7,summer,-0.4999999999999997,-0.8660254037844388,0.9680771188662043,-0.2506525322587204,1,0,6.0,0.8571428571428571,1,0,2,2
2372,labeled,32,services,married,secondary,0,168,1,0,unknown,14,297,2,-1,0,unknown,0,5,spring,0.49999999999999994,-0.8660254037844387,0.29936312297335804,-0.9541392564000488,0,0,148.5,0.4,0,0,1,2
2374,labeled,37,admin.,married,secondary,0,-99,1,0,unknown,28,158,2,-1,0,unknown,0,5,spring,0.49999999999999994,-0.8660254037844387,-0.5712682150947924,0.8207634412072763,0,1,79.0,0.4,1,0,2,1
2376,labeled,38,entrepreneur,divorced,tertiary,0,7927,0,0,cellular,8,182,3,-1,0,unknown,0,7,summer,-0.4999999999999997,-0.8660254037844388,0.9987165071710528,-0.05064916883871264,1,0,60.666666666666664,0.42857142857142855,0,0,2,4
2377,labeled,58,retired,married,secondary,0,244,0,0,cellular,27,88,4,-1,0,unknown,0,8,summer,-0.8660254037844385,-0.5000000000000004,-0.72479278722912,0.6889669190756865,0,1,22.0,0.5,0,0,4,2
2378,labeled,40,blue-collar,married,secondary,0,271,1,0,unknown,29,483,2,-1,0,unknown,0,5,spring,0.49999999999999994,-0.8660254037844387,-0.3943558551133187,0.9189578116202306,0,1,241.5,0.4,0,0,2,2
2380,labeled,47,management,single,tertiary,0,146,1,0,cellular,18,192,2,-1,0,unknown,0,11,autumn,-0.5000000000000004,0.8660254037844384,-0.4853019625310808,-0.8743466161445822,0,0,96.0,0.18181818181818182,0,0,3,2
2382,labeled,45,management,single,tertiary,0,10,0,0,cellular,31,59,2,-1,0,unknown,0,7,summer,-0.4999999999999997,-0.8660254037844388,-2.4492935982947064e-16,1.0,0,1,29.5,0.2857142857142857,0,0,3,2
2383,labeled,43,management,married,tertiary,0,296,1,0,unknown,9,150,2,-1,0,unknown,0,5,spring,0.49999999999999994,-0.8660254037844387,0.9680771188662043,-0.2506525322587204,1,0,75.0,0.4,0,0,2,2
2384,labeled,39,services,married,secondary,0,181,1,0,cellular,17,433,1,-1,0,unknown,0,4,spring,0.8660254037844387,-0.4999999999999998,-0.2993631229733582,-0.9541392564000488,0,0,433.0,0.25,0,0,2,2
2386,labeled,33,technician,single,secondary,0,288,0,0,cellular,25,72,6,-1,0,unknown,0,8,summer,-0.8660254037844385,-0.5000000000000004,-0.9377521321470804,0.3473052528448203,0,1,12.0,0.75,0,0,1,2
2387,labeled,47,services,married,secondary,0,430,1,0,unknown,12,91,1,-1,0,unknown,0,6,summer,1.2246467991473532e-16,-1.0,0.6513724827222223,-0.758758122692791,0,0,91.0,0.16666666666666666,0,0,3,2
2388,labeled,48,technician,married,tertiary,0,0,0,0,telephone,26,176,15,-1,0,unknown,0,8,summer,-0.8660254037844385,-0.5000000000000004,-0.8486442574947509,0.5289640103269624,0,1,11.733333333333333,1.875,0,0,3,1
2389,labeled,45,technician,married,secondary,0,2580,0,0,unknown,18,146,2,-1,0,unknown,0,6,summer,1.2246467991473532e-16,-1.0,-0.4853019625310808,-0.8743466161445822,0,0,73.0,0.3333333333333333,0,0,3,3
2390,labeled,37,blue-collar,married,secondary,0,112,1,0,cellular,12,153,1,-1,0,unknown,0,5,spring,0.49999999999999994,-0.8660254037844387,0.6513724827222223,-0.758758122692791,0,0,153.0,0.2,0,0,2,2
2392,labeled,52,unemployed,married,secondary,0,-2,0,0,unknown,9,123,1,-1,0,unknown,0,6,summer,1.2246467991473532e-16,-1.0,0.9680771188662043,-0.2506525322587204,1,0,123.0,0.16666666666666666,1,0,3,1
2393,labeled,40,technician,single,tertiary,0,821,1,0,cellular,20,38,1,335,1,other,0,4,spring,0.8660254037844387,-0.4999999999999998,-0.7907757369376986,-0.6121059825476627,0,1,38.0,0.25,0,0,2,2
2394,labeled,40,technician,single,secondary,0,647,0,0,cellular,16,156,6,-1,0,unknown,0,7,summer,-0.4999999999999997,-0.8660254037844388,-0.10116832198743204,-0.9948693233918952,0,0,26.0,0.8571428571428571,0,0,2,2
2395,labeled,33,blue-collar,married,primary,0,1162,1,0,unknown,21,420,2,-1,0,unknown,0,5,spring,0.49999999999999994,-0.8660254037844387,-0.8978045395707417,-0.44039415155763423,0,1,210.0,0.4,0,0,1,3
2396,labeled,33,management,single,primary,0,4903,1,0,unknown,20,151,1,-1,0,unknown,0,5,spring,0.49999999999999994,-0.8660254037844387,-0.7907757369376986,-0.6121059825476627,0,1,151.0,0.2,0,0,1,3
2397,labeled,30,blue-collar,married,secondary,0,674,1,0,unknown,20,610,2,-1,0,unknown,0,5,spring,0.49999999999999994,-0.8660254037844387,-0.7907757369376986,-0.6121059825476627,0,1,305.0,0.4,0,0,1,2
2398,labeled,37,services,married,secondary,0,8,0,0,unknown,15,395,2,-1,0,unknown,0,5,spring,0.49999999999999994,-0.8660254037844387,0.10116832198743272,-0.994869323391895,0,0,197.5,0.4,0,0,2,2
2399,labeled,52,blue-collar,married,secondary,0,163,1,0,unknown,13,274,2,-1,0,unknown,0,5,spring,0.49999999999999994,-0.8660254037844387,0.48530196253108104,-0.8743466161445821,0,0,137.0,0.4,0,0,3,2
2400,labeled,39,management,married,tertiary,0,-611,1,0,unknown,26,142,1,-1,0,unknown,0,5,spring,0.49999999999999994,-0.8660254037844387,-0.8486442574947509,0.5289640103269624,0,1,142.0,0.2,1,0,2,1
2401,labeled,57,blue-collar,married,primary,0,97,1,0,telephone,17,137,1,-1,0,unknown,0,4,spring,0.8660254037844387,-0.4999999999999998,-0.2993631229733582,-0.9541392564000488,0,0,137.0,0.25,0,0,4,2
2402,labeled,24,blue-collar,married,secondary,0,1226,1,0,cellular,20,369,1,-1,0,unknown,0,4,spring,0.8660254037844387,-0.4999999999999998,-0.7907757369376986,-0.6121059825476627,0,1,369.0,0.25,0,0,0,3
2403,labeled,37,blue-collar,married,primary,0,8,0,0,telephone,30,109,8,-1,0,unknown,0,7,summer,-0.4999999999999997,-0.8660254037844388,-0.20129852008866114,0.9795299412524943,0,1,13.625,1.1428571428571428,0,0,2,2
2404,labeled,34,services,married,secondary,0,-317,1,0,unknown,8,56,2,-1,0,unknown,0,5,spring,0.49999999999999994,-0.8660254037844387,0.9987165071710528,-0.05064916883871264,1,0,28.0,0.4,1,0,1,1
2406,labeled,61,retired,married,secondary,0,307,0,1,unknown,3,42,1,-1,0,unknown,0,7,summer,-0.4999999999999997,-0.8660254037844388,0.5712682150947923,0.8207634412072763,1,0,42.0,0.14285714285714285,1,0,4,2
2407,labeled,31,blue-collar,married,secondary,0,360,1,1,cellular,29,89,1,241,1,failure,0,1,winter,0.49999999999999994,0.8660254037844387,-0.3943558551133187,0.9189578116202306,0,1,89.0,1.0,1,0,1,2
2408,labeled,44,blue-collar,married,secondary,0,16187,1,0,cellular,21,297,1,-1,0,unknown,0,11,autumn,-0.5000000000000004,0.8660254037844384,-0.8978045395707417,-0.44039415155763423,0,1,297.0,0.09090909090909091,0,0,2,5
2409,labeled,58,management,married,tertiary,0,544,1,0,cellular,8,98,1,-1,0,unknown,0,5,spring,0.49999999999999994,-0.8660254037844387,0.9987165071710528,-0.05064916883871264,1,0,98.0,0.2,0,0,4,2
2410,labeled,37,services,divorced,secondary,0,533,1,0,unknown,11,199,1,-1,0,unknown,0,6,summer,1.2246467991473532e-16,-1.0,0.7907757369376989,-0.6121059825476626,0,0,199.0,0.16666666666666666,0,0,2,2
2411,labeled,32,admin.,married,tertiary,0,0,1,0,unknown,5,138,1,-1,0,unknown,0,5,spring,0.49999999999999994,-0.8660254037844387,0.8486442574947509,0.5289640103269624,1,0,138.0,0.2,0,0,1,1
2412,labeled,32,technician,married,tertiary,0,3932,0,0,cellular,8,209,2,-1,0,unknown,0,8,summer,-0.8660254037844385,-0.5000000000000004,0.9987165071710528,-0.05064916883871264,1,0,104.5,0.25,0,0,1,3
2413,labeled,45,blue-collar,married,primary,0,411,0,0,cellular,18,113,4,-1,0,unknown,0,8,summer,-0.8660254037844385,-0.5000000000000004,-0.4853019625310808,-0.8743466161445822,0,0,28.25,0.5,0,0,3,2
2415,labeled,29,services,married,primary,0,-94,0,0,unknown,4,134,1,-1,0,unknown,0,7,summer,-0.4999999999999997,-0.8660254037844388,0.72479278722912,0.6889669190756866,1,0,134.0,0.14285714285714285,1,0,1,1
2416,labeled,40,self-employed,divorced,secondary,0,1871,0,1,unknown,20,269,1,-1,0,unknown,0,6,summer,1.2246467991473532e-16,-1.0,-0.7907757369376986,-0.6121059825476627,0,1,269.0,0.16666666666666666,1,0,2,3
2417,labeled,28,services,single,secondary,0,317,1,0,unknown,16,21,3,-1,0,unknown,0,5,spring,0.49999999999999994,-0.8660254037844387,-0.10116832198743204,-0.9948693233918952,0,0,7.0,0.6,0,0,1,2
2418,labeled,35,technician,married,secondary,0,13651,1,0,telephone,9,220,2,-1,0,unknown,0,12,winter,-2.4492935982947064e-16,1.0,0.9680771188662043,-0.2506525322587204,1,0,110.0,0.16666666666666666,0,0,2,5
2419,labeled,45,technician,married,secondary,0,127,1,0,unknown,7,208,2,-1,0,unknown,0,5,spring,0.49999999999999994,-0.8660254037844387,0.9884683243281114,0.1514277775045767,1,0,104.0,0.4,0,0,3,2
2421,labeled,32,management,married,tertiary,0,0,0,0,cellular,26,104,9,-1,0,unknown,0,8,summer,-0.8660254037844385,-0.5000000000000004,-0.8486442574947509,0.5289640103269624,0,1,11.555555555555555,1.125,0,0,1,1
2422,labeled,35,admin.,divorced,secondary,0,3643,0,1,cellular,21,808,2,-1,0,unknown,1,11,autumn,-0.5000000000000004,0.8660254037844384,-0.8978045395707417,-0.44039415155763423,0,1,404.0,0.18181818181818182,1,0,2,3
2423,labeled,43,technician,married,secondary,0,275,0,0,cellular,25,69,6,-1,0,unknown,0,8,summer,-0.8660254037844385,-0.5000000000000004,-0.9377521321470804,0.3473052528448203,0,1,11.5,0.75,0,0,2,2
2424,labeled,43,blue-collar,single,primary,0,27,1,0,unknown,30,379,17,-1,0,unknown,0,5,spring,0.49999999999999994,-0.8660254037844387,-0.20129852008866114,0.9795299412524943,0,1,22.294117647058822,3.4,0,0,2,2
2425,labeled,31,services,single,secondary,0,863,1,0,cellular,6,100,1,-1,0,unknown,0,5,spring,0.49999999999999994,-0.8660254037844387,0.9377521321470804,0.3473052528448203,1,0,100.0,0.2,0,0,1,2
2426,labeled,55,management,married,primary,0,626,0,1,cellular,2,114,1,208,1,failure,0,2,winter,0.8660254037844386,0.5000000000000001,0.39435585511331855,0.9189578116202306,1,0,114.0,0.5,1,0,4,2
2427,labeled,35,admin.,married,secondary,0,0,1,0,cellular,7,121,2,-1,0,unknown,0,5,spring,0.49999999999999994,-0.8660254037844387,0.9884683243281114,0.1514277775045767,1,0,60.5,0.4,0,0,2,1
2428,labeled,37,blue-collar,single,secondary,0,47,0,0,cellular,6,140,2,-1,0,unknown,0,5,spring,0.49999999999999994,-0.8660254037844387,0.9377521321470804,0.3473052528448203,1,0,70.0,0.4,0,0,2,2
2429,labeled,37,blue-collar,married,secondary,0,128,0,0,unknown,27,336,2,-1,0,unknown,0,5,spring,0.49999999999999994,-0.8660254037844387,-0.72479278722912,0.6889669190756865,0,1,168.0,0.4,0,0,2,2
2430,labeled,39,management,single,secondary,0,29,0,0,cellular,29,70,2,-1,0,unknown,0,8,summer,-0.8660254037844385,-0.5000000000000004,-0.3943558551133187,0.9189578116202306,0,1,35.0,0.25,0,0,2,2
2432,labeled,36,technician,married,unknown,0,763,0,0,cellular,11,396,3,-1,0,unknown,0,7,summer,-0.4999999999999997,-0.8660254037844388,0.7907757369376989,-0.6121059825476626,0,0,132.0,0.42857142857142855,0,0,2,2
2433,labeled,39,management,married,tertiary,0,764,1,0,cellular,11,877,7,300,2,other,1,5,spring,0.49999999999999994,-0.8660254037844387,0.7907757369376989,-0.6121059825476626,0,0,125.28571428571429,1.4,0,0,2,2
2434,labeled,45,management,married,tertiary,0,1531,0,0,cellular,30,160,1,-1,0,unknown,0,6,summer,1.2246467991473532e-16,-1.0,-0.20129852008866114,0.9795299412524943,0,1,160.0,0.16666666666666666,0,0,3,3
2435,labeled,34,technician,single,secondary,0,201,0,0,cellular,22,257,2,-1,0,unknown,0,7,summer,-0.4999999999999997,-0.8660254037844388,-0.9680771188662041,-0.2506525322587213,0,1,128.5,0.2857142857142857,0,0,1,2
2436,labeled,38,management,single,tertiary,0,434,1,0,cellular,6,17,3,169,2,failure,0,5,spring,0.49999999999999994,-0.8660254037844387,0.9377521321470804,0.3473052528448203,1,0,5.666666666666667,0.6,0,0,2,2
2437,labeled,50,services,single,secondary,0,73,0,0,unknown,8,141,2,-1,0,unknown,0,5,spring,0.49999999999999994,-0.8660254037844387,0.9987165071710528,-0.05064916883871264,1,0,70.5,0.4,0,0,3,2
2438,labeled,52,management,married,tertiary,0,-1230,1,0,cellular,7,253,4,-1,0,unknown,0,5,spring,0.49999999999999994,-0.8660254037844387,0.9884683243281114,0.1514277775045767,1,0,63.25,0.8,1,0,3,0
2439,labeled,48,technician,married,secondary,0,16,1,1,cellular,17,81,1,-1,0,unknown,0,11,autumn,-0.5000000000000004,0.8660254037844384,-0.2993631229733582,-0.9541392564000488,0,0,81.0,0.09090909090909091,1,0,3,2
2440,labeled,51,blue-collar,married,primary,0,-3,0,0,telephone,16,126,4,-1,0,unknown,0,7,summer,-0.4999999999999997,-0.8660254037844388,-0.10116832198743204,-0.9948693233918952,0,0,31.5,0.5714285714285714,1,0,3,1
2441,labeled,47,blue-collar,divorced,primary,0,130,1,0,unknown,3,2456,2,-1,0,unknown,1,6,summer,1.2246467991473532e-16,-1.0,0.5712682150947923,0.8207634412072763,1,0,1228.0,0.3333333333333333,0,0,3,2
2442,labeled,46,management,married,tertiary,0,269,1,0,cellular,18,910,2,184,4,success,1,3,spring,1.0,6.123233995736766e-17,-0.4853019625310808,-0.8743466161445822,0,0,455.0,0.6666666666666666,0,0,3,2
2443,labeled,34,management,married,tertiary,0,173,0,0,cellular,18,61,4,-1,0,unknown,0,8,summer,-0.8660254037844385,-0.5000000000000004,-0.4853019625310808,-0.8743466161445822,0,0,15.25,0.5,0,0,1,2
2444,labeled,57,blue-collar,married,primary,0,324,1,0,unknown,27,206,2,-1,0,unknown,0,5,spring,0.49999999999999994,-0.8660254037844387,-0.72479278722912,0.6889669190756865,0,1,103.0,0.4,0,0,4,2
2445,labeled,51,technician,married,primary,0,260,0,0,cellular,19,137,2,-1,0,unknown,0,8,summer,-0.8660254037844385,-0.5000000000000004,-0.651372482722222,-0.7587581226927911,0,0,68.5,0.25,0,0,3,2
2446,labeled,43,blue-collar,married,primary,0,473,1,0,cellular,12,225,3,-1,0,unknown,0,5,spring,0.49999999999999994,-0.8660254037844387,0.6513724827222223,-0.758758122692791,0,0,75.0,0.6,0,0,2,2
2447,labeled,36,services,single,secondary,0,388,1,1,unknown,17,77,2,-1,0,unknown,0,6,summer,1.2246467991473532e-16,-1.0,-0.2993631229733582,-0.9541392564000488,0,0,38.5,0.3333333333333333,1,0,2,2
2448,labeled,49,services,married,secondary,0,1120,0,0,cellular,17,283,1,-1,0,unknown,0,11,autumn,-0.5000000000000004,0.8660254037844384,-0.2993631229733582,-0.9541392564000488,0,0,283.0,0.09090909090909091,0,0,3,3
2449,labeled,41,services,divorced,secondary,0,785,1,0,cellular,8,297,2,-1,0,unknown,0,5,spring,0.49999999999999994,-0.8660254037844387,0.9987165071710528,-0.05064916883871264,1,0,148.5,0.4,0,0,2,2
2450,labeled,72,retired,married,primary,0,797,0,0,cellular,24,173,2,-1,0,unknown,0,4,spring,0.8660254037844387,-0.4999999999999998,-0.9884683243281114,0.15142777750457667,0,1,86.5,0.5,0,0,5,2
2451,labeled,44,technician,married,secondary,0,5599,0,0,unknown,20,27,3,-1,0,unknown,0,6,summer,1.2246467991473532e-16,-1.0,-0.7907757369376986,-0.6121059825476627,0,1,9.0,0.5,0,0,2,4
2452,labeled,42,blue-collar,married,secondary,0,122,1,0,unknown,29,285,1,-1,0,unknown,0,5,spring,0.49999999999999994,-0.8660254037844387,-0.3943558551133187,0.9189578116202306,0,1,285.0,0.2,0,0,2,2
2453,labeled,59,management,divorced,primary,0,142,1,0,cellular,9,206,1,-1,0,unknown,0,7,summer,-0.4999999999999997,-0.8660254037844388,0.9680771188662043,-0.2506525322587204,1,0,206.0,0.14285714285714285,0,0,4,2
2454,labeled,43,blue-collar,single,secondary,0,30,0,0,cellular,12,68,1,363,1,failure,0,5,spring,0.49999999999999994,-0.8660254037844387,0.6513724827222223,-0.758758122692791,0,0,68.0,0.2,0,0,2,2
2455,labeled,60,admin.,married,unknown,0,1081,1,0,cellular,26,149,1,-1,0,unknown,0,5,spring,0.49999999999999994,-0.8660254037844387,-0.8486442574947509,0.5289640103269624,0,1,149.0,0.2,0,0,4,3
2457,labeled,58,blue-collar,married,primary,0,785,1,0,cellular,15,74,2,-1,0,unknown,0,5,spring,0.49999999999999994,-0.8660254037844387,0.10116832198743272,-0.994869323391895,0,0,37.0,0.4,0,0,4,2
2458,labeled,46,blue-collar,married,secondary,0,527,1,0,cellular,25,217,6,-1,0,unknown,0,8,summer,-0.8660254037844385,-0.5000000000000004,-0.9377521321470804,0.3473052528448203,0,1,36.166666666666664,0.75,0,0,3,2
2459,labeled,30,management,single,tertiary,0,165,1,0,unknown,20,186,4,-1,0,unknown,0,5,spring,0.49999999999999994,-0.8660254037844387,-0.7907757369376986,-0.6121059825476627,0,1,46.5,0.8,0,0,1,2
2461,labeled,50,management,married,tertiary,0,19445,1,1,cellular,21,166,1,-1,0,unknown,0,11,autumn,-0.5000000000000004,0.8660254037844384,-0.8978045395707417,-0.44039415155763423,0,1,166.0,0.09090909090909091,1,0,3,5
2462,labeled,34,management,married,tertiary,0,444,0,1,cellular,28,118,4,-1,0,unknown,0,7,summer,-0.4999999999999997,-0.8660254037844388,-0.5712682150947924,0.8207634412072763,0,1,29.5,0.5714285714285714,1,0,1,2
2463,labeled,28,blue-collar,married,secondary,0,139,1,0,unknown,12,147,5,-1,0,unknown,0,5,spring,0.49999999999999994,-0.8660254037844387,0.6513724827222223,-0.758758122692791,0,0,29.4,1.0,0,0,1,2
2464,labeled,54,technician,divorced,secondary,0,1110,1,0,cellular,30,81,1,-1,0,unknown,0,1,winter,0.49999999999999994,0.8660254037844387,-0.20129852008866114,0.9795299412524943,0,1,81.0,1.0,0,0,3,3
2465,labeled,34,management,married,tertiary,0,3047,1,0,cellular,13,469,1,-1,0,unknown,1,5,spring,0.49999999999999994,-0.8660254037844387,0.48530196253108104,-0.8743466161445821,0,0,469.0,0.2,0,0,1,3
2466,leaderboard,21,student,single,secondary,0,688,0,0,unknown,20,6,1,-1,0,unknown,0,8,summer,-0.8660254037844385,-0.5000000000000004,-0.7907757369376986,-0.6121059825476627,0,1,6.0,0.125,0,0,0,2
2467,leaderboard,39,blue-collar,married,primary,0,1512,1,0,cellular,11,299,2,-1,0,unknown,0,5,spring,0.49999999999999994,-0.8660254037844387,0.7907757369376989,-0.6121059825476626,0,0,149.5,0.4,0,0,2,3
2468,leaderboard,31,admin.,single,secondary,0,2101,1,0,unknown,3,455,1,-1,0,unknown,0,6,summer,1.2246467991473532e-16,-1.0,0.5712682150947923,0.8207634412072763,1,0,455.0,0.16666666666666666,0,0,1,3
2469,leaderboard,30,admin.,single,tertiary,0,267,0,0,cellular,19,233,1,137,20,failure,0,10,autumn,-0.8660254037844386,0.5000000000000001,-0.651372482722222,-0.7587581226927911,0,0,233.0,0.1,0,0,1,2
2470,leaderboard,24,blue-collar,single,unknown,0,440,1,0,unknown,3,108,12,-1,0,unknown,0,6,summer,1.2246467991473532e-16,-1.0,0.5712682150947923,0.8207634412072763,1,0,9.0,2.0,0,0,0,2
2471,leaderboard,39,management,divorced,tertiary,0,3582,0,1,cellular,18,74,3,-1,0,unknown,0,8,summer,-0.8660254037844385,-0.5000000000000004,-0.4853019625310808,-0.8743466161445822,0,0,24.666666666666668,0.375,1,0,2,3
2472,leaderboard,30,self-employed,married,secondary,0,131,0,1,unknown,17,66,1,85,5,other,0,7,summer,-0.4999999999999997,-0.8660254037844388,-0.2993631229733582,-0.9541392564000488,0,0,66.0,0.14285714285714285,1,0,1,2
2473,leaderboard,30,unemployed,married,secondary,0,1212,0,0,cellular,9,100,4,-1,0,unknown,0,7,summer,-0.4999999999999997,-0.8660254037844388,0.9680771188662043,-0.2506525322587204,1,0,25.0,0.5714285714285714,0,0,1,3
2474,leaderboard,41,retired,single,primary,0,0,0,0,cellular,8,239,1,368,2,failure,0,5,spring,0.49999999999999994,-0.8660254037844387,0.9987165071710528,-0.05064916883871264,1,0,239.0,0.2,0,0,2,1
2475,leaderboard,59,retired,divorced,secondary,0,325,0,0,cellular,24,129,1,-1,0,unknown,0,7,summer,-0.4999999999999997,-0.8660254037844388,-0.9884683243281114,0.15142777750457667,0,1,129.0,0.14285714285714285,0,0,4,2
2476,leaderboard,49,technician,single,secondary,0,-106,1,0,unknown,6,92,2,-1,0,unknown,0,6,summer,1.2246467991473532e-16,-1.0,0.9377521321470804,0.3473052528448203,1,0,46.0,0.3333333333333333,1,0,3,1
2477,leaderboard,58,management,divorced,tertiary,0,1539,0,0,unknown,15,137,2,-1,0,unknown,0,5,spring,0.49999999999999994,-0.8660254037844387,0.10116832198743272,-0.994869323391895,0,0,68.5,0.4,0,0,4,3
2478,leaderboard,33,technician,married,tertiary,0,16984,1,0,unknown,29,58,1,-1,0,unknown,0,5,spring,0.49999999999999994,-0.8660254037844387,-0.3943558551133187,0.9189578116202306,0,1,58.0,0.2,0,0,1,5
2479,leaderboard,38,admin.,married,secondary,0,3725,1,0,unknown,21,379,2,-1,0,unknown,0,5,spring,0.49999999999999994,-0.8660254037844387,-0.8978045395707417,-0.44039415155763423,0,1,189.5,0.4,0,0,2,3
2480,leaderboard,22,technician,single,secondary,0,335,0,1,telephone,12,129,1,-1,0,unknown,0,11,autumn,-0.5000000000000004,0.8660254037844384,0.6513724827222223,-0.758758122692791,0,0,129.0,0.09090909090909091,1,0,0,2
2481,leaderboard,38,services,married,secondary,0,0,1,0,telephone,28,121,2,-1,0,unknown,0,7,summer,-0.4999999999999997,-0.8660254037844388,-0.5712682150947924,0.8207634412072763,0,1,60.5,0.2857142857142857,0,0,2,1
2482,leaderboard,56,management,single,secondary,0,242,1,0,telephone,9,236,4,-1,0,unknown,0,7,summer,-0.4999999999999997,-0.8660254037844388,0.9680771188662043,-0.2506525322587204,1,0,59.0,0.5714285714285714,0,0,4,2
2483,leaderboard,57,admin.,married,secondary,0,3926,0,0,cellular,13,61,1,-1,0,unknown,0,10,autumn,-0.8660254037844386,0.5000000000000001,0.48530196253108104,-0.8743466161445821,0,0,61.0,0.1,0,0,4,3
2484,leaderboard,29,management,married,tertiary,0,20,1,0,cellular,12,418,1,-1,0,unknown,0,5,spring,0.49999999999999994,-0.8660254037844387,0.6513724827222223,-0.758758122692791,0,0,418.0,0.2,0,0,1,2
2485,leaderboard,52,technician,single,tertiary,0,1309,1,0,unknown,29,361,1,-1,0,unknown,0,5,spring,0.49999999999999994,-0.8660254037844387,-0.3943558551133187,0.9189578116202306,0,1,361.0,0.2,0,0,3,3
2486,leaderboard,30,management,single,tertiary,0,6164,1,0,unknown,27,152,11,-1,0,unknown,0,5,spring,0.49999999999999994,-0.8660254037844387,-0.72479278722912,0.6889669190756865,0,1,13.818181818181818,2.2,0,0,1,4
2487,leaderboard,40,management,married,tertiary,0,0,0,0,cellular,10,147,1,96,8,success,0,11,autumn,-0.5000000000000004,0.8660254037844384,0.8978045395707416,-0.4403941515576344,1,0,147.0,0.09090909090909091,0,0,2,1
2488,leaderboard,44,management,single,tertiary,0,-1313,1,1,cellular,15,104,10,-1,0,unknown,0,5,spring,0.49999999999999994,-0.8660254037844387,0.10116832198743272,-0.994869323391895,0,0,10.4,2.0,2,0,2,0
2489,leaderboard,36,management,married,tertiary,0,2996,1,0,cellular,12,307,1,-1,0,unknown,0,8,summer,-0.8660254037844385,-0.5000000000000004,0.6513724827222223,-0.758758122692791,0,0,307.0,0.125,0,0,2,3
2490,leaderboard,41,management,married,tertiary,0,6553,0,0,cellular,27,136,8,-1,0,unknown,0,8,summer,-0.8660254037844385,-0.5000000000000004,-0.72479278722912,0.6889669190756865,0,1,17.0,1.0,0,0,2,4
2491,leaderboard,47,admin.,divorced,secondary,0,136,0,1,cellular,23,70,1,-1,0,unknown,0,7,summer,-0.4999999999999997,-0.8660254037844388,-0.9987165071710528,-0.05064916883871355,0,1,70.0,0.14285714285714285,1,0,3,2
2492,leaderboard,32,unemployed,single,tertiary,0,332,1,0,unknown,8,139,1,-1,0,unknown,0,5,spring,0.49999999999999994,-0.8660254037844387,0.9987165071710528,-0.05064916883871264,1,0,139.0,0.2,0,0,1,2
2493,leaderboard,49,housemaid,married,tertiary,0,449,0,0,cellular,8,27,6,-1,0,unknown,0,8,summer,-0.8660254037844385,-0.5000000000000004,0.9987165071710528,-0.05064916883871264,1,0,4.5,0.75,0,0,3,2
2494,leaderboard,58,technician,married,secondary,0,7492,1,0,unknown,13,325,1,-1,0,unknown,0,5,spring,0.49999999999999994,-0.8660254037844387,0.48530196253108104,-0.8743466161445821,0,0,325.0,0.2,0,0,4,4
2495,leaderboard,55,retired,married,primary,0,152,0,0,cellular,8,124,1,-1,0,unknown,0,7,summer,-0.4999999999999997,-0.8660254037844388,0.9987165071710528,-0.05064916883871264,1,0,124.0,0.14285714285714285,0,0,4,2
2496,leaderboard,49,management,divorced,tertiary,0,760,0,0,cellular,31,1212,4,-1,0,unknown,0,7,summer,-0.4999999999999997,-0.8660254037844388,-2.4492935982947064e-16,1.0,0,1,303.0,0.5714285714285714,0,0,3,2
2497,leaderboard,48,blue-collar,married,secondary,0,0,1,0,unknown,26,105,1,-1,0,unknown,0,5,spring,0.49999999999999994,-0.8660254037844387,-0.8486442574947509,0.5289640103269624,0,1,105.0,0.2,0,0,3,1
2498,leaderboard,45,admin.,divorced,unknown,0,992,1,0,telephone,30,38,2,-1,0,unknown,0,7,summer,-0.4999999999999997,-0.8660254037844388,-0.20129852008866114,0.9795299412524943,0,1,19.0,0.2857142857142857,0,0,3,2
2499,leaderboard,56,unemployed,divorced,primary,0,1763,0,0,cellular,5,916,3,-1,0,unknown,0,2,winter,0.8660254037844386,0.5000000000000001,0.8486442574947509,0.5289640103269624,1,0,305.3333333333333,1.5,0,0,4,3
2500,leaderboard,48,management,married,primary,0,3221,1,0,telephone,20,207,3,-1,0,unknown,0,11,autumn,-0.5000000000000004,0.8660254037844384,-0.7907757369376986,-0.6121059825476627,0,1,69.0,0.2727272727272727,0,0,3,3
2501,leaderboard,35,technician,married,secondary,0,1704,1,0,unknown,2,426,3,-1,0,unknown,0,6,summer,1.2246467991473532e-16,-1.0,0.39435585511331855,0.9189578116202306,1,0,142.0,0.5,0,0,2,3
2502,leaderboard,31,technician,single,secondary,0,49,0,0,cellular,7,123,2,-1,0,unknown,0,8,summer,-0.8660254037844385,-0.5000000000000004,0.9884683243281114,0.1514277775045767,1,0,61.5,0.25,0,0,1,2
2503,leaderboard,47,management,divorced,tertiary,0,446,0,1,unknown,7,126,1,-1,0,unknown,0,5,spring,0.49999999999999994,-0.8660254037844387,0.9884683243281114,0.1514277775045767,1,0,126.0,0.2,1,0,3,2
2504,leaderboard,31,technician,married,secondary,0,0,1,1,cellular,28,71,1,223,9,other,0,1,winter,0.49999999999999994,0.8660254037844387,-0.5712682150947924,0.8207634412072763,0,1,71.0,1.0,1,0,1,1
2505,leaderboard,48,management,married,primary,0,246,1,1,unknown,14,145,1,-1,0,unknown,0,5,spring,0.49999999999999994,-0.8660254037844387,0.29936312297335804,-0.9541392564000488,0,0,145.0,0.2,1,0,3,2
2506,leaderboard,43,blue-collar,married,primary,0,765,1,0,unknown,9,315,4,-1,0,unknown,0,5,spring,0.49999999999999994,-0.8660254037844387,0.9680771188662043,-0.2506525322587204,1,0,78.75,0.8,0,0,2,2
2507,leaderboard,50,admin.,married,secondary,0,0,0,0,cellular,4,86,4,-1,0,unknown,0,8,summer,-0.8660254037844385,-0.5000000000000004,0.72479278722912,0.6889669190756866,1,0,21.5,0.5,0,0,3,1
2508,leaderboard,31,services,married,tertiary,0,318,1,1,unknown,7,294,1,-1,0,unknown,0,5,spring,0.49999999999999994,-0.8660254037844387,0.9884683243281114,0.1514277775045767,1,0,294.0,0.2,1,0,1,2
2509,leaderboard,45,entrepreneur,divorced,tertiary,0,1265,1,1,unknown,11,197,3,-1,0,unknown,0,6,summer,1.2246467991473532e-16,-1.0,0.7907757369376989,-0.6121059825476626,0,0,65.66666666666667,0.5,1,0,3,3
2510,leaderboard,44,admin.,married,secondary,0,5187,1,1,cellular,31,18,7,-1,0,unknown,0,7,summer,-0.4999999999999997,-0.8660254037844388,-2.4492935982947064e-16,1.0,0,1,2.5714285714285716,1.0,1,0,2,4
2511,leaderboard,26,blue-collar,single,primary,0,150,1,0,cellular,29,291,1,244,4,failure,0,1,winter,0.49999999999999994,0.8660254037844387,-0.3943558551133187,0.9189578116202306,0,1,291.0,1.0,0,0,1,2
2512,leaderboard,39,admin.,married,secondary,0,175,0,0,unknown,6,36,1,-1,0,unknown,0,9,autumn,-1.0,-1.8369701987210297e-16,0.9377521321470804,0.3473052528448203,1,0,36.0,0.1111111111111111,0,0,2,2
2513,leaderboard,45,management,married,tertiary,0,-190,1,0,cellular,6,138,3,-1,0,unknown,0,5,spring,0.49999999999999994,-0.8660254037844387,0.9377521321470804,0.3473052528448203,1,0,46.0,0.6,1,0,3,1
2514,leaderboard,53,blue-collar,married,secondary,0,4377,0,0,telephone,19,223,7,-1,0,unknown,0,8,summer,-0.8660254037844385,-0.5000000000000004,-0.651372482722222,-0.7587581226927911,0,0,31.857142857142858,0.875,0,0,3,3
2515,leaderboard,40,services,single,secondary,0,69,1,0,cellular,15,15,3,-1,0,unknown,0,5,spring,0.49999999999999994,-0.8660254037844387,0.10116832198743272,-0.994869323391895,0,0,5.0,0.6,0,0,2,2
2516,leaderboard,52,services,married,secondary,0,2071,0,0,cellular,10,224,1,-1,0,unknown,0,7,summer,-0.4999999999999997,-0.8660254037844388,0.8978045395707416,-0.4403941515576344,1,0,224.0,0.14285714285714285,0,0,3,3
2517,leaderboard,38,entrepreneur,married,tertiary,0,6702,1,0,unknown,21,205,2,-1,0,unknown,0,5,spring,0.49999999999999994,-0.8660254037844387,-0.8978045395707417,-0.44039415155763423,0,1,102.5,0.4,0,0,2,4
2518,leaderboard,40,management,married,tertiary,0,10776,0,0,unknown,20,111,3,-1,0,unknown,0,6,summer,1.2246467991473532e-16,-1.0,-0.7907757369376986,-0.6121059825476627,0,1,37.0,0.5,0,0,2,5
2519,leaderboard,34,blue-collar,married,secondary,0,513,1,1,unknown,2,26,1,-1,0,unknown,0,6,summer,1.2246467991473532e-16,-1.0,0.39435585511331855,0.9189578116202306,1,0,26.0,0.16666666666666666,1,0,1,2
2520,leaderboard,42,admin.,married,secondary,0,315,1,1,unknown,8,280,2,-1,0,unknown,0,5,spring,0.49999999999999994,-0.8660254037844387,0.9987165071710528,-0.05064916883871264,1,0,140.0,0.4,1,0,2,2
2521,leaderboard,28,services,single,secondary,0,160,0,0,cellular,1,347,3,140,2,success,0,6,summer,1.2246467991473532e-16,-1.0,0.20129852008866006,0.9795299412524945,1,0,115.66666666666667,0.5,0,0,1,2
2522,leaderboard,42,admin.,divorced,secondary,0,55,0,0,unknown,16,88,6,-1,0,unknown,0,5,spring,0.49999999999999994,-0.8660254037844387,-0.10116832198743204,-0.9948693233918952,0,0,14.666666666666666,1.2,0,0,2,2
2523,leaderboard,41,admin.,married,secondary,0,2983,1,0,cellular,22,24,12,-1,0,unknown,0,7,summer,-0.4999999999999997,-0.8660254037844388,-0.9680771188662041,-0.2506525322587213,0,1,2.0,1.7142857142857142,0,0,2,3
2524,leaderboard,42,housemaid,married,primary,0,77,0,1,cellular,7,184,1,-1,0,unknown,0,8,summer,-0.8660254037844385,-0.5000000000000004,0.9884683243281114,0.1514277775045767,1,0,184.0,0.125,1,0,2,2
2525,leaderboard,51,technician,divorced,secondary,0,2329,1,1,cellular,18,151,10,-1,0,unknown,0,8,summer,-0.8660254037844385,-0.5000000000000004,-0.4853019625310808,-0.8743466161445822,0,0,15.1,1.25,1,0,3,3
2526,leaderboard,33,blue-collar,married,primary,0,318,1,0,cellular,13,217,2,-1,0,unknown,0,5,spring,0.49999999999999994,-0.8660254037844387,0.48530196253108104,-0.8743466161445821,0,0,108.5,0.4,0,0,1,2
2527,leaderboard,52,technician,married,secondary,0,12,1,0,unknown,13,420,1,-1,0,unknown,0,5,spring,0.49999999999999994,-0.8660254037844387,0.48530196253108104,-0.8743466161445821,0,0,420.0,0.2,0,0,3,2
2528,leaderboard,36,management,single,tertiary,0,-680,1,1,cellular,7,172,1,93,1,failure,0,5,spring,0.49999999999999994,-0.8660254037844387,0.9884683243281114,0.1514277775045767,1,0,172.0,0.2,2,0,2,1
2529,leaderboard,44,management,divorced,tertiary,0,0,0,0,cellular,10,71,1,-1,0,unknown,0,8,summer,-0.8660254037844385,-0.5000000000000004,0.8978045395707416,-0.4403941515576344,1,0,71.0,0.125,0,0,2,1
2530,leaderboard,34,blue-collar,single,secondary,0,-64,1,0,cellular,7,273,5,-1,0,unknown,0,7,summer,-0.4999999999999997,-0.8660254037844388,0.9884683243281114,0.1514277775045767,1,0,54.6,0.7142857142857143,1,0,1,1
2531,leaderboard,54,blue-collar,married,secondary,0,450,1,1,cellular,5,98,1,-1,0,unknown,0,8,summer,-0.8660254037844385,-0.5000000000000004,0.8486442574947509,0.5289640103269624,1,0,98.0,0.125,1,0,3,2
2532,leaderboard,26,services,divorced,secondary,0,70,1,0,unknown,23,106,6,-1,0,unknown,0,5,spring,0.49999999999999994,-0.8660254037844387,-0.9987165071710528,-0.05064916883871355,0,1,17.666666666666668,1.2,0,0,1,2
2533,leaderboard,36,management,married,tertiary,0,0,1,0,cellular,28,60,1,250,1,other,0,1,winter,0.49999999999999994,0.8660254037844387,-0.5712682150947924,0.8207634412072763,0,1,60.0,1.0,0,0,2,1
2534,leaderboard,53,technician,married,unknown,0,623,0,0,unknown,17,198,6,-1,0,unknown,0,6,summer,1.2246467991473532e-16,-1.0,-0.2993631229733582,-0.9541392564000488,0,0,33.0,1.0,0,0,3,2
2535,leaderboard,49,management,divorced,tertiary,0,2369,1,1,unknown,17,56,1,103,2,other,0,11,autumn,-0.5000000000000004,0.8660254037844384,-0.2993631229733582,-0.9541392564000488,0,0,56.0,0.09090909090909091,1,0,3,3
2536,leaderboard,32,blue-collar,married,secondary,0,16,1,0,cellular,17,334,2,-1,0,unknown,0,4,spring,0.8660254037844387,-0.4999999999999998,-0.2993631229733582,-0.9541392564000488,0,0,167.0,0.5,0,0,1,2
2537,leaderboard,46,entrepreneur,married,tertiary,0,2253,0,0,telephone,14,44,14,-1,0,unknown,0,7,summer,-0.4999999999999997,-0.8660254037844388,0.29936312297335804,-0.9541392564000488,0,0,3.142857142857143,2.0,0,0,3,3
2538,leaderboard,41,entrepreneur,married,unknown,0,85,1,0,unknown,6,333,2,-1,0,unknown,0,5,spring,0.49999999999999994,-0.8660254037844387,0.9377521321470804,0.3473052528448203,1,0,166.5,0.4,0,0,2,2
2539,leaderboard,38,admin.,married,secondary,0,3194,1,0,unknown,20,20,2,-1,0,unknown,0,6,summer,1.2246467991473532e-16,-1.0,-0.7907757369376986,-0.6121059825476627,0,1,10.0,0.3333333333333333,0,0,2,3
2540,leaderboard,56,management,married,primary,0,768,1,0,telephone,20,291,1,-1,0,unknown,0,11,autumn,-0.5000000000000004,0.8660254037844384,-0.7907757369376986,-0.6121059825476627,0,1,291.0,0.09090909090909091,0,0,4,2
2541,leaderboard,30,management,married,tertiary,0,1473,1,1,unknown,3,199,4,-1,0,unknown,0,6,summer,1.2246467991473532e-16,-1.0,0.5712682150947923,0.8207634412072763,1,0,49.75,0.6666666666666666,1,0,1,3
2542,leaderboard,57,blue-collar,married,secondary,0,14089,0,0,cellular,11,231,5,-1,0,unknown,0,8,summer,-0.8660254037844385,-0.5000000000000004,0.7907757369376989,-0.6121059825476626,0,0,46.2,0.625,0,0,4,5
2543,leaderboard,55,admin.,married,secondary,0,0,0,0,cellular,23,180,2,238,3,success,0,9,autumn,-1.0,-1.8369701987210297e-16,-0.9987165071710528,-0.05064916883871355,0,1,90.0,0.2222222222222222,0,0,4,1
2544,leaderboard,47,housemaid,married,primary,0,201,1,0,cellular,7,58,2,382,1,failure,0,8,summer,-0.8660254037844385,-0.5000000000000004,0.9884683243281114,0.1514277775045767,1,0,29.0,0.25,0,0,3,2
2545,leaderboard,36,self-employed,married,tertiary,0,303,1,0,cellular,14,341,1,330,2,other,0,5,spring,0.49999999999999994,-0.8660254037844387,0.29936312297335804,-0.9541392564000488,0,0,341.0,0.2,0,0,2,2
2546,leaderboard,31,blue-collar,married,secondary,0,889,1,0,unknown,20,26,2,-1,0,unknown,0,5,spring,0.49999999999999994,-0.8660254037844387,-0.7907757369376986,-0.6121059825476627,0,1,13.0,0.4,0,0,1,2
2547,leaderboard,33,admin.,married,secondary,0,2,1,0,unknown,7,566,2,-1,0,unknown,0,5,spring,0.49999999999999994,-0.8660254037844387,0.9884683243281114,0.1514277775045767,1,0,283.0,0.4,0,0,1,2
2548,leaderboard,27,self-employed,married,secondary,0,-229,1,0,unknown,26,138,2,-1,0,unknown,0,5,spring,0.49999999999999994,-0.8660254037844387,-0.8486442574947509,0.5289640103269624,0,1,69.0,0.4,1,0,1,1
2549,leaderboard,59,services,married,secondary,0,206,0,0,cellular,23,286,2,-1,0,unknown,0,7,summer,-0.4999999999999997,-0.8660254037844388,-0.9987165071710528,-0.05064916883871355,0,1,143.0,0.2857142857142857,0,0,4,2
2550,leaderboard,49,blue-collar,married,secondary,0,8552,1,1,cellular,6,199,7,167,1,failure,0,5,spring,0.49999999999999994,-0.8660254037844387,0.9377521321470804,0.3473052528448203,1,0,28.428571428571427,1.4,1,0,3,4
2551,leaderboard,52,entrepreneur,married,secondary,0,0,0,0,cellular,7,82,2,-1,0,unknown,0,8,summer,-0.8660254037844385,-0.5000000000000004,0.9884683243281114,0.1514277775045767,1,0,41.0,0.25,0,0,3,1
2552,leaderboard,34,unemployed,single,secondary,0,0,0,0,cellular,17,63,2,-1,0,unknown,0,11,autumn,-0.5000000000000004,0.8660254037844384,-0.2993631229733582,-0.9541392564000488,0,0,31.5,0.18181818181818182,0,0,1,1
2553,leaderboard,47,services,married,secondary,0,0,1,0,telephone,9,250,1,-1,0,unknown,0,7,summer,-0.4999999999999997,-0.8660254037844388,0.9680771188662043,-0.2506525322587204,1,0,250.0,0.14285714285714285,0,0,3,1
2554,leaderboard,53,blue-collar,married,primary,0,23,1,0,unknown,6,266,3,-1,0,unknown,0,5,spring,0.49999999999999994,-0.8660254037844387,0.9377521321470804,0.3473052528448203,1,0,88.66666666666667,0.6,0,0,3,2
2555,leaderboard,50,admin.,divorced,secondary,0,1103,1,0,cellular,17,50,1,-1,0,unknown,0,4,spring,0.8660254037844387,-0.4999999999999998,-0.2993631229733582,-0.9541392564000488,0,0,50.0,0.25,0,0,3,3
2556,leaderboard,33,blue-collar,single,secondary,0,702,0,0,cellular,6,860,2,-1,0,unknown,0,2,winter,0.8660254037844386,0.5000000000000001,0.9377521321470804,0.3473052528448203,1,0,430.0,1.0,0,0,1,2
2557,leaderboard,36,services,single,secondary,0,760,0,0,unknown,20,9,13,-1,0,unknown,0,6,summer,1.2246467991473532e-16,-1.0,-0.7907757369376986,-0.6121059825476627,0,1,0.6923076923076923,2.1666666666666665,0,0,2,2
2558,leaderboard,37,blue-collar,married,primary,0,387,1,0,unknown,9,514,1,-1,0,unknown,0,5,spring,0.49999999999999994,-0.8660254037844387,0.9680771188662043,-0.2506525322587204,1,0,514.0,0.2,0,0,2,2
2559,leaderboard,38,blue-collar,married,secondary,0,530,1,1,unknown,23,553,2,-1,0,unknown,0,5,spring,0.49999999999999994,-0.8660254037844387,-0.9987165071710528,-0.05064916883871355,0,1,276.5,0.4,1,0,2,2
2560,leaderboard,48,technician,married,secondary,0,7028,0,0,cellular,6,80,2,-1,0,unknown,0,8,summer,-0.8660254037844385,-0.5000000000000004,0.9377521321470804,0.3473052528448203,1,0,40.0,0.25,0,0,3,4
2561,leaderboard,34,blue-collar,married,unknown,0,50,1,0,cellular,6,34,9,-1,0,unknown,0,5,spring,0.49999999999999994,-0.8660254037844387,0.9377521321470804,0.3473052528448203,1,0,3.7777777777777777,1.8,0,0,1,2
2562,leaderboard,36,management,married,tertiary,0,867,1,0,unknown,20,294,15,-1,0,unknown,0,5,spring,0.49999999999999994,-0.8660254037844387,-0.7907757369376986,-0.6121059825476627,0,1,19.6,3.0,0,0,2,2
2563,leaderboard,49,management,divorced,tertiary,0,1901,0,1,cellular,17,131,2,-1,0,unknown,0,11,autumn,-0.5000000000000004,0.8660254037844384,-0.2993631229733582,-0.9541392564000488,0,0,65.5,0.18181818181818182,1,0,3,3
2564,leaderboard,48,unemployed,divorced,secondary,0,1257,1,0,telephone,3,45,1,-1,0,unknown,0,2,winter,0.8660254037844386,0.5000000000000001,0.5712682150947923,0.8207634412072763,1,0,45.0,0.5,0,0,3,3
2565,leaderboard,44,blue-collar,married,primary,0,-21,1,0,unknown,9,13,1,-1,0,unknown,0,5,spring,0.49999999999999994,-0.8660254037844387,0.9680771188662043,-0.2506525322587204,1,0,13.0,0.2,1,0,2,1
2566,leaderboard,43,admin.,married,secondary,0,133,0,0,cellular,19,574,1,84,3,success,0,8,summer,-0.8660254037844385,-0.5000000000000004,-0.651372482722222,-0.7587581226927911,0,0,574.0,0.125,0,0,2,2
2567,leaderboard,24,blue-collar,single,secondary,0,70,1,0,unknown,16,236,2,-1,0,unknown,0,5,spring,0.49999999999999994,-0.8660254037844387,-0.10116832198743204,-0.9948693233918952,0,0,118.0,0.4,0,0,0,2
2568,leaderboard,53,management,married,tertiary,0,46,0,0,cellular,28,51,9,-1,0,unknown,0,8,summer,-0.8660254037844385,-0.5000000000000004,-0.5712682150947924,0.8207634412072763,0,1,5.666666666666667,1.125,0,0,3,2
2569,leaderboard,41,technician,married,secondary,0,2133,1,1,cellular,21,285,3,116,4,failure,0,11,autumn,-0.5000000000000004,0.8660254037844384,-0.8978045395707417,-0.44039415155763423,0,1,95.0,0.2727272727272727,1,0,2,3
2570,leaderboard,49,blue-collar,married,primary,0,1027,1,0,unknown,2,41,5,-1,0,unknown,0,6,summer,1.2246467991473532e-16,-1.0,0.39435585511331855,0.9189578116202306,1,0,8.2,0.8333333333333334,0,0,3,3
2571,leaderboard,32,management,married,secondary,0,357,1,0,unknown,28,110,2,-1,0,unknown,0,5,spring,0.49999999999999994,-0.8660254037844387,-0.5712682150947924,0.8207634412072763,0,1,55.0,0.4,0,0,1,2
2572,leaderboard,56,services,divorced,unknown,0,1874,1,0,unknown,30,86,1,-1,0,unknown,0,5,spring,0.49999999999999994,-0.8660254037844387,-0.20129852008866114,0.9795299412524943,0,1,86.0,0.2,0,0,4,3
2573,leaderboard,43,management,single,secondary,0,1025,1,0,unknown,2,145,1,-1,0,unknown,0,6,summer,1.2246467991473532e-16,-1.0,0.39435585511331855,0.9189578116202306,1,0,145.0,0.16666666666666666,0,0,2,3
2574,leaderboard,25,self-employed,single,tertiary,0,460,1,0,cellular,17,134,1,-1,0,unknown,0,7,summer,-0.4999999999999997,-0.8660254037844388,-0.2993631229733582,-0.9541392564000488,0,0,134.0,0.14285714285714285,0,0,1,2
2575,leaderboard,38,blue-collar,married,secondary,0,1654,1,0,cellular,13,217,3,327,1,failure,0,4,spring,0.8660254037844387,-0.4999999999999998,0.48530196253108104,-0.8743466161445821,0,0,72.33333333333333,0.75,0,0,2,3
2576,leaderboard,30,management,single,tertiary,1,34,0,0,cellular,30,185,4,-1,0,unknown,0,7,summer,-0.4999999999999997,-0.8660254037844388,-0.20129852008866114,0.9795299412524943,0,1,46.25,0.5714285714285714,1,0,1,2
2577,leaderboard,53,technician,divorced,secondary,0,0,1,1,cellular,15,135,5,-1,0,unknown,0,7,summer,-0.4999999999999997,-0.8660254037844388,0.10116832198743272,-0.994869323391895,0,0,27.0,0.7142857142857143,1,0,3,1
2578,leaderboard,51,blue-collar,married,primary,0,1456,1,0,unknown,7,406,2,-1,0,unknown,0,5,spring,0.49999999999999994,-0.8660254037844387,0.9884683243281114,0.1514277775045767,1,0,203.0,0.4,0,0,3,3
2579,leaderboard,33,admin.,divorced,secondary,0,821,1,1,cellular,16,301,3,-1,0,unknown,0,4,spring,0.8660254037844387,-0.4999999999999998,-0.10116832198743204,-0.9948693233918952,0,0,100.33333333333333,0.75,1,0,1,2
2580,leaderboard,40,management,married,tertiary,0,1727,1,0,unknown,2,169,1,-1,0,unknown,0,6,summer,1.2246467991473532e-16,-1.0,0.39435585511331855,0.9189578116202306,1,0,169.0,0.16666666666666666,0,0,2,3
2581,leaderboard,57,retired,married,primary,0,73,0,0,cellular,28,118,2,-1,0,unknown,0,8,summer,-0.8660254037844385,-0.5000000000000004,-0.5712682150947924,0.8207634412072763,0,1,59.0,0.25,0,0,4,2
2582,leaderboard,30,technician,single,tertiary,0,69,1,1,unknown,7,306,5,-1,0,unknown,0,5,spring,0.49999999999999994,-0.8660254037844387,0.9884683243281114,0.1514277775045767,1,0,61.2,1.0,1,0,1,2
2583,leaderboard,34,technician,married,secondary,0,1639,1,0,cellular,17,380,1,-1,0,unknown,0,4,spring,0.8660254037844387,-0.4999999999999998,-0.2993631229733582,-0.9541392564000488,0,0,380.0,0.25,0,0,1,3
2584,leaderboard,52,self-employed,married,secondary,0,1,0,1,unknown,6,44,1,-1,0,unknown,0,6,summer,1.2246467991473532e-16,-1.0,0.9377521321470804,0.3473052528448203,1,0,44.0,0.16666666666666666,1,0,3,2
2585,leaderboard,33,blue-collar,married,secondary,0,691,1,0,cellular,14,72,2,370,1,failure,0,5,spring,0.49999999999999994,-0.8660254037844387,0.29936312297335804,-0.9541392564000488,0,0,36.0,0.4,0,0,1,2
2586,leaderboard,43,management,married,tertiary,0,491,1,0,cellular,8,130,1,172,2,other,0,5,spring,0.49999999999999994,-0.8660254037844387,0.9987165071710528,-0.05064916883871264,1,0,130.0,0.2,0,0,2,2
2587,leaderboard,57,management,married,tertiary,0,2415,0,0,cellular,11,74,2,-1,0,unknown,0,8,summer,-0.8660254037844385,-0.5000000000000004,0.7907757369376989,-0.6121059825476626,0,0,37.0,0.25,0,0,4,3
2588,leaderboard,27,technician,single,secondary,0,242,1,0,cellular,12,13,5,-1,0,unknown,0,5,spring,0.49999999999999994,-0.8660254037844387,0.6513724827222223,-0.758758122692791,0,0,2.6,1.0,0,0,1,2
2589,leaderboard,40,self-employed,married,tertiary,0,651,0,0,cellular,18,147,3,-1,0,unknown,0,11,autumn,-0.5000000000000004,0.8660254037844384,-0.4853019625310808,-0.8743466161445822,0,0,49.0,0.2727272727272727,0,0,2,2
2590,leaderboard,54,services,married,secondary,0,166,1,0,unknown,19,198,1,-1,0,unknown,0,5,spring,0.49999999999999994,-0.8660254037844387,-0.651372482722222,-0.7587581226927911,0,0,198.0,0.2,0,0,3,2
2591,leaderboard,31,self-employed,married,tertiary,0,1139,0,0,cellular,6,174,2,-1,0,unknown,0,2,winter,0.8660254037844386,0.5000000000000001,0.9377521321470804,0.3473052528448203,1,0,87.0,1.0,0,0,1,3
2592,leaderboard,34,management,married,tertiary,0,0,1,0,unknown,8,214,2,-1,0,unknown,0,5,spring,0.49999999999999994,-0.8660254037844387,0.9987165071710528,-0.05064916883871264,1,0,107.0,0.4,0,0,1,1
2593,leaderboard,26,student,single,secondary,0,-139,0,0,unknown,4,95,2,-1,0,unknown,0,6,summer,1.2246467991473532e-16,-1.0,0.72479278722912,0.6889669190756866,1,0,47.5,0.3333333333333333,1,0,1,1
2594,leaderboard,55,admin.,married,secondary,0,1100,1,0,unknown,15,126,2,-1,0,unknown,0,5,spring,0.49999999999999994,-0.8660254037844387,0.10116832198743272,-0.994869323391895,0,0,63.0,0.4,0,0,4,3
2595,leaderboard,38,management,married,unknown,0,3574,0,0,cellular,25,349,2,183,1,success,0,11,autumn,-0.5000000000000004,0.8660254037844384,-0.9377521321470804,0.3473052528448203,0,1,174.5,0.18181818181818182,0,0,2,3
2596,leaderboard,42,admin.,married,secondary,0,0,0,0,unknown,19,370,1,-1,0,unknown,0,6,summer,1.2246467991473532e-16,-1.0,-0.651372482722222,-0.7587581226927911,0,0,370.0,0.16666666666666666,0,0,2,1
2597,leaderboard,60,self-employed,single,secondary,0,19,0,0,cellular,22,40,2,-1,0,unknown,0,8,summer,-0.8660254037844385,-0.5000000000000004,-0.9680771188662041,-0.2506525322587213,0,1,20.0,0.25,0,0,4,2
2598,leaderboard,37,technician,married,secondary,0,423,0,0,cellular,27,154,4,-1,0,unknown,0,8,summer,-0.8660254037844385,-0.5000000000000004,-0.72479278722912,0.6889669190756865,0,1,38.5,0.5,0,0,2,2
2599,leaderboard,52,technician,married,secondary,0,3552,0,1,cellular,8,89,1,-1,0,unknown,0,7,summer,-0.4999999999999997,-0.8660254037844388,0.9987165071710528,-0.05064916883871264,1,0,89.0,0.14285714285714285,1,0,3,3
2600,leaderboard,28,management,single,tertiary,0,1020,1,0,cellular,14,433,1,-1,0,unknown,0,5,spring,0.49999999999999994,-0.8660254037844387,0.29936312297335804,-0.9541392564000488,0,0,433.0,0.2,0,0,1,3
2601,leaderboard,34,admin.,single,secondary,0,853,0,0,cellular,14,108,2,-1,0,unknown,0,4,spring,0.8660254037844387,-0.4999999999999998,0.29936312297335804,-0.9541392564000488,0,0,54.0,0.5,0,0,1,2
2602,leaderboard,32,admin.,single,secondary,0,2811,1,0,cellular,21,195,1,-1,0,unknown,0,11,autumn,-0.5000000000000004,0.8660254037844384,-0.8978045395707417,-0.44039415155763423,0,1,195.0,0.09090909090909091,0,0,1,3
2603,leaderboard,51,blue-collar,married,primary,0,870,0,0,cellular,8,82,2,-1,0,unknown,0,8,summer,-0.8660254037844385,-0.5000000000000004,0.9987165071710528,-0.05064916883871264,1,0,41.0,0.25,0,0,3,2
2604,leaderboard,29,blue-collar,married,secondary,0,226,1,0,cellular,11,12,8,342,9,failure,0,5,spring,0.49999999999999994,-0.8660254037844387,0.7907757369376989,-0.6121059825476626,0,0,1.5,1.6,0,0,1,2
2605,leaderboard,40,management,married,tertiary,0,8978,1,0,cellular,17,153,1,-1,0,unknown,0,11,autumn,-0.5000000000000004,0.8660254037844384,-0.2993631229733582,-0.9541392564000488,0,0,153.0,0.09090909090909091,0,0,2,4
2606,leaderboard,46,management,divorced,secondary,0,-848,0,1,cellular,29,728,2,-1,0,unknown,0,8,summer,-0.8660254037844385,-0.5000000000000004,-0.3943558551133187,0.9189578116202306,0,1,364.0,0.25,2,0,3,1
2607,leaderboard,59,management,married,secondary,0,44,0,0,cellular,21,40,1,-1,0,unknown,0,11,autumn,-0.5000000000000004,0.8660254037844384,-0.8978045395707417,-0.44039415155763423,0,1,40.0,0.09090909090909091,0,0,4,2
2608,leaderboard,31,admin.,married,secondary,0,89,1,1,cellular,8,189,2,-1,0,unknown,0,8,summer,-0.8660254037844385,-0.5000000000000004,0.9987165071710528,-0.05064916883871264,1,0,94.5,0.25,1,0,1,2
2609,leaderboard,52,blue-collar,married,secondary,0,60,0,1,cellular,26,196,2,-1,0,unknown,0,8,summer,-0.8660254037844385,-0.5000000000000004,-0.8486442574947509,0.5289640103269624,0,1,98.0,0.25,1,0,3,2
2610,leaderboard,38,blue-collar,married,secondary,0,358,1,0,unknown,11,601,1,-1,0,unknown,0,6,summer,1.2246467991473532e-16,-1.0,0.7907757369376989,-0.6121059825476626,0,0,601.0,0.16666666666666666,0,0,2,2
2611,leaderboard,37,management,married,tertiary,0,0,0,0,cellular,16,268,2,182,3,success,0,7,summer,-0.4999999999999997,-0.8660254037844388,-0.10116832198743204,-0.9948693233918952,0,0,134.0,0.2857142857142857,0,0,2,1
2612,leaderboard,40,self-employed,married,tertiary,0,13677,0,0,cellular,15,138,1,136,8,other,0,10,autumn,-0.8660254037844386,0.5000000000000001,0.10116832198743272,-0.994869323391895,0,0,138.0,0.1,0,0,2,5
2613,leaderboard,28,blue-collar,single,primary,0,0,1,1,unknown,3,380,4,-1,0,unknown,0,6,summer,1.2246467991473532e-16,-1.0,0.5712682150947923,0.8207634412072763,1,0,95.0,0.6666666666666666,1,0,1,1
2614,leaderboard,32,admin.,married,secondary,0,73,1,0,unknown,21,189,2,-1,0,unknown,0,5,spring,0.49999999999999994,-0.8660254037844387,-0.8978045395707417,-0.44039415155763423,0,1,94.5,0.4,0,0,1,2
2615,leaderboard,50,blue-collar,married,primary,0,1161,1,0,unknown,8,166,2,-1,0,unknown,0,5,spring,0.49999999999999994,-0.8660254037844387,0.9987165071710528,-0.05064916883871264,1,0,83.0,0.4,0,0,3,3
2616,leaderboard,58,blue-collar,married,primary,0,0,1,0,unknown,29,535,2,-1,0,unknown,0,5,spring,0.49999999999999994,-0.8660254037844387,-0.3943558551133187,0.9189578116202306,0,1,267.5,0.4,0,0,4,1
2617,leaderboard,48,blue-collar,married,secondary,0,-196,1,1,cellular,30,225,4,-1,0,unknown,0,7,summer,-0.4999999999999997,-0.8660254037844388,-0.20129852008866114,0.9795299412524943,0,1,56.25,0.5714285714285714,2,0,3,1
2618,leaderboard,53,entrepreneur,married,tertiary,0,22379,1,0,unknown,15,106,1,-1,0,unknown,0,5,spring,0.49999999999999994,-0.8660254037844387,0.10116832198743272,-0.994869323391895,0,0,106.0,0.2,0,0,3,5
2619,leaderboard,33,blue-collar,married,secondary,0,-349,1,1,unknown,23,29,3,-1,0,unknown,0,5,spring,0.49999999999999994,-0.8660254037844387,-0.9987165071710528,-0.05064916883871355,0,1,9.666666666666666,0.6,2,0,1,1
2620,leaderboard,31,technician,single,secondary,0,1016,1,0,cellular,23,158,4,-1,0,unknown,0,7,summer,-0.4999999999999997,-0.8660254037844388,-0.9987165071710528,-0.05064916883871355,0,1,39.5,0.5714285714285714,0,0,1,3
2621,leaderboard,55,entrepreneur,divorced,tertiary,0,0,0,0,unknown,6,108,2,-1,0,unknown,0,6,summer,1.2246467991473532e-16,-1.0,0.9377521321470804,0.3473052528448203,1,0,54.0,0.3333333333333333,0,0,4,1
2622,leaderboard,54,technician,divorced,secondary,0,789,1,1,unknown,15,579,1,-1,0,unknown,0,5,spring,0.49999999999999994,-0.8660254037844387,0.10116832198743272,-0.994869323391895,0,0,579.0,0.2,1,0,3,2
2623,leaderboard,29,admin.,single,secondary,0,420,1,1,cellular,7,54,1,345,2,failure,0,5,spring,0.49999999999999994,-0.8660254037844387,0.9884683243281114,0.1514277775045767,1,0,54.0,0.2,1,0,1,2
2624,leaderboard,34,management,single,tertiary,0,308,1,0,unknown,9,133,2,-1,0,unknown,0,5,spring,0.49999999999999994,-0.8660254037844387,0.9680771188662043,-0.2506525322587204,1,0,66.5,0.4,0,0,1,2
2625,leaderboard,44,management,married,unknown,0,420,1,0,telephone,14,7,7,-1,0,unknown,0,5,spring,0.49999999999999994,-0.8660254037844387,0.29936312297335804,-0.9541392564000488,0,0,1.0,1.4,0,0,2,2
2626,leaderboard,38,services,married,secondary,0,425,1,0,unknown,23,193,2,-1,0,unknown,0,5,spring,0.49999999999999994,-0.8660254037844387,-0.9987165071710528,-0.05064916883871355,0,1,96.5,0.4,0,0,2,2
2627,leaderboard,31,technician,divorced,secondary,0,198,1,0,cellular,18,146,1,-1,0,unknown,0,7,summer,-0.4999999999999997,-0.8660254037844388,-0.4853019625310808,-0.8743466161445822,0,0,146.0,0.14285714285714285,0,0,1,2
2628,leaderboard,41,technician,married,secondary,0,357,1,0,cellular,9,175,1,-1,0,unknown,0,7,summer,-0.4999999999999997,-0.8660254037844388,0.9680771188662043,-0.2506525322587204,1,0,175.0,0.14285714285714285,0,0,2,2
2629,leaderboard,31,blue-collar,married,unknown,0,-127,1,0,cellular,17,231,2,-1,0,unknown,0,7,summer,-0.4999999999999997,-0.8660254037844388,-0.2993631229733582,-0.9541392564000488,0,0,115.5,0.2857142857142857,1,0,1,1
2630,leaderboard,45,admin.,married,secondary,0,-384,1,0,cellular,14,175,2,-1,0,unknown,0,7,summer,-0.4999999999999997,-0.8660254037844388,0.29936312297335804,-0.9541392564000488,0,0,87.5,0.2857142857142857,1,0,3,1
2631,leaderboard,56,management,divorced,tertiary,0,667,0,1,cellular,2,56,1,-1,0,unknown,0,6,summer,1.2246467991473532e-16,-1.0,0.39435585511331855,0.9189578116202306,1,0,56.0,0.16666666666666666,1,0,4,2
2632,leaderboard,51,management,married,tertiary,0,-24,0,0,cellular,25,212,2,-1,0,unknown,0,7,summer,-0.4999999999999997,-0.8660254037844388,-0.9377521321470804,0.3473052528448203,0,1,106.0,0.2857142857142857,1,0,3,1
2633,leaderboard,43,blue-collar,married,primary,0,7336,1,0,unknown,2,217,4,-1,0,unknown,0,6,summer,1.2246467991473532e-16,-1.0,0.39435585511331855,0.9189578116202306,1,0,54.25,0.6666666666666666,0,0,2,4
2634,leaderboard,35,blue-collar,married,secondary,0,1248,1,0,cellular,20,93,3,329,7,failure,0,4,spring,0.8660254037844387,-0.4999999999999998,-0.7907757369376986,-0.6121059825476627,0,1,31.0,0.75,0,0,2,3
2635,leaderboard,38,technician,single,secondary,0,177,0,0,cellular,29,150,4,-1,0,unknown,0,8,summer,-0.8660254037844385,-0.5000000000000004,-0.3943558551133187,0.9189578116202306,0,1,37.5,0.5,0,0,2,2
2636,leaderboard,84,retired,divorced,primary,0,636,0,0,telephone,18,353,3,-1,0,unknown,0,5,spring,0.49999999999999994,-0.8660254037844387,-0.4853019625310808,-0.8743466161445822,0,0,117.66666666666667,0.6,0,0,5,2
2637,leaderboard,41,unemployed,divorced,secondary,0,1287,0,0,cellular,31,45,3,-1,0,unknown,0,7,summer,-0.4999999999999997,-0.8660254037844388,-2.4492935982947064e-16,1.0,0,1,15.0,0.42857142857142855,0,0,2,3
2638,leaderboard,30,blue-collar,married,secondary,0,116,1,0,unknown,29,238,2,-1,0,unknown,0,5,spring,0.49999999999999994,-0.8660254037844387,-0.3943558551133187,0.9189578116202306,0,1,119.0,0.4,0,0,1,2
2639,leaderboard,27,services,single,secondary,0,261,1,1,cellular,18,113,1,-1,0,unknown,0,5,spring,0.49999999999999994,-0.8660254037844387,-0.4853019625310808,-0.8743466161445822,0,0,113.0,0.2,1,0,1,2
2640,leaderboard,40,management,married,tertiary,0,1220,1,1,cellular,18,155,1,-1,0,unknown,0,11,autumn,-0.5000000000000004,0.8660254037844384,-0.4853019625310808,-0.8743466161445822,0,0,155.0,0.09090909090909091,1,0,2,3
2641,leaderboard,56,blue-collar,married,primary,0,413,1,0,unknown,9,76,1,-1,0,unknown,0,5,spring,0.49999999999999994,-0.8660254037844387,0.9680771188662043,-0.2506525322587204,1,0,76.0,0.2,0,0,4,2
2642,leaderboard,33,blue-collar,married,secondary,0,1127,1,0,unknown,23,304,2,-1,0,unknown,0,5,spring,0.49999999999999994,-0.8660254037844387,-0.9987165071710528,-0.05064916883871355,0,1,152.0,0.4,0,0,1,3
2643,leaderboard,31,technician,single,secondary,0,389,0,0,cellular,13,336,2,-1,0,unknown,0,8,summer,-0.8660254037844385,-0.5000000000000004,0.48530196253108104,-0.8743466161445821,0,0,168.0,0.25,0,0,1,2
2644,leaderboard,39,self-employed,married,secondary,0,38,1,0,cellular,20,61,2,181,4,failure,0,11,autumn,-0.5000000000000004,0.8660254037844384,-0.7907757369376986,-0.6121059825476627,0,1,30.5,0.18181818181818182,0,0,2,2
2645,leaderboard,54,management,divorced,tertiary,0,3223,0,0,cellular,14,67,2,-1,0,unknown,0,8,summer,-0.8660254037844385,-0.5000000000000004,0.29936312297335804,-0.9541392564000488,0,0,33.5,0.25,0,0,3,3
2646,leaderboard,57,retired,married,unknown,0,1616,1,0,unknown,19,108,1,-1,0,unknown,0,6,summer,1.2246467991473532e-16,-1.0,-0.651372482722222,-0.7587581226927911,0,0,108.0,0.16666666666666666,0,0,4,3
2647,leaderboard,54,retired,married,secondary,0,3661,0,0,unknown,11,67,3,-1,0,unknown,0,6,summer,1.2246467991473532e-16,-1.0,0.7907757369376989,-0.6121059825476626,0,0,22.333333333333332,0.5,0,0,3,3
2648,leaderboard,46,management,divorced,tertiary,0,19,0,0,unknown,17,564,2,-1,0,unknown,0,6,summer,1.2246467991473532e-16,-1.0,-0.2993631229733582,-0.9541392564000488,0,0,282.0,0.3333333333333333,0,0,3,2
2649,leaderboard,51,entrepreneur,divorced,tertiary,0,13,1,1,cellular,20,74,5,-1,0,unknown,0,4,spring,0.8660254037844387,-0.4999999999999998,-0.7907757369376986,-0.6121059825476627,0,1,14.8,1.25,1,0,3,2
2650,leaderboard,32,unemployed,married,secondary,0,2394,1,1,cellular,5,450,3,-1,0,unknown,0,2,winter,0.8660254037844386,0.5000000000000001,0.8486442574947509,0.5289640103269624,1,0,150.0,1.5,1,0,1,3
2651,leaderboard,42,blue-collar,married,primary,0,0,1,1,cellular,7,209,2,-1,0,unknown,0,5,spring,0.49999999999999994,-0.8660254037844387,0.9884683243281114,0.1514277775045767,1,0,104.5,0.4,1,0,2,1
2652,leaderboard,34,admin.,married,secondary,0,470,1,0,unknown,7,559,1,-1,0,unknown,0,5,spring,0.49999999999999994,-0.8660254037844387,0.9884683243281114,0.1514277775045767,1,0,559.0,0.2,0,0,1,2
2653,leaderboard,45,management,divorced,tertiary,0,0,0,0,unknown,1,5,1,-1,0,unknown,0,6,summer,1.2246467991473532e-16,-1.0,0.20129852008866006,0.9795299412524945,1,0,5.0,0.16666666666666666,0,0,3,1
2654,leaderboard,36,technician,divorced,secondary,0,5965,1,0,cellular,18,138,2,-1,0,unknown,0,11,autumn,-0.5000000000000004,0.8660254037844384,-0.4853019625310808,-0.8743466161445822,0,0,69.0,0.18181818181818182,0,0,2,4
2655,leaderboard,26,self-employed,single,tertiary,0,1146,0,0,cellular,4,238,3,-1,0,unknown,0,5,spring,0.49999999999999994,-0.8660254037844387,0.72479278722912,0.6889669190756866,1,0,79.33333333333333,0.6,0,0,1,3
2656,leaderboard,36,blue-collar,married,secondary,0,767,1,0,cellular,6,185,3,-1,0,unknown,0,5,spring,0.49999999999999994,-0.8660254037844387,0.9377521321470804,0.3473052528448203,1,0,61.666666666666664,0.6,0,0,2,2
2657,leaderboard,46,blue-collar,married,primary,0,1295,1,0,cellular,14,142,3,259,17,failure,0,5,spring,0.49999999999999994,-0.8660254037844387,0.29936312297335804,-0.9541392564000488,0,0,47.333333333333336,0.6,0,0,3,3
2658,leaderboard,54,blue-collar,married,secondary,0,1296,1,0,unknown,5,266,1,-1,0,unknown,0,5,spring,0.49999999999999994,-0.8660254037844387,0.8486442574947509,0.5289640103269624,1,0,266.0,0.2,0,0,3,3
2659,leaderboard,53,retired,married,secondary,0,6101,1,1,cellular,14,410,5,-1,0,unknown,0,5,spring,0.49999999999999994,-0.8660254037844387,0.29936312297335804,-0.9541392564000488,0,0,82.0,1.0,1,0,3,4
2660,leaderboard,37,entrepreneur,married,tertiary,0,7938,0,0,cellular,21,102,1,-1,0,unknown,0,11,autumn,-0.5000000000000004,0.8660254037844384,-0.8978045395707417,-0.44039415155763423,0,1,102.0,0.09090909090909091,0,0,2,4
2661,leaderboard,38,technician,single,secondary,0,53,0,0,cellular,29,98,2,-1,0,unknown,0,8,summer,-0.8660254037844385,-0.5000000000000004,-0.3943558551133187,0.9189578116202306,0,1,49.0,0.25,0,0,2,2
2662,leaderboard,35,services,married,secondary,0,0,0,1,telephone,9,42,1,-1,0,unknown,0,7,summer,-0.4999999999999997,-0.8660254037844388,0.9680771188662043,-0.2506525322587204,1,0,42.0,0.14285714285714285,1,0,2,1
2663,leaderboard,34,management,married,tertiary,0,421,0,1,cellular,23,361,2,-1,0,unknown,0,7,summer,-0.4999999999999997,-0.8660254037844388,-0.9987165071710528,-0.05064916883871355,0,1,180.5,0.2857142857142857,1,0,1,2
2664,leaderboard,59,management,divorced,tertiary,0,7809,1,0,cellular,21,75,1,-1,0,unknown,0,11,autumn,-0.5000000000000004,0.8660254037844384,-0.8978045395707417,-0.44039415155763423,0,1,75.0,0.09090909090909091,0,0,4,4
2665,leaderboard,33,housemaid,married,primary,0,211,1,0,cellular,11,260,2,-1,0,unknown,0,7,summer,-0.4999999999999997,-0.8660254037844388,0.7907757369376989,-0.6121059825476626,0,0,130.0,0.2857142857142857,0,0,1,2
2666,leaderboard,87,retired,married,primary,0,230,0,0,cellular,30,144,1,-1,0,unknown,0,10,autumn,-0.8660254037844386,0.5000000000000001,-0.20129852008866114,0.9795299412524943,0,1,144.0,0.1,0,0,5,2
2667,leaderboard,35,blue-collar,single,primary,0,302,1,0,unknown,30,521,2,-1,0,unknown,0,5,spring,0.49999999999999994,-0.8660254037844387,-0.20129852008866114,0.9795299412524943,0,1,260.5,0.4,0,0,2,2
2668,leaderboard,46,blue-collar,married,secondary,0,0,1,0,cellular,8,264,2,-1,0,unknown,0,5,spring,0.49999999999999994,-0.8660254037844387,0.9987165071710528,-0.05064916883871264,1,0,132.0,0.4,0,0,3,1
2669,leaderboard,61,self-employed,divorced,tertiary,0,6605,0,0,cellular,24,481,2,-1,0,unknown,0,2,winter,0.8660254037844386,0.5000000000000001,-0.9884683243281114,0.15142777750457667,0,1,240.5,1.0,0,0,4,4
2670,leaderboard,31,management,single,tertiary,0,382,1,0,unknown,21,304,1,-1,0,unknown,0,5,spring,0.49999999999999994,-0.8660254037844387,-0.8978045395707417,-0.44039415155763423,0,1,304.0,0.2,0,0,1,2
2671,leaderboard,43,admin.,married,secondary,0,-459,1,1,cellular,23,166,1,-1,0,unknown,0,7,summer,-0.4999999999999997,-0.8660254037844388,-0.9987165071710528,-0.05064916883871355,0,1,166.0,0.14285714285714285,2,0,2,1
2672,leaderboard,41,housemaid,single,secondary,0,223,0,0,cellular,9,76,2,-1,0,unknown,0,7,summer,-0.4999999999999997,-0.8660254037844388,0.9680771188662043,-0.2506525322587204,1,0,38.0,0.2857142857142857,0,0,2,2
2673,leaderboard,36,technician,divorced,tertiary,0,1166,1,0,cellular,18,192,2,-1,0,unknown,0,11,autumn,-0.5000000000000004,0.8660254037844384,-0.4853019625310808,-0.8743466161445822,0,0,96.0,0.18181818181818182,0,0,2,3
2674,leaderboard,48,services,single,unknown,0,5090,1,0,unknown,16,71,1,-1,0,unknown,0,6,summer,1.2246467991473532e-16,-1.0,-0.10116832198743204,-0.9948693233918952,0,0,71.0,0.16666666666666666,0,0,3,4
2675,leaderboard,43,management,divorced,tertiary,0,397,1,0,unknown,8,2087,2,-1,0,unknown,0,5,spring,0.49999999999999994,-0.8660254037844387,0.9987165071710528,-0.05064916883871264,1,0,1043.5,0.4,0,0,2,2
2676,leaderboard,51,retired,married,secondary,0,43,0,1,cellular,8,123,4,-1,0,unknown,0,7,summer,-0.4999999999999997,-0.8660254037844388,0.9987165071710528,-0.05064916883871264,1,0,30.75,0.5714285714285714,1,0,3,2
2677,leaderboard,30,management,married,tertiary,0,3142,1,0,cellular,17,124,1,-1,0,unknown,0,7,summer,-0.4999999999999997,-0.8660254037844388,-0.2993631229733582,-0.9541392564000488,0,0,124.0,0.14285714285714285,0,0,1,3
2678,leaderboard,34,admin.,married,secondary,0,5317,0,0,cellular,3,114,6,467,5,other,0,3,spring,1.0,6.123233995736766e-17,0.5712682150947923,0.8207634412072763,1,0,19.0,2.0,0,0,1,4
2679,leaderboard,38,technician,married,tertiary,0,434,1,0,cellular,15,10,2,373,1,other,0,5,spring,0.49999999999999994,-0.8660254037844387,0.10116832198743272,-0.994869323391895,0,0,5.0,0.4,0,0,2,2
2680,leaderboard,45,admin.,married,unknown,0,1775,0,0,unknown,20,11,11,-1,0,unknown,0,6,summer,1.2246467991473532e-16,-1.0,-0.7907757369376986,-0.6121059825476627,0,1,1.0,1.8333333333333333,0,0,3,3
2681,leaderboard,51,management,married,tertiary,0,634,1,0,cellular,5,138,1,-1,0,unknown,0,5,spring,0.49999999999999994,-0.8660254037844387,0.8486442574947509,0.5289640103269624,1,0,138.0,0.2,0,0,3,2
2682,leaderboard,42,technician,married,secondary,0,0,0,0,cellular,29,82,12,-1,0,unknown,0,8,summer,-0.8660254037844385,-0.5000000000000004,-0.3943558551133187,0.9189578116202306,0,1,6.833333333333333,1.5,0,0,2,1
2683,leaderboard,46,entrepreneur,married,unknown,0,235,1,0,unknown,9,332,2,-1,0,unknown,0,5,spring,0.49999999999999994,-0.8660254037844387,0.9680771188662043,-0.2506525322587204,1,0,166.0,0.4,0,0,3,2
2684,leaderboard,32,management,single,tertiary,0,11788,1,0,cellular,11,95,2,-1,0,unknown,0,8,summer,-0.8660254037844385,-0.5000000000000004,0.7907757369376989,-0.6121059825476626,0,0,47.5,0.25,0,0,1,5
2685,leaderboard,57,blue-collar,married,secondary,0,2890,0,0,cellular,21,819,10,-1,0,unknown,0,8,summer,-0.8660254037844385,-0.5000000000000004,-0.8978045395707417,-0.44039415155763423,0,1,81.9,1.25,0,0,4,3
2686,leaderboard,47,blue-collar,married,secondary,0,1201,1,0,cellular,17,239,2,-1,0,unknown,0,4,spring,0.8660254037844387,-0.4999999999999998,-0.2993631229733582,-0.9541392564000488,0,0,119.5,0.5,0,0,3,3
2687,leaderboard,36,blue-collar,married,unknown,0,1,0,0,unknown,20,41,7,-1,0,unknown,0,6,summer,1.2246467991473532e-16,-1.0,-0.7907757369376986,-0.6121059825476627,0,1,5.857142857142857,1.1666666666666667,0,0,2,2
2688,leaderboard,41,blue-collar,married,primary,0,1178,1,0,unknown,15,153,1,-1,0,unknown,0,5,spring,0.49999999999999994,-0.8660254037844387,0.10116832198743272,-0.994869323391895,0,0,153.0,0.2,0,0,2,3
2689,leaderboard,34,blue-collar,married,secondary,0,241,1,1,unknown,26,193,5,-1,0,unknown,0,5,spring,0.49999999999999994,-0.8660254037844387,-0.8486442574947509,0.5289640103269624,0,1,38.6,1.0,1,0,1,2
2690,leaderboard,42,self-employed,married,tertiary,0,1924,1,0,unknown,16,192,32,-1,0,unknown,0,5,spring,0.49999999999999994,-0.8660254037844387,-0.10116832198743204,-0.9948693233918952,0,0,6.0,6.4,0,0,2,3
2691,leaderboard,59,housemaid,married,tertiary,0,0,0,1,cellular,29,376,2,-1,0,unknown,0,7,summer,-0.4999999999999997,-0.8660254037844388,-0.3943558551133187,0.9189578116202306,0,1,188.0,0.2857142857142857,1,0,4,1
2692,leaderboard,53,management,married,secondary,0,67,0,1,telephone,8,141,1,-1,0,unknown,0,7,summer,-0.4999999999999997,-0.8660254037844388,0.9987165071710528,-0.05064916883871264,1,0,141.0,0.14285714285714285,1,0,3,2
2693,leaderboard,32,self-employed,married,tertiary,0,3607,0,0,cellular,22,171,15,-1,0,unknown,0,8,summer,-0.8660254037844385,-0.5000000000000004,-0.9680771188662041,-0.2506525322587213,0,1,11.4,1.875,0,0,1,3
2694,leaderboard,33,technician,single,secondary,0,654,1,1,cellular,4,124,1,273,1,other,0,2,winter,0.8660254037844386,0.5000000000000001,0.72479278722912,0.6889669190756866,1,0,124.0,0.5,1,0,1,2
2695,leaderboard,53,self-employed,married,tertiary,0,449,1,0,cellular,2,125,1,249,2,failure,0,2,winter,0.8660254037844386,0.5000000000000001,0.39435585511331855,0.9189578116202306,1,0,125.0,0.5,0,0,3,2
2696,leaderboard,35,technician,single,secondary,0,0,0,0,cellular,11,239,4,-1,0,unknown,0,8,summer,-0.8660254037844385,-0.5000000000000004,0.7907757369376989,-0.6121059825476626,0,0,59.75,0.5,0,0,2,1
2697,leaderboard,59,self-employed,married,tertiary,0,2019,0,0,cellular,19,222,4,94,2,success,0,2,winter,0.8660254037844386,0.5000000000000001,-0.651372482722222,-0.7587581226927911,0,0,55.5,2.0,0,0,4,3
2698,leaderboard,50,housemaid,married,secondary,0,7314,1,0,cellular,13,172,1,370,1,failure,0,5,spring,0.49999999999999994,-0.8660254037844387,0.48530196253108104,-0.8743466161445821,0,0,172.0,0.2,0,0,3,4
2699,leaderboard,70,retired,divorced,primary,0,4525,0,0,cellular,18,445,1,-1,0,unknown,0,5,spring,0.49999999999999994,-0.8660254037844387,-0.4853019625310808,-0.8743466161445822,0,0,445.0,0.2,0,0,5,3
2700,leaderboard,52,admin.,married,secondary,0,391,1,0,unknown,15,391,3,-1,0,unknown,0,5,spring,0.49999999999999994,-0.8660254037844387,0.10116832198743272,-0.994869323391895,0,0,130.33333333333334,0.6,0,0,3,2
2701,leaderboard,37,management,married,tertiary,0,767,0,1,cellular,2,204,1,-1,0,unknown,0,2,winter,0.8660254037844386,0.5000000000000001,0.39435585511331855,0.9189578116202306,1,0,204.0,0.5,1,0,2,2
2702,leaderboard,41,self-employed,single,tertiary,0,3941,1,0,unknown,30,96,2,-1,0,unknown,0,5,spring,0.49999999999999994,-0.8660254037844387,-0.20129852008866114,0.9795299412524943,0,1,48.0,0.4,0,0,2,3
2703,leaderboard,31,admin.,married,secondary,0,307,1,0,cellular,17,279,1,-1,0,unknown,0,4,spring,0.8660254037844387,-0.4999999999999998,-0.2993631229733582,-0.9541392564000488,0,0,279.0,0.25,0,0,1,2
2704,leaderboard,25,services,single,secondary,0,-362,0,0,cellular,15,246,1,-1,0,unknown,0,7,summer,-0.4999999999999997,-0.8660254037844388,0.10116832198743272,-0.994869323391895,0,0,246.0,0.14285714285714285,1,0,1,1
2705,leaderboard,47,technician,divorced,secondary,0,2918,1,0,cellular,18,405,13,-1,0,unknown,0,8,summer,-0.8660254037844385,-0.5000000000000004,-0.4853019625310808,-0.8743466161445822,0,0,31.153846153846153,1.625,0,0,3,3
2706,leaderboard,35,technician,married,secondary,0,141,1,0,cellular,19,299,2,-1,0,unknown,0,8,summer,-0.8660254037844385,-0.5000000000000004,-0.651372482722222,-0.7587581226927911,0,0,149.5,0.25,0,0,2,2
2707,leaderboard,37,blue-collar,married,secondary,0,-75,0,0,cellular,2,157,1,-1,0,unknown,0,2,winter,0.8660254037844386,0.5000000000000001,0.39435585511331855,0.9189578116202306,1,0,157.0,0.5,1,0,2,1
2708,leaderboard,38,entrepreneur,married,tertiary,0,167,1,0,cellular,18,442,1,-1,0,unknown,0,5,spring,0.49999999999999994,-0.8660254037844387,-0.4853019625310808,-0.8743466161445822,0,0,442.0,0.2,0,0,2,2
2709,leaderboard,33,blue-collar,single,secondary,0,5140,1,0,cellular,6,123,1,-1,0,unknown,0,5,spring,0.49999999999999994,-0.8660254037844387,0.9377521321470804,0.3473052528448203,1,0,123.0,0.2,0,0,1,4
2710,leaderboard,46,technician,married,secondary,0,2094,0,0,cellular,7,110,2,-1,0,unknown,0,8,summer,-0.8660254037844385,-0.5000000000000004,0.9884683243281114,0.1514277775045767,1,0,55.0,0.25,0,0,3,3
2711,leaderboard,32,unemployed,married,secondary,0,2,1,0,unknown,6,501,4,-1,0,unknown,0,5,spring,0.49999999999999994,-0.8660254037844387,0.9377521321470804,0.3473052528448203,1,0,125.25,0.8,0,0,1,2
2712,leaderboard,34,entrepreneur,married,tertiary,0,110,1,0,unknown,28,249,2,-1,0,unknown,0,5,spring,0.49999999999999994,-0.8660254037844387,-0.5712682150947924,0.8207634412072763,0,1,124.5,0.4,0,0,1,2
2713,leaderboard,53,blue-collar,single,unknown,0,0,0,0,unknown,12,140,7,-1,0,unknown,0,5,spring,0.49999999999999994,-0.8660254037844387,0.6513724827222223,-0.758758122692791,0,0,20.0,1.4,0,0,3,1
2714,leaderboard,40,services,married,secondary,0,1323,0,0,unknown,11,150,2,-1,0,unknown,0,6,summer,1.2246467991473532e-16,-1.0,0.7907757369376989,-0.6121059825476626,0,0,75.0,0.3333333333333333,0,0,2,3
2715,leaderboard,53,management,married,tertiary,0,1317,1,0,cellular,16,427,1,150,1,failure,0,4,spring,0.8660254037844387,-0.4999999999999998,-0.10116832198743204,-0.9948693233918952,0,0,427.0,0.25,0,0,3,3
2716,leaderboard,34,technician,single,secondary,0,310,0,1,cellular,25,239,5,-1,0,unknown,0,7,summer,-0.4999999999999997,-0.8660254037844388,-0.9377521321470804,0.3473052528448203,0,1,47.8,0.7142857142857143,1,0,1,2
2717,leaderboard,32,blue-collar,married,secondary,0,-73,1,0,unknown,30,198,1,-1,0,unknown,0,5,spring,0.49999999999999994,-0.8660254037844387,-0.20129852008866114,0.9795299412524943,0,1,198.0,0.2,1,0,1,1
2718,leaderboard,47,self-employed,married,tertiary,0,4538,1,0,unknown,14,162,1,-1,0,unknown,0,5,spring,0.49999999999999994,-0.8660254037844387,0.29936312297335804,-0.9541392564000488,0,0,162.0,0.2,0,0,3,3
2719,leaderboard,36,management,married,secondary,0,86,1,0,unknown,30,251,3,-1,0,unknown,0,5,spring,0.49999999999999994,-0.8660254037844387,-0.20129852008866114,0.9795299412524943,0,1,83.66666666666667,0.6,0,0,2,2
2720,leaderboard,45,blue-collar,married,secondary,0,776,1,0,cellular,6,232,4,253,1,failure,0,2,winter,0.8660254037844386,0.5000000000000001,0.9377521321470804,0.3473052528448203,1,0,58.0,2.0,0,0,3,2
2721,leaderboard,29,technician,single,tertiary,0,223,1,0,cellular,12,169,1,-1,0,unknown,0,4,spring,0.8660254037844387,-0.4999999999999998,0.6513724827222223,-0.758758122692791,0,0,169.0,0.25,0,0,1,2
2722,leaderboard,34,management,married,tertiary,0,-309,1,0,cellular,30,140,2,-1,0,unknown,0,4,spring,0.8660254037844387,-0.4999999999999998,-0.20129852008866114,0.9795299412524943,0,1,70.0,0.5,1,0,1,1
2723,leaderboard,35,management,married,tertiary,0,85,0,0,cellular,4,198,2,88,1,other,0,5,spring,0.49999999999999994,-0.8660254037844387,0.72479278722912,0.6889669190756866,1,0,99.0,0.4,0,0,2,2
2724,leaderboard,27,housemaid,married,primary,0,0,1,0,cellular,23,435,3,-1,0,unknown,0,7,summer,-0.4999999999999997,-0.8660254037844388,-0.9987165071710528,-0.05064916883871355,0,1,145.0,0.42857142857142855,0,0,1,1
2725,leaderboard,50,management,divorced,tertiary,0,352,0,0,cellular,8,198,2,358,5,other,0,5,spring,0.49999999999999994,-0.8660254037844387,0.9987165071710528,-0.05064916883871264,1,0,99.0,0.4,0,0,3,2
2726,leaderboard,39,entrepreneur,married,unknown,0,104,1,0,telephone,15,59,3,367,1,other,0,5,spring,0.49999999999999994,-0.8660254037844387,0.10116832198743272,-0.994869323391895,0,0,19.666666666666668,0.6,0,0,2,2
2727,leaderboard,46,technician,married,secondary,0,499,1,0,cellular,31,37,10,-1,0,unknown,0,7,summer,-0.4999999999999997,-0.8660254037844388,-2.4492935982947064e-16,1.0,0,1,3.7,1.4285714285714286,0,0,3,2
2728,leaderboard,33,technician,divorced,tertiary,0,32,0,0,cellular,19,123,5,-1,0,unknown,0,8,summer,-0.8660254037844385,-0.5000000000000004,-0.651372482722222,-0.7587581226927911,0,0,24.6,0.625,0,0,1,2
2729,leaderboard,43,management,married,tertiary,0,416,0,0,cellular,12,110,1,-1,0,unknown,0,8,summer,-0.8660254037844385,-0.5000000000000004,0.6513724827222223,-0.758758122692791,0,0,110.0,0.125,0,0,2,2
2730,leaderboard,35,admin.,married,secondary,0,0,1,0,cellular,20,18,5,-1,0,unknown,0,4,spring,0.8660254037844387,-0.4999999999999998,-0.7907757369376986,-0.6121059825476627,0,1,3.6,1.25,0,0,2,1
2731,leaderboard,36,technician,divorced,tertiary,0,118,0,0,cellular,23,127,8,-1,0,unknown,0,7,summer,-0.4999999999999997,-0.8660254037844388,-0.9987165071710528,-0.05064916883871355,0,1,15.875,1.1428571428571428,0,0,2,2
2732,leaderboard,55,retired,divorced,secondary,0,132,0,0,cellular,17,205,1,-1,0,unknown,0,7,summer,-0.4999999999999997,-0.8660254037844388,-0.2993631229733582,-0.9541392564000488,0,0,205.0,0.14285714285714285,0,0,4,2
2733,leaderboard,34,technician,married,tertiary,0,699,1,1,unknown,2,70,1,-1,0,unknown,0,6,summer,1.2246467991473532e-16,-1.0,0.39435585511331855,0.9189578116202306,1,0,70.0,0.16666666666666666,1,0,1,2
2734,leaderboard,33,services,divorced,secondary,0,988,1,0,unknown,27,148,1,-1,0,unknown,0,5,spring,0.49999999999999994,-0.8660254037844387,-0.72479278722912,0.6889669190756865,0,1,148.0,0.2,0,0,1,2
2735,leaderboard,50,self-employed,married,tertiary,0,192,1,0,cellular,15,107,1,148,4,failure,0,4,spring,0.8660254037844387,-0.4999999999999998,0.10116832198743272,-0.994869323391895,0,0,107.0,0.25,0,0,3,2
2736,leaderboard,57,blue-collar,married,primary,0,1595,0,1,unknown,20,78,4,-1,0,unknown,0,6,summer,1.2246467991473532e-16,-1.0,-0.7907757369376986,-0.6121059825476627,0,1,19.5,0.6666666666666666,1,0,4,3
2737,leaderboard,46,blue-collar,divorced,primary,0,454,1,0,unknown,9,113,4,-1,0,unknown,0,5,spring,0.49999999999999994,-0.8660254037844387,0.9680771188662043,-0.2506525322587204,1,0,28.25,0.8,0,0,3,2
2738,leaderboard,26,blue-collar,single,secondary,0,597,1,1,unknown,27,174,1,-1,0,unknown,0,5,spring,0.49999999999999994,-0.8660254037844387,-0.72479278722912,0.6889669190756865,0,1,174.0,0.2,1,0,1,2
2739,leaderboard,41,blue-collar,married,secondary,0,342,1,0,unknown,14,87,1,-1,0,unknown,0,5,spring,0.49999999999999994,-0.8660254037844387,0.29936312297335804,-0.9541392564000488,0,0,87.0,0.2,0,0,2,2
2740,leaderboard,33,blue-collar,married,secondary,0,239,1,0,cellular,31,61,4,-1,0,unknown,0,7,summer,-0.4999999999999997,-0.8660254037844388,-2.4492935982947064e-16,1.0,0,1,15.25,0.5714285714285714,0,0,1,2
2741,leaderboard,40,unemployed,married,secondary,0,222,1,0,cellular,17,204,2,196,1,failure,0,11,autumn,-0.5000000000000004,0.8660254037844384,-0.2993631229733582,-0.9541392564000488,0,0,102.0,0.18181818181818182,0,0,2,2
2742,leaderboard,50,blue-collar,married,primary,0,0,0,0,cellular,11,72,5,-1,0,unknown,0,8,summer,-0.8660254037844385,-0.5000000000000004,0.7907757369376989,-0.6121059825476626,0,0,14.4,0.625,0,0,3,1
2743,leaderboard,32,self-employed,married,tertiary,0,181,1,0,unknown,6,106,2,-1,0,unknown,0,6,summer,1.2246467991473532e-16,-1.0,0.9377521321470804,0.3473052528448203,1,0,53.0,0.3333333333333333,0,0,1,2
2744,leaderboard,44,management,married,secondary,1,0,1,0,cellular,11,96,2,-1,0,unknown,0,7,summer,-0.4999999999999997,-0.8660254037844388,0.7907757369376989,-0.6121059825476626,0,0,48.0,0.2857142857142857,1,0,2,1
2745,leaderboard,41,entrepreneur,married,secondary,0,362,0,0,cellular,19,90,2,-1,0,unknown,0,11,autumn,-0.5000000000000004,0.8660254037844384,-0.651372482722222,-0.7587581226927911,0,0,45.0,0.18181818181818182,0,0,2,2
2746,leaderboard,37,blue-collar,single,secondary,0,3558,1,0,unknown,2,98,1,-1,0,unknown,0,6,summer,1.2246467991473532e-16,-1.0,0.39435585511331855,0.9189578116202306,1,0,98.0,0.16666666666666666,0,0,2,3
2747,leaderboard,29,technician,single,secondary,0,109,0,0,unknown,19,314,1,-1,0,unknown,0,5,spring,0.49999999999999994,-0.8660254037844387,-0.651372482722222,-0.7587581226927911,0,0,314.0,0.2,0,0,1,2
2748,leaderboard,54,blue-collar,married,secondary,0,1481,1,0,unknown,14,108,1,-1,0,unknown,0,5,spring,0.49999999999999994,-0.8660254037844387,0.29936312297335804,-0.9541392564000488,0,0,108.0,0.2,0,0,3,3
2749,leaderboard,30,management,single,tertiary,0,946,0,0,cellular,8,131,2,-1,0,unknown,0,8,summer,-0.8660254037844385,-0.5000000000000004,0.9987165071710528,-0.05064916883871264,1,0,65.5,0.25,0,0,1,2
2750,leaderboard,53,blue-collar,married,secondary,0,474,1,0,cellular,3,288,3,-1,0,unknown,0,2,winter,0.8660254037844386,0.5000000000000001,0.5712682150947923,0.8207634412072763,1,0,96.0,1.5,0,0,3,2
2751,leaderboard,46,admin.,single,secondary,0,1787,1,0,unknown,5,214,5,-1,0,unknown,0,6,summer,1.2246467991473532e-16,-1.0,0.8486442574947509,0.5289640103269624,1,0,42.8,0.8333333333333334,0,0,3,3
2752,leaderboard,47,management,single,tertiary,0,4401,0,0,telephone,10,805,1,190,1,other,0,12,winter,-2.4492935982947064e-16,1.0,0.8978045395707416,-0.4403941515576344,1,0,805.0,0.08333333333333333,0,0,3,3
2753,leaderboard,36,technician,married,secondary,0,5902,1,0,unknown,23,219,4,-1,0,unknown,0,5,spring,0.49999999999999994,-0.8660254037844387,-0.9987165071710528,-0.05064916883871355,0,1,54.75,0.8,0,0,2,4
2754,leaderboard,43,admin.,married,secondary,0,262,1,0,cellular,17,113,2,-1,0,unknown,0,4,spring,0.8660254037844387,-0.4999999999999998,-0.2993631229733582,-0.9541392564000488,0,0,56.5,0.5,0,0,2,2
2755,leaderboard,33,services,married,primary,0,6895,0,0,telephone,20,114,2,-1,0,unknown,0,11,autumn,-0.5000000000000004,0.8660254037844384,-0.7907757369376986,-0.6121059825476627,0,1,57.0,0.18181818181818182,0,0,1,4
2756,leaderboard,38,self-employed,single,tertiary,0,914,1,0,unknown,23,260,1,-1,0,unknown,0,5,spring,0.49999999999999994,-0.8660254037844387,-0.9987165071710528,-0.05064916883871355,0,1,260.0,0.2,0,0,2,2
2757,leaderboard,26,services,single,secondary,0,0,0,0,cellular,29,165,23,-1,0,unknown,0,7,summer,-0.4999999999999997,-0.8660254037844388,-0.3943558551133187,0.9189578116202306,0,1,7.173913043478261,3.2857142857142856,0,0,1,1
2758,leaderboard,33,technician,divorced,secondary,0,10,0,0,cellular,21,91,2,-1,0,unknown,0,8,summer,-0.8660254037844385,-0.5000000000000004,-0.8978045395707417,-0.44039415155763423,0,1,45.5,0.25,0,0,1,2
2759,leaderboard,35,unemployed,married,secondary,0,972,0,0,cellular,29,1370,3,209,3,success,0,12,winter,-2.4492935982947064e-16,1.0,-0.3943558551133187,0.9189578116202306,0,1,456.6666666666667,0.25,0,0,2,2
2760,leaderboard,26,management,single,tertiary,0,586,0,0,telephone,29,145,2,164,1,other,0,1,winter,0.49999999999999994,0.8660254037844387,-0.3943558551133187,0.9189578116202306,0,1,72.5,2.0,0,0,1,2
2761,leaderboard,34,technician,single,secondary,0,4944,1,1,cellular,19,117,2,-1,0,unknown,0,11,autumn,-0.5000000000000004,0.8660254037844384,-0.651372482722222,-0.7587581226927911,0,0,58.5,0.18181818181818182,1,0,1,3
2762,leaderboard,21,services,single,secondary,0,1903,1,0,unknown,29,107,2,-1,0,unknown,0,5,spring,0.49999999999999994,-0.8660254037844387,-0.3943558551133187,0.9189578116202306,0,1,53.5,0.4,0,0,0,3
2763,leaderboard,36,management,married,secondary,0,1819,1,0,cellular,14,24,1,346,1,failure,0,5,spring,0.49999999999999994,-0.8660254037844387,0.29936312297335804,-0.9541392564000488,0,0,24.0,0.2,0,0,2,3
2764,leaderboard,54,management,married,tertiary,0,2823,0,0,cellular,7,123,3,-1,0,unknown,0,8,summer,-0.8660254037844385,-0.5000000000000004,0.9884683243281114,0.1514277775045767,1,0,41.0,0.375,0,0,3,3
2765,leaderboard,45,management,divorced,tertiary,0,961,0,0,unknown,18,74,1,-1,0,unknown,0,6,summer,1.2246467991473532e-16,-1.0,-0.4853019625310808,-0.8743466161445822,0,0,74.0,0.16666666666666666,0,0,3,2
2766,leaderboard,43,blue-collar,married,secondary,0,2164,0,0,cellular,8,261,1,98,1,success,0,9,autumn,-1.0,-1.8369701987210297e-16,0.9987165071710528,-0.05064916883871264,1,0,261.0,0.1111111111111111,0,0,2,3
2767,leaderboard,48,services,single,primary,0,1501,1,0,cellular,12,17,7,-1,0,unknown,0,5,spring,0.49999999999999994,-0.8660254037844387,0.6513724827222223,-0.758758122692791,0,0,2.4285714285714284,1.4,0,0,3,3
2768,leaderboard,36,management,married,tertiary,0,487,0,0,cellular,12,213,3,182,6,success,0,3,spring,1.0,6.123233995736766e-17,0.6513724827222223,-0.758758122692791,0,0,71.0,1.0,0,0,2,2
2769,leaderboard,42,blue-collar,married,primary,0,501,1,0,unknown,14,521,2,-1,0,unknown,0,5,spring,0.49999999999999994,-0.8660254037844387,0.29936312297335804,-0.9541392564000488,0,0,260.5,0.4,0,0,2,2
2770,leaderboard,39,management,single,tertiary,0,825,1,0,cellular,27,37,3,-1,0,unknown,0,8,summer,-0.8660254037844385,-0.5000000000000004,-0.72479278722912,0.6889669190756865,0,1,12.333333333333334,0.375,0,0,2,2
2771,leaderboard,32,entrepreneur,single,primary,1,-854,1,1,cellular,4,204,1,-1,0,unknown,0,2,winter,0.8660254037844386,0.5000000000000001,0.72479278722912,0.6889669190756866,1,0,204.0,0.5,3,0,1,1
2772,leaderboard,37,technician,married,secondary,0,486,0,0,cellular,22,344,2,182,8,other,0,10,autumn,-0.8660254037844386,0.5000000000000001,-0.9680771188662041,-0.2506525322587213,0,1,172.0,0.2,0,0,2,2
2773,leaderboard,53,entrepreneur,married,unknown,0,23,0,0,cellular,31,117,2,-1,0,unknown,0,7,summer,-0.4999999999999997,-0.8660254037844388,-2.4492935982947064e-16,1.0,0,1,58.5,0.2857142857142857,0,0,3,2
2774,leaderboard,51,housemaid,married,unknown,0,179,0,0,telephone,29,308,3,-1,0,unknown,0,7,summer,-0.4999999999999997,-0.8660254037844388,-0.3943558551133187,0.9189578116202306,0,1,102.66666666666667,0.42857142857142855,0,0,3,2
2775,leaderboard,42,admin.,single,secondary,0,-244,1,1,telephone,21,519,1,166,1,other,0,10,autumn,-0.8660254037844386,0.5000000000000001,-0.8978045395707417,-0.44039415155763423,0,1,519.0,0.1,2,0,2,1
2776,leaderboard,58,retired,married,primary,0,1987,0,0,telephone,14,185,4,-1,0,unknown,0,7,summer,-0.4999999999999997,-0.8660254037844388,0.29936312297335804,-0.9541392564000488,0,0,46.25,0.5714285714285714,0,0,4,3
2777,leaderboard,43,management,married,unknown,0,5162,1,0,unknown,29,57,3,-1,0,unknown,0,5,spring,0.49999999999999994,-0.8660254037844387,-0.3943558551133187,0.9189578116202306,0,1,19.0,0.6,0,0,2,4
2778,leaderboard,34,technician,married,tertiary,0,5062,1,0,cellular,21,12,21,-1,0,unknown,0,8,summer,-0.8660254037844385,-0.5000000000000004,-0.8978045395707417,-0.44039415155763423,0,1,0.5714285714285714,2.625,0,0,1,4
2779,leaderboard,27,blue-collar,married,secondary,1,-581,1,0,cellular,7,411,2,-1,0,unknown,0,5,spring,0.49999999999999994,-0.8660254037844387,0.9884683243281114,0.1514277775045767,1,0,205.5,0.4,2,0,1,1
2780,leaderboard,35,services,married,secondary,0,1446,1,0,unknown,28,199,1,-1,0,unknown,0,5,spring,0.49999999999999994,-0.8660254037844387,-0.5712682150947924,0.8207634412072763,0,1,199.0,0.2,0,0,2,3
2781,leaderboard,58,blue-collar,married,primary,0,308,0,0,cellular,19,156,2,-1,0,unknown,0,8,summer,-0.8660254037844385,-0.5000000000000004,-0.651372482722222,-0.7587581226927911,0,0,78.0,0.25,0,0,4,2
2782,leaderboard,55,unemployed,married,tertiary,0,380,0,0,unknown,6,343,3,-1,0,unknown,0,5,spring,0.49999999999999994,-0.8660254037844387,0.9377521321470804,0.3473052528448203,1,0,114.33333333333333,0.6,0,0,4,2
2783,leaderboard,52,management,married,tertiary,0,-14,1,0,cellular,11,94,4,-1,0,unknown,0,5,spring,0.49999999999999994,-0.8660254037844387,0.7907757369376989,-0.6121059825476626,0,0,23.5,0.8,1,0,3,1
2784,leaderboard,57,retired,married,tertiary,0,1184,1,1,unknown,14,191,2,-1,0,unknown,0,5,spring,0.49999999999999994,-0.8660254037844387,0.29936312297335804,-0.9541392564000488,0,0,95.5,0.4,1,0,4,3
2785,leaderboard,30,blue-collar,married,primary,0,-343,0,0,cellular,10,128,6,-1,0,unknown,0,7,summer,-0.4999999999999997,-0.8660254037844388,0.8978045395707416,-0.4403941515576344,1,0,21.333333333333332,0.8571428571428571,1,0,1,1
2786,leaderboard,26,blue-collar,single,secondary,0,852,1,1,cellular,30,95,5,-1,0,unknown,0,7,summer,-0.4999999999999997,-0.8660254037844388,-0.20129852008866114,0.9795299412524943,0,1,19.0,0.7142857142857143,1,0,1,2
2787,leaderboard,52,entrepreneur,married,tertiary,0,45,1,1,telephone,18,103,1,-1,0,unknown,0,11,autumn,-0.5000000000000004,0.8660254037844384,-0.4853019625310808,-0.8743466161445822,0,0,103.0,0.09090909090909091,1,0,3,2
2788,leaderboard,25,admin.,single,tertiary,0,1424,0,0,cellular,8,124,2,-1,0,unknown,0,4,spring,0.8660254037844387,-0.4999999999999998,0.9987165071710528,-0.05064916883871264,1,0,62.0,0.5,0,0,1,3
2789,leaderboard,45,management,married,tertiary,0,3370,0,0,unknown,12,36,3,-1,0,unknown,0,6,summer,1.2246467991473532e-16,-1.0,0.6513724827222223,-0.758758122692791,0,0,12.0,0.5,0,0,3,3
2790,leaderboard,44,housemaid,married,tertiary,0,459,0,0,unknown,17,491,1,-1,0,unknown,0,6,summer,1.2246467991473532e-16,-1.0,-0.2993631229733582,-0.9541392564000488,0,0,491.0,0.16666666666666666,0,0,2,2
2791,leaderboard,51,blue-collar,married,primary,0,1866,0,0,unknown,17,30,3,-1,0,unknown,0,6,summer,1.2246467991473532e-16,-1.0,-0.2993631229733582,-0.9541392564000488,0,0,10.0,0.5,0,0,3,3
2792,leaderboard,43,blue-collar,married,primary,0,1216,1,0,unknown,6,208,3,-1,0,unknown,0,5,spring,0.49999999999999994,-0.8660254037844387,0.9377521321470804,0.3473052528448203,1,0,69.33333333333333,0.6,0,0,2,3
2793,leaderboard,60,retired,married,primary,0,0,0,0,telephone,30,130,3,-1,0,unknown,0,7,summer,-0.4999999999999997,-0.8660254037844388,-0.20129852008866114,0.9795299412524943,0,1,43.333333333333336,0.42857142857142855,0,0,4,1
2794,leaderboard,38,management,married,tertiary,0,52,0,0,cellular,29,70,4,-1,0,unknown,0,8,summer,-0.8660254037844385,-0.5000000000000004,-0.3943558551133187,0.9189578116202306,0,1,17.5,0.5,0,0,2,2
2795,leaderboard,42,technician,single,unknown,0,352,1,0,unknown,3,26,7,-1,0,unknown,0,6,summer,1.2246467991473532e-16,-1.0,0.5712682150947923,0.8207634412072763,1,0,3.7142857142857144,1.1666666666666667,0,0,2,2
2796,leaderboard,39,blue-collar,married,secondary,0,4,0,0,cellular,30,88,3,-1,0,unknown,0,7,summer,-0.4999999999999997,-0.8660254037844388,-0.20129852008866114,0.9795299412524943,0,1,29.333333333333332,0.42857142857142855,0,0,2,2
2797,leaderboard,38,admin.,married,secondary,0,38,1,1,unknown,6,195,1,-1,0,unknown,0,5,spring,0.49999999999999994,-0.8660254037844387,0.9377521321470804,0.3473052528448203,1,0,195.0,0.2,1,0,2,2
2798,leaderboard,59,blue-collar,married,primary,0,694,0,0,cellular,28,98,1,154,6,failure,0,1,winter,0.49999999999999994,0.8660254037844387,-0.5712682150947924,0.8207634412072763,0,1,98.0,1.0,0,0,4,2
2799,leaderboard,46,blue-collar,married,primary,0,0,1,0,unknown,12,51,9,-1,0,unknown,0,5,spring,0.49999999999999994,-0.8660254037844387,0.6513724827222223,-0.758758122692791,0,0,5.666666666666667,1.8,0,0,3,1
2800,leaderboard,57,services,single,primary,0,3786,1,0,telephone,13,65,2,-1,0,unknown,0,5,spring,0.49999999999999994,-0.8660254037844387,0.48530196253108104,-0.8743466161445821,0,0,32.5,0.4,0,0,4,3
2801,leaderboard,35,blue-collar,single,unknown,0,865,1,0,unknown,6,216,3,-1,0,unknown,0,6,summer,1.2246467991473532e-16,-1.0,0.9377521321470804,0.3473052528448203,1,0,72.0,0.5,0,0,2,2
2802,leaderboard,34,services,married,secondary,0,1332,0,0,cellular,17,330,2,127,3,success,0,12,winter,-2.4492935982947064e-16,1.0,-0.2993631229733582,-0.9541392564000488,0,0,165.0,0.16666666666666666,0,0,1,3
2803,leaderboard,26,management,single,tertiary,0,125,0,1,cellular,8,160,1,-1,0,unknown,0,7,summer,-0.4999999999999997,-0.8660254037844388,0.9987165071710528,-0.05064916883871264,1,0,160.0,0.14285714285714285,1,0,1,2
2804,leaderboard,33,management,single,tertiary,0,1442,1,0,cellular,3,178,2,-1,0,unknown,0,6,summer,1.2246467991473532e-16,-1.0,0.5712682150947923,0.8207634412072763,1,0,89.0,0.3333333333333333,0,0,1,3
2805,leaderboard,40,unemployed,married,secondary,0,0,1,0,cellular,19,332,1,183,1,failure,0,11,autumn,-0.5000000000000004,0.8660254037844384,-0.651372482722222,-0.7587581226927911,0,0,332.0,0.09090909090909091,0,0,2,1
2806,leaderboard,47,blue-collar,married,secondary,0,5298,1,0,unknown,15,322,1,-1,0,unknown,0,5,spring,0.49999999999999994,-0.8660254037844387,0.10116832198743272,-0.994869323391895,0,0,322.0,0.2,0,0,3,4
2807,leaderboard,57,blue-collar,married,secondary,0,1512,1,1,cellular,18,102,2,178,5,failure,0,5,spring,0.49999999999999994,-0.8660254037844387,-0.4853019625310808,-0.8743466161445822,0,0,51.0,0.4,1,0,4,3
2808,leaderboard,42,technician,married,secondary,0,2985,0,0,unknown,20,101,3,-1,0,unknown,0,6,summer,1.2246467991473532e-16,-1.0,-0.7907757369376986,-0.6121059825476627,0,1,33.666666666666664,0.5,0,0,2,3
2809,leaderboard,33,entrepreneur,married,primary,0,79,1,0,cellular,18,63,2,-1,0,unknown,0,11,autumn,-0.5000000000000004,0.8660254037844384,-0.4853019625310808,-0.8743466161445822,0,0,31.5,0.18181818181818182,0,0,1,2
2810,leaderboard,36,entrepreneur,married,primary,0,173,1,0,unknown,12,63,5,-1,0,unknown,0,5,spring,0.49999999999999994,-0.8660254037844387,0.6513724827222223,-0.758758122692791,0,0,12.6,1.0,0,0,2,2
2811,leaderboard,58,self-employed,married,secondary,0,1404,1,0,unknown,30,58,1,-1,0,unknown,0,5,spring,0.49999999999999994,-0.8660254037844387,-0.20129852008866114,0.9795299412524943,0,1,58.0,0.2,0,0,4,3
2812,leaderboard,32,management,married,tertiary,0,1387,0,0,cellular,7,116,2,-1,0,unknown,0,8,summer,-0.8660254037844385,-0.5000000000000004,0.9884683243281114,0.1514277775045767,1,0,58.0,0.25,0,0,1,3
2813,leaderboard,61,blue-collar,married,primary,0,631,1,0,unknown,19,158,2,-1,0,unknown,0,5,spring,0.49999999999999994,-0.8660254037844387,-0.651372482722222,-0.7587581226927911,0,0,79.0,0.4,0,0,4,2
2814,leaderboard,30,services,single,tertiary,0,3510,1,0,unknown,29,447,4,-1,0,unknown,0,5,spring,0.49999999999999994,-0.8660254037844387,-0.3943558551133187,0.9189578116202306,0,1,111.75,0.8,0,0,1,3
2815,leaderboard,60,management,married,primary,0,253,1,1,cellular,13,123,2,147,3,failure,0,4,spring,0.8660254037844387,-0.4999999999999998,0.48530196253108104,-0.8743466161445821,0,0,61.5,0.5,1,0,4,2
2816,leaderboard,53,services,divorced,secondary,0,4556,0,0,cellular,5,8,6,-1,0,unknown,0,2,winter,0.8660254037844386,0.5000000000000001,0.8486442574947509,0.5289640103269624,1,0,1.3333333333333333,3.0,0,0,3,3
2817,leaderboard,43,management,single,tertiary,0,1697,1,0,cellular,26,257,1,474,3,failure,0,8,summer,-0.8660254037844385,-0.5000000000000004,-0.8486442574947509,0.5289640103269624,0,1,257.0,0.125,0,0,2,3
2818,leaderboard,40,technician,divorced,secondary,0,-385,1,0,cellular,13,60,5,-1,0,unknown,0,5,spring,0.49999999999999994,-0.8660254037844387,0.48530196253108104,-0.8743466161445821,0,0,12.0,1.0,1,0,2,1
2819,leaderboard,39,self-employed,married,secondary,0,230,0,0,unknown,9,217,1,-1,0,unknown,0,6,summer,1.2246467991473532e-16,-1.0,0.9680771188662043,-0.2506525322587204,1,0,217.0,0.16666666666666666,0,0,2,2
2820,leaderboard,33,blue-collar,married,primary,0,193,1,0,unknown,9,162,2,-1,0,unknown,0,5,spring,0.49999999999999994,-0.8660254037844387,0.9680771188662043,-0.2506525322587204,1,0,81.0,0.4,0,0,1,2
2821,leaderboard,39,admin.,divorced,secondary,0,402,1,1,cellular,14,133,2,-1,0,unknown,0,8,summer,-0.8660254037844385,-0.5000000000000004,0.29936312297335804,-0.9541392564000488,0,0,66.5,0.25,1,0,2,2
2822,leaderboard,59,self-employed,married,primary,0,0,1,0,telephone,28,97,2,-1,0,unknown,0,7,summer,-0.4999999999999997,-0.8660254037844388,-0.5712682150947924,0.8207634412072763,0,1,48.5,0.2857142857142857,0,0,4,1
2823,leaderboard,53,services,divorced,secondary,0,-902,1,0,unknown,28,213,1,-1,0,unknown,0,5,spring,0.49999999999999994,-0.8660254037844387,-0.5712682150947924,0.8207634412072763,0,1,213.0,0.2,1,0,3,1
2824,leaderboard,30,technician,married,tertiary,0,97,1,1,cellular,7,187,3,-1,0,unknown,0,7,summer,-0.4999999999999997,-0.8660254037844388,0.9884683243281114,0.1514277775045767,1,0,62.333333333333336,0.42857142857142855,1,0,1,2
2825,leaderboard,25,unemployed,married,secondary,0,164,1,0,cellular,28,33,31,-1,0,unknown,0,7,summer,-0.4999999999999997,-0.8660254037844388,-0.5712682150947924,0.8207634412072763,0,1,1.064516129032258,4.428571428571429,0,0,1,2
2826,leaderboard,28,blue-collar,single,secondary,0,-45,1,0,cellular,1,199,1,92,14,success,0,9,autumn,-1.0,-1.8369701987210297e-16,0.20129852008866006,0.9795299412524945,1,0,199.0,0.1111111111111111,1,0,1,1
2827,leaderboard,27,blue-collar,married,secondary,0,371,1,0,unknown,14,332,2,-1,0,unknown,0,5,spring,0.49999999999999994,-0.8660254037844387,0.29936312297335804,-0.9541392564000488,0,0,166.0,0.4,0,0,1,2
2828,leaderboard,50,technician,divorced,unknown,0,2696,1,0,unknown,28,179,3,-1,0,unknown,0,5,spring,0.49999999999999994,-0.8660254037844387,-0.5712682150947924,0.8207634412072763,0,1,59.666666666666664,0.6,0,0,3,3
2829,leaderboard,37,blue-collar,married,secondary,0,130,1,1,cellular,7,490,1,-1,0,unknown,0,5,spring,0.49999999999999994,-0.8660254037844387,0.9884683243281114,0.1514277775045767,1,0,490.0,0.2,1,0,2,2
2830,leaderboard,40,services,divorced,secondary,0,1933,1,0,unknown,15,62,1,-1,0,unknown,0,5,spring,0.49999999999999994,-0.8660254037844387,0.10116832198743272,-0.994869323391895,0,0,62.0,0.2,0,0,2,3
2831,leaderboard,53,retired,married,tertiary,0,-24,1,0,cellular,31,20,3,-1,0,unknown,0,7,summer,-0.4999999999999997,-0.8660254037844388,-2.4492935982947064e-16,1.0,0,1,6.666666666666667,0.42857142857142855,1,0,3,1
2832,leaderboard,55,blue-collar,married,primary,0,139,0,0,telephone,2,59,3,5,2,other,0,2,winter,0.8660254037844386,0.5000000000000001,0.39435585511331855,0.9189578116202306,1,0,19.666666666666668,1.5,0,0,4,2
2833,leaderboard,37,services,married,secondary,0,0,1,1,cellular,31,187,2,-1,0,unknown,0,7,summer,-0.4999999999999997,-0.8660254037844388,-2.4492935982947064e-16,1.0,0,1,93.5,0.2857142857142857,1,0,2,1
2834,leaderboard,25,blue-collar,married,secondary,0,-71,1,0,unknown,12,241,3,-1,0,unknown,0,5,spring,0.49999999999999994,-0.8660254037844387,0.6513724827222223,-0.758758122692791,0,0,80.33333333333333,0.6,1,0,1,1
2835,leaderboard,22,admin.,single,secondary,0,4120,0,1,cellular,19,65,1,-1,0,unknown,0,8,summer,-0.8660254037844385,-0.5000000000000004,-0.651372482722222,-0.7587581226927911,0,0,65.0,0.125,1,0,0,3
2836,leaderboard,22,student,single,secondary,0,239,1,0,telephone,12,25,1,-1,0,unknown,0,5,spring,0.49999999999999994,-0.8660254037844387,0.6513724827222223,-0.758758122692791,0,0,25.0,0.2,0,0,0,2
2837,leaderboard,50,blue-collar,married,secondary,0,367,1,0,telephone,11,21,1,-1,0,unknown,0,5,spring,0.49999999999999994,-0.8660254037844387,0.7907757369376989,-0.6121059825476626,0,0,21.0,0.2,0,0,3,2
2838,leaderboard,29,blue-collar,single,secondary,0,776,1,0,cellular,17,341,1,-1,0,unknown,0,4,spring,0.8660254037844387,-0.4999999999999998,-0.2993631229733582,-0.9541392564000488,0,0,341.0,0.25,0,0,1,2
2839,leaderboard,28,blue-collar,single,secondary,0,0,1,0,unknown,28,386,1,-1,0,unknown,0,5,spring,0.49999999999999994,-0.8660254037844387,-0.5712682150947924,0.8207634412072763,0,1,386.0,0.2,0,0,1,1
2840,leaderboard,52,unknown,married,unknown,0,1325,0,0,unknown,12,58,1,-1,0,unknown,0,6,summer,1.2246467991473532e-16,-1.0,0.6513724827222223,-0.758758122692791,0,0,58.0,0.16666666666666666,0,0,3,3
2841,leaderboard,47,admin.,divorced,secondary,0,230,0,0,cellular,28,1126,4,-1,0,unknown,0,8,summer,-0.8660254037844385,-0.5000000000000004,-0.5712682150947924,0.8207634412072763,0,1,281.5,0.5,0,0,3,2
2842,leaderboard,30,blue-collar,single,secondary,1,-3,1,0,unknown,23,84,3,-1,0,unknown,0,5,spring,0.49999999999999994,-0.8660254037844387,-0.9987165071710528,-0.05064916883871355,0,1,28.0,0.6,2,0,1,1
2843,leaderboard,35,self-employed,married,secondary,0,523,1,0,cellular,21,484,4,-1,0,unknown,0,11,autumn,-0.5000000000000004,0.8660254037844384,-0.8978045395707417,-0.44039415155763423,0,1,121.0,0.36363636363636365,0,0,2,2
2844,leaderboard,47,technician,married,secondary,0,63,0,0,cellular,5,253,1,342,1,success,0,5,spring,0.49999999999999994,-0.8660254037844387,0.8486442574947509,0.5289640103269624,1,0,253.0,0.2,0,0,3,2
2845,leaderboard,31,blue-collar,single,primary,0,-489,1,0,unknown,29,334,2,-1,0,unknown,0,5,spring,0.49999999999999994,-0.8660254037844387,-0.3943558551133187,0.9189578116202306,0,1,167.0,0.4,1,0,1,1
2846,leaderboard,53,admin.,single,secondary,0,1182,1,0,unknown,15,295,2,-1,0,unknown,0,5,spring,0.49999999999999994,-0.8660254037844387,0.10116832198743272,-0.994869323391895,0,0,147.5,0.4,0,0,3,3
2847,leaderboard,57,admin.,divorced,primary,0,171,1,0,cellular,15,67,1,368,2,failure,0,5,spring,0.49999999999999994,-0.8660254037844387,0.10116832198743272,-0.994869323391895,0,0,67.0,0.2,0,0,4,2
2848,leaderboard,57,blue-collar,married,primary,0,16,1,0,telephone,31,25,8,-1,0,unknown,0,7,summer,-0.4999999999999997,-0.8660254037844388,-2.4492935982947064e-16,1.0,0,1,3.125,1.1428571428571428,0,0,4,2
2849,leaderboard,31,technician,single,secondary,0,119,0,0,cellular,22,78,2,-1,0,unknown,0,8,summer,-0.8660254037844385,-0.5000000000000004,-0.9680771188662041,-0.2506525322587213,0,1,39.0,0.25,0,0,1,2
2850,leaderboard,52,management,married,tertiary,0,0,1,0,cellular,9,197,1,-1,0,unknown,0,7,summer,-0.4999999999999997,-0.8660254037844388,0.9680771188662043,-0.2506525322587204,1,0,197.0,0.14285714285714285,0,0,3,1
2851,leaderboard,46,blue-collar,married,primary,0,1425,1,0,unknown,14,91,1,-1,0,unknown,0,5,spring,0.49999999999999994,-0.8660254037844387,0.29936312297335804,-0.9541392564000488,0,0,91.0,0.2,0,0,3,3
2852,leaderboard,45,blue-collar,married,primary,0,0,0,0,unknown,23,574,5,-1,0,unknown,0,5,spring,0.49999999999999994,-0.8660254037844387,-0.9987165071710528,-0.05064916883871355,0,1,114.8,1.0,0,0,3,1
2853,leaderboard,44,management,married,secondary,0,2989,1,0,unknown,15,770,2,-1,0,unknown,0,5,spring,0.49999999999999994,-0.8660254037844387,0.10116832198743272,-0.994869323391895,0,0,385.0,0.4,0,0,2,3
2854,leaderboard,38,admin.,single,secondary,0,-22,0,0,cellular,20,48,2,-1,0,unknown,0,11,autumn,-0.5000000000000004,0.8660254037844384,-0.7907757369376986,-0.6121059825476627,0,1,24.0,0.18181818181818182,1,0,2,1
2855,leaderboard,37,management,single,tertiary,0,810,1,0,cellular,7,77,1,-1,0,unknown,0,5,spring,0.49999999999999994,-0.8660254037844387,0.9884683243281114,0.1514277775045767,1,0,77.0,0.2,0,0,2,2
2856,leaderboard,35,blue-collar,married,secondary,0,446,1,0,cellular,15,244,3,-1,0,unknown,0,4,spring,0.8660254037844387,-0.4999999999999998,0.10116832198743272,-0.994869323391895,0,0,81.33333333333333,0.75,0,0,2,2
2857,leaderboard,55,entrepreneur,married,primary,0,289,1,0,unknown,8,144,3,-1,0,unknown,0,5,spring,0.49999999999999994,-0.8660254037844387,0.9987165071710528,-0.05064916883871264,1,0,48.0,0.6,0,0,4,2
2858,leaderboard,32,technician,married,secondary,0,243,1,0,unknown,4,257,3,-1,0,unknown,0,6,summer,1.2246467991473532e-16,-1.0,0.72479278722912,0.6889669190756866,1,0,85.66666666666667,0.5,0,0,1,2
2859,leaderboard,55,services,married,secondary,0,549,0,0,unknown,19,58,1,-1,0,unknown,0,6,summer,1.2246467991473532e-16,-1.0,-0.651372482722222,-0.7587581226927911,0,0,58.0,0.16666666666666666,0,0,4,2
2860,leaderboard,37,blue-collar,married,primary,0,187,1,1,unknown,8,194,1,-1,0,unknown,0,5,spring,0.49999999999999994,-0.8660254037844387,0.9987165071710528,-0.05064916883871264,1,0,194.0,0.2,1,0,2,2
2861,leaderboard,40,services,married,secondary,0,1834,1,0,cellular,12,750,2,-1,0,unknown,0,5,spring,0.49999999999999994,-0.8660254037844387,0.6513724827222223,-0.758758122692791,0,0,375.0,0.4,0,0,2,3
2862,leaderboard,45,unemployed,divorced,secondary,0,722,1,1,cellular,18,107,1,-1,0,unknown,0,11,autumn,-0.5000000000000004,0.8660254037844384,-0.4853019625310808,-0.8743466161445822,0,0,107.0,0.09090909090909091,1,0,3,2
2863,leaderboard,53,services,married,secondary,0,1387,1,0,cellular,18,91,2,-1,0,unknown,0,7,summer,-0.4999999999999997,-0.8660254037844388,-0.4853019625310808,-0.8743466161445822,0,0,45.5,0.2857142857142857,0,0,3,3
2864,leaderboard,39,admin.,single,tertiary,0,2608,1,0,unknown,17,77,1,-1,0,unknown,0,6,summer,1.2246467991473532e-16,-1.0,-0.2993631229733582,-0.9541392564000488,0,0,77.0,0.16666666666666666,0,0,2,3
2865,leaderboard,75,retired,divorced,secondary,0,1335,0,0,cellular,18,415,7,-1,0,unknown,0,12,winter,-2.4492935982947064e-16,1.0,-0.4853019625310808,-0.8743466161445822,0,0,59.285714285714285,0.5833333333333334,0,0,5,3
2866,leaderboard,42,blue-collar,single,secondary,0,377,1,0,cellular,13,294,1,-1,0,unknown,0,5,spring,0.49999999999999994,-0.8660254037844387,0.48530196253108104,-0.8743466161445821,0,0,294.0,0.2,0,0,2,2
2867,leaderboard,55,blue-collar,married,primary,0,3879,0,0,telephone,21,222,1,-1,0,unknown,0,4,spring,0.8660254037844387,-0.4999999999999998,-0.8978045395707417,-0.44039415155763423,0,1,222.0,0.25,0,0,4,3
2868,leaderboard,41,admin.,divorced,secondary,0,1086,1,0,cellular,28,138,1,-1,0,unknown,0,1,winter,0.49999999999999994,0.8660254037844387,-0.5712682150947924,0.8207634412072763,0,1,138.0,1.0,0,0,2,3
2869,leaderboard,45,blue-collar,divorced,primary,0,-312,1,0,unknown,23,1030,1,-1,0,unknown,0,5,spring,0.49999999999999994,-0.8660254037844387,-0.9987165071710528,-0.05064916883871355,0,1,1030.0,0.2,1,0,3,1
2870,leaderboard,40,services,single,secondary,0,893,1,0,unknown,12,169,2,-1,0,unknown,0,5,spring,0.49999999999999994,-0.8660254037844387,0.6513724827222223,-0.758758122692791,0,0,84.5,0.4,0,0,2,2
2871,leaderboard,42,admin.,married,unknown,0,635,1,1,unknown,16,509,2,-1,0,unknown,0,5,spring,0.49999999999999994,-0.8660254037844387,-0.10116832198743204,-0.9948693233918952,0,0,254.5,0.4,1,0,2,2
2872,leaderboard,30,admin.,married,secondary,0,123,0,0,telephone,16,161,2,-1,0,unknown,0,6,summer,1.2246467991473532e-16,-1.0,-0.10116832198743204,-0.9948693233918952,0,0,80.5,0.3333333333333333,0,0,1,2
2873,leaderboard,33,unemployed,divorced,secondary,0,378,0,0,telephone,27,29,28,-1,0,unknown,0,8,summer,-0.8660254037844385,-0.5000000000000004,-0.72479278722912,0.6889669190756865,0,1,1.0357142857142858,3.5,0,0,1,2
2874,leaderboard,42,blue-collar,divorced,unknown,0,0,0,0,cellular,7,64,2,-1,0,unknown,0,7,summer,-0.4999999999999997,-0.8660254037844388,0.9884683243281114,0.1514277775045767,1,0,32.0,0.2857142857142857,0,0,2,1
2875,leaderboard,37,management,married,tertiary,0,546,0,0,cellular,18,540,2,115,3,failure,0,1,winter,0.49999999999999994,0.8660254037844387,-0.4853019625310808,-0.8743466161445822,0,0,270.0,2.0,0,0,2,2
2876,leaderboard,40,blue-collar,married,primary,0,-327,1,0,unknown,27,260,1,-1,0,unknown,0,5,spring,0.49999999999999994,-0.8660254037844387,-0.72479278722912,0.6889669190756865,0,1,260.0,0.2,1,0,2,1
2877,leaderboard,57,services,married,tertiary,0,11,0,0,telephone,8,320,3,-1,0,unknown,0,7,summer,-0.4999999999999997,-0.8660254037844388,0.9987165071710528,-0.05064916883871264,1,0,106.66666666666667,0.42857142857142855,0,0,4,2
2878,leaderboard,41,blue-collar,married,secondary,0,129,1,0,cellular,13,16,6,176,5,other,0,5,spring,0.49999999999999994,-0.8660254037844387,0.48530196253108104,-0.8743466161445821,0,0,2.6666666666666665,1.2,0,0,2,2
2879,leaderboard,36,management,married,tertiary,0,341,1,0,cellular,20,68,2,-1,0,unknown,0,4,spring,0.8660254037844387,-0.4999999999999998,-0.7907757369376986,-0.6121059825476627,0,1,34.0,0.5,0,0,2,2
2880,leaderboard,49,unemployed,married,secondary,0,777,1,0,unknown,14,257,1,-1,0,unknown,0,5,spring,0.49999999999999994,-0.8660254037844387,0.29936312297335804,-0.9541392564000488,0,0,257.0,0.2,0,0,3,2
2881,leaderboard,45,blue-collar,married,secondary,0,4371,0,1,cellular,9,45,2,-1,0,unknown,0,2,winter,0.8660254037844386,0.5000000000000001,0.9680771188662043,-0.2506525322587204,1,0,22.5,1.0,1,0,3,3
2882,leaderboard,38,unemployed,married,secondary,0,-664,1,0,unknown,26,364,1,-1,0,unknown,0,5,spring,0.49999999999999994,-0.8660254037844387,-0.8486442574947509,0.5289640103269624,0,1,364.0,0.2,1,0,2,1
2883,leaderboard,26,services,single,secondary,0,124,1,1,cellular,23,85,3,-1,0,unknown,0,7,summer,-0.4999999999999997,-0.8660254037844388,-0.9987165071710528,-0.05064916883871355,0,1,28.333333333333332,0.42857142857142855,1,0,1,2
2884,leaderboard,32,services,single,secondary,0,0,0,1,cellular,11,333,2,-1,0,unknown,0,7,summer,-0.4999999999999997,-0.8660254037844388,0.7907757369376989,-0.6121059825476626,0,0,166.5,0.2857142857142857,1,0,1,1
2885,leaderboard,48,blue-collar,married,unknown,0,435,1,0,cellular,2,212,1,249,2,other,0,2,winter,0.8660254037844386,0.5000000000000001,0.39435585511331855,0.9189578116202306,1,0,212.0,0.5,0,0,3,2
2886,leaderboard,52,services,married,primary,0,5,0,1,cellular,28,55,5,-1,0,unknown,0,7,summer,-0.4999999999999997,-0.8660254037844388,-0.5712682150947924,0.8207634412072763,0,1,11.0,0.7142857142857143,1,0,3,2
2887,leaderboard,49,technician,married,tertiary,0,3731,0,0,cellular,5,875,2,-1,0,unknown,0,8,summer,-0.8660254037844385,-0.5000000000000004,0.8486442574947509,0.5289640103269624,1,0,437.5,0.25,0,0,3,3
2888,leaderboard,33,blue-collar,married,primary,0,516,1,0,unknown,21,304,2,-1,0,unknown,0,5,spring,0.49999999999999994,-0.8660254037844387,-0.8978045395707417,-0.44039415155763423,0,1,152.0,0.4,0,0,1,2
2889,leaderboard,39,services,married,secondary,0,0,1,0,cellular,8,503,1,-1,0,unknown,0,5,spring,0.49999999999999994,-0.8660254037844387,0.9987165071710528,-0.05064916883871264,1,0,503.0,0.2,0,0,2,1
2890,leaderboard,24,student,single,unknown,0,3290,1,0,unknown,28,227,1,-1,0,unknown,0,5,spring,0.49999999999999994,-0.8660254037844387,-0.5712682150947924,0.8207634412072763,0,1,227.0,0.2,0,0,0,3
2891,leaderboard,41,management,married,tertiary,0,829,1,1,cellular,21,164,1,176,1,failure,0,11,autumn,-0.5000000000000004,0.8660254037844384,-0.8978045395707417,-0.44039415155763423,0,1,164.0,0.09090909090909091,1,0,2,2
2892,leaderboard,41,unknown,single,tertiary,0,1563,0,0,cellular,1,291,2,-1,0,unknown,0,7,summer,-0.4999999999999997,-0.8660254037844388,0.20129852008866006,0.9795299412524945,1,0,145.5,0.2857142857142857,0,0,2,3
2893,leaderboard,54,blue-collar,married,primary,0,2273,1,0,unknown,20,158,1,-1,0,unknown,0,6,summer,1.2246467991473532e-16,-1.0,-0.7907757369376986,-0.6121059825476627,0,1,158.0,0.16666666666666666,0,0,3,3
2894,leaderboard,52,self-employed,single,primary,0,226,0,1,cellular,15,193,6,-1,0,unknown,0,7,summer,-0.4999999999999997,-0.8660254037844388,0.10116832198743272,-0.994869323391895,0,0,32.166666666666664,0.8571428571428571,1,0,3,2
2895,leaderboard,34,admin.,married,tertiary,0,40,0,0,cellular,6,45,1,-1,0,unknown,0,2,winter,0.8660254037844386,0.5000000000000001,0.9377521321470804,0.3473052528448203,1,0,45.0,0.5,0,0,1,2
2896,leaderboard,40,self-employed,married,secondary,0,169,1,1,cellular,8,380,4,295,1,failure,0,5,spring,0.49999999999999994,-0.8660254037844387,0.9987165071710528,-0.05064916883871264,1,0,95.0,0.8,1,0,2,2
2897,leaderboard,31,management,single,tertiary,0,1138,1,0,cellular,17,224,3,74,4,failure,0,4,spring,0.8660254037844387,-0.4999999999999998,-0.2993631229733582,-0.9541392564000488,0,0,74.66666666666667,0.75,0,0,1,3
2898,leaderboard,42,self-employed,divorced,tertiary,0,355,1,0,unknown,24,110,5,-1,0,unknown,0,6,summer,1.2246467991473532e-16,-1.0,-0.9884683243281114,0.15142777750457667,0,1,22.0,0.8333333333333334,0,0,2,2
2899,leaderboard,37,management,married,tertiary,0,342,1,0,cellular,22,282,1,-1,0,unknown,0,7,summer,-0.4999999999999997,-0.8660254037844388,-0.9680771188662041,-0.2506525322587213,0,1,282.0,0.14285714285714285,0,0,2,2
2900,leaderboard,53,technician,married,secondary,0,0,0,0,cellular,22,77,9,-1,0,unknown,0,8,summer,-0.8660254037844385,-0.5000000000000004,-0.9680771188662041,-0.2506525322587213,0,1,8.555555555555555,1.125,0,0,3,1
2901,leaderboard,30,blue-collar,married,secondary,0,-28,1,0,cellular,18,284,2,371,1,failure,0,5,spring,0.49999999999999994,-0.8660254037844387,-0.4853019625310808,-0.8743466161445822,0,0,142.0,0.4,1,0,1,1
2902,leaderboard,26,blue-collar,single,secondary,0,-23,1,1,cellular,31,14,6,-1,0,unknown,0,7,summer,-0.4999999999999997,-0.8660254037844388,-2.4492935982947064e-16,1.0,0,1,2.3333333333333335,0.8571428571428571,2,0,1,1
2903,leaderboard,64,retired,divorced,tertiary,0,891,0,0,cellular,3,531,3,-1,0,unknown,0,7,summer,-0.4999999999999997,-0.8660254037844388,0.5712682150947923,0.8207634412072763,1,0,177.0,0.42857142857142855,0,0,4,2
2904,leaderboard,47,technician,married,secondary,0,304,1,0,unknown,20,89,3,-1,0,unknown,0,6,summer,1.2246467991473532e-16,-1.0,-0.7907757369376986,-0.6121059825476627,0,1,29.666666666666668,0.5,0,0,3,2
2905,leaderboard,37,management,married,tertiary,0,0,1,0,unknown,3,247,13,-1,0,unknown,0,6,summer,1.2246467991473532e-16,-1.0,0.5712682150947923,0.8207634412072763,1,0,19.0,2.1666666666666665,0,0,2,1
2906,leaderboard,42,technician,single,tertiary,0,-403,1,0,cellular,12,78,5,292,3,failure,0,5,spring,0.49999999999999994,-0.8660254037844387,0.6513724827222223,-0.758758122692791,0,0,15.6,1.0,1,0,2,1
2907,leaderboard,57,housemaid,married,secondary,0,0,0,0,cellular,22,197,2,-1,0,unknown,0,8,summer,-0.8660254037844385,-0.5000000000000004,-0.9680771188662041,-0.2506525322587213,0,1,98.5,0.25,0,0,4,1
2908,leaderboard,53,retired,married,secondary,0,1275,1,0,telephone,15,174,3,-1,0,unknown,0,7,summer,-0.4999999999999997,-0.8660254037844388,0.10116832198743272,-0.994869323391895,0,0,58.0,0.42857142857142855,0,0,3,3
2909,leaderboard,28,blue-collar,single,secondary,0,1055,1,1,cellular,17,406,1,317,1,failure,0,4,spring,0.8660254037844387,-0.4999999999999998,-0.2993631229733582,-0.9541392564000488,0,0,406.0,0.25,1,0,1,3
2910,leaderboard,32,technician,single,tertiary,0,2210,1,0,cellular,21,11,4,-1,0,unknown,0,11,autumn,-0.5000000000000004,0.8660254037844384,-0.8978045395707417,-0.44039415155763423,0,1,2.75,0.36363636363636365,0,0,1,3
2911,leaderboard,33,technician,married,secondary,0,1850,1,0,unknown,29,241,3,-1,0,unknown,0,5,spring,0.49999999999999994,-0.8660254037844387,-0.3943558551133187,0.9189578116202306,0,1,80.33333333333333,0.6,0,0,1,3
2912,leaderboard,47,management,single,tertiary,0,442,0,0,cellular,21,71,4,-1,0,unknown,0,8,summer,-0.8660254037844385,-0.5000000000000004,-0.8978045395707417,-0.44039415155763423,0,1,17.75,0.5,0,0,3,2
2913,leaderboard,26,unemployed,single,secondary,0,461,0,0,cellular,28,214,1,-1,0,unknown,0,1,winter,0.49999999999999994,0.8660254037844387,-0.5712682150947924,0.8207634412072763,0,1,214.0,1.0,0,0,1,2
2914,leaderboard,44,blue-collar,married,primary,0,411,1,0,unknown,7,110,2,-1,0,unknown,0,5,spring,0.49999999999999994,-0.8660254037844387,0.9884683243281114,0.1514277775045767,1,0,55.0,0.4,0,0,2,2
2915,leaderboard,33,services,single,secondary,0,-57,0,1,cellular,10,119,5,-1,0,unknown,0,7,summer,-0.4999999999999997,-0.8660254037844388,0.8978045395707416,-0.4403941515576344,1,0,23.8,0.7142857142857143,2,0,1,1
2916,leaderboard,42,technician,married,secondary,0,477,1,0,cellular,7,216,5,-1,0,unknown,0,7,summer,-0.4999999999999997,-0.8660254037844388,0.9884683243281114,0.1514277775045767,1,0,43.2,0.7142857142857143,0,0,2,2
2917,leaderboard,33,unknown,married,secondary,0,2734,0,0,cellular,6,205,3,-1,0,unknown,0,8,summer,-0.8660254037844385,-0.5000000000000004,0.9377521321470804,0.3473052528448203,1,0,68.33333333333333,0.375,0,0,1,3
2918,leaderboard,31,blue-collar,married,secondary,0,1553,1,1,cellular,13,207,1,-1,0,unknown,0,5,spring,0.49999999999999994,-0.8660254037844387,0.48530196253108104,-0.8743466161445821,0,0,207.0,0.2,1,0,1,3
2919,leaderboard,32,management,married,tertiary,0,2424,1,0,cellular,14,646,5,-1,0,unknown,0,5,spring,0.49999999999999994,-0.8660254037844387,0.29936312297335804,-0.9541392564000488,0,0,129.2,1.0,0,0,1,3
2920,leaderboard,79,retired,married,primary,0,8564,0,0,telephone,18,326,2,272,2,success,0,1,winter,0.49999999999999994,0.8660254037844387,-0.4853019625310808,-0.8743466161445822,0,0,163.0,2.0,0,0,5,4
2921,leaderboard,52,technician,married,secondary,0,1824,0,1,cellular,17,189,2,111,4,failure,0,11,autumn,-0.5000000000000004,0.8660254037844384,-0.2993631229733582,-0.9541392564000488,0,0,94.5,0.18181818181818182,1,0,3,3
2922,leaderboard,57,technician,married,secondary,0,843,0,1,unknown,5,225,1,-1,0,unknown,0,5,spring,0.49999999999999994,-0.8660254037844387,0.8486442574947509,0.5289640103269624,1,0,225.0,0.2,1,0,4,2
2923,leaderboard,46,blue-collar,married,secondary,0,-1408,1,0,telephone,6,309,3,355,4,failure,0,5,spring,0.49999999999999994,-0.8660254037844387,0.9377521321470804,0.3473052528448203,1,0,103.0,0.6,1,0,3,0
2924,leaderboard,31,management,married,tertiary,0,8303,0,0,cellular,29,43,13,-1,0,unknown,0,8,summer,-0.8660254037844385,-0.5000000000000004,-0.3943558551133187,0.9189578116202306,0,1,3.3076923076923075,1.625,0,0,1,4
2925,leaderboard,43,services,married,primary,0,2573,1,0,cellular,14,109,1,360,2,failure,0,5,spring,0.49999999999999994,-0.8660254037844387,0.29936312297335804,-0.9541392564000488,0,0,109.0,0.2,0,0,2,3
2926,leaderboard,40,management,single,tertiary,0,0,0,0,cellular,26,58,7,-1,0,unknown,0,8,summer,-0.8660254037844385,-0.5000000000000004,-0.8486442574947509,0.5289640103269624,0,1,8.285714285714286,0.875,0,0,2,1
2927,leaderboard,38,blue-collar,married,primary,0,1321,1,0,cellular,20,277,1,-1,0,unknown,0,11,autumn,-0.5000000000000004,0.8660254037844384,-0.7907757369376986,-0.6121059825476627,0,1,277.0,0.09090909090909091,0,0,2,3
2928,leaderboard,49,services,married,secondary,0,1116,0,0,cellular,4,143,1,-1,0,unknown,0,8,summer,-0.8660254037844385,-0.5000000000000004,0.72479278722912,0.6889669190756866,1,0,143.0,0.125,0,0,3,3
2929,leaderboard,38,services,divorced,secondary,0,783,0,0,unknown,6,430,1,-1,0,unknown,0,6,summer,1.2246467991473532e-16,-1.0,0.9377521321470804,0.3473052528448203,1,0,430.0,0.16666666666666666,0,0,2,2
2930,leaderboard,48,technician,married,secondary,0,1147,1,0,cellular,21,168,5,-1,0,unknown,0,7,summer,-0.4999999999999997,-0.8660254037844388,-0.8978045395707417,-0.44039415155763423,0,1,33.6,0.7142857142857143,0,0,3,3
2931,leaderboard,29,blue-collar,married,secondary,0,17,0,0,cellular,3,136,1,-1,0,unknown,0,6,summer,1.2246467991473532e-16,-1.0,0.5712682150947923,0.8207634412072763,1,0,136.0,0.16666666666666666,0,0,1,2
2932,leaderboard,52,management,divorced,tertiary,0,56,1,0,unknown,12,84,3,-1,0,unknown,0,6,summer,1.2246467991473532e-16,-1.0,0.6513724827222223,-0.758758122692791,0,0,28.0,0.5,0,0,3,2
2933,leaderboard,40,entrepreneur,married,secondary,0,1407,1,0,unknown,14,210,2,-1,0,unknown,0,5,spring,0.49999999999999994,-0.8660254037844387,0.29936312297335804,-0.9541392564000488,0,0,105.0,0.4,0,0,2,3
2934,leaderboard,34,management,married,tertiary,0,1558,1,1,unknown,13,213,1,-1,0,unknown,0,5,spring,0.49999999999999994,-0.8660254037844387,0.48530196253108104,-0.8743466161445821,0,0,213.0,0.2,1,0,1,3
2935,leaderboard,30,services,married,secondary,0,1815,1,0,cellular,18,83,2,-1,0,unknown,0,5,spring,0.49999999999999994,-0.8660254037844387,-0.4853019625310808,-0.8743466161445822,0,0,41.5,0.4,0,0,1,3
2936,leaderboard,31,management,married,tertiary,0,1339,0,0,cellular,30,297,1,86,3,success,0,4,spring,0.8660254037844387,-0.4999999999999998,-0.20129852008866114,0.9795299412524943,0,1,297.0,0.25,0,0,1,3
2937,leaderboard,27,management,single,tertiary,1,0,0,1,cellular,8,46,1,-1,0,unknown,0,7,summer,-0.4999999999999997,-0.8660254037844388,0.9987165071710528,-0.05064916883871264,1,0,46.0,0.14285714285714285,2,0,1,1
2938,leaderboard,49,admin.,single,secondary,0,975,1,0,telephone,21,10,3,-1,0,unknown,0,11,autumn,-0.5000000000000004,0.8660254037844384,-0.8978045395707417,-0.44039415155763423,0,1,3.3333333333333335,0.2727272727272727,0,0,3,2
2939,leaderboard,25,services,single,secondary,0,3216,1,0,unknown,28,24,1,-1,0,unknown,0,5,spring,0.49999999999999994,-0.8660254037844387,-0.5712682150947924,0.8207634412072763,0,1,24.0,0.2,0,0,1,3
2940,leaderboard,39,blue-collar,married,unknown,0,162,1,0,unknown,30,99,6,-1,0,unknown,0,5,spring,0.49999999999999994,-0.8660254037844387,-0.20129852008866114,0.9795299412524943,0,1,16.5,1.2,0,0,2,2
2941,leaderboard,39,services,married,secondary,0,1970,1,0,unknown,8,30,1,404,2,success,0,6,summer,1.2246467991473532e-16,-1.0,0.9987165071710528,-0.05064916883871264,1,0,30.0,0.16666666666666666,0,0,2,3
2942,leaderboard,40,management,married,tertiary,0,184,0,1,cellular,29,189,2,-1,0,unknown,0,8,summer,-0.8660254037844385,-0.5000000000000004,-0.3943558551133187,0.9189578116202306,0,1,94.5,0.25,1,0,2,2
2943,leaderboard,57,blue-collar,married,primary,1,185,0,1,telephone,30,185,4,-1,0,unknown,0,7,summer,-0.4999999999999997,-0.8660254037844388,-0.20129852008866114,0.9795299412524943,0,1,46.25,0.5714285714285714,2,0,4,2
2944,leaderboard,38,technician,single,secondary,0,0,1,0,cellular,7,196,2,-1,0,unknown,0,4,spring,0.8660254037844387,-0.4999999999999998,0.9884683243281114,0.1514277775045767,1,0,98.0,0.5,0,0,2,1
2945,leaderboard,42,admin.,married,secondary,0,3172,1,0,unknown,16,298,4,-1,0,unknown,0,6,summer,1.2246467991473532e-16,-1.0,-0.10116832198743204,-0.9948693233918952,0,0,74.5,0.6666666666666666,0,0,2,3
2946,leaderboard,34,entrepreneur,married,tertiary,0,411,1,1,cellular,8,164,1,-1,0,unknown,0,7,summer,-0.4999999999999997,-0.8660254037844388,0.9987165071710528,-0.05064916883871264,1,0,164.0,0.14285714285714285,1,0,1,2
2947,leaderboard,48,management,married,secondary,0,92,1,0,unknown,28,344,1,-1,0,unknown,0,5,spring,0.49999999999999994,-0.8660254037844387,-0.5712682150947924,0.8207634412072763,0,1,344.0,0.2,0,0,3,2
2948,leaderboard,36,unemployed,married,secondary,0,-865,1,1,cellular,20,153,1,183,1,failure,0,11,autumn,-0.5000000000000004,0.8660254037844384,-0.7907757369376986,-0.6121059825476627,0,1,153.0,0.09090909090909091,2,0,2,1
2949,leaderboard,34,management,married,tertiary,0,608,0,0,cellular,20,97,1,-1,0,unknown,0,4,spring,0.8660254037844387,-0.4999999999999998,-0.7907757369376986,-0.6121059825476627,0,1,97.0,0.25,0,0,1,2
2950,leaderboard,36,technician,married,tertiary,0,482,1,0,unknown,8,103,3,-1,0,unknown,0,5,spring,0.49999999999999994,-0.8660254037844387,0.9987165071710528,-0.05064916883871264,1,0,34.333333333333336,0.6,0,0,2,2
2951,leaderboard,69,retired,married,primary,0,275,0,0,telephone,12,26,1,-1,0,unknown,0,8,summer,-0.8660254037844385,-0.5000000000000004,0.6513724827222223,-0.758758122692791,0,0,26.0,0.125,0,0,5,2
2952,leaderboard,59,management,divorced,tertiary,0,0,1,0,cellular,31,52,8,-1,0,unknown,0,7,summer,-0.4999999999999997,-0.8660254037844388,-2.4492935982947064e-16,1.0,0,1,6.5,1.1428571428571428,0,0,4,1
2953,leaderboard,37,services,married,secondary,0,650,1,0,telephone,23,175,1,-1,0,unknown,0,7,summer,-0.4999999999999997,-0.8660254037844388,-0.9987165071710528,-0.05064916883871355,0,1,175.0,0.14285714285714285,0,0,2,2
2954,leaderboard,48,management,married,tertiary,0,0,0,0,cellular,26,60,5,-1,0,unknown,0,8,summer,-0.8660254037844385,-0.5000000000000004,-0.8486442574947509,0.5289640103269624,0,1,12.0,0.625,0,0,3,1
2955,leaderboard,54,technician,married,secondary,0,-316,0,1,cellular,10,2029,1,-1,0,unknown,0,7,summer,-0.4999999999999997,-0.8660254037844388,0.8978045395707416,-0.4403941515576344,1,0,2029.0,0.14285714285714285,2,0,3,1
2956,leaderboard,33,management,married,secondary,0,19,1,0,cellular,4,104,3,-1,0,unknown,0,5,spring,0.49999999999999994,-0.8660254037844387,0.72479278722912,0.6889669190756866,1,0,34.666666666666664,0.6,0,0,1,2
2957,leaderboard,31,blue-collar,single,primary,0,-506,1,0,unknown,29,76,4,-1,0,unknown,0,5,spring,0.49999999999999994,-0.8660254037844387,-0.3943558551133187,0.9189578116202306,0,1,19.0,0.8,1,0,1,1
2958,leaderboard,27,blue-collar,married,secondary,0,819,1,0,unknown,3,188,5,-1,0,unknown,0,6,summer,1.2246467991473532e-16,-1.0,0.5712682150947923,0.8207634412072763,1,0,37.6,0.8333333333333334,0,0,1,2
2959,leaderboard,39,management,married,tertiary,0,255,0,0,cellular,11,86,2,-1,0,unknown,0,8,summer,-0.8660254037844385,-0.5000000000000004,0.7907757369376989,-0.6121059825476626,0,0,43.0,0.25,0,0,2,2
2960,leaderboard,27,management,single,tertiary,0,710,1,0,unknown,5,590,3,-1,0,unknown,0,6,summer,1.2246467991473532e-16,-1.0,0.8486442574947509,0.5289640103269624,1,0,196.66666666666666,0.5,0,0,1,2
2961,leaderboard,50,housemaid,married,primary,0,0,0,0,unknown,20,179,2,-1,0,unknown,0,6,summer,1.2246467991473532e-16,-1.0,-0.7907757369376986,-0.6121059825476627,0,1,89.5,0.3333333333333333,0,0,3,1
2962,leaderboard,57,services,divorced,secondary,0,7,0,1,cellular,22,445,2,-1,0,unknown,0,7,summer,-0.4999999999999997,-0.8660254037844388,-0.9680771188662041,-0.2506525322587213,0,1,222.5,0.2857142857142857,1,0,4,2
2963,leaderboard,56,management,married,tertiary,0,219,0,1,cellular,21,121,2,-1,0,unknown,0,7,summer,-0.4999999999999997,-0.8660254037844388,-0.8978045395707417,-0.44039415155763423,0,1,60.5,0.2857142857142857,1,0,4,2
2964,leaderboard,47,technician,married,primary,0,143,1,0,unknown,7,157,6,-1,0,unknown,0,5,spring,0.49999999999999994,-0.8660254037844387,0.9884683243281114,0.1514277775045767,1,0,26.166666666666668,1.2,0,0,3,2
2965,leaderboard,32,management,married,tertiary,0,0,0,0,cellular,19,66,1,-1,0,unknown,0,11,autumn,-0.5000000000000004,0.8660254037844384,-0.651372482722222,-0.7587581226927911,0,0,66.0,0.09090909090909091,0,0,1,1
2966,leaderboard,48,management,divorced,secondary,0,1595,1,0,unknown,29,84,1,-1,0,unknown,0,5,spring,0.49999999999999994,-0.8660254037844387,-0.3943558551133187,0.9189578116202306,0,1,84.0,0.2,0,0,3,3
2967,leaderboard,51,services,married,secondary,0,871,1,0,cellular,3,177,2,211,3,failure,0,2,winter,0.8660254037844386,0.5000000000000001,0.5712682150947923,0.8207634412072763,1,0,88.5,1.0,0,0,3,2
2968,leaderboard,47,services,married,secondary,0,49,1,1,unknown,16,312,1,-1,0,unknown,0,5,spring,0.49999999999999994,-0.8660254037844387,-0.10116832198743204,-0.9948693233918952,0,0,312.0,0.2,1,0,3,2
2969,leaderboard,30,technician,single,secondary,0,-532,1,1,cellular,5,670,2,286,6,failure,0,5,spring,0.49999999999999994,-0.8660254037844387,0.8486442574947509,0.5289640103269624,1,0,335.0,0.4,2,0,1,1
2970,leaderboard,49,blue-collar,married,primary,0,896,0,0,unknown,9,210,2,-1,0,unknown,0,6,summer,1.2246467991473532e-16,-1.0,0.9680771188662043,-0.2506525322587204,1,0,105.0,0.3333333333333333,0,0,3,2
2971,leaderboard,33,entrepreneur,married,secondary,0,-121,1,1,unknown,27,421,3,-1,0,unknown,0,5,spring,0.49999999999999994,-0.8660254037844387,-0.72479278722912,0.6889669190756865,0,1,140.33333333333334,0.6,2,0,1,1
2972,leaderboard,36,management,divorced,tertiary,0,616,0,0,cellular,26,125,2,-1,0,unknown,0,8,summer,-0.8660254037844385,-0.5000000000000004,-0.8486442574947509,0.5289640103269624,0,1,62.5,0.25,0,0,2,2
2973,leaderboard,35,technician,married,secondary,0,3,0,0,cellular,22,94,2,-1,0,unknown,0,8,summer,-0.8660254037844385,-0.5000000000000004,-0.9680771188662041,-0.2506525322587213,0,1,47.0,0.25,0,0,2,2
2974,leaderboard,59,entrepreneur,married,primary,0,0,0,0,telephone,19,207,2,153,1,failure,0,11,autumn,-0.5000000000000004,0.8660254037844384,-0.651372482722222,-0.7587581226927911,0,0,103.5,0.18181818181818182,0,0,4,1
2975,leaderboard,57,management,married,secondary,0,138,0,0,cellular,17,80,1,-1,0,unknown,0,8,summer,-0.8660254037844385,-0.5000000000000004,-0.2993631229733582,-0.9541392564000488,0,0,80.0,0.125,0,0,4,2
2976,leaderboard,56,retired,divorced,secondary,0,213,0,1,telephone,17,27,1,-1,0,unknown,0,7,summer,-0.4999999999999997,-0.8660254037844388,-0.2993631229733582,-0.9541392564000488,0,0,27.0,0.14285714285714285,1,0,4,2
2977,leaderboard,43,management,divorced,tertiary,0,33,0,0,cellular,26,118,1,102,2,failure,0,5,spring,0.49999999999999994,-0.8660254037844387,-0.8486442574947509,0.5289640103269624,0,1,118.0,0.2,0,0,2,2
2978,leaderboard,37,admin.,married,tertiary,0,0,1,0,cellular,21,115,1,-1,0,unknown,0,7,summer,-0.4999999999999997,-0.8660254037844388,-0.8978045395707417,-0.44039415155763423,0,1,115.0,0.14285714285714285,0,0,2,1
2979,leaderboard,40,unemployed,divorced,secondary,0,510,1,0,cellular,2,134,1,266,7,failure,0,2,winter,0.8660254037844386,0.5000000000000001,0.39435585511331855,0.9189578116202306,1,0,134.0,0.5,0,0,2,2
2980,leaderboard,31,blue-collar,married,secondary,0,-492,1,0,cellular,21,357,1,-1,0,unknown,0,7,summer,-0.4999999999999997,-0.8660254037844388,-0.8978045395707417,-0.44039415155763423,0,1,357.0,0.14285714285714285,1,0,1,1
2981,leaderboard,41,blue-collar,married,secondary,0,422,1,0,unknown,13,244,1,-1,0,unknown,0,5,spring,0.49999999999999994,-0.8660254037844387,0.48530196253108104,-0.8743466161445821,0,0,244.0,0.2,0,0,2,2
2982,leaderboard,23,services,single,secondary,0,504,1,0,unknown,4,111,3,-1,0,unknown,0,6,summer,1.2246467991473532e-16,-1.0,0.72479278722912,0.6889669190756866,1,0,37.0,0.5,0,0,0,2
2983,leaderboard,33,technician,single,tertiary,0,144,0,0,cellular,25,88,4,-1,0,unknown,0,8,summer,-0.8660254037844385,-0.5000000000000004,-0.9377521321470804,0.3473052528448203,0,1,22.0,0.5,0,0,1,2
2984,leaderboard,33,blue-collar,single,secondary,0,5739,1,1,cellular,21,374,1,-1,0,unknown,0,11,autumn,-0.5000000000000004,0.8660254037844384,-0.8978045395707417,-0.44039415155763423,0,1,374.0,0.09090909090909091,1,0,1,4
2985,leaderboard,55,services,married,secondary,0,101,0,0,telephone,30,340,2,-1,0,unknown,0,7,summer,-0.4999999999999997,-0.8660254037844388,-0.20129852008866114,0.9795299412524943,0,1,170.0,0.2857142857142857,0,0,4,2
2986,leaderboard,26,blue-collar,single,secondary,0,387,1,0,unknown,28,302,1,-1,0,unknown,0,5,spring,0.49999999999999994,-0.8660254037844387,-0.5712682150947924,0.8207634412072763,0,1,302.0,0.2,0,0,1,2
2987,leaderboard,47,admin.,divorced,secondary,0,157,1,0,unknown,9,203,4,-1,0,unknown,0,5,spring,0.49999999999999994,-0.8660254037844387,0.9680771188662043,-0.2506525322587204,1,0,50.75,0.8,0,0,3,2
2988,leaderboard,41,entrepreneur,divorced,secondary,0,1580,1,1,unknown,20,10,8,-1,0,unknown,0,6,summer,1.2246467991473532e-16,-1.0,-0.7907757369376986,-0.6121059825476627,0,1,1.25,1.3333333333333333,1,0,2,3
2989,leaderboard,35,management,married,tertiary,0,13,1,0,unknown,23,55,4,-1,0,unknown,0,5,spring,0.49999999999999994,-0.8660254037844387,-0.9987165071710528,-0.05064916883871355,0,1,13.75,0.8,0,0,2,2
2990,leaderboard,38,entrepreneur,married,tertiary,0,230,1,0,cellular,5,105,1,-1,0,unknown,0,2,winter,0.8660254037844386,0.5000000000000001,0.8486442574947509,0.5289640103269624,1,0,105.0,0.5,0,0,2,2
2991,leaderboard,39,technician,single,tertiary,0,1034,0,0,cellular,18,195,10,-1,0,unknown,0,8,summer,-0.8660254037844385,-0.5000000000000004,-0.4853019625310808,-0.8743466161445822,0,0,19.5,1.25,0,0,2,3
2992,leaderboard,42,management,married,unknown,0,1523,0,0,cellular,19,230,1,92,1,success,0,10,autumn,-0.8660254037844386,0.5000000000000001,-0.651372482722222,-0.7587581226927911,0,0,230.0,0.1,0,0,2,3
2993,leaderboard,38,services,single,secondary,0,2244,1,0,cellular,13,937,3,-1,0,unknown,0,5,spring,0.49999999999999994,-0.8660254037844387,0.48530196253108104,-0.8743466161445821,0,0,312.3333333333333,0.6,0,0,2,3
2994,leaderboard,53,admin.,divorced,secondary,0,30,1,0,cellular,7,56,1,359,1,failure,0,5,spring,0.49999999999999994,-0.8660254037844387,0.9884683243281114,0.1514277775045767,1,0,56.0,0.2,0,0,3,2
2995,leaderboard,33,management,single,tertiary,0,336,0,0,cellular,29,130,4,-1,0,unknown,0,8,summer,-0.8660254037844385,-0.5000000000000004,-0.3943558551133187,0.9189578116202306,0,1,32.5,0.5,0,0,1,2
2996,leaderboard,31,management,married,tertiary,0,2602,1,0,cellular,11,280,4,-1,0,unknown,0,2,winter,0.8660254037844386,0.5000000000000001,0.7907757369376989,-0.6121059825476626,0,0,70.0,2.0,0,0,1,3
2997,leaderboard,26,technician,married,secondary,0,23,1,1,cellular,5,138,1,-1,0,unknown,0,5,spring,0.49999999999999994,-0.8660254037844387,0.8486442574947509,0.5289640103269624,1,0,138.0,0.2,1,0,1,2
2998,leaderboard,36,services,married,secondary,0,1980,0,0,unknown,17,48,2,-1,0,unknown,0,6,summer,1.2246467991473532e-16,-1.0,-0.2993631229733582,-0.9541392564000488,0,0,24.0,0.3333333333333333,0,0,2,3
2999,leaderboard,35,services,divorced,secondary,0,219,1,0,cellular,14,150,1,360,1,failure,0,5,spring,0.49999999999999994,-0.8660254037844387,0.29936312297335804,-0.9541392564000488,0,0,150.0,0.2,0,0,2,2
3000,leaderboard,34,self-employed,married,tertiary,0,272,0,0,cellular,4,203,1,78,8,other,0,5,spring,0.49999999999999994,-0.8660254037844387,0.72479278722912,0.6889669190756866,1,0,203.0,0.2,0,0,1,2
3001,leaderboard,42,blue-collar,married,secondary,0,-432,0,0,cellular,9,31,1,-1,0,unknown,0,7,summer,-0.4999999999999997,-0.8660254037844388,0.9680771188662043,-0.2506525322587204,1,0,31.0,0.14285714285714285,1,0,2,1
3002,leaderboard,35,entrepreneur,married,primary,0,2633,0,1,cellular,8,259,1,-1,0,unknown,0,7,summer,-0.4999999999999997,-0.8660254037844388,0.9987165071710528,-0.05064916883871264,1,0,259.0,0.14285714285714285,1,0,2,3
3003,leaderboard,28,student,single,tertiary,0,0,0,0,cellular,28,294,2,105,7,other,0,9,autumn,-1.0,-1.8369701987210297e-16,-0.5712682150947924,0.8207634412072763,0,1,147.0,0.2222222222222222,0,0,1,1
3004,leaderboard,34,entrepreneur,married,secondary,0,-149,1,1,unknown,27,492,2,-1,0,unknown,0,5,spring,0.49999999999999994,-0.8660254037844387,-0.72479278722912,0.6889669190756865,0,1,246.0,0.4,2,0,1,1
3005,leaderboard,46,blue-collar,married,primary,0,2556,1,0,telephone,20,107,1,167,1,other,0,11,autumn,-0.5000000000000004,0.8660254037844384,-0.7907757369376986,-0.6121059825476627,0,1,107.0,0.09090909090909091,0,0,3,3
3006,leaderboard,44,blue-collar,married,secondary,0,-182,1,1,cellular,14,10,10,-1,0,unknown,0,5,spring,0.49999999999999994,-0.8660254037844387,0.29936312297335804,-0.9541392564000488,0,0,1.0,2.0,2,0,2,1
3007,leaderboard,45,technician,married,secondary,0,80,0,0,cellular,29,150,2,-1,0,unknown,0,8,summer,-0.8660254037844385,-0.5000000000000004,-0.3943558551133187,0.9189578116202306,0,1,75.0,0.25,0,0,3,2
3008,leaderboard,40,blue-collar,married,secondary,0,492,1,0,cellular,8,55,2,298,4,failure,0,5,spring,0.49999999999999994,-0.8660254037844387,0.9987165071710528,-0.05064916883871264,1,0,27.5,0.4,0,0,2,2
3009,leaderboard,46,management,married,tertiary,0,1003,0,0,cellular,29,24,13,-1,0,unknown,0,8,summer,-0.8660254037844385,-0.5000000000000004,-0.3943558551133187,0.9189578116202306,0,1,1.8461538461538463,1.625,0,0,3,3
3010,leaderboard,31,technician,single,secondary,0,431,0,0,cellular,11,1504,2,-1,0,unknown,0,8,summer,-0.8660254037844385,-0.5000000000000004,0.7907757369376989,-0.6121059825476626,0,0,752.0,0.25,0,0,1,2
3011,leaderboard,44,technician,divorced,unknown,0,765,1,0,unknown,23,397,1,-1,0,unknown,0,5,spring,0.49999999999999994,-0.8660254037844387,-0.9987165071710528,-0.05064916883871355,0,1,397.0,0.2,0,0,2,2
3012,leaderboard,28,management,single,tertiary,0,0,1,0,cellular,16,767,5,-1,0,unknown,0,7,summer,-0.4999999999999997,-0.8660254037844388,-0.10116832198743204,-0.9948693233918952,0,0,153.4,0.7142857142857143,0,0,1,1
3013,leaderboard,37,services,single,secondary,0,-243,0,0,unknown,3,178,1,-1,0,unknown,0,7,summer,-0.4999999999999997,-0.8660254037844388,0.5712682150947923,0.8207634412072763,1,0,178.0,0.14285714285714285,1,0,2,1
3014,leaderboard,35,services,married,secondary,0,0,1,0,cellular,18,146,2,-1,0,unknown,0,5,spring,0.49999999999999994,-0.8660254037844387,-0.4853019625310808,-0.8743466161445822,0,0,73.0,0.4,0,0,2,1
3015,leaderboard,36,blue-collar,married,secondary,0,62,1,0,unknown,2,56,8,-1,0,unknown,0,6,summer,1.2246467991473532e-16,-1.0,0.39435585511331855,0.9189578116202306,1,0,7.0,1.3333333333333333,0,0,2,2
3016,leaderboard,41,blue-collar,married,secondary,0,1468,0,0,unknown,5,82,1,-1,0,unknown,0,6,summer,1.2246467991473532e-16,-1.0,0.8486442574947509,0.5289640103269624,1,0,82.0,0.16666666666666666,0,0,2,3
3017,leaderboard,34,technician,married,secondary,0,-135,1,1,cellular,12,131,2,-1,0,unknown,0,8,summer,-0.8660254037844385,-0.5000000000000004,0.6513724827222223,-0.758758122692791,0,0,65.5,0.25,2,0,1,1
3018,leaderboard,51,blue-collar,divorced,primary,0,833,0,0,telephone,30,41,2,-1,0,unknown,0,7,summer,-0.4999999999999997,-0.8660254037844388,-0.20129852008866114,0.9795299412524943,0,1,20.5,0.2857142857142857,0,0,3,2
3019,leaderboard,45,admin.,married,secondary,0,239,0,0,cellular,16,212,2,-1,0,unknown,0,7,summer,-0.4999999999999997,-0.8660254037844388,-0.10116832198743204,-0.9948693233918952,0,0,106.0,0.2857142857142857,0,0,3,2
3020,leaderboard,40,student,married,secondary,0,257,0,0,cellular,19,52,1,152,6,failure,0,11,autumn,-0.5000000000000004,0.8660254037844384,-0.651372482722222,-0.7587581226927911,0,0,52.0,0.09090909090909091,0,0,2,2
3021,leaderboard,37,technician,single,unknown,0,388,1,0,unknown,8,103,3,-1,0,unknown,0,5,spring,0.49999999999999994,-0.8660254037844387,0.9987165071710528,-0.05064916883871264,1,0,34.333333333333336,0.6,0,0,2,2
3022,leaderboard,55,management,divorced,unknown,0,9,1,0,unknown,19,95,1,-1,0,unknown,0,5,spring,0.49999999999999994,-0.8660254037844387,-0.651372482722222,-0.7587581226927911,0,0,95.0,0.2,0,0,4,2
3023,leaderboard,51,blue-collar,divorced,secondary,0,1069,1,0,unknown,30,247,2,-1,0,unknown,0,5,spring,0.49999999999999994,-0.8660254037844387,-0.20129852008866114,0.9795299412524943,0,1,123.5,0.4,0,0,3,3
3024,leaderboard,67,retired,married,unknown,0,699,0,0,telephone,4,77,2,-1,0,unknown,0,5,spring,0.49999999999999994,-0.8660254037844387,0.72479278722912,0.6889669190756866,1,0,38.5,0.4,0,0,5,2
3025,leaderboard,50,management,married,tertiary,0,0,0,0,cellular,9,243,5,-1,0,unknown,0,7,summer,-0.4999999999999997,-0.8660254037844388,0.9680771188662043,-0.2506525322587204,1,0,48.6,0.7142857142857143,0,0,3,1
3026,leaderboard,30,management,married,tertiary,0,94,1,0,cellular,5,470,7,426,3,other,0,4,spring,0.8660254037844387,-0.4999999999999998,0.8486442574947509,0.5289640103269624,1,0,67.14285714285714,1.75,0,0,1,2
3027,leaderboard,38,technician,married,secondary,0,747,0,0,cellular,7,259,3,-1,0,unknown,0,8,summer,-0.8660254037844385,-0.5000000000000004,0.9884683243281114,0.1514277775045767,1,0,86.33333333333333,0.375,0,0,2,2
3028,leaderboard,45,unemployed,divorced,primary,1,-250,1,1,unknown,1,92,1,-1,0,unknown,0,7,summer,-0.4999999999999997,-0.8660254037844388,0.20129852008866006,0.9795299412524945,1,0,92.0,0.14285714285714285,3,0,3,1
3029,leaderboard,54,retired,married,primary,0,0,1,0,cellular,11,159,2,-1,0,unknown,0,7,summer,-0.4999999999999997,-0.8660254037844388,0.7907757369376989,-0.6121059825476626,0,0,79.5,0.2857142857142857,0,0,3,1
3030,leaderboard,53,blue-collar,married,primary,0,3324,1,0,unknown,23,331,6,-1,0,unknown,0,5,spring,0.49999999999999994,-0.8660254037844387,-0.9987165071710528,-0.05064916883871355,0,1,55.166666666666664,1.2,0,0,3,3
3031,leaderboard,41,blue-collar,married,secondary,0,1341,1,0,cellular,20,234,5,-1,0,unknown,0,4,spring,0.8660254037844387,-0.4999999999999998,-0.7907757369376986,-0.6121059825476627,0,1,46.8,1.25,0,0,2,3
3032,leaderboard,49,technician,married,primary,0,229,1,0,unknown,8,96,1,-1,0,unknown,0,5,spring,0.49999999999999994,-0.8660254037844387,0.9987165071710528,-0.05064916883871264,1,0,96.0,0.2,0,0,3,2
3033,leaderboard,27,services,married,secondary,0,67,1,0,cellular,7,113,1,337,2,other,0,5,spring,0.49999999999999994,-0.8660254037844387,0.9884683243281114,0.1514277775045767,1,0,113.0,0.2,0,0,1,2
3034,leaderboard,57,blue-collar,married,primary,0,461,1,0,unknown,13,139,4,-1,0,unknown,0,5,spring,0.49999999999999994,-0.8660254037844387,0.48530196253108104,-0.8743466161445821,0,0,34.75,0.8,0,0,4,2
3035,leaderboard,36,blue-collar,single,secondary,0,223,1,1,cellular,11,270,2,347,1,failure,0,5,spring,0.49999999999999994,-0.8660254037844387,0.7907757369376989,-0.6121059825476626,0,0,135.0,0.4,1,0,2,2
3036,leaderboard,33,self-employed,single,secondary,0,235,1,1,cellular,5,45,5,-1,0,unknown,0,2,winter,0.8660254037844386,0.5000000000000001,0.8486442574947509,0.5289640103269624,1,0,9.0,2.5,1,0,1,2
3037,leaderboard,46,admin.,married,primary,0,278,1,1,unknown,6,157,2,-1,0,unknown,0,5,spring,0.49999999999999994,-0.8660254037844387,0.9377521321470804,0.3473052528448203,1,0,78.5,0.4,1,0,3,2
3038,leaderboard,36,technician,single,secondary,0,0,0,0,cellular,29,85,6,-1,0,unknown,0,8,summer,-0.8660254037844385,-0.5000000000000004,-0.3943558551133187,0.9189578116202306,0,1,14.166666666666666,0.75,0,0,2,1
3039,leaderboard,59,management,married,tertiary,0,1577,0,0,telephone,28,91,5,-1,0,unknown,0,8,summer,-0.8660254037844385,-0.5000000000000004,-0.5712682150947924,0.8207634412072763,0,1,18.2,0.625,0,0,4,3
3040,leaderboard,36,retired,single,secondary,0,101,1,1,unknown,26,314,1,-1,0,unknown,0,5,spring,0.49999999999999994,-0.8660254037844387,-0.8486442574947509,0.5289640103269624,0,1,314.0,0.2,1,0,2,2
3041,leaderboard,53,unemployed,married,secondary,0,93,0,0,cellular,10,493,1,181,14,success,0,8,summer,-0.8660254037844385,-0.5000000000000004,0.8978045395707416,-0.4403941515576344,1,0,493.0,0.125,0,0,3,2
3042,leaderboard,30,blue-collar,married,primary,0,2582,0,0,unknown,12,221,2,-1,0,unknown,0,5,spring,0.49999999999999994,-0.8660254037844387,0.6513724827222223,-0.758758122692791,0,0,110.5,0.4,0,0,1,3
3043,leaderboard,35,technician,married,tertiary,0,192,0,0,cellular,26,286,2,-1,0,unknown,0,8,summer,-0.8660254037844385,-0.5000000000000004,-0.8486442574947509,0.5289640103269624,0,1,143.0,0.25,0,0,2,2
3044,leaderboard,58,management,married,secondary,0,38,0,0,cellular,18,84,11,-1,0,unknown,0,8,summer,-0.8660254037844385,-0.5000000000000004,-0.4853019625310808,-0.8743466161445822,0,0,7.636363636363637,1.375,0,0,4,2
3045,leaderboard,50,services,married,secondary,0,1572,1,0,cellular,9,185,1,-1,0,unknown,0,7,summer,-0.4999999999999997,-0.8660254037844388,0.9680771188662043,-0.2506525322587204,1,0,185.0,0.14285714285714285,0,0,3,3
3046,leaderboard,59,technician,married,secondary,0,258,0,0,cellular,15,415,1,89,1,success,0,6,summer,1.2246467991473532e-16,-1.0,0.10116832198743272,-0.994869323391895,0,0,415.0,0.16666666666666666,0,0,4,2
3047,leaderboard,59,blue-collar,married,secondary,0,0,1,0,unknown,5,226,1,-1,0,unknown,0,5,spring,0.49999999999999994,-0.8660254037844387,0.8486442574947509,0.5289640103269624,1,0,226.0,0.2,0,0,4,1
3048,leaderboard,43,blue-collar,married,primary,0,-89,1,0,unknown,26,402,2,-1,0,unknown,0,5,spring,0.49999999999999994,-0.8660254037844387,-0.8486442574947509,0.5289640103269624,0,1,201.0,0.4,1,0,2,1
3049,leaderboard,41,blue-collar,married,primary,0,8,0,0,cellular,23,74,5,-1,0,unknown,0,7,summer,-0.4999999999999997,-0.8660254037844388,-0.9987165071710528,-0.05064916883871355,0,1,14.8,0.7142857142857143,0,0,2,2
3050,leaderboard,27,management,single,tertiary,0,211,1,0,cellular,15,373,1,-1,0,unknown,0,5,spring,0.49999999999999994,-0.8660254037844387,0.10116832198743272,-0.994869323391895,0,0,373.0,0.2,0,0,1,2
3051,leaderboard,27,services,single,secondary,1,4,0,0,cellular,22,60,2,-1,0,unknown,0,7,summer,-0.4999999999999997,-0.8660254037844388,-0.9680771188662041,-0.2506525322587213,0,1,30.0,0.2857142857142857,1,0,1,2
3052,leaderboard,38,admin.,divorced,tertiary,0,78,1,0,unknown,6,218,1,-1,0,unknown,0,5,spring,0.49999999999999994,-0.8660254037844387,0.9377521321470804,0.3473052528448203,1,0,218.0,0.2,0,0,2,2
3053,leaderboard,59,blue-collar,married,primary,0,748,0,0,unknown,29,184,1,-1,0,unknown,0,5,spring,0.49999999999999994,-0.8660254037844387,-0.3943558551133187,0.9189578116202306,0,1,184.0,0.2,0,0,4,2
3054,leaderboard,34,technician,single,secondary,0,347,0,1,cellular,29,136,1,262,3,failure,0,1,winter,0.49999999999999994,0.8660254037844387,-0.3943558551133187,0.9189578116202306,0,1,136.0,1.0,1,0,1,2
3055,leaderboard,28,technician,divorced,tertiary,0,602,1,1,unknown,18,54,3,-1,0,unknown,0,6,summer,1.2246467991473532e-16,-1.0,-0.4853019625310808,-0.8743466161445822,0,0,18.0,0.5,1,0,1,2
3056,leaderboard,31,self-employed,single,secondary,0,207,0,1,cellular,19,177,1,-1,0,unknown,0,11,autumn,-0.5000000000000004,0.8660254037844384,-0.651372482722222,-0.7587581226927911,0,0,177.0,0.09090909090909091,1,0,1,2
3057,leaderboard,34,admin.,married,secondary,0,1672,0,0,unknown,21,160,1,-1,0,unknown,0,5,spring,0.49999999999999994,-0.8660254037844387,-0.8978045395707417,-0.44039415155763423,0,1,160.0,0.2,0,0,1,3
3058,leaderboard,36,services,married,secondary,0,-4,1,0,cellular,30,172,28,-1,0,unknown,0,7,summer,-0.4999999999999997,-0.8660254037844388,-0.20129852008866114,0.9795299412524943,0,1,6.142857142857143,4.0,1,0,2,1
3059,leaderboard,31,admin.,married,secondary,0,392,1,0,cellular,7,69,1,185,2,failure,0,12,winter,-2.4492935982947064e-16,1.0,0.9884683243281114,0.1514277775045767,1,0,69.0,0.08333333333333333,0,0,1,2
3060,leaderboard,36,blue-collar,single,tertiary,0,1821,0,0,cellular,14,183,1,91,11,failure,0,10,autumn,-0.8660254037844386,0.5000000000000001,0.29936312297335804,-0.9541392564000488,0,0,183.0,0.1,0,0,2,3
3061,leaderboard,43,technician,married,tertiary,0,188,0,0,cellular,5,203,2,-1,0,unknown,0,8,summer,-0.8660254037844385,-0.5000000000000004,0.8486442574947509,0.5289640103269624,1,0,101.5,0.25,0,0,2,2
3062,leaderboard,31,blue-collar,married,secondary,0,70,1,1,cellular,23,235,11,-1,0,unknown,0,7,summer,-0.4999999999999997,-0.8660254037844388,-0.9987165071710528,-0.05064916883871355,0,1,21.363636363636363,1.5714285714285714,1,0,1,2
3063,leaderboard,57,management,married,tertiary,0,3240,0,0,cellular,20,162,3,-1,0,unknown,0,8,summer,-0.8660254037844385,-0.5000000000000004,-0.7907757369376986,-0.6121059825476627,0,1,54.0,0.375,0,0,4,3
3064,leaderboard,51,blue-collar,divorced,secondary,0,207,1,0,cellular,8,134,1,170,5,failure,0,5,spring,0.49999999999999994,-0.8660254037844387,0.9987165071710528,-0.05064916883871264,1,0,134.0,0.2,0,0,3,2
3065,leaderboard,47,technician,married,secondary,0,597,1,0,cellular,13,99,3,-1,0,unknown,0,8,summer,-0.8660254037844385,-0.5000000000000004,0.48530196253108104,-0.8743466161445821,0,0,33.0,0.375,0,0,3,2
3066,leaderboard,47,self-employed,married,unknown,0,15,1,0,cellular,15,142,1,-1,0,unknown,0,5,spring,0.49999999999999994,-0.8660254037844387,0.10116832198743272,-0.994869323391895,0,0,142.0,0.2,0,0,3,2
3067,leaderboard,30,management,single,tertiary,0,6498,0,0,cellular,30,78,3,-1,0,unknown,0,3,spring,1.0,6.123233995736766e-17,-0.20129852008866114,0.9795299412524943,0,1,26.0,1.0,0,0,1,4
3068,leaderboard,36,entrepreneur,married,tertiary,0,1162,1,0,unknown,6,168,2,-1,0,unknown,0,5,spring,0.49999999999999994,-0.8660254037844387,0.9377521321470804,0.3473052528448203,1,0,84.0,0.4,0,0,2,3
3069,leaderboard,45,technician,single,unknown,0,7115,1,1,cellular,18,53,1,172,3,failure,0,11,autumn,-0.5000000000000004,0.8660254037844384,-0.4853019625310808,-0.8743466161445822,0,0,53.0,0.09090909090909091,1,0,3,4
3070,leaderboard,30,admin.,married,secondary,0,514,1,0,cellular,8,127,1,-1,0,unknown,0,5,spring,0.49999999999999994,-0.8660254037844387,0.9987165071710528,-0.05064916883871264,1,0,127.0,0.2,0,0,1,2
3071,leaderboard,32,technician,married,secondary,0,287,0,0,cellular,20,60,1,343,4,failure,0,4,spring,0.8660254037844387,-0.4999999999999998,-0.7907757369376986,-0.6121059825476627,0,1,60.0,0.25,0,0,1,2
3072,leaderboard,49,entrepreneur,married,secondary,0,1925,0,1,telephone,14,281,3,-1,0,unknown,0,7,summer,-0.4999999999999997,-0.8660254037844388,0.29936312297335804,-0.9541392564000488,0,0,93.66666666666667,0.42857142857142855,1,0,3,3
3073,leaderboard,36,management,married,tertiary,0,916,0,0,cellular,14,321,3,189,4,success,0,12,winter,-2.4492935982947064e-16,1.0,0.29936312297335804,-0.9541392564000488,0,0,107.0,0.25,0,0,2,2
3074,leaderboard,54,entrepreneur,married,secondary,0,655,1,0,unknown,15,352,1,-1,0,unknown,0,5,spring,0.49999999999999994,-0.8660254037844387,0.10116832198743272,-0.994869323391895,0,0,352.0,0.2,0,0,3,2
3075,leaderboard,34,technician,single,secondary,0,5048,0,0,cellular,20,205,6,-1,0,unknown,0,11,autumn,-0.5000000000000004,0.8660254037844384,-0.7907757369376986,-0.6121059825476627,0,1,34.166666666666664,0.5454545454545454,0,0,1,4
3076,leaderboard,38,blue-collar,married,secondary,0,118,1,1,cellular,6,168,1,212,2,failure,0,2,winter,0.8660254037844386,0.5000000000000001,0.9377521321470804,0.3473052528448203,1,0,168.0,0.5,1,0,2,2
3077,leaderboard,45,blue-collar,married,secondary,0,186,1,0,cellular,13,154,5,176,1,other,0,5,spring,0.49999999999999994,-0.8660254037844387,0.48530196253108104,-0.8743466161445821,0,0,30.8,1.0,0,0,3,2
3078,leaderboard,53,blue-collar,married,secondary,0,68,0,0,cellular,28,25,18,-1,0,unknown,0,8,summer,-0.8660254037844385,-0.5000000000000004,-0.5712682150947924,0.8207634412072763,0,1,1.3888888888888888,2.25,0,0,3,2
3079,leaderboard,44,entrepreneur,married,secondary,0,92,0,0,cellular,7,125,2,-1,0,unknown,0,7,summer,-0.4999999999999997,-0.8660254037844388,0.9884683243281114,0.1514277775045767,1,0,62.5,0.2857142857142857,0,0,2,2
3080,leaderboard,50,housemaid,divorced,primary,0,96,1,0,cellular,22,184,4,-1,0,unknown,0,7,summer,-0.4999999999999997,-0.8660254037844388,-0.9680771188662041,-0.2506525322587213,0,1,46.0,0.5714285714285714,0,0,3,2
3081,leaderboard,32,technician,married,tertiary,0,386,1,0,cellular,13,205,3,-1,0,unknown,0,5,spring,0.49999999999999994,-0.8660254037844387,0.48530196253108104,-0.8743466161445821,0,0,68.33333333333333,0.6,0,0,1,2
3082,leaderboard,38,technician,single,secondary,0,319,1,0,cellular,28,61,2,-1,0,unknown,0,5,spring,0.49999999999999994,-0.8660254037844387,-0.5712682150947924,0.8207634412072763,0,1,30.5,0.4,0,0,2,2
3083,leaderboard,32,services,single,secondary,0,0,1,0,cellular,31,99,13,-1,0,unknown,0,7,summer,-0.4999999999999997,-0.8660254037844388,-2.4492935982947064e-16,1.0,0,1,7.615384615384615,1.8571428571428572,0,0,1,1
3084,leaderboard,32,services,married,secondary,0,45,1,0,cellular,15,744,1,-1,0,unknown,0,5,spring,0.49999999999999994,-0.8660254037844387,0.10116832198743272,-0.994869323391895,0,0,744.0,0.2,0,0,1,2
3085,leaderboard,58,management,single,tertiary,0,9,1,0,telephone,11,168,3,-1,0,unknown,0,5,spring,0.49999999999999994,-0.8660254037844387,0.7907757369376989,-0.6121059825476626,0,0,56.0,0.6,0,0,4,2
3086,leaderboard,61,retired,married,primary,0,1059,1,0,unknown,13,118,1,-1,0,unknown,0,5,spring,0.49999999999999994,-0.8660254037844387,0.48530196253108104,-0.8743466161445821,0,0,118.0,0.2,0,0,4,3
3087,leaderboard,27,technician,married,secondary,0,131,1,0,cellular,7,265,3,-1,0,unknown,0,5,spring,0.49999999999999994,-0.8660254037844387,0.9884683243281114,0.1514277775045767,1,0,88.33333333333333,0.6,0,0,1,2
3088,leaderboard,37,technician,single,secondary,0,-238,1,0,cellular,13,1149,6,-1,0,unknown,0,8,summer,-0.8660254037844385,-0.5000000000000004,0.48530196253108104,-0.8743466161445821,0,0,191.5,0.75,1,0,2,1
3089,leaderboard,28,services,single,secondary,0,230,1,0,unknown,9,322,1,-1,0,unknown,0,5,spring,0.49999999999999994,-0.8660254037844387,0.9680771188662043,-0.2506525322587204,1,0,322.0,0.2,0,0,1,2
3090,leaderboard,55,technician,single,secondary,0,3342,1,0,unknown,2,63,1,-1,0,unknown,0,6,summer,1.2246467991473532e-16,-1.0,0.39435585511331855,0.9189578116202306,1,0,63.0,0.16666666666666666,0,0,4,3
3091,leaderboard,36,management,married,tertiary,0,0,1,0,unknown,27,145,2,-1,0,unknown,0,5,spring,0.49999999999999994,-0.8660254037844387,-0.72479278722912,0.6889669190756865,0,1,72.5,0.4,0,0,2,1
3092,leaderboard,49,services,married,secondary,0,39,0,0,unknown,5,234,2,-1,0,unknown,0,5,spring,0.49999999999999994,-0.8660254037844387,0.8486442574947509,0.5289640103269624,1,0,117.0,0.4,0,0,3,2
3093,leaderboard,36,unemployed,married,secondary,0,-36,0,0,cellular,30,339,3,-1,0,unknown,0,1,winter,0.49999999999999994,0.8660254037844387,-0.20129852008866114,0.9795299412524943,0,1,113.0,3.0,1,0,2,1
3094,leaderboard,46,blue-collar,married,secondary,0,180,0,0,cellular,4,56,1,-1,0,unknown,0,2,winter,0.8660254037844386,0.5000000000000001,0.72479278722912,0.6889669190756866,1,0,56.0,0.5,0,0,3,2
3095,leaderboard,42,entrepreneur,married,primary,0,207,1,0,unknown,8,314,1,-1,0,unknown,0,5,spring,0.49999999999999994,-0.8660254037844387,0.9987165071710528,-0.05064916883871264,1,0,314.0,0.2,0,0,2,2
3096,leaderboard,51,housemaid,married,unknown,0,21243,0,1,cellular,4,166,2,-1,0,unknown,0,8,summer,-0.8660254037844385,-0.5000000000000004,0.72479278722912,0.6889669190756866,1,0,83.0,0.25,1,0,3,5
3097,leaderboard,27,technician,single,secondary,0,7,1,0,cellular,25,67,3,-1,0,unknown,0,7,summer,-0.4999999999999997,-0.8660254037844388,-0.9377521321470804,0.3473052528448203,0,1,22.333333333333332,0.42857142857142855,0,0,1,2
3098,leaderboard,23,student,single,secondary,0,9222,0,0,cellular,5,471,2,-1,0,unknown,0,6,summer,1.2246467991473532e-16,-1.0,0.8486442574947509,0.5289640103269624,1,0,235.5,0.3333333333333333,0,0,0,4
3099,leaderboard,32,technician,married,secondary,0,5118,0,0,cellular,13,31,1,-1,0,unknown,0,8,summer,-0.8660254037844385,-0.5000000000000004,0.48530196253108104,-0.8743466161445821,0,0,31.0,0.125,0,0,1,4
3100,leaderboard,51,technician,married,tertiary,0,4,0,0,cellular,25,91,9,-1,0,unknown,0,8,summer,-0.8660254037844385,-0.5000000000000004,-0.9377521321470804,0.3473052528448203,0,1,10.11111111111111,1.125,0,0,3,2
3101,leaderboard,42,blue-collar,married,primary,0,-107,1,0,cellular,3,216,4,271,5,failure,0,2,winter,0.8660254037844386,0.5000000000000001,0.5712682150947923,0.8207634412072763,1,0,54.0,2.0,1,0,2,1
3102,leaderboard,32,technician,single,secondary,0,270,1,0,cellular,13,80,2,268,2,other,0,5,spring,0.49999999999999994,-0.8660254037844387,0.48530196253108104,-0.8743466161445821,0,0,40.0,0.4,0,0,1,2
3103,leaderboard,41,technician,married,secondary,0,0,0,0,cellular,29,141,2,-1,0,unknown,0,8,summer,-0.8660254037844385,-0.5000000000000004,-0.3943558551133187,0.9189578116202306,0,1,70.5,0.25,0,0,2,1
3104,leaderboard,33,blue-collar,married,secondary,0,930,1,0,unknown,21,226,1,-1,0,unknown,0,5,spring,0.49999999999999994,-0.8660254037844387,-0.8978045395707417,-0.44039415155763423,0,1,226.0,0.2,0,0,1,2
3105,leaderboard,38,management,married,tertiary,0,-465,1,0,unknown,16,209,12,-1,0,unknown,0,6,summer,1.2246467991473532e-16,-1.0,-0.10116832198743204,-0.9948693233918952,0,0,17.416666666666668,2.0,1,0,2,1
3106,leaderboard,33,admin.,married,secondary,0,1157,1,0,cellular,20,25,2,-1,0,unknown,0,4,spring,0.8660254037844387,-0.4999999999999998,-0.7907757369376986,-0.6121059825476627,0,1,12.5,0.5,0,0,1,3
3107,leaderboard,34,management,single,tertiary,0,2673,1,0,cellular,7,195,1,-1,0,unknown,0,5,spring,0.49999999999999994,-0.8660254037844387,0.9884683243281114,0.1514277775045767,1,0,195.0,0.2,0,0,1,3
3108,leaderboard,59,retired,married,secondary,0,327,1,0,unknown,5,143,3,-1,0,unknown,0,5,spring,0.49999999999999994,-0.8660254037844387,0.8486442574947509,0.5289640103269624,1,0,47.666666666666664,0.6,0,0,4,2
3109,leaderboard,54,blue-collar,married,secondary,0,2066,1,0,cellular,25,177,4,-1,0,unknown,0,8,summer,-0.8660254037844385,-0.5000000000000004,-0.9377521321470804,0.3473052528448203,0,1,44.25,0.5,0,0,3,3
3110,leaderboard,47,services,divorced,secondary,0,4905,1,0,unknown,14,389,1,-1,0,unknown,0,5,spring,0.49999999999999994,-0.8660254037844387,0.29936312297335804,-0.9541392564000488,0,0,389.0,0.2,0,0,3,3
3111,leaderboard,25,admin.,single,secondary,0,4588,1,0,unknown,28,199,2,-1,0,unknown,0,5,spring,0.49999999999999994,-0.8660254037844387,-0.5712682150947924,0.8207634412072763,0,1,99.5,0.4,0,0,1,3
3112,leaderboard,53,blue-collar,married,primary,0,241,1,0,cellular,11,238,2,361,5,failure,0,5,spring,0.49999999999999994,-0.8660254037844387,0.7907757369376989,-0.6121059825476626,0,0,119.0,0.4,0,0,3,2
3113,leaderboard,40,blue-collar,married,secondary,0,0,1,1,unknown,29,245,3,-1,0,unknown,0,5,spring,0.49999999999999994,-0.8660254037844387,-0.3943558551133187,0.9189578116202306,0,1,81.66666666666667,0.6,1,0,2,1
3114,leaderboard,38,management,single,tertiary,0,0,0,0,cellular,24,164,1,-1,0,unknown,0,7,summer,-0.4999999999999997,-0.8660254037844388,-0.9884683243281114,0.15142777750457667,0,1,164.0,0.14285714285714285,0,0,2,1
3115,leaderboard,49,technician,married,secondary,0,4673,1,0,unknown,19,130,2,-1,0,unknown,0,5,spring,0.49999999999999994,-0.8660254037844387,-0.651372482722222,-0.7587581226927911,0,0,65.0,0.4,0,0,3,3
3116,leaderboard,32,management,single,tertiary,0,570,0,0,cellular,7,101,2,-1,0,unknown,0,8,summer,-0.8660254037844385,-0.5000000000000004,0.9884683243281114,0.1514277775045767,1,0,50.5,0.25,0,0,1,2
3117,leaderboard,51,unemployed,married,tertiary,0,1637,1,0,cellular,22,168,4,-1,0,unknown,0,7,summer,-0.4999999999999997,-0.8660254037844388,-0.9680771188662041,-0.2506525322587213,0,1,42.0,0.5714285714285714,0,0,3,3
3118,leaderboard,40,technician,married,secondary,0,787,1,0,unknown,14,224,2,-1,0,unknown,0,5,spring,0.49999999999999994,-0.8660254037844387,0.29936312297335804,-0.9541392564000488,0,0,112.0,0.4,0,0,2,2
3119,leaderboard,27,admin.,married,secondary,0,633,0,1,cellular,14,243,3,-1,0,unknown,0,7,summer,-0.4999999999999997,-0.8660254037844388,0.29936312297335804,-0.9541392564000488,0,0,81.0,0.42857142857142855,1,0,1,2
3120,leaderboard,33,technician,single,secondary,0,5228,0,0,cellular,7,67,3,-1,0,unknown,0,8,summer,-0.8660254037844385,-0.5000000000000004,0.9884683243281114,0.1514277775045767,1,0,22.333333333333332,0.375,0,0,1,4
3121,leaderboard,59,blue-collar,married,primary,0,188,1,0,unknown,5,55,3,-1,0,unknown,0,5,spring,0.49999999999999994,-0.8660254037844387,0.8486442574947509,0.5289640103269624,1,0,18.333333333333332,0.6,0,0,4,2
3122,leaderboard,36,blue-collar,married,primary,0,122,1,0,cellular,18,9,1,-1,0,unknown,0,5,spring,0.49999999999999994,-0.8660254037844387,-0.4853019625310808,-0.8743466161445822,0,0,9.0,0.2,0,0,2,2
3123,leaderboard,35,services,married,secondary,0,104,1,0,unknown,6,597,3,-1,0,unknown,0,5,spring,0.49999999999999994,-0.8660254037844387,0.9377521321470804,0.3473052528448203,1,0,199.0,0.6,0,0,2,2
3124,leaderboard,54,technician,married,tertiary,0,866,0,0,cellular,27,269,3,541,3,success,0,10,autumn,-0.8660254037844386,0.5000000000000001,-0.72479278722912,0.6889669190756865,0,1,89.66666666666667,0.3,0,0,3,2
3125,leaderboard,57,retired,married,secondary,0,1048,0,0,telephone,11,585,1,192,2,success,0,1,winter,0.49999999999999994,0.8660254037844387,0.7907757369376989,-0.6121059825476626,0,0,585.0,1.0,0,0,4,3
3126,leaderboard,28,management,single,tertiary,0,1468,1,0,cellular,25,40,1,-1,0,unknown,0,7,summer,-0.4999999999999997,-0.8660254037844388,-0.9377521321470804,0.3473052528448203,0,1,40.0,0.14285714285714285,0,0,1,3
3127,leaderboard,39,services,divorced,secondary,0,686,1,0,cellular,9,869,1,-1,0,unknown,0,7,summer,-0.4999999999999997,-0.8660254037844388,0.9680771188662043,-0.2506525322587204,1,0,869.0,0.14285714285714285,0,0,2,2
3128,leaderboard,53,blue-collar,married,secondary,0,-622,1,0,cellular,9,205,1,-1,0,unknown,0,7,summer,-0.4999999999999997,-0.8660254037844388,0.9680771188662043,-0.2506525322587204,1,0,205.0,0.14285714285714285,1,0,3,1
3129,leaderboard,56,management,married,tertiary,0,21655,0,0,unknown,17,214,8,-1,0,unknown,0,6,summer,1.2246467991473532e-16,-1.0,-0.2993631229733582,-0.9541392564000488,0,0,26.75,1.3333333333333333,0,0,4,5
3130,leaderboard,50,management,married,tertiary,0,91,0,1,cellular,1,141,1,-1,0,unknown,0,6,summer,1.2246467991473532e-16,-1.0,0.20129852008866006,0.9795299412524945,1,0,141.0,0.16666666666666666,1,0,3,2
3131,leaderboard,34,management,married,tertiary,0,1509,1,0,cellular,20,128,2,-1,0,unknown,0,11,autumn,-0.5000000000000004,0.8660254037844384,-0.7907757369376986,-0.6121059825476627,0,1,64.0,0.18181818181818182,0,0,1,3
3132,leaderboard,49,services,married,secondary,0,321,0,0,telephone,9,1971,4,-1,0,unknown,0,2,winter,0.8660254037844386,0.5000000000000001,0.9680771188662043,-0.2506525322587204,1,0,492.75,2.0,0,0,3,2
3133,leaderboard,47,blue-collar,married,primary,0,3460,0,1,cellular,21,125,2,-1,0,unknown,0,11,autumn,-0.5000000000000004,0.8660254037844384,-0.8978045395707417,-0.44039415155763423,0,1,62.5,0.18181818181818182,1,0,3,3
3134,leaderboard,38,management,divorced,unknown,0,0,1,0,cellular,18,96,2,-1,0,unknown,0,11,autumn,-0.5000000000000004,0.8660254037844384,-0.4853019625310808,-0.8743466161445822,0,0,48.0,0.18181818181818182,0,0,2,1
3135,leaderboard,44,services,single,secondary,0,1377,1,0,unknown,8,257,2,-1,0,unknown,0,5,spring,0.49999999999999994,-0.8660254037844387,0.9987165071710528,-0.05064916883871264,1,0,128.5,0.4,0,0,2,3
3136,leaderboard,31,unemployed,single,secondary,0,313,0,0,cellular,30,130,1,2,1,other,0,1,winter,0.49999999999999994,0.8660254037844387,-0.20129852008866114,0.9795299412524943,0,1,130.0,1.0,0,0,1,2
3137,leaderboard,32,management,divorced,tertiary,0,881,0,0,cellular,12,1282,6,-1,0,unknown,0,8,summer,-0.8660254037844385,-0.5000000000000004,0.6513724827222223,-0.758758122692791,0,0,213.66666666666666,0.75,0,0,1,2
3138,leaderboard,46,blue-collar,married,secondary,0,-1,0,0,cellular,18,71,3,-1,0,unknown,0,8,summer,-0.8660254037844385,-0.5000000000000004,-0.4853019625310808,-0.8743466161445822,0,0,23.666666666666668,0.375,1,0,3,1
3139,leaderboard,39,services,divorced,secondary,0,282,1,0,cellular,17,243,1,-1,0,unknown,0,7,summer,-0.4999999999999997,-0.8660254037844388,-0.2993631229733582,-0.9541392564000488,0,0,243.0,0.14285714285714285,0,0,2,2
3140,leaderboard,38,entrepreneur,married,tertiary,0,0,1,0,cellular,18,185,3,-1,0,unknown,0,11,autumn,-0.5000000000000004,0.8660254037844384,-0.4853019625310808,-0.8743466161445822,0,0,61.666666666666664,0.2727272727272727,0,0,2,1
3141,leaderboard,30,technician,married,secondary,0,1213,1,0,cellular,18,176,1,-1,0,unknown,0,5,spring,0.49999999999999994,-0.8660254037844387,-0.4853019625310808,-0.8743466161445822,0,0,176.0,0.2,0,0,1,3
3142,leaderboard,27,technician,single,tertiary,0,3085,1,0,unknown,29,244,2,-1,0,unknown,0,5,spring,0.49999999999999994,-0.8660254037844387,-0.3943558551133187,0.9189578116202306,0,1,122.0,0.4,0,0,1,3
3143,leaderboard,32,admin.,single,secondary,0,125,0,1,cellular,16,255,2,-1,0,unknown,0,7,summer,-0.4999999999999997,-0.8660254037844388,-0.10116832198743204,-0.9948693233918952,0,0,127.5,0.2857142857142857,1,0,1,2
3144,leaderboard,34,technician,divorced,tertiary,0,671,1,0,cellular,7,587,2,-1,0,unknown,0,8,summer,-0.8660254037844385,-0.5000000000000004,0.9884683243281114,0.1514277775045767,1,0,293.5,0.25,0,0,1,2
3145,leaderboard,42,entrepreneur,married,tertiary,0,42042,0,0,cellular,8,205,2,-1,0,unknown,0,8,summer,-0.8660254037844385,-0.5000000000000004,0.9987165071710528,-0.05064916883871264,1,0,102.5,0.25,0,0,2,5
3146,leaderboard,31,admin.,married,secondary,0,0,1,1,unknown,6,144,2,-1,0,unknown,0,5,spring,0.49999999999999994,-0.8660254037844387,0.9377521321470804,0.3473052528448203,1,0,72.0,0.4,1,0,1,1
3147,leaderboard,40,student,married,secondary,0,260,0,0,unknown,20,197,6,-1,0,unknown,0,6,summer,1.2246467991473532e-16,-1.0,-0.7907757369376986,-0.6121059825476627,0,1,32.833333333333336,1.0,0,0,2,2
3148,leaderboard,51,blue-collar,married,secondary,0,387,1,0,cellular,20,293,2,-1,0,unknown,0,8,summer,-0.8660254037844385,-0.5000000000000004,-0.7907757369376986,-0.6121059825476627,0,1,146.5,0.25,0,0,3,2
3149,leaderboard,29,management,single,tertiary,0,0,0,0,unknown,16,16,25,-1,0,unknown,0,5,spring,0.49999999999999994,-0.8660254037844387,-0.10116832198743204,-0.9948693233918952,0,0,0.64,5.0,0,0,1,1
3150,leaderboard,30,services,married,secondary,0,0,1,0,unknown,9,20,1,-1,0,unknown,0,5,spring,0.49999999999999994,-0.8660254037844387,0.9680771188662043,-0.2506525322587204,1,0,20.0,0.2,0,0,1,1
3151,leaderboard,40,technician,married,secondary,0,-399,1,0,unknown,26,127,1,-1,0,unknown,0,5,spring,0.49999999999999994,-0.8660254037844387,-0.8486442574947509,0.5289640103269624,0,1,127.0,0.2,1,0,2,1
3152,leaderboard,39,admin.,married,secondary,0,254,1,0,cellular,17,146,1,281,1,failure,0,4,spring,0.8660254037844387,-0.4999999999999998,-0.2993631229733582,-0.9541392564000488,0,0,146.0,0.25,0,0,2,2
3153,leaderboard,27,student,single,tertiary,0,3741,1,0,cellular,22,198,1,98,6,success,0,5,spring,0.49999999999999994,-0.8660254037844387,-0.9680771188662041,-0.2506525322587213,0,1,198.0,0.2,0,0,1,3
3154,leaderboard,43,blue-collar,married,primary,0,782,1,1,unknown,15,284,5,-1,0,unknown,0,5,spring,0.49999999999999994,-0.8660254037844387,0.10116832198743272,-0.994869323391895,0,0,56.8,1.0,1,0,2,2
3155,leaderboard,43,blue-collar,divorced,primary,0,336,0,1,cellular,8,192,1,-1,0,unknown,0,7,summer,-0.4999999999999997,-0.8660254037844388,0.9987165071710528,-0.05064916883871264,1,0,192.0,0.14285714285714285,1,0,2,2
3156,leaderboard,44,technician,married,tertiary,0,1138,0,0,cellular,4,178,2,-1,0,unknown,0,7,summer,-0.4999999999999997,-0.8660254037844388,0.72479278722912,0.6889669190756866,1,0,89.0,0.2857142857142857,0,0,2,3
3157,leaderboard,43,technician,divorced,secondary,0,1412,1,0,telephone,28,75,3,-1,0,unknown,0,7,summer,-0.4999999999999997,-0.8660254037844388,-0.5712682150947924,0.8207634412072763,0,1,25.0,0.42857142857142855,0,0,2,3
3158,leaderboard,37,services,divorced,secondary,0,493,1,0,cellular,2,73,1,-1,0,unknown,0,2,winter,0.8660254037844386,0.5000000000000001,0.39435585511331855,0.9189578116202306,1,0,73.0,0.5,0,0,2,2
3159,leaderboard,46,admin.,married,secondary,0,474,1,0,cellular,29,169,1,-1,0,unknown,0,1,winter,0.49999999999999994,0.8660254037844387,-0.3943558551133187,0.9189578116202306,0,1,169.0,1.0,0,0,3,2
3160,leaderboard,32,management,divorced,tertiary,0,878,1,0,cellular,10,798,1,185,5,other,0,12,winter,-2.4492935982947064e-16,1.0,0.8978045395707416,-0.4403941515576344,1,0,798.0,0.08333333333333333,0,0,1,2
3161,leaderboard,37,services,single,secondary,0,101,0,1,unknown,17,260,4,-1,0,unknown,0,6,summer,1.2246467991473532e-16,-1.0,-0.2993631229733582,-0.9541392564000488,0,0,65.0,0.6666666666666666,1,0,2,2
3162,leaderboard,39,technician,married,tertiary,0,795,0,0,telephone,2,182,1,-1,0,unknown,0,2,winter,0.8660254037844386,0.5000000000000001,0.39435585511331855,0.9189578116202306,1,0,182.0,0.5,0,0,2,2
3163,leaderboard,29,services,single,unknown,0,23,0,0,unknown,1,161,1,-1,0,unknown,0,7,summer,-0.4999999999999997,-0.8660254037844388,0.20129852008866006,0.9795299412524945,1,0,161.0,0.14285714285714285,0,0,1,2
3164,leaderboard,26,blue-collar,married,secondary,0,247,1,0,unknown,26,16,11,-1,0,unknown,0,5,spring,0.49999999999999994,-0.8660254037844387,-0.8486442574947509,0.5289640103269624,0,1,1.4545454545454546,2.2,0,0,1,2
3165,leaderboard,37,technician,single,secondary,1,383,0,0,unknown,9,223,2,-1,0,unknown,0,6,summer,1.2246467991473532e-16,-1.0,0.9680771188662043,-0.2506525322587204,1,0,111.5,0.3333333333333333,1,0,2,2
3166,leaderboard,34,entrepreneur,married,secondary,0,457,1,1,cellular,28,137,8,-1,0,unknown,0,8,summer,-0.8660254037844385,-0.5000000000000004,-0.5712682150947924,0.8207634412072763,0,1,17.125,1.0,1,0,1,2
3167,leaderboard,42,technician,divorced,secondary,0,1537,0,1,cellular,5,86,1,-1,0,unknown,0,8,summer,-0.8660254037844385,-0.5000000000000004,0.8486442574947509,0.5289640103269624,1,0,86.0,0.125,1,0,2,3
3168,leaderboard,27,blue-collar,single,secondary,0,103,0,0,cellular,22,39,17,-1,0,unknown,0,7,summer,-0.4999999999999997,-0.8660254037844388,-0.9680771188662041,-0.2506525322587213,0,1,2.2941176470588234,2.4285714285714284,0,0,1,2
3169,leaderboard,49,blue-collar,married,secondary,0,1560,0,0,unknown,21,206,6,-1,0,unknown,0,5,spring,0.49999999999999994,-0.8660254037844387,-0.8978045395707417,-0.44039415155763423,0,1,34.333333333333336,1.2,0,0,3,3
3170,leaderboard,46,admin.,single,secondary,0,741,1,0,unknown,13,104,2,-1,0,unknown,0,5,spring,0.49999999999999994,-0.8660254037844387,0.48530196253108104,-0.8743466161445821,0,0,52.0,0.4,0,0,3,2
3171,leaderboard,51,technician,married,secondary,0,133,1,0,unknown,16,627,1,-1,0,unknown,0,5,spring,0.49999999999999994,-0.8660254037844387,-0.10116832198743204,-0.9948693233918952,0,0,627.0,0.2,0,0,3,2
3172,leaderboard,31,blue-collar,married,secondary,0,405,0,0,cellular,14,96,3,-1,0,unknown,0,8,summer,-0.8660254037844385,-0.5000000000000004,0.29936312297335804,-0.9541392564000488,0,0,32.0,0.375,0,0,1,2
3173,leaderboard,37,services,married,secondary,0,4765,1,0,cellular,20,187,2,-1,0,unknown,0,11,autumn,-0.5000000000000004,0.8660254037844384,-0.7907757369376986,-0.6121059825476627,0,1,93.5,0.18181818181818182,0,0,2,3
3174,leaderboard,29,technician,married,secondary,0,1591,1,0,cellular,8,115,1,61,1,failure,0,7,summer,-0.4999999999999997,-0.8660254037844388,0.9987165071710528,-0.05064916883871264,1,0,115.0,0.14285714285714285,0,0,1,3
3175,leaderboard,35,technician,single,tertiary,0,3544,0,0,cellular,21,267,1,-1,0,unknown,0,11,autumn,-0.5000000000000004,0.8660254037844384,-0.8978045395707417,-0.44039415155763423,0,1,267.0,0.09090909090909091,0,0,2,3
3176,leaderboard,37,blue-collar,married,secondary,0,132,1,0,unknown,9,137,2,-1,0,unknown,0,5,spring,0.49999999999999994,-0.8660254037844387,0.9680771188662043,-0.2506525322587204,1,0,68.5,0.4,0,0,2,2
3177,leaderboard,32,management,single,secondary,0,258,1,0,unknown,2,258,1,-1,0,unknown,0,6,summer,1.2246467991473532e-16,-1.0,0.39435585511331855,0.9189578116202306,1,0,258.0,0.16666666666666666,0,0,1,2
3178,leaderboard,52,management,single,tertiary,0,7,0,1,cellular,28,30,9,-1,0,unknown,0,7,summer,-0.4999999999999997,-0.8660254037844388,-0.5712682150947924,0.8207634412072763,0,1,3.3333333333333335,1.2857142857142858,1,0,3,2
3179,leaderboard,38,blue-collar,divorced,secondary,0,2988,1,0,unknown,11,91,1,-1,0,unknown,0,6,summer,1.2246467991473532e-16,-1.0,0.7907757369376989,-0.6121059825476626,0,0,91.0,0.16666666666666666,0,0,2,3
3180,leaderboard,47,blue-collar,single,unknown,0,2438,0,0,unknown,18,422,1,-1,0,unknown,0,6,summer,1.2246467991473532e-16,-1.0,-0.4853019625310808,-0.8743466161445822,0,0,422.0,0.16666666666666666,0,0,3,3
3181,leaderboard,58,management,married,primary,0,2763,1,0,cellular,11,94,2,-1,0,unknown,0,7,summer,-0.4999999999999997,-0.8660254037844388,0.7907757369376989,-0.6121059825476626,0,0,47.0,0.2857142857142857,0,0,4,3
3182,leaderboard,34,self-employed,married,tertiary,0,5493,0,0,cellular,19,265,1,-1,0,unknown,0,11,autumn,-0.5000000000000004,0.8660254037844384,-0.651372482722222,-0.7587581226927911,0,0,265.0,0.09090909090909091,0,0,1,4
3183,leaderboard,34,management,married,tertiary,0,1108,1,0,cellular,25,53,5,-1,0,unknown,0,7,summer,-0.4999999999999997,-0.8660254037844388,-0.9377521321470804,0.3473052528448203,0,1,10.6,0.7142857142857143,0,0,1,3
3184,leaderboard,45,technician,single,secondary,0,589,0,1,cellular,28,32,3,-1,0,unknown,0,7,summer,-0.4999999999999997,-0.8660254037844388,-0.5712682150947924,0.8207634412072763,0,1,10.666666666666666,0.42857142857142855,1,0,3,2
3185,leaderboard,39,admin.,divorced,secondary,0,80,1,0,cellular,30,69,6,-1,0,unknown,0,7,summer,-0.4999999999999997,-0.8660254037844388,-0.20129852008866114,0.9795299412524943,0,1,11.5,0.8571428571428571,0,0,2,2
3186,leaderboard,36,management,single,tertiary,0,619,0,0,cellular,7,86,2,-1,0,unknown,0,8,summer,-0.8660254037844385,-0.5000000000000004,0.9884683243281114,0.1514277775045767,1,0,43.0,0.25,0,0,2,2
3187,leaderboard,33,technician,single,tertiary,0,126,0,0,telephone,29,66,2,-1,0,unknown,0,8,summer,-0.8660254037844385,-0.5000000000000004,-0.3943558551133187,0.9189578116202306,0,1,33.0,0.25,0,0,1,2
3188,leaderboard,51,unemployed,married,secondary,0,1750,0,1,cellular,19,162,1,-1,0,unknown,0,11,autumn,-0.5000000000000004,0.8660254037844384,-0.651372482722222,-0.7587581226927911,0,0,162.0,0.09090909090909091,1,0,3,3
3189,leaderboard,48,admin.,married,unknown,0,0,1,0,cellular,8,85,1,168,2,failure,0,5,spring,0.49999999999999994,-0.8660254037844387,0.9987165071710528,-0.05064916883871264,1,0,85.0,0.2,0,0,3,1
3190,leaderboard,42,management,married,primary,0,-682,1,1,cellular,6,159,1,343,2,failure,0,5,spring,0.49999999999999994,-0.8660254037844387,0.9377521321470804,0.3473052528448203,1,0,159.0,0.2,2,0,2,1
3191,leaderboard,38,management,married,tertiary,0,951,0,0,cellular,5,210,2,-1,0,unknown,0,8,summer,-0.8660254037844385,-0.5000000000000004,0.8486442574947509,0.5289640103269624,1,0,105.0,0.25,0,0,2,2
3192,leaderboard,32,technician,divorced,tertiary,0,259,0,0,cellular,26,128,1,-1,0,unknown,0,5,spring,0.49999999999999994,-0.8660254037844387,-0.8486442574947509,0.5289640103269624,0,1,128.0,0.2,0,0,1,2
3193,leaderboard,35,blue-collar,married,secondary,0,1940,1,0,unknown,2,200,3,-1,0,unknown,0,6,summer,1.2246467991473532e-16,-1.0,0.39435585511331855,0.9189578116202306,1,0,66.66666666666667,0.5,0,0,2,3
3194,leaderboard,45,services,divorced,secondary,0,80,0,1,cellular,7,332,1,-1,0,unknown,0,7,summer,-0.4999999999999997,-0.8660254037844388,0.9884683243281114,0.1514277775045767,1,0,332.0,0.14285714285714285,1,0,3,2
3195,leaderboard,26,admin.,single,secondary,0,236,1,1,cellular,18,8,2,-1,0,unknown,0,5,spring,0.49999999999999994,-0.8660254037844387,-0.4853019625310808,-0.8743466161445822,0,0,4.0,0.4,1,0,1,2
3196,leaderboard,53,management,married,primary,0,4077,0,0,unknown,20,14,3,-1,0,unknown,0,6,summer,1.2246467991473532e-16,-1.0,-0.7907757369376986,-0.6121059825476627,0,1,4.666666666666667,0.5,0,0,3,3
3197,leaderboard,34,blue-collar,married,secondary,0,59,1,1,unknown,8,672,3,-1,0,unknown,0,5,spring,0.49999999999999994,-0.8660254037844387,0.9987165071710528,-0.05064916883871264,1,0,224.0,0.6,1,0,1,2
3198,leaderboard,30,blue-collar,single,secondary,0,640,1,1,unknown,8,287,1,-1,0,unknown,0,5,spring,0.49999999999999994,-0.8660254037844387,0.9987165071710528,-0.05064916883871264,1,0,287.0,0.2,1,0,1,2
3199,leaderboard,45,unemployed,divorced,primary,0,747,0,0,cellular,20,103,1,325,4,failure,0,4,spring,0.8660254037844387,-0.4999999999999998,-0.7907757369376986,-0.6121059825476627,0,1,103.0,0.25,0,0,3,2
3200,leaderboard,56,retired,married,secondary,0,-121,1,1,cellular,12,614,2,-1,0,unknown,0,8,summer,-0.8660254037844385,-0.5000000000000004,0.6513724827222223,-0.758758122692791,0,0,307.0,0.25,2,0,4,1
3201,leaderboard,28,services,single,secondary,0,2681,0,1,unknown,24,5,1,-1,0,unknown,0,8,summer,-0.8660254037844385,-0.5000000000000004,-0.9884683243281114,0.15142777750457667,0,1,5.0,0.125,1,0,1,3
3202,leaderboard,31,technician,single,secondary,0,685,1,0,cellular,8,198,1,-1,0,unknown,0,5,spring,0.49999999999999994,-0.8660254037844387,0.9987165071710528,-0.05064916883871264,1,0,198.0,0.2,0,0,1,2
3203,leaderboard,56,management,divorced,tertiary,0,433,0,0,unknown,28,77,3,-1,0,unknown,0,5,spring,0.49999999999999994,-0.8660254037844387,-0.5712682150947924,0.8207634412072763,0,1,25.666666666666668,0.6,0,0,4,2
3204,leaderboard,34,technician,single,secondary,0,56,0,0,cellular,7,274,2,-1,0,unknown,0,8,summer,-0.8660254037844385,-0.5000000000000004,0.9884683243281114,0.1514277775045767,1,0,137.0,0.25,0,0,1,2
3205,leaderboard,42,blue-collar,married,primary,0,2120,1,0,cellular,7,86,2,-1,0,unknown,0,5,spring,0.49999999999999994,-0.8660254037844387,0.9884683243281114,0.1514277775045767,1,0,43.0,0.4,0,0,2,3
3206,leaderboard,48,management,married,secondary,0,2287,1,0,unknown,26,251,11,-1,0,unknown,0,5,spring,0.49999999999999994,-0.8660254037844387,-0.8486442574947509,0.5289640103269624,0,1,22.818181818181817,2.2,0,0,3,3
3207,leaderboard,40,management,married,secondary,0,107,0,0,cellular,9,15,5,-1,0,unknown,0,2,winter,0.8660254037844386,0.5000000000000001,0.9680771188662043,-0.2506525322587204,1,0,3.0,2.5,0,0,2,2
3208,leaderboard,48,management,married,tertiary,0,594,1,1,cellular,6,179,2,-1,0,unknown,0,5,spring,0.49999999999999994,-0.8660254037844387,0.9377521321470804,0.3473052528448203,1,0,89.5,0.4,1,0,3,2
3209,leaderboard,44,services,married,secondary,0,0,1,1,cellular,11,161,1,-1,0,unknown,0,5,spring,0.49999999999999994,-0.8660254037844387,0.7907757369376989,-0.6121059825476626,0,0,161.0,0.2,1,0,2,1
3210,leaderboard,36,technician,married,secondary,0,57,1,0,cellular,13,38,2,369,4,failure,0,5,spring,0.49999999999999994,-0.8660254037844387,0.48530196253108104,-0.8743466161445821,0,0,19.0,0.4,0,0,2,2
3211,leaderboard,59,retired,married,primary,0,-55,1,0,cellular,27,84,4,-1,0,unknown,0,8,summer,-0.8660254037844385,-0.5000000000000004,-0.72479278722912,0.6889669190756865,0,1,21.0,0.5,1,0,4,1
3212,leaderboard,35,technician,single,tertiary,0,2278,0,0,telephone,28,32,2,-1,0,unknown,0,5,spring,0.49999999999999994,-0.8660254037844387,-0.5712682150947924,0.8207634412072763,0,1,16.0,0.4,0,0,2,3
3213,leaderboard,41,services,married,secondary,0,178,0,0,cellular,21,71,9,-1,0,unknown,0,7,summer,-0.4999999999999997,-0.8660254037844388,-0.8978045395707417,-0.44039415155763423,0,1,7.888888888888889,1.2857142857142858,0,0,2,2
3214,leaderboard,36,management,single,tertiary,0,233,1,0,cellular,7,160,2,360,3,failure,0,5,spring,0.49999999999999994,-0.8660254037844387,0.9884683243281114,0.1514277775045767,1,0,80.0,0.4,0,0,2,2
3215,leaderboard,40,blue-collar,married,secondary,0,4800,1,0,cellular,17,57,1,-1,0,unknown,0,4,spring,0.8660254037844387,-0.4999999999999998,-0.2993631229733582,-0.9541392564000488,0,0,57.0,0.25,0,0,2,3
3216,leaderboard,53,technician,divorced,unknown,0,626,1,0,cellular,8,298,1,-1,0,unknown,0,5,spring,0.49999999999999994,-0.8660254037844387,0.9987165071710528,-0.05064916883871264,1,0,298.0,0.2,0,0,3,2
3217,leaderboard,55,retired,married,secondary,0,172,0,0,cellular,19,79,2,-1,0,unknown,0,8,summer,-0.8660254037844385,-0.5000000000000004,-0.651372482722222,-0.7587581226927911,0,0,39.5,0.25,0,0,4,2
3218,leaderboard,56,self-employed,married,secondary,0,794,0,1,cellular,9,170,1,-1,0,unknown,0,7,summer,-0.4999999999999997,-0.8660254037844388,0.9680771188662043,-0.2506525322587204,1,0,170.0,0.14285714285714285,1,0,4,2
3219,leaderboard,36,technician,married,tertiary,0,4,1,0,cellular,27,100,1,435,1,failure,0,1,winter,0.49999999999999994,0.8660254037844387,-0.72479278722912,0.6889669190756865,0,1,100.0,1.0,0,0,2,2
3220,leaderboard,33,management,single,tertiary,0,1401,1,0,cellular,5,8,1,254,5,failure,0,2,winter,0.8660254037844386,0.5000000000000001,0.8486442574947509,0.5289640103269624,1,0,8.0,0.5,0,0,1,3
3221,leaderboard,27,admin.,single,secondary,0,-147,1,0,telephone,15,289,8,-1,0,unknown,0,5,spring,0.49999999999999994,-0.8660254037844387,0.10116832198743272,-0.994869323391895,0,0,36.125,1.6,1,0,1,1
3222,leaderboard,34,blue-collar,married,secondary,0,615,1,0,unknown,21,145,1,-1,0,unknown,0,5,spring,0.49999999999999994,-0.8660254037844387,-0.8978045395707417,-0.44039415155763423,0,1,145.0,0.2,0,0,1,2
3223,leaderboard,37,technician,single,secondary,0,268,0,0,cellular,13,121,1,-1,0,unknown,0,5,spring,0.49999999999999994,-0.8660254037844387,0.48530196253108104,-0.8743466161445821,0,0,121.0,0.2,0,0,2,2
3224,leaderboard,39,management,single,tertiary,0,0,1,0,cellular,16,81,2,-1,0,unknown,0,4,spring,0.8660254037844387,-0.4999999999999998,-0.10116832198743204,-0.9948693233918952,0,0,40.5,0.5,0,0,2,1
3225,leaderboard,31,technician,married,secondary,0,0,0,1,cellular,19,144,4,-1,0,unknown,0,8,summer,-0.8660254037844385,-0.5000000000000004,-0.651372482722222,-0.7587581226927911,0,0,36.0,0.5,1,0,1,1
3226,leaderboard,40,self-employed,married,secondary,0,9,0,0,cellular,22,197,5,-1,0,unknown,0,8,summer,-0.8660254037844385,-0.5000000000000004,-0.9680771188662041,-0.2506525322587213,0,1,39.4,0.625,0,0,2,2
3227,leaderboard,31,entrepreneur,single,tertiary,0,1958,0,0,cellular,4,112,3,-1,0,unknown,0,2,winter,0.8660254037844386,0.5000000000000001,0.72479278722912,0.6889669190756866,1,0,37.333333333333336,1.5,0,0,1,3
3228,leaderboard,42,services,married,secondary,0,-94,1,1,cellular,5,43,1,-1,0,unknown,0,2,winter,0.8660254037844386,0.5000000000000001,0.8486442574947509,0.5289640103269624,1,0,43.0,0.5,2,0,2,1
3229,leaderboard,40,housemaid,married,secondary,0,4616,0,0,cellular,14,154,2,-1,0,unknown,0,8,summer,-0.8660254037844385,-0.5000000000000004,0.29936312297335804,-0.9541392564000488,0,0,77.0,0.25,0,0,2,3
3230,leaderboard,59,management,married,tertiary,0,0,0,0,cellular,27,87,4,-1,0,unknown,0,8,summer,-0.8660254037844385,-0.5000000000000004,-0.72479278722912,0.6889669190756865,0,1,21.75,0.5,0,0,4,1
3231,leaderboard,32,management,single,tertiary,0,0,0,0,cellular,21,9,6,-1,0,unknown,0,11,autumn,-0.5000000000000004,0.8660254037844384,-0.8978045395707417,-0.44039415155763423,0,1,1.5,0.5454545454545454,0,0,1,1
3232,leaderboard,31,technician,single,unknown,0,696,1,0,unknown,6,431,2,-1,0,unknown,0,6,summer,1.2246467991473532e-16,-1.0,0.9377521321470804,0.3473052528448203,1,0,215.5,0.3333333333333333,0,0,1,2
3233,leaderboard,31,blue-collar,married,secondary,0,1662,1,0,cellular,20,158,1,182,1,success,0,4,spring,0.8660254037844387,-0.4999999999999998,-0.7907757369376986,-0.6121059825476627,0,1,158.0,0.25,0,0,1,3
3234,leaderboard,59,management,married,tertiary,0,2765,0,0,cellular,24,237,1,206,2,failure,0,12,winter,-2.4492935982947064e-16,1.0,-0.9884683243281114,0.15142777750457667,0,1,237.0,0.08333333333333333,0,0,4,3
3235,leaderboard,43,services,single,secondary,0,3399,1,0,cellular,12,707,2,97,2,success,0,11,autumn,-0.5000000000000004,0.8660254037844384,0.6513724827222223,-0.758758122692791,0,0,353.5,0.18181818181818182,0,0,2,3
3236,leaderboard,50,technician,married,secondary,0,1131,1,0,cellular,23,119,2,-1,0,unknown,0,7,summer,-0.4999999999999997,-0.8660254037844388,-0.9987165071710528,-0.05064916883871355,0,1,59.5,0.2857142857142857,0,0,3,3
3237,leaderboard,32,blue-collar,married,secondary,0,116,0,0,cellular,4,20,5,-1,0,unknown,0,5,spring,0.49999999999999994,-0.8660254037844387,0.72479278722912,0.6889669190756866,1,0,4.0,1.0,0,0,1,2
3238,leaderboard,46,admin.,married,primary,0,90,0,0,telephone,4,151,2,-1,0,unknown,0,2,winter,0.8660254037844386,0.5000000000000001,0.72479278722912,0.6889669190756866,1,0,75.5,1.0,0,0,3,2
3239,leaderboard,34,services,married,secondary,0,-58,1,0,unknown,16,109,3,-1,0,unknown,0,6,summer,1.2246467991473532e-16,-1.0,-0.10116832198743204,-0.9948693233918952,0,0,36.333333333333336,0.5,1,0,1,1
3240,leaderboard,29,student,single,unknown,0,145,0,0,cellular,14,105,1,-1,0,unknown,0,8,summer,-0.8660254037844385,-0.5000000000000004,0.29936312297335804,-0.9541392564000488,0,0,105.0,0.125,0,0,1,2
3241,leaderboard,43,management,single,secondary,0,-221,1,1,unknown,16,122,2,-1,0,unknown,0,5,spring,0.49999999999999994,-0.8660254037844387,-0.10116832198743204,-0.9948693233918952,0,0,61.0,0.4,2,0,2,1
3242,leaderboard,38,management,married,tertiary,0,7119,0,0,unknown,16,301,6,-1,0,unknown,0,6,summer,1.2246467991473532e-16,-1.0,-0.10116832198743204,-0.9948693233918952,0,0,50.166666666666664,1.0,0,0,2,4
3243,leaderboard,47,self-employed,divorced,secondary,0,8516,1,0,unknown,20,14,7,112,4,other,0,11,autumn,-0.5000000000000004,0.8660254037844384,-0.7907757369376986,-0.6121059825476627,0,1,2.0,0.6363636363636364,0,0,3,4
3244,leaderboard,26,technician,single,tertiary,0,70,1,1,unknown,19,351,1,-1,0,unknown,0,5,spring,0.49999999999999994,-0.8660254037844387,-0.651372482722222,-0.7587581226927911,0,0,351.0,0.2,1,0,1,2
3245,leaderboard,47,admin.,divorced,secondary,0,1145,1,0,cellular,11,106,2,-1,0,unknown,0,7,summer,-0.4999999999999997,-0.8660254037844388,0.7907757369376989,-0.6121059825476626,0,0,53.0,0.2857142857142857,0,0,3,3
3246,leaderboard,38,management,married,tertiary,0,3452,0,0,cellular,13,132,2,-1,0,unknown,0,8,summer,-0.8660254037844385,-0.5000000000000004,0.48530196253108104,-0.8743466161445821,0,0,66.0,0.25,0,0,2,3
3247,leaderboard,36,management,married,secondary,0,-157,0,0,cellular,18,144,2,-1,0,unknown,0,11,autumn,-0.5000000000000004,0.8660254037844384,-0.4853019625310808,-0.8743466161445822,0,0,72.0,0.18181818181818182,1,0,2,1
3248,leaderboard,51,housemaid,divorced,tertiary,0,368,1,0,cellular,19,109,3,-1,0,unknown,0,8,summer,-0.8660254037844385,-0.5000000000000004,-0.651372482722222,-0.7587581226927911,0,0,36.333333333333336,0.375,0,0,3,2
3249,leaderboard,37,technician,married,secondary,0,2713,1,0,telephone,16,109,1,-1,0,unknown,0,7,summer,-0.4999999999999997,-0.8660254037844388,-0.10116832198743204,-0.9948693233918952,0,0,109.0,0.14285714285714285,0,0,2,3
3250,leaderboard,48,technician,divorced,secondary,1,15,0,0,cellular,27,145,3,-1,0,unknown,0,8,summer,-0.8660254037844385,-0.5000000000000004,-0.72479278722912,0.6889669190756865,0,1,48.333333333333336,0.375,1,0,3,2
3251,leaderboard,27,services,single,secondary,0,-133,0,0,cellular,18,217,1,-1,0,unknown,0,7,summer,-0.4999999999999997,-0.8660254037844388,-0.4853019625310808,-0.8743466161445822,0,0,217.0,0.14285714285714285,1,0,1,1
3252,leaderboard,23,student,married,tertiary,1,-238,1,0,cellular,18,259,2,-1,0,unknown,0,5,spring,0.49999999999999994,-0.8660254037844387,-0.4853019625310808,-0.8743466161445822,0,0,129.5,0.4,2,0,0,1
3253,leaderboard,40,entrepreneur,married,secondary,0,1536,1,1,cellular,18,173,7,-1,0,unknown,0,11,autumn,-0.5000000000000004,0.8660254037844384,-0.4853019625310808,-0.8743466161445822,0,0,24.714285714285715,0.6363636363636364,1,0,2,3
3254,leaderboard,51,self-employed,married,primary,0,306,1,1,unknown,17,65,2,-1,0,unknown,0,6,summer,1.2246467991473532e-16,-1.0,-0.2993631229733582,-0.9541392564000488,0,0,32.5,0.3333333333333333,1,0,3,2
3255,leaderboard,50,admin.,divorced,secondary,0,759,0,0,cellular,28,72,2,363,4,failure,0,7,summer,-0.4999999999999997,-0.8660254037844388,-0.5712682150947924,0.8207634412072763,0,1,36.0,0.2857142857142857,0,0,3,2
3256,leaderboard,29,services,single,secondary,0,208,1,0,cellular,28,487,7,-1,0,unknown,0,7,summer,-0.4999999999999997,-0.8660254037844388,-0.5712682150947924,0.8207634412072763,0,1,69.57142857142857,1.0,0,0,1,2
3257,leaderboard,43,technician,married,secondary,0,0,0,1,cellular,8,9,2,172,5,failure,0,5,spring,0.49999999999999994,-0.8660254037844387,0.9987165071710528,-0.05064916883871264,1,0,4.5,0.4,1,0,2,1
3258,leaderboard,41,management,married,tertiary,0,436,1,0,unknown,3,14,21,-1,0,unknown,0,6,summer,1.2246467991473532e-16,-1.0,0.5712682150947923,0.8207634412072763,1,0,0.6666666666666666,3.5,0,0,2,2
3259,leaderboard,41,admin.,single,tertiary,0,979,0,0,cellular,23,105,1,-1,0,unknown,0,7,summer,-0.4999999999999997,-0.8660254037844388,-0.9987165071710528,-0.05064916883871355,0,1,105.0,0.14285714285714285,0,0,2,2
3260,leaderboard,39,blue-collar,married,secondary,0,0,1,0,cellular,30,53,1,325,1,failure,0,4,spring,0.8660254037844387,-0.4999999999999998,-0.20129852008866114,0.9795299412524943,0,1,53.0,0.25,0,0,2,1
3261,leaderboard,42,management,single,tertiary,0,533,0,0,cellular,13,127,2,-1,0,unknown,0,8,summer,-0.8660254037844385,-0.5000000000000004,0.48530196253108104,-0.8743466161445821,0,0,63.5,0.25,0,0,2,2
3262,leaderboard,52,technician,married,secondary,0,204,1,0,cellular,18,220,1,63,5,failure,0,2,winter,0.8660254037844386,0.5000000000000001,-0.4853019625310808,-0.8743466161445822,0,0,220.0,0.5,0,0,3,2
3263,leaderboard,55,admin.,married,secondary,0,599,0,0,cellular,1,324,3,90,2,success,0,6,summer,1.2246467991473532e-16,-1.0,0.20129852008866006,0.9795299412524945,1,0,108.0,0.5,0,0,4,2
3264,leaderboard,55,retired,married,secondary,0,155,0,0,cellular,28,159,1,-1,0,unknown,0,8,summer,-0.8660254037844385,-0.5000000000000004,-0.5712682150947924,0.8207634412072763,0,1,159.0,0.125,0,0,4,2
3265,leaderboard,46,blue-collar,married,primary,0,227,0,0,cellular,8,71,2,-1,0,unknown,0,8,summer,-0.8660254037844385,-0.5000000000000004,0.9987165071710528,-0.05064916883871264,1,0,35.5,0.25,0,0,3,2
3266,leaderboard,36,housemaid,married,secondary,0,412,1,0,unknown,30,251,1,-1,0,unknown,0,5,spring,0.49999999999999994,-0.8660254037844387,-0.20129852008866114,0.9795299412524943,0,1,251.0,0.2,0,0,2,2
3267,leaderboard,45,management,married,tertiary,0,250,0,0,cellular,30,587,1,-1,0,unknown,0,4,spring,0.8660254037844387,-0.4999999999999998,-0.20129852008866114,0.9795299412524943,0,1,587.0,0.25,0,0,3,2
3268,leaderboard,32,blue-collar,married,secondary,0,0,1,0,cellular,8,80,2,-1,0,unknown,0,5,spring,0.49999999999999994,-0.8660254037844387,0.9987165071710528,-0.05064916883871264,1,0,40.0,0.4,0,0,1,1
3269,leaderboard,42,blue-collar,married,secondary,0,0,1,0,cellular,21,328,6,-1,0,unknown,0,11,autumn,-0.5000000000000004,0.8660254037844384,-0.8978045395707417,-0.44039415155763423,0,1,54.666666666666664,0.5454545454545454,0,0,2,1
3270,leaderboard,48,management,married,tertiary,0,364,0,0,cellular,18,67,1,-1,0,unknown,0,11,autumn,-0.5000000000000004,0.8660254037844384,-0.4853019625310808,-0.8743466161445822,0,0,67.0,0.09090909090909091,0,0,3,2
3271,leaderboard,45,admin.,divorced,secondary,0,68,1,0,cellular,24,873,8,-1,0,unknown,0,7,summer,-0.4999999999999997,-0.8660254037844388,-0.9884683243281114,0.15142777750457667,0,1,109.125,1.1428571428571428,0,0,3,2
3272,leaderboard,32,management,married,tertiary,0,140,0,0,cellular,20,94,4,-1,0,unknown,0,8,summer,-0.8660254037844385,-0.5000000000000004,-0.7907757369376986,-0.6121059825476627,0,1,23.5,0.5,0,0,1,2
3273,leaderboard,35,technician,single,secondary,0,174,1,0,cellular,29,219,1,246,1,failure,0,1,winter,0.49999999999999994,0.8660254037844387,-0.3943558551133187,0.9189578116202306,0,1,219.0,1.0,0,0,2,2
3274,leaderboard,49,admin.,married,secondary,0,634,0,0,cellular,25,220,3,-1,0,unknown,0,8,summer,-0.8660254037844385,-0.5000000000000004,-0.9377521321470804,0.3473052528448203,0,1,73.33333333333333,0.375,0,0,3,2
3275,leaderboard,32,technician,single,tertiary,0,1064,1,0,cellular,17,115,1,-1,0,unknown,0,4,spring,0.8660254037844387,-0.4999999999999998,-0.2993631229733582,-0.9541392564000488,0,0,115.0,0.25,0,0,1,3
3276,leaderboard,36,admin.,divorced,secondary,0,-43,1,0,unknown,27,151,1,-1,0,unknown,0,5,spring,0.49999999999999994,-0.8660254037844387,-0.72479278722912,0.6889669190756865,0,1,151.0,0.2,1,0,2,1
3277,leaderboard,34,management,single,tertiary,0,162,1,0,cellular,7,191,1,294,1,failure,0,5,spring,0.49999999999999994,-0.8660254037844387,0.9884683243281114,0.1514277775045767,1,0,191.0,0.2,0,0,1,2
3278,leaderboard,30,management,single,tertiary,0,-219,1,0,cellular,27,13,15,-1,0,unknown,0,8,summer,-0.8660254037844385,-0.5000000000000004,-0.72479278722912,0.6889669190756865,0,1,0.8666666666666667,1.875,1,0,1,1
3279,leaderboard,57,retired,married,secondary,0,0,0,1,unknown,30,104,2,-1,0,unknown,0,6,summer,1.2246467991473532e-16,-1.0,-0.20129852008866114,0.9795299412524943,0,1,52.0,0.3333333333333333,1,0,4,1
3280,leaderboard,39,technician,married,tertiary,0,-282,0,1,cellular,11,121,4,-1,0,unknown,0,8,summer,-0.8660254037844385,-0.5000000000000004,0.7907757369376989,-0.6121059825476626,0,0,30.25,0.5,2,0,2,1
3281,leaderboard,48,technician,married,secondary,0,450,1,0,cellular,10,114,1,-1,0,unknown,0,7,summer,-0.4999999999999997,-0.8660254037844388,0.8978045395707416,-0.4403941515576344,1,0,114.0,0.14285714285714285,0,0,3,2
3282,leaderboard,33,services,married,secondary,0,4779,1,1,cellular,11,220,1,339,4,failure,0,5,spring,0.49999999999999994,-0.8660254037844387,0.7907757369376989,-0.6121059825476626,0,0,220.0,0.2,1,0,1,3
3283,leaderboard,54,services,married,secondary,0,80,1,0,unknown,13,190,1,-1,0,unknown,0,5,spring,0.49999999999999994,-0.8660254037844387,0.48530196253108104,-0.8743466161445821,0,0,190.0,0.2,0,0,3,2
3284,leaderboard,51,blue-collar,divorced,unknown,0,10285,1,0,unknown,29,117,1,-1,0,unknown,0,5,spring,0.49999999999999994,-0.8660254037844387,-0.3943558551133187,0.9189578116202306,0,1,117.0,0.2,0,0,3,5
3285,leaderboard,45,technician,married,secondary,0,1003,1,0,cellular,20,215,6,188,2,failure,0,11,autumn,-0.5000000000000004,0.8660254037844384,-0.7907757369376986,-0.6121059825476627,0,1,35.833333333333336,0.5454545454545454,0,0,3,3
3286,leaderboard,57,technician,married,tertiary,0,27062,0,1,unknown,20,174,3,-1,0,unknown,0,6,summer,1.2246467991473532e-16,-1.0,-0.7907757369376986,-0.6121059825476627,0,1,58.0,0.5,1,0,4,5
3287,leaderboard,31,management,single,tertiary,0,0,0,0,cellular,28,38,16,-1,0,unknown,0,8,summer,-0.8660254037844385,-0.5000000000000004,-0.5712682150947924,0.8207634412072763,0,1,2.375,2.0,0,0,1,1
3288,leaderboard,70,retired,married,secondary,0,613,0,0,cellular,27,149,2,182,1,failure,0,4,spring,0.8660254037844387,-0.4999999999999998,-0.72479278722912,0.6889669190756865,0,1,74.5,0.5,0,0,5,2
3289,leaderboard,65,unknown,married,unknown,0,292,0,0,cellular,12,105,1,-1,0,unknown,0,1,winter,0.49999999999999994,0.8660254037844387,0.6513724827222223,-0.758758122692791,0,0,105.0,1.0,0,0,5,2
3290,leaderboard,56,admin.,married,secondary,0,1495,1,0,unknown,29,66,2,-1,0,unknown,0,5,spring,0.49999999999999994,-0.8660254037844387,-0.3943558551133187,0.9189578116202306,0,1,33.0,0.4,0,0,4,3
3291,leaderboard,42,admin.,married,secondary,0,519,1,1,cellular,19,193,3,-1,0,unknown,0,11,autumn,-0.5000000000000004,0.8660254037844384,-0.651372482722222,-0.7587581226927911,0,0,64.33333333333333,0.2727272727272727,1,0,2,2
3292,leaderboard,35,management,married,tertiary,0,169,1,0,cellular,7,257,2,-1,0,unknown,0,8,summer,-0.8660254037844385,-0.5000000000000004,0.9884683243281114,0.1514277775045767,1,0,128.5,0.25,0,0,2,2
3293,leaderboard,32,management,married,tertiary,0,61,1,0,cellular,14,166,1,-1,0,unknown,0,5,spring,0.49999999999999994,-0.8660254037844387,0.29936312297335804,-0.9541392564000488,0,0,166.0,0.2,0,0,1,2
3294,leaderboard,43,technician,single,tertiary,0,27737,1,0,unknown,3,164,7,-1,0,unknown,0,6,summer,1.2246467991473532e-16,-1.0,0.5712682150947923,0.8207634412072763,1,0,23.428571428571427,1.1666666666666667,0,0,2,5
3295,leaderboard,33,management,married,tertiary,0,303,0,0,cellular,16,90,2,-1,0,unknown,0,7,summer,-0.4999999999999997,-0.8660254037844388,-0.10116832198743204,-0.9948693233918952,0,0,45.0,0.2857142857142857,0,0,1,2
3296,leaderboard,38,self-employed,divorced,tertiary,0,1519,0,0,cellular,7,330,1,342,1,failure,0,5,spring,0.49999999999999994,-0.8660254037844387,0.9884683243281114,0.1514277775045767,1,0,330.0,0.2,0,0,2,3
3297,leaderboard,43,technician,married,secondary,0,25,1,0,unknown,16,353,4,-1,0,unknown,0,5,spring,0.49999999999999994,-0.8660254037844387,-0.10116832198743204,-0.9948693233918952,0,0,88.25,0.8,0,0,2,2
3298,leaderboard,49,technician,married,secondary,1,-1682,1,1,unknown,27,92,4,-1,0,unknown,0,6,summer,1.2246467991473532e-16,-1.0,-0.72479278722912,0.6889669190756865,0,1,23.0,0.6666666666666666,3,0,3,0
3299,leaderboard,26,admin.,single,secondary,0,249,0,0,cellular,30,457,1,80,1,success,0,4,spring,0.8660254037844387,-0.4999999999999998,-0.20129852008866114,0.9795299412524943,0,1,457.0,0.25,0,0,1,2
3300,leaderboard,39,self-employed,single,tertiary,0,421,0,0,unknown,18,1029,1,-1,0,unknown,0,6,summer,1.2246467991473532e-16,-1.0,-0.4853019625310808,-0.8743466161445822,0,0,1029.0,0.16666666666666666,0,0,2,2
3301,leaderboard,47,blue-collar,divorced,primary,0,1283,1,0,cellular,6,479,2,-1,0,unknown,0,2,winter,0.8660254037844386,0.5000000000000001,0.9377521321470804,0.3473052528448203,1,0,239.5,1.0,0,0,3,3
3302,leaderboard,49,management,married,tertiary,0,330,0,0,cellular,6,72,4,-1,0,unknown,0,8,summer,-0.8660254037844385,-0.5000000000000004,0.9377521321470804,0.3473052528448203,1,0,18.0,0.5,0,0,3,2
3303,leaderboard,55,housemaid,married,primary,0,14,0,0,unknown,20,64,1,-1,0,unknown,0,6,summer,1.2246467991473532e-16,-1.0,-0.7907757369376986,-0.6121059825476627,0,1,64.0,0.16666666666666666,0,0,4,2
3304,leaderboard,50,technician,married,secondary,0,661,1,0,unknown,2,88,1,-1,0,unknown,0,6,summer,1.2246467991473532e-16,-1.0,0.39435585511331855,0.9189578116202306,1,0,88.0,0.16666666666666666,0,0,3,2
3305,leaderboard,51,entrepreneur,married,tertiary,0,3917,1,0,cellular,5,168,1,-1,0,unknown,0,5,spring,0.49999999999999994,-0.8660254037844387,0.8486442574947509,0.5289640103269624,1,0,168.0,0.2,0,0,3,3
3306,leaderboard,33,management,married,secondary,0,4044,1,0,cellular,20,132,2,-1,0,unknown,0,4,spring,0.8660254037844387,-0.4999999999999998,-0.7907757369376986,-0.6121059825476627,0,1,66.0,0.5,0,0,1,3
3307,leaderboard,31,services,single,secondary,0,0,1,0,unknown,28,231,2,-1,0,unknown,0,5,spring,0.49999999999999994,-0.8660254037844387,-0.5712682150947924,0.8207634412072763,0,1,115.5,0.4,0,0,1,1
3308,leaderboard,45,entrepreneur,married,tertiary,0,0,1,0,cellular,29,100,3,-1,0,unknown,0,7,summer,-0.4999999999999997,-0.8660254037844388,-0.3943558551133187,0.9189578116202306,0,1,33.333333333333336,0.42857142857142855,0,0,3,1
3309,leaderboard,32,unemployed,divorced,primary,0,0,0,0,cellular,15,175,4,-1,0,unknown,0,7,summer,-0.4999999999999997,-0.8660254037844388,0.10116832198743272,-0.994869323391895,0,0,43.75,0.5714285714285714,0,0,1,1
3310,leaderboard,29,self-employed,married,tertiary,0,-1,0,0,cellular,18,167,3,-1,0,unknown,0,7,summer,-0.4999999999999997,-0.8660254037844388,-0.4853019625310808,-0.8743466161445822,0,0,55.666666666666664,0.42857142857142855,1,0,1,1
3311,leaderboard,48,technician,married,secondary,0,174,1,0,unknown,17,320,4,-1,0,unknown,0,6,summer,1.2246467991473532e-16,-1.0,-0.2993631229733582,-0.9541392564000488,0,0,80.0,0.6666666666666666,0,0,3,2
3312,leaderboard,36,management,single,tertiary,0,251,1,0,cellular,7,49,1,-1,0,unknown,0,5,spring,0.49999999999999994,-0.8660254037844387,0.9884683243281114,0.1514277775045767,1,0,49.0,0.2,0,0,2,2
3313,leaderboard,44,admin.,single,secondary,0,-103,1,0,cellular,10,99,1,-1,0,unknown,0,7,summer,-0.4999999999999997,-0.8660254037844388,0.8978045395707416,-0.4403941515576344,1,0,99.0,0.14285714285714285,1,0,2,1
3314,leaderboard,46,admin.,married,secondary,0,4960,1,0,cellular,17,64,3,150,5,other,0,11,autumn,-0.5000000000000004,0.8660254037844384,-0.2993631229733582,-0.9541392564000488,0,0,21.333333333333332,0.2727272727272727,0,0,3,3
3315,leaderboard,36,student,single,unknown,0,380,0,0,unknown,18,359,2,-1,0,unknown,0,6,summer,1.2246467991473532e-16,-1.0,-0.4853019625310808,-0.8743466161445822,0,0,179.5,0.3333333333333333,0,0,2,2
3316,leaderboard,49,services,married,secondary,0,277,1,0,telephone,14,162,3,-1,0,unknown,0,7,summer,-0.4999999999999997,-0.8660254037844388,0.29936312297335804,-0.9541392564000488,0,0,54.0,0.42857142857142855,0,0,3,2
3317,leaderboard,45,management,divorced,tertiary,0,216,1,0,unknown,18,89,4,-1,0,unknown,0,6,summer,1.2246467991473532e-16,-1.0,-0.4853019625310808,-0.8743466161445822,0,0,22.25,0.6666666666666666,0,0,3,2
3318,leaderboard,30,unemployed,single,secondary,1,-766,1,0,unknown,28,87,1,-1,0,unknown,0,5,spring,0.49999999999999994,-0.8660254037844387,-0.5712682150947924,0.8207634412072763,0,1,87.0,0.2,2,0,1,1
3319,leaderboard,25,blue-collar,married,primary,1,-587,1,0,unknown,3,233,1,-1,0,unknown,0,6,summer,1.2246467991473532e-16,-1.0,0.5712682150947923,0.8207634412072763,1,0,233.0,0.16666666666666666,2,0,1,1
3320,leaderboard,31,unemployed,single,secondary,0,-180,1,0,unknown,26,172,3,-1,0,unknown,0,5,spring,0.49999999999999994,-0.8660254037844387,-0.8486442574947509,0.5289640103269624,0,1,57.333333333333336,0.6,1,0,1,1
3321,leaderboard,43,blue-collar,married,primary,0,257,1,0,cellular,17,180,1,-1,0,unknown,0,7,summer,-0.4999999999999997,-0.8660254037844388,-0.2993631229733582,-0.9541392564000488,0,0,180.0,0.14285714285714285,0,0,2,2
3322,leaderboard,26,admin.,single,tertiary,0,3672,1,0,unknown,29,360,5,-1,0,unknown,0,5,spring,0.49999999999999994,-0.8660254037844387,-0.3943558551133187,0.9189578116202306,0,1,72.0,1.0,0,0,1,3
3323,leaderboard,29,entrepreneur,married,secondary,0,451,1,0,unknown,27,347,1,-1,0,unknown,0,5,spring,0.49999999999999994,-0.8660254037844387,-0.72479278722912,0.6889669190756865,0,1,347.0,0.2,0,0,1,2
3324,leaderboard,47,management,married,tertiary,0,291,1,0,cellular,5,157,1,-1,0,unknown,0,8,summer,-0.8660254037844385,-0.5000000000000004,0.8486442574947509,0.5289640103269624,1,0,157.0,0.125,0,0,3,2
3325,leaderboard,48,unemployed,married,secondary,0,812,0,0,cellular,14,517,1,282,4,success,0,1,winter,0.49999999999999994,0.8660254037844387,0.29936312297335804,-0.9541392564000488,0,0,517.0,1.0,0,0,3,2
3326,leaderboard,53,self-employed,married,tertiary,0,2631,1,1,unknown,16,18,30,-1,0,unknown,0,6,summer,1.2246467991473532e-16,-1.0,-0.10116832198743204,-0.9948693233918952,0,0,0.6,5.0,1,0,3,3
3327,leaderboard,46,admin.,married,secondary,0,1070,1,0,unknown,8,45,2,-1,0,unknown,0,5,spring,0.49999999999999994,-0.8660254037844387,0.9987165071710528,-0.05064916883871264,1,0,22.5,0.4,0,0,3,3
3328,leaderboard,41,blue-collar,married,primary,0,396,1,0,unknown,16,127,2,-1,0,unknown,0,6,summer,1.2246467991473532e-16,-1.0,-0.10116832198743204,-0.9948693233918952,0,0,63.5,0.3333333333333333,0,0,2,2
3329,leaderboard,36,technician,married,tertiary,0,158,1,0,cellular,28,57,1,-1,0,unknown,0,1,winter,0.49999999999999994,0.8660254037844387,-0.5712682150947924,0.8207634412072763,0,1,57.0,1.0,0,0,2,2
3330,leaderboard,29,blue-collar,married,unknown,0,492,1,0,cellular,6,422,1,363,1,failure,0,5,spring,0.49999999999999994,-0.8660254037844387,0.9377521321470804,0.3473052528448203,1,0,422.0,0.2,0,0,1,2
3331,leaderboard,58,blue-collar,married,secondary,0,0,0,1,cellular,14,101,5,-1,0,unknown,0,4,spring,0.8660254037844387,-0.4999999999999998,0.29936312297335804,-0.9541392564000488,0,0,20.2,1.25,1,0,4,1
3332,leaderboard,50,blue-collar,married,primary,0,-11,0,0,cellular,19,195,2,-1,0,unknown,0,8,summer,-0.8660254037844385,-0.5000000000000004,-0.651372482722222,-0.7587581226927911,0,0,97.5,0.25,1,0,3,1
3333,leaderboard,25,unemployed,single,secondary,0,33,0,1,unknown,4,316,1,-1,0,unknown,0,7,summer,-0.4999999999999997,-0.8660254037844388,0.72479278722912,0.6889669190756866,1,0,316.0,0.14285714285714285,1,0,1,2
3334,leaderboard,39,blue-collar,married,primary,0,381,1,0,unknown,16,225,4,-1,0,unknown,0,5,spring,0.49999999999999994,-0.8660254037844387,-0.10116832198743204,-0.9948693233918952,0,0,56.25,0.8,0,0,2,2
3335,leaderboard,37,self-employed,married,secondary,0,480,0,1,cellular,27,155,15,-1,0,unknown,0,8,summer,-0.8660254037844385,-0.5000000000000004,-0.72479278722912,0.6889669190756865,0,1,10.333333333333334,1.875,1,0,2,2
3336,leaderboard,30,technician,single,tertiary,0,411,0,0,cellular,21,142,1,-1,0,unknown,0,4,spring,0.8660254037844387,-0.4999999999999998,-0.8978045395707417,-0.44039415155763423,0,1,142.0,0.25,0,0,1,2
3337,leaderboard,39,entrepreneur,married,tertiary,0,79,1,0,cellular,11,193,2,-1,0,unknown,0,7,summer,-0.4999999999999997,-0.8660254037844388,0.7907757369376989,-0.6121059825476626,0,0,96.5,0.2857142857142857,0,0,2,2
3338,leaderboard,56,admin.,married,secondary,0,0,1,0,telephone,19,154,2,-1,0,unknown,0,11,autumn,-0.5000000000000004,0.8660254037844384,-0.651372482722222,-0.7587581226927911,0,0,77.0,0.18181818181818182,0,0,4,1
3339,leaderboard,45,admin.,married,secondary,0,286,1,0,cellular,23,92,1,-1,0,unknown,0,7,summer,-0.4999999999999997,-0.8660254037844388,-0.9987165071710528,-0.05064916883871355,0,1,92.0,0.14285714285714285,0,0,3,2
3340,leaderboard,39,technician,married,secondary,0,9124,0,0,unknown,5,147,1,-1,0,unknown,0,6,summer,1.2246467991473532e-16,-1.0,0.8486442574947509,0.5289640103269624,1,0,147.0,0.16666666666666666,0,0,2,4
3341,leaderboard,49,management,married,tertiary,0,1433,0,0,cellular,18,231,2,-1,0,unknown,0,11,autumn,-0.5000000000000004,0.8660254037844384,-0.4853019625310808,-0.8743466161445822,0,0,115.5,0.18181818181818182,0,0,3,3
3342,leaderboard,54,self-employed,divorced,primary,0,4374,1,0,telephone,18,193,4,-1,0,unknown,0,5,spring,0.49999999999999994,-0.8660254037844387,-0.4853019625310808,-0.8743466161445822,0,0,48.25,0.8,0,0,3,3
3343,leaderboard,52,management,divorced,tertiary,0,915,1,0,unknown,4,104,2,-1,0,unknown,0,6,summer,1.2246467991473532e-16,-1.0,0.72479278722912,0.6889669190756866,1,0,52.0,0.3333333333333333,0,0,3,2
3344,leaderboard,55,technician,married,secondary,0,0,0,0,cellular,19,336,1,-1,0,unknown,0,11,autumn,-0.5000000000000004,0.8660254037844384,-0.651372482722222,-0.7587581226927911,0,0,336.0,0.09090909090909091,0,0,4,1
3345,leaderboard,44,technician,married,secondary,0,10883,1,0,cellular,5,163,1,-1,0,unknown,0,8,summer,-0.8660254037844385,-0.5000000000000004,0.8486442574947509,0.5289640103269624,1,0,163.0,0.125,0,0,2,5
3346,leaderboard,32,blue-collar,single,secondary,0,59,1,0,cellular,18,276,1,195,1,failure,0,11,autumn,-0.5000000000000004,0.8660254037844384,-0.4853019625310808,-0.8743466161445822,0,0,276.0,0.09090909090909091,0,0,1,2
3347,leaderboard,27,services,single,secondary,0,0,1,0,unknown,7,388,7,-1,0,unknown,0,5,spring,0.49999999999999994,-0.8660254037844387,0.9884683243281114,0.1514277775045767,1,0,55.42857142857143,1.4,0,0,1,1
3348,leaderboard,28,admin.,single,secondary,0,1329,1,0,unknown,3,361,1,-1,0,unknown,0,6,summer,1.2246467991473532e-16,-1.0,0.5712682150947923,0.8207634412072763,1,0,361.0,0.16666666666666666,0,0,1,3
3349,leaderboard,32,technician,married,secondary,0,2689,1,0,unknown,21,16,1,-1,0,unknown,0,5,spring,0.49999999999999994,-0.8660254037844387,-0.8978045395707417,-0.44039415155763423,0,1,16.0,0.2,0,0,1,3
3350,leaderboard,27,self-employed,single,secondary,0,39,1,0,cellular,30,208,2,-1,0,unknown,0,1,winter,0.49999999999999994,0.8660254037844387,-0.20129852008866114,0.9795299412524943,0,1,104.0,2.0,0,0,1,2
3351,leaderboard,37,management,single,tertiary,0,507,1,0,cellular,6,133,1,-1,0,unknown,0,5,spring,0.49999999999999994,-0.8660254037844387,0.9377521321470804,0.3473052528448203,1,0,133.0,0.2,0,0,2,2
3352,leaderboard,31,technician,single,secondary,0,2308,0,0,cellular,4,139,1,-1,0,unknown,0,8,summer,-0.8660254037844385,-0.5000000000000004,0.72479278722912,0.6889669190756866,1,0,139.0,0.125,0,0,1,3
3353,leaderboard,38,services,married,secondary,0,-771,1,1,unknown,30,408,2,-1,0,unknown,0,5,spring,0.49999999999999994,-0.8660254037844387,-0.20129852008866114,0.9795299412524943,0,1,204.0,0.4,2,0,2,1
3354,leaderboard,41,management,married,tertiary,0,2880,0,0,cellular,19,40,1,-1,0,unknown,0,11,autumn,-0.5000000000000004,0.8660254037844384,-0.651372482722222,-0.7587581226927911,0,0,40.0,0.09090909090909091,0,0,2,3
3355,leaderboard,43,technician,married,secondary,0,434,1,0,unknown,5,117,1,-1,0,unknown,0,5,spring,0.49999999999999994,-0.8660254037844387,0.8486442574947509,0.5289640103269624,1,0,117.0,0.2,0,0,2,2
3356,leaderboard,37,management,married,tertiary,0,407,0,0,cellular,29,337,2,-1,0,unknown,0,1,winter,0.49999999999999994,0.8660254037844387,-0.3943558551133187,0.9189578116202306,0,1,168.5,2.0,0,0,2,2
3357,leaderboard,32,management,single,tertiary,0,1727,1,1,unknown,29,323,3,-1,0,unknown,0,5,spring,0.49999999999999994,-0.8660254037844387,-0.3943558551133187,0.9189578116202306,0,1,107.66666666666667,0.6,1,0,1,3
3358,leaderboard,31,services,married,secondary,0,409,1,0,unknown,13,65,1,-1,0,unknown,0,5,spring,0.49999999999999994,-0.8660254037844387,0.48530196253108104,-0.8743466161445821,0,0,65.0,0.2,0,0,1,2
3359,leaderboard,42,technician,divorced,tertiary,0,7197,1,0,cellular,29,375,2,-1,0,unknown,0,7,summer,-0.4999999999999997,-0.8660254037844388,-0.3943558551133187,0.9189578116202306,0,1,187.5,0.2857142857142857,0,0,2,4
3360,leaderboard,19,student,single,primary,0,112,0,0,cellular,10,104,2,-1,0,unknown,0,7,summer,-0.4999999999999997,-0.8660254037844388,0.8978045395707416,-0.4403941515576344,1,0,52.0,0.2857142857142857,0,0,0,2
3361,leaderboard,31,technician,single,tertiary,0,618,0,0,cellular,11,72,4,-1,0,unknown,0,8,summer,-0.8660254037844385,-0.5000000000000004,0.7907757369376989,-0.6121059825476626,0,0,18.0,0.5,0,0,1,2
3362,leaderboard,41,admin.,married,secondary,0,5104,1,0,cellular,13,231,1,-1,0,unknown,0,4,spring,0.8660254037844387,-0.4999999999999998,0.48530196253108104,-0.8743466161445821,0,0,231.0,0.25,0,0,2,4
3363,leaderboard,41,blue-collar,single,secondary,0,423,1,0,cellular,12,92,1,-1,0,unknown,0,5,spring,0.49999999999999994,-0.8660254037844387,0.6513724827222223,-0.758758122692791,0,0,92.0,0.2,0,0,2,2
3364,leaderboard,29,technician,married,secondary,0,0,1,0,cellular,28,83,6,-1,0,unknown,0,7,summer,-0.4999999999999997,-0.8660254037844388,-0.5712682150947924,0.8207634412072763,0,1,13.833333333333334,0.8571428571428571,0,0,1,1
3365,leaderboard,30,management,single,tertiary,0,2182,1,0,unknown,3,366,1,-1,0,unknown,0,6,summer,1.2246467991473532e-16,-1.0,0.5712682150947923,0.8207634412072763,1,0,366.0,0.16666666666666666,0,0,1,3
3366,leaderboard,37,blue-collar,divorced,secondary,0,39,1,0,cellular,20,106,2,167,1,failure,0,11,autumn,-0.5000000000000004,0.8660254037844384,-0.7907757369376986,-0.6121059825476627,0,1,53.0,0.18181818181818182,0,0,2,2
3367,leaderboard,33,blue-collar,divorced,primary,0,148,1,0,telephone,11,41,2,300,5,failure,0,5,spring,0.49999999999999994,-0.8660254037844387,0.7907757369376989,-0.6121059825476626,0,0,20.5,0.4,0,0,1,2
3368,leaderboard,48,technician,married,secondary,0,425,0,0,unknown,14,201,1,-1,0,unknown,0,5,spring,0.49999999999999994,-0.8660254037844387,0.29936312297335804,-0.9541392564000488,0,0,201.0,0.2,0,0,3,2
3369,leaderboard,33,admin.,single,secondary,0,-291,1,1,cellular,25,184,1,-1,0,unknown,0,7,summer,-0.4999999999999997,-0.8660254037844388,-0.9377521321470804,0.3473052528448203,0,1,184.0,0.14285714285714285,2,0,1,1
3370,leaderboard,24,admin.,single,secondary,0,927,1,1,cellular,15,191,1,-1,0,unknown,0,5,spring,0.49999999999999994,-0.8660254037844387,0.10116832198743272,-0.994869323391895,0,0,191.0,0.2,1,0,0,2
3371,leaderboard,35,admin.,married,primary,0,185,1,0,cellular,11,95,1,-1,0,unknown,0,5,spring,0.49999999999999994,-0.8660254037844387,0.7907757369376989,-0.6121059825476626,0,0,95.0,0.2,0,0,2,2
3372,leaderboard,33,management,married,tertiary,0,-5,1,0,cellular,16,285,5,-1,0,unknown,0,7,summer,-0.4999999999999997,-0.8660254037844388,-0.10116832198743204,-0.9948693233918952,0,0,57.0,0.7142857142857143,1,0,1,1
3373,leaderboard,55,retired,married,secondary,0,2742,1,1,unknown,29,58,2,-1,0,unknown,0,5,spring,0.49999999999999994,-0.8660254037844387,-0.3943558551133187,0.9189578116202306,0,1,29.0,0.4,1,0,4,3
3374,leaderboard,35,admin.,single,secondary,0,48,0,1,cellular,8,632,2,-1,0,unknown,0,7,summer,-0.4999999999999997,-0.8660254037844388,0.9987165071710528,-0.05064916883871264,1,0,316.0,0.2857142857142857,1,0,2,2
3375,leaderboard,42,admin.,married,secondary,0,4211,1,0,unknown,5,57,6,-1,0,unknown,0,6,summer,1.2246467991473532e-16,-1.0,0.8486442574947509,0.5289640103269624,1,0,9.5,1.0,0,0,2,3
3376,leaderboard,35,technician,married,secondary,0,1062,0,1,cellular,12,179,6,-1,0,unknown,0,8,summer,-0.8660254037844385,-0.5000000000000004,0.6513724827222223,-0.758758122692791,0,0,29.833333333333332,0.75,1,0,2,3
3377,leaderboard,53,technician,married,secondary,0,2645,1,0,unknown,30,121,1,-1,0,unknown,0,5,spring,0.49999999999999994,-0.8660254037844387,-0.20129852008866114,0.9795299412524943,0,1,121.0,0.2,0,0,3,3
3378,leaderboard,33,management,single,tertiary,0,93,0,0,cellular,8,159,1,-1,0,unknown,0,7,summer,-0.4999999999999997,-0.8660254037844388,0.9987165071710528,-0.05064916883871264,1,0,159.0,0.14285714285714285,0,0,1,2
3379,leaderboard,34,technician,single,secondary,0,1084,0,0,cellular,8,70,2,-1,0,unknown,0,8,summer,-0.8660254037844385,-0.5000000000000004,0.9987165071710528,-0.05064916883871264,1,0,35.0,0.25,0,0,1,3
3380,leaderboard,56,technician,married,tertiary,0,264,0,0,cellular,26,103,2,-1,0,unknown,0,8,summer,-0.8660254037844385,-0.5000000000000004,-0.8486442574947509,0.5289640103269624,0,1,51.5,0.25,0,0,4,2
3381,leaderboard,40,technician,divorced,tertiary,0,1871,1,0,cellular,17,64,1,-1,0,unknown,0,11,autumn,-0.5000000000000004,0.8660254037844384,-0.2993631229733582,-0.9541392564000488,0,0,64.0,0.09090909090909091,0,0,2,3
3382,leaderboard,58,retired,married,primary,0,5082,0,0,unknown,11,199,6,-1,0,unknown,0,6,summer,1.2246467991473532e-16,-1.0,0.7907757369376989,-0.6121059825476626,0,0,33.166666666666664,1.0,0,0,4,4
3383,leaderboard,32,technician,married,secondary,0,3335,0,0,cellular,8,50,4,-1,0,unknown,0,8,summer,-0.8660254037844385,-0.5000000000000004,0.9987165071710528,-0.05064916883871264,1,0,12.5,0.5,0,0,1,3
3384,leaderboard,24,blue-collar,married,secondary,0,195,1,1,cellular,17,229,3,-1,0,unknown,0,4,spring,0.8660254037844387,-0.4999999999999998,-0.2993631229733582,-0.9541392564000488,0,0,76.33333333333333,0.75,1,0,0,2
3385,leaderboard,44,unknown,married,secondary,0,2314,0,0,cellular,4,251,3,-1,0,unknown,0,8,summer,-0.8660254037844385,-0.5000000000000004,0.72479278722912,0.6889669190756866,1,0,83.66666666666667,0.375,0,0,2,3
3386,leaderboard,55,blue-collar,divorced,primary,0,409,0,1,cellular,11,221,2,-1,0,unknown,0,7,summer,-0.4999999999999997,-0.8660254037844388,0.7907757369376989,-0.6121059825476626,0,0,110.5,0.2857142857142857,1,0,4,2
3387,leaderboard,30,management,single,tertiary,0,21,0,0,unknown,20,121,11,-1,0,unknown,0,5,spring,0.49999999999999994,-0.8660254037844387,-0.7907757369376986,-0.6121059825476627,0,1,11.0,2.2,0,0,1,2
3388,leaderboard,50,entrepreneur,married,tertiary,0,45,0,0,cellular,31,22,8,-1,0,unknown,0,7,summer,-0.4999999999999997,-0.8660254037844388,-2.4492935982947064e-16,1.0,0,1,2.75,1.1428571428571428,0,0,3,2
3389,leaderboard,58,housemaid,married,primary,0,0,1,0,telephone,9,148,1,-1,0,unknown,0,7,summer,-0.4999999999999997,-0.8660254037844388,0.9680771188662043,-0.2506525322587204,1,0,148.0,0.14285714285714285,0,0,4,1
3390,leaderboard,30,technician,married,tertiary,0,570,0,0,cellular,27,976,12,-1,0,unknown,0,8,summer,-0.8660254037844385,-0.5000000000000004,-0.72479278722912,0.6889669190756865,0,1,81.33333333333333,1.5,0,0,1,2
3391,leaderboard,52,blue-collar,divorced,primary,0,-95,1,1,unknown,9,167,4,-1,0,unknown,0,5,spring,0.49999999999999994,-0.8660254037844387,0.9680771188662043,-0.2506525322587204,1,0,41.75,0.8,2,0,3,1
3392,leaderboard,52,self-employed,single,tertiary,0,1625,1,0,unknown,5,21,17,-1,0,unknown,0,6,summer,1.2246467991473532e-16,-1.0,0.8486442574947509,0.5289640103269624,1,0,1.2352941176470589,2.8333333333333335,0,0,3,3
3393,leaderboard,54,management,married,tertiary,0,60,1,0,cellular,2,112,2,-1,0,unknown,0,6,summer,1.2246467991473532e-16,-1.0,0.39435585511331855,0.9189578116202306,1,0,56.0,0.3333333333333333,0,0,3,2
3394,leaderboard,43,technician,single,secondary,0,585,1,0,unknown,5,55,1,-1,0,unknown,0,5,spring,0.49999999999999994,-0.8660254037844387,0.8486442574947509,0.5289640103269624,1,0,55.0,0.2,0,0,2,2
3395,leaderboard,52,blue-collar,married,primary,0,1051,0,0,cellular,4,273,1,-1,0,unknown,0,8,summer,-0.8660254037844385,-0.5000000000000004,0.72479278722912,0.6889669190756866,1,0,273.0,0.125,0,0,3,3
3396,leaderboard,47,management,married,tertiary,0,-41,0,1,cellular,7,175,1,-1,0,unknown,0,7,summer,-0.4999999999999997,-0.8660254037844388,0.9884683243281114,0.1514277775045767,1,0,175.0,0.14285714285714285,2,0,3,1
3397,leaderboard,31,management,married,tertiary,0,19,0,0,cellular,28,110,5,-1,0,unknown,0,8,summer,-0.8660254037844385,-0.5000000000000004,-0.5712682150947924,0.8207634412072763,0,1,22.0,0.625,0,0,1,2
3398,leaderboard,37,blue-collar,married,unknown,0,905,1,0,cellular,13,119,2,280,2,failure,0,4,spring,0.8660254037844387,-0.4999999999999998,0.48530196253108104,-0.8743466161445821,0,0,59.5,0.5,0,0,2,2
3399,leaderboard,32,management,married,secondary,0,6208,1,1,unknown,21,486,2,-1,0,unknown,0,5,spring,0.49999999999999994,-0.8660254037844387,-0.8978045395707417,-0.44039415155763423,0,1,243.0,0.4,1,0,1,4
3400,leaderboard,32,technician,married,secondary,0,169,1,1,cellular,8,79,3,-1,0,unknown,0,8,summer,-0.8660254037844385,-0.5000000000000004,0.9987165071710528,-0.05064916883871264,1,0,26.333333333333332,0.375,1,0,1,2
3401,leaderboard,58,technician,divorced,secondary,0,-131,0,0,cellular,5,131,2,-1,0,unknown,0,8,summer,-0.8660254037844385,-0.5000000000000004,0.8486442574947509,0.5289640103269624,1,0,65.5,0.25,1,0,4,1
3402,leaderboard,46,entrepreneur,married,secondary,0,756,0,0,unknown,16,382,3,-1,0,unknown,0,6,summer,1.2246467991473532e-16,-1.0,-0.10116832198743204,-0.9948693233918952,0,0,127.33333333333333,0.5,0,0,3,2
3403,leaderboard,31,admin.,married,secondary,0,0,1,0,cellular,29,82,5,-1,0,unknown,0,7,summer,-0.4999999999999997,-0.8660254037844388,-0.3943558551133187,0.9189578116202306,0,1,16.4,0.7142857142857143,0,0,1,1
3404,leaderboard,59,services,married,secondary,0,0,1,0,cellular,12,214,3,-1,0,unknown,0,5,spring,0.49999999999999994,-0.8660254037844387,0.6513724827222223,-0.758758122692791,0,0,71.33333333333333,0.6,0,0,4,1
3405,leaderboard,30,services,married,secondary,0,1733,1,0,cellular,5,192,4,-1,0,unknown,0,2,winter,0.8660254037844386,0.5000000000000001,0.8486442574947509,0.5289640103269624,1,0,48.0,2.0,0,0,1,3
3406,leaderboard,37,unemployed,married,unknown,0,4557,0,0,cellular,4,369,1,-1,0,unknown,0,9,autumn,-1.0,-1.8369701987210297e-16,0.72479278722912,0.6889669190756866,1,0,369.0,0.1111111111111111,0,0,2,3
3407,leaderboard,44,management,married,secondary,0,578,1,0,unknown,8,128,3,-1,0,unknown,0,5,spring,0.49999999999999994,-0.8660254037844387,0.9987165071710528,-0.05064916883871264,1,0,42.666666666666664,0.6,0,0,2,2
3408,leaderboard,28,admin.,single,secondary,0,170,1,1,cellular,6,150,1,-1,0,unknown,0,5,spring,0.49999999999999994,-0.8660254037844387,0.9377521321470804,0.3473052528448203,1,0,150.0,0.2,1,0,1,2
3409,leaderboard,59,management,married,primary,0,2363,1,0,cellular,17,30,1,-1,0,unknown,0,4,spring,0.8660254037844387,-0.4999999999999998,-0.2993631229733582,-0.9541392564000488,0,0,30.0,0.25,0,0,4,3
3410,leaderboard,49,entrepreneur,married,secondary,0,275,0,0,cellular,23,58,1,-1,0,unknown,0,7,summer,-0.4999999999999997,-0.8660254037844388,-0.9987165071710528,-0.05064916883871355,0,1,58.0,0.14285714285714285,0,0,3,2
3411,leaderboard,54,retired,married,primary,0,215,0,0,unknown,12,255,1,-1,0,unknown,0,5,spring,0.49999999999999994,-0.8660254037844387,0.6513724827222223,-0.758758122692791,0,0,255.0,0.2,0,0,3,2
3412,leaderboard,33,management,divorced,tertiary,1,273,0,1,cellular,18,155,1,-1,0,unknown,0,11,autumn,-0.5000000000000004,0.8660254037844384,-0.4853019625310808,-0.8743466161445822,0,0,155.0,0.09090909090909091,2,0,1,2
3413,leaderboard,55,housemaid,married,primary,0,134,1,0,unknown,19,15,10,-1,0,unknown,0,6,summer,1.2246467991473532e-16,-1.0,-0.651372482722222,-0.7587581226927911,0,0,1.5,1.6666666666666667,0,0,4,2
3414,leaderboard,27,unemployed,single,tertiary,0,8,0,0,cellular,3,65,2,-1,0,unknown,0,2,winter,0.8660254037844386,0.5000000000000001,0.5712682150947923,0.8207634412072763,1,0,32.5,1.0,0,0,1,2
3415,leaderboard,58,blue-collar,divorced,secondary,0,535,0,1,telephone,17,264,3,-1,0,unknown,0,7,summer,-0.4999999999999997,-0.8660254037844388,-0.2993631229733582,-0.9541392564000488,0,0,88.0,0.42857142857142855,1,0,4,2
3416,leaderboard,39,admin.,married,secondary,0,405,0,0,cellular,30,253,5,-1,0,unknown,0,7,summer,-0.4999999999999997,-0.8660254037844388,-0.20129852008866114,0.9795299412524943,0,1,50.6,0.7142857142857143,0,0,2,2
3417,leaderboard,55,retired,married,secondary,0,475,0,0,unknown,17,287,4,-1,0,unknown,0,6,summer,1.2246467991473532e-16,-1.0,-0.2993631229733582,-0.9541392564000488,0,0,71.75,0.6666666666666666,0,0,4,2
3418,leaderboard,31,blue-collar,married,secondary,0,631,1,0,unknown,23,248,4,-1,0,unknown,0,5,spring,0.49999999999999994,-0.8660254037844387,-0.9987165071710528,-0.05064916883871355,0,1,62.0,0.8,0,0,1,2
3419,leaderboard,32,management,single,unknown,0,777,0,0,cellular,28,92,1,-1,0,unknown,0,1,winter,0.49999999999999994,0.8660254037844387,-0.5712682150947924,0.8207634412072763,0,1,92.0,1.0,0,0,1,2
3420,leaderboard,31,self-employed,married,tertiary,0,252,1,0,cellular,7,47,1,-1,0,unknown,0,5,spring,0.49999999999999994,-0.8660254037844387,0.9884683243281114,0.1514277775045767,1,0,47.0,0.2,0,0,1,2
3421,leaderboard,28,admin.,single,secondary,0,179,1,0,cellular,31,68,2,-1,0,unknown,0,7,summer,-0.4999999999999997,-0.8660254037844388,-2.4492935982947064e-16,1.0,0,1,34.0,0.2857142857142857,0,0,1,2
3422,leaderboard,27,services,single,secondary,0,3358,1,0,cellular,14,493,5,-1,0,unknown,0,5,spring,0.49999999999999994,-0.8660254037844387,0.29936312297335804,-0.9541392564000488,0,0,98.6,1.0,0,0,1,3
3423,leaderboard,80,retired,married,secondary,0,8304,0,0,telephone,9,712,1,64,12,failure,0,6,summer,1.2246467991473532e-16,-1.0,0.9680771188662043,-0.2506525322587204,1,0,712.0,0.16666666666666666,0,0,5,4
3424,leaderboard,45,admin.,single,secondary,0,-17,1,0,cellular,5,247,1,-1,0,unknown,0,5,spring,0.49999999999999994,-0.8660254037844387,0.8486442574947509,0.5289640103269624,1,0,247.0,0.2,1,0,3,1
3425,leaderboard,33,technician,single,tertiary,0,704,0,1,cellular,5,193,1,176,8,failure,0,2,winter,0.8660254037844386,0.5000000000000001,0.8486442574947509,0.5289640103269624,1,0,193.0,0.5,1,0,1,2
3426,leaderboard,31,housemaid,married,unknown,1,-13,0,1,telephone,7,94,2,-1,0,unknown,0,7,summer,-0.4999999999999997,-0.8660254037844388,0.9884683243281114,0.1514277775045767,1,0,47.0,0.2857142857142857,3,0,1,1
3427,leaderboard,25,services,married,secondary,0,62,1,0,cellular,23,305,2,-1,0,unknown,0,7,summer,-0.4999999999999997,-0.8660254037844388,-0.9987165071710528,-0.05064916883871355,0,1,152.5,0.2857142857142857,0,0,1,2
3428,leaderboard,46,admin.,married,secondary,0,553,1,1,unknown,15,646,3,-1,0,unknown,0,5,spring,0.49999999999999994,-0.8660254037844387,0.10116832198743272,-0.994869323391895,0,0,215.33333333333334,0.6,1,0,3,2
3429,leaderboard,32,management,single,tertiary,0,1226,1,0,telephone,28,70,2,-1,0,unknown,0,1,winter,0.49999999999999994,0.8660254037844387,-0.5712682150947924,0.8207634412072763,0,1,35.0,2.0,0,0,1,3
3430,leaderboard,44,technician,divorced,secondary,0,13,0,0,cellular,13,167,1,92,1,success,0,11,autumn,-0.5000000000000004,0.8660254037844384,0.48530196253108104,-0.8743466161445821,0,0,167.0,0.09090909090909091,0,0,2,2
3431,leaderboard,58,retired,married,primary,0,3408,1,0,cellular,3,84,3,265,2,failure,0,2,winter,0.8660254037844386,0.5000000000000001,0.5712682150947923,0.8207634412072763,1,0,28.0,1.5,0,0,4,3
3432,leaderboard,38,services,single,secondary,0,-204,1,0,cellular,2,60,1,271,1,failure,0,2,winter,0.8660254037844386,0.5000000000000001,0.39435585511331855,0.9189578116202306,1,0,60.0,0.5,1,0,2,1
3433,leaderboard,44,management,married,tertiary,0,520,1,0,unknown,4,129,4,-1,0,unknown,0,6,summer,1.2246467991473532e-16,-1.0,0.72479278722912,0.6889669190756866,1,0,32.25,0.6666666666666666,0,0,2,2
3434,leaderboard,42,housemaid,single,primary,0,5768,1,0,unknown,15,54,2,-1,0,unknown,0,5,spring,0.49999999999999994,-0.8660254037844387,0.10116832198743272,-0.994869323391895,0,0,27.0,0.4,0,0,2,4
3435,leaderboard,37,blue-collar,married,primary,0,3251,1,0,unknown,21,233,1,-1,0,unknown,0,5,spring,0.49999999999999994,-0.8660254037844387,-0.8978045395707417,-0.44039415155763423,0,1,233.0,0.2,0,0,2,3
3436,leaderboard,40,management,married,tertiary,0,55,0,0,unknown,16,172,6,-1,0,unknown,0,6,summer,1.2246467991473532e-16,-1.0,-0.10116832198743204,-0.9948693233918952,0,0,28.666666666666668,1.0,0,0,2,2
3437,leaderboard,66,management,married,tertiary,0,2160,0,0,cellular,7,282,1,-1,0,unknown,0,7,summer,-0.4999999999999997,-0.8660254037844388,0.9884683243281114,0.1514277775045767,1,0,282.0,0.14285714285714285,0,0,5,3
3438,leaderboard,44,admin.,divorced,secondary,0,422,0,0,cellular,9,132,3,-1,0,unknown,0,2,winter,0.8660254037844386,0.5000000000000001,0.9680771188662043,-0.2506525322587204,1,0,44.0,1.5,0,0,2,2
3439,leaderboard,49,entrepreneur,married,primary,0,205,0,0,unknown,13,113,2,-1,0,unknown,0,5,spring,0.49999999999999994,-0.8660254037844387,0.48530196253108104,-0.8743466161445821,0,0,56.5,0.4,0,0,3,2
3440,leaderboard,34,technician,married,secondary,0,-337,0,0,cellular,13,136,4,-1,0,unknown,0,8,summer,-0.8660254037844385,-0.5000000000000004,0.48530196253108104,-0.8743466161445821,0,0,34.0,0.5,1,0,1,1
3441,leaderboard,48,blue-collar,married,secondary,0,1139,1,0,cellular,17,264,1,317,1,failure,0,4,spring,0.8660254037844387,-0.4999999999999998,-0.2993631229733582,-0.9541392564000488,0,0,264.0,0.25,0,0,3,3
3442,leaderboard,52,blue-collar,married,primary,0,220,1,0,cellular,6,198,2,170,2,failure,0,5,spring,0.49999999999999994,-0.8660254037844387,0.9377521321470804,0.3473052528448203,1,0,99.0,0.4,0,0,3,2
3443,leaderboard,42,student,married,unknown,0,-12,0,0,telephone,31,41,6,-1,0,unknown,0,7,summer,-0.4999999999999997,-0.8660254037844388,-2.4492935982947064e-16,1.0,0,1,6.833333333333333,0.8571428571428571,1,0,2,1
3444,leaderboard,48,blue-collar,single,tertiary,0,2335,1,0,unknown,4,15,1,-1,0,unknown,0,6,summer,1.2246467991473532e-16,-1.0,0.72479278722912,0.6889669190756866,1,0,15.0,0.16666666666666666,0,0,3,3
3445,leaderboard,38,technician,married,secondary,0,0,0,0,cellular,28,82,4,-1,0,unknown,0,8,summer,-0.8660254037844385,-0.5000000000000004,-0.5712682150947924,0.8207634412072763,0,1,20.5,0.5,0,0,2,1
3446,leaderboard,52,blue-collar,married,secondary,0,1113,1,0,cellular,13,365,1,-1,0,unknown,0,5,spring,0.49999999999999994,-0.8660254037844387,0.48530196253108104,-0.8743466161445821,0,0,365.0,0.2,0,0,3,3
3447,leaderboard,34,technician,married,secondary,0,212,1,1,cellular,8,375,2,-1,0,unknown,0,4,spring,0.8660254037844387,-0.4999999999999998,0.9987165071710528,-0.05064916883871264,1,0,187.5,0.5,1,0,1,2
3448,leaderboard,35,management,married,tertiary,0,27,1,0,cellular,8,169,1,231,2,failure,0,4,spring,0.8660254037844387,-0.4999999999999998,0.9987165071710528,-0.05064916883871264,1,0,169.0,0.25,0,0,2,2
3449,leaderboard,30,services,single,tertiary,0,-479,0,1,cellular,21,1532,2,-1,0,unknown,0,8,summer,-0.8660254037844385,-0.5000000000000004,-0.8978045395707417,-0.44039415155763423,0,1,766.0,0.25,2,0,1,1
3450,leaderboard,36,self-employed,married,secondary,0,190,1,0,cellular,19,136,1,120,1,failure,0,11,autumn,-0.5000000000000004,0.8660254037844384,-0.651372482722222,-0.7587581226927911,0,0,136.0,0.09090909090909091,0,0,2,2
3451,leaderboard,41,technician,married,tertiary,0,10,0,0,unknown,5,189,2,-1,0,unknown,0,6,summer,1.2246467991473532e-16,-1.0,0.8486442574947509,0.5289640103269624,1,0,94.5,0.3333333333333333,0,0,2,2
3452,leaderboard,54,unknown,married,secondary,0,1163,0,0,cellular,26,98,2,-1,0,unknown,0,5,spring,0.49999999999999994,-0.8660254037844387,-0.8486442574947509,0.5289640103269624,0,1,49.0,0.4,0,0,3,3
3453,leaderboard,50,self-employed,married,unknown,0,-85,1,0,unknown,6,101,1,-1,0,unknown,0,5,spring,0.49999999999999994,-0.8660254037844387,0.9377521321470804,0.3473052528448203,1,0,101.0,0.2,1,0,3,1
3454,leaderboard,58,services,married,primary,0,68,0,0,unknown,27,162,1,-1,0,unknown,0,6,summer,1.2246467991473532e-16,-1.0,-0.72479278722912,0.6889669190756865,0,1,162.0,0.16666666666666666,0,0,4,2
3455,leaderboard,34,blue-collar,divorced,secondary,0,0,0,1,unknown,21,339,1,-1,0,unknown,0,5,spring,0.49999999999999994,-0.8660254037844387,-0.8978045395707417,-0.44039415155763423,0,1,339.0,0.2,1,0,1,1
3456,leaderboard,30,services,divorced,secondary,0,-93,1,0,cellular,14,41,2,-1,0,unknown,0,7,summer,-0.4999999999999997,-0.8660254037844388,0.29936312297335804,-0.9541392564000488,0,0,20.5,0.2857142857142857,1,0,1,1
3457,leaderboard,36,technician,married,secondary,0,475,1,0,unknown,27,59,1,-1,0,unknown,0,5,spring,0.49999999999999994,-0.8660254037844387,-0.72479278722912,0.6889669190756865,0,1,59.0,0.2,0,0,2,2
3458,leaderboard,58,retired,married,secondary,0,12,0,0,cellular,11,270,1,-1,0,unknown,0,8,summer,-0.8660254037844385,-0.5000000000000004,0.7907757369376989,-0.6121059825476626,0,0,270.0,0.125,0,0,4,2
3459,leaderboard,38,admin.,married,tertiary,0,611,0,0,cellular,18,147,2,-1,0,unknown,0,11,autumn,-0.5000000000000004,0.8660254037844384,-0.4853019625310808,-0.8743466161445822,0,0,73.5,0.18181818181818182,0,0,2,2
3460,leaderboard,37,admin.,single,secondary,0,-300,1,0,cellular,20,81,1,-1,0,unknown,0,4,spring,0.8660254037844387,-0.4999999999999998,-0.7907757369376986,-0.6121059825476627,0,1,81.0,0.25,1,0,2,1
3461,leaderboard,38,management,single,tertiary,0,16956,1,0,telephone,29,208,1,247,2,failure,0,1,winter,0.49999999999999994,0.8660254037844387,-0.3943558551133187,0.9189578116202306,0,1,208.0,1.0,0,0,2,5
3462,leaderboard,28,technician,single,secondary,0,10,0,0,telephone,18,40,8,349,6,failure,0,5,spring,0.49999999999999994,-0.8660254037844387,-0.4853019625310808,-0.8743466161445822,0,0,5.0,1.6,0,0,1,2
3463,leaderboard,32,services,married,secondary,0,1467,1,0,unknown,3,193,1,-1,0,unknown,0,6,summer,1.2246467991473532e-16,-1.0,0.5712682150947923,0.8207634412072763,1,0,193.0,0.16666666666666666,0,0,1,3
3464,leaderboard,44,technician,divorced,secondary,0,804,1,0,unknown,15,118,4,-1,0,unknown,0,5,spring,0.49999999999999994,-0.8660254037844387,0.10116832198743272,-0.994869323391895,0,0,29.5,0.8,0,0,2,2
3465,leaderboard,29,self-employed,married,tertiary,0,3936,1,0,unknown,3,73,4,-1,0,unknown,0,6,summer,1.2246467991473532e-16,-1.0,0.5712682150947923,0.8207634412072763,1,0,18.25,0.6666666666666666,0,0,1,3
3466,leaderboard,42,blue-collar,married,secondary,0,172,1,0,cellular,17,96,1,-1,0,unknown,0,11,autumn,-0.5000000000000004,0.8660254037844384,-0.2993631229733582,-0.9541392564000488,0,0,96.0,0.09090909090909091,0,0,2,2
3467,leaderboard,27,admin.,single,tertiary,0,3680,1,0,cellular,15,157,2,351,5,failure,0,5,spring,0.49999999999999994,-0.8660254037844387,0.10116832198743272,-0.994869323391895,0,0,78.5,0.4,0,0,1,3
3468,leaderboard,50,unemployed,married,secondary,0,1772,0,0,cellular,29,206,4,-1,0,unknown,0,7,summer,-0.4999999999999997,-0.8660254037844388,-0.3943558551133187,0.9189578116202306,0,1,51.5,0.5714285714285714,0,0,3,3
3469,leaderboard,43,technician,married,secondary,0,289,1,0,cellular,14,119,3,-1,0,unknown,0,10,autumn,-0.8660254037844386,0.5000000000000001,0.29936312297335804,-0.9541392564000488,0,0,39.666666666666664,0.3,0,0,2,2
3470,leaderboard,55,management,divorced,tertiary,0,-614,0,0,cellular,26,131,2,-1,0,unknown,0,8,summer,-0.8660254037844385,-0.5000000000000004,-0.8486442574947509,0.5289640103269624,0,1,65.5,0.25,1,0,4,1
3471,leaderboard,33,blue-collar,single,primary,0,84,1,0,unknown,9,127,1,-1,0,unknown,0,5,spring,0.49999999999999994,-0.8660254037844387,0.9680771188662043,-0.2506525322587204,1,0,127.0,0.2,0,0,1,2
3472,leaderboard,45,blue-collar,married,primary,0,1299,1,0,cellular,28,189,17,-1,0,unknown,0,8,summer,-0.8660254037844385,-0.5000000000000004,-0.5712682150947924,0.8207634412072763,0,1,11.117647058823529,2.125,0,0,3,3
3473,leaderboard,36,admin.,married,secondary,0,961,1,0,unknown,21,206,1,-1,0,unknown,0,5,spring,0.49999999999999994,-0.8660254037844387,-0.8978045395707417,-0.44039415155763423,0,1,206.0,0.2,0,0,2,2
3474,leaderboard,34,services,married,secondary,0,595,1,1,unknown,8,224,2,-1,0,unknown,0,5,spring,0.49999999999999994,-0.8660254037844387,0.9987165071710528,-0.05064916883871264,1,0,112.0,0.4,1,0,1,2
3475,leaderboard,33,technician,single,secondary,0,925,1,0,cellular,21,58,1,122,4,failure,0,11,autumn,-0.5000000000000004,0.8660254037844384,-0.8978045395707417,-0.44039415155763423,0,1,58.0,0.09090909090909091,0,0,1,2
3476,leaderboard,30,management,married,tertiary,0,151,0,0,cellular,19,82,4,-1,0,unknown,0,8,summer,-0.8660254037844385,-0.5000000000000004,-0.651372482722222,-0.7587581226927911,0,0,20.5,0.5,0,0,1,2
3477,leaderboard,39,technician,married,secondary,0,3653,0,0,cellular,11,230,3,-1,0,unknown,0,8,summer,-0.8660254037844385,-0.5000000000000004,0.7907757369376989,-0.6121059825476626,0,0,76.66666666666667,0.375,0,0,2,3
3478,leaderboard,57,housemaid,married,primary,0,7081,0,0,unknown,6,69,3,-1,0,unknown,0,6,summer,1.2246467991473532e-16,-1.0,0.9377521321470804,0.3473052528448203,1,0,23.0,0.5,0,0,4,4
3479,leaderboard,25,blue-collar,single,secondary,0,906,1,0,cellular,7,113,4,-1,0,unknown,0,7,summer,-0.4999999999999997,-0.8660254037844388,0.9884683243281114,0.1514277775045767,1,0,28.25,0.5714285714285714,0,0,1,2
3480,leaderboard,51,blue-collar,married,primary,0,5051,0,1,unknown,16,75,7,-1,0,unknown,0,6,summer,1.2246467991473532e-16,-1.0,-0.10116832198743204,-0.9948693233918952,0,0,10.714285714285714,1.1666666666666667,1,0,3,4
3481,leaderboard,44,management,single,tertiary,0,1213,0,0,cellular,9,160,2,-1,0,unknown,0,7,summer,-0.4999999999999997,-0.8660254037844388,0.9680771188662043,-0.2506525322587204,1,0,80.0,0.2857142857142857,0,0,2,3
3482,leaderboard,32,technician,single,tertiary,0,701,1,0,cellular,20,20,4,-1,0,unknown,0,4,spring,0.8660254037844387,-0.4999999999999998,-0.7907757369376986,-0.6121059825476627,0,1,5.0,1.0,0,0,1,2
3483,leaderboard,55,retired,married,secondary,0,1461,0,1,cellular,29,277,2,-1,0,unknown,0,7,summer,-0.4999999999999997,-0.8660254037844388,-0.3943558551133187,0.9189578116202306,0,1,138.5,0.2857142857142857,1,0,4,3
3484,leaderboard,37,blue-collar,married,primary,0,33,1,0,cellular,13,24,2,362,1,other,0,5,spring,0.49999999999999994,-0.8660254037844387,0.48530196253108104,-0.8743466161445821,0,0,12.0,0.4,0,0,2,2
3485,leaderboard,28,blue-collar,married,secondary,0,1011,1,0,unknown,28,251,1,-1,0,unknown,0,5,spring,0.49999999999999994,-0.8660254037844387,-0.5712682150947924,0.8207634412072763,0,1,251.0,0.2,0,0,1,3
3486,leaderboard,31,admin.,married,primary,0,359,1,1,unknown,4,61,6,-1,0,unknown,0,6,summer,1.2246467991473532e-16,-1.0,0.72479278722912,0.6889669190756866,1,0,10.166666666666666,1.0,1,0,1,2
3487,leaderboard,47,self-employed,married,secondary,0,0,0,0,unknown,26,174,8,-1,0,unknown,0,6,summer,1.2246467991473532e-16,-1.0,-0.8486442574947509,0.5289640103269624,0,1,21.75,1.3333333333333333,0,0,3,1
3488,leaderboard,37,entrepreneur,married,tertiary,0,842,1,0,unknown,27,129,2,-1,0,unknown,0,5,spring,0.49999999999999994,-0.8660254037844387,-0.72479278722912,0.6889669190756865,0,1,64.5,0.4,0,0,2,2
3489,leaderboard,41,management,married,tertiary,0,5878,0,0,cellular,20,182,2,-1,0,unknown,0,11,autumn,-0.5000000000000004,0.8660254037844384,-0.7907757369376986,-0.6121059825476627,0,1,91.0,0.18181818181818182,0,0,2,4
3490,leaderboard,53,blue-collar,married,primary,0,220,0,0,cellular,18,171,7,-1,0,unknown,0,7,summer,-0.4999999999999997,-0.8660254037844388,-0.4853019625310808,-0.8743466161445822,0,0,24.428571428571427,1.0,0,0,3,2
3491,leaderboard,32,self-employed,single,secondary,0,516,1,0,cellular,18,34,7,-1,0,unknown,0,5,spring,0.49999999999999994,-0.8660254037844387,-0.4853019625310808,-0.8743466161445822,0,0,4.857142857142857,1.4,0,0,1,2
3492,leaderboard,53,blue-collar,married,secondary,0,0,0,0,telephone,31,36,4,-1,0,unknown,0,7,summer,-0.4999999999999997,-0.8660254037844388,-2.4492935982947064e-16,1.0,0,1,9.0,0.5714285714285714,0,0,3,1
3493,leaderboard,55,retired,divorced,secondary,0,1575,0,1,unknown,19,1007,1,-1,0,unknown,0,6,summer,1.2246467991473532e-16,-1.0,-0.651372482722222,-0.7587581226927911,0,0,1007.0,0.16666666666666666,1,0,4,3
3494,leaderboard,36,technician,single,secondary,0,1513,1,0,unknown,16,243,2,-1,0,unknown,0,6,summer,1.2246467991473532e-16,-1.0,-0.10116832198743204,-0.9948693233918952,0,0,121.5,0.3333333333333333,0,0,2,3
3495,leaderboard,42,management,single,tertiary,0,100,0,0,cellular,7,64,2,-1,0,unknown,0,8,summer,-0.8660254037844385,-0.5000000000000004,0.9884683243281114,0.1514277775045767,1,0,32.0,0.25,0,0,2,2
3496,leaderboard,39,self-employed,married,tertiary,0,588,1,0,cellular,18,48,1,181,3,failure,0,11,autumn,-0.5000000000000004,0.8660254037844384,-0.4853019625310808,-0.8743466161445822,0,0,48.0,0.09090909090909091,0,0,2,2
3497,leaderboard,54,retired,married,secondary,0,161,1,1,unknown,26,74,1,-1,0,unknown,0,5,spring,0.49999999999999994,-0.8660254037844387,-0.8486442574947509,0.5289640103269624,0,1,74.0,0.2,1,0,3,2
3498,leaderboard,44,blue-collar,married,primary,0,-247,1,0,telephone,10,73,1,-1,0,unknown,0,7,summer,-0.4999999999999997,-0.8660254037844388,0.8978045395707416,-0.4403941515576344,1,0,73.0,0.14285714285714285,1,0,2,1
3499,leaderboard,33,blue-collar,married,primary,0,57,1,0,cellular,7,246,2,-1,0,unknown,0,5,spring,0.49999999999999994,-0.8660254037844387,0.9884683243281114,0.1514277775045767,1,0,123.0,0.4,0,0,1,2
3500,leaderboard,56,housemaid,married,primary,0,304,0,1,cellular,8,212,1,-1,0,unknown,0,7,summer,-0.4999999999999997,-0.8660254037844388,0.9987165071710528,-0.05064916883871264,1,0,212.0,0.14285714285714285,1,0,4,2
3501,leaderboard,39,blue-collar,married,primary,0,885,1,0,unknown,26,102,2,-1,0,unknown,0,5,spring,0.49999999999999994,-0.8660254037844387,-0.8486442574947509,0.5289640103269624,0,1,51.0,0.4,0,0,2,2
3502,leaderboard,37,entrepreneur,single,secondary,0,20457,1,0,telephone,4,115,1,-1,0,unknown,0,5,spring,0.49999999999999994,-0.8660254037844387,0.72479278722912,0.6889669190756866,1,0,115.0,0.2,0,0,2,5
3503,leaderboard,30,technician,married,secondary,0,378,0,0,cellular,7,124,2,-1,0,unknown,0,8,summer,-0.8660254037844385,-0.5000000000000004,0.9884683243281114,0.1514277775045767,1,0,62.0,0.25,0,0,1,2
3504,leaderboard,28,management,single,tertiary,0,77,0,0,cellular,20,676,2,146,2,failure,0,10,autumn,-0.8660254037844386,0.5000000000000001,-0.7907757369376986,-0.6121059825476627,0,1,338.0,0.2,0,0,1,2
3505,leaderboard,32,services,single,secondary,0,155,1,0,cellular,25,158,2,-1,0,unknown,0,5,spring,0.49999999999999994,-0.8660254037844387,-0.9377521321470804,0.3473052528448203,0,1,79.0,0.4,0,0,1,2
3506,leaderboard,39,self-employed,single,tertiary,0,3973,0,0,cellular,30,122,3,-1,0,unknown,0,7,summer,-0.4999999999999997,-0.8660254037844388,-0.20129852008866114,0.9795299412524943,0,1,40.666666666666664,0.42857142857142855,0,0,2,3
3507,leaderboard,30,management,single,tertiary,0,7844,1,0,unknown,3,59,1,-1,0,unknown,0,6,summer,1.2246467991473532e-16,-1.0,0.5712682150947923,0.8207634412072763,1,0,59.0,0.16666666666666666,0,0,1,4
3508,leaderboard,45,technician,married,primary,0,-331,0,0,unknown,9,225,2,-1,0,unknown,0,6,summer,1.2246467991473532e-16,-1.0,0.9680771188662043,-0.2506525322587204,1,0,112.5,0.3333333333333333,1,0,3,1
3509,leaderboard,34,admin.,married,tertiary,0,2542,1,1,cellular,25,74,1,-1,0,unknown,0,9,autumn,-1.0,-1.8369701987210297e-16,-0.9377521321470804,0.3473052528448203,0,1,74.0,0.1111111111111111,1,0,1,3
3510,leaderboard,26,technician,married,tertiary,0,3816,1,0,unknown,13,107,1,-1,0,unknown,0,5,spring,0.49999999999999994,-0.8660254037844387,0.48530196253108104,-0.8743466161445821,0,0,107.0,0.2,0,0,1,3
3511,leaderboard,43,management,married,tertiary,0,1185,0,0,cellular,27,140,2,-1,0,unknown,0,5,spring,0.49999999999999994,-0.8660254037844387,-0.72479278722912,0.6889669190756865,0,1,70.0,0.4,0,0,2,3
3512,leaderboard,28,entrepreneur,married,unknown,0,1024,0,0,cellular,29,113,1,-1,0,unknown,0,1,winter,0.49999999999999994,0.8660254037844387,-0.3943558551133187,0.9189578116202306,0,1,113.0,1.0,0,0,1,3
3513,leaderboard,41,technician,married,secondary,0,61,1,1,unknown,8,210,2,-1,0,unknown,0,5,spring,0.49999999999999994,-0.8660254037844387,0.9987165071710528,-0.05064916883871264,1,0,105.0,0.4,1,0,2,2
3514,leaderboard,42,housemaid,married,primary,0,147,0,0,cellular,20,252,2,-1,0,unknown,0,8,summer,-0.8660254037844385,-0.5000000000000004,-0.7907757369376986,-0.6121059825476627,0,1,126.0,0.25,0,0,2,2
3515,leaderboard,51,management,single,tertiary,1,-56,1,0,cellular,18,119,6,-1,0,unknown,0,8,summer,-0.8660254037844385,-0.5000000000000004,-0.4853019625310808,-0.8743466161445822,0,0,19.833333333333332,0.75,2,0,3,1
3516,leaderboard,79,retired,married,secondary,0,4745,0,0,telephone,9,151,5,-1,0,unknown,0,7,summer,-0.4999999999999997,-0.8660254037844388,0.9680771188662043,-0.2506525322587204,1,0,30.2,0.7142857142857143,0,0,5,3
3517,leaderboard,57,management,married,tertiary,0,1171,0,0,unknown,18,26,1,-1,0,unknown,0,6,summer,1.2246467991473532e-16,-1.0,-0.4853019625310808,-0.8743466161445822,0,0,26.0,0.16666666666666666,0,0,4,3
3518,leaderboard,42,blue-collar,single,primary,0,1329,1,1,cellular,8,178,1,-1,0,unknown,0,7,summer,-0.4999999999999997,-0.8660254037844388,0.9987165071710528,-0.05064916883871264,1,0,178.0,0.14285714285714285,1,0,2,3
3519,leaderboard,28,management,married,tertiary,0,1473,1,0,cellular,18,143,1,-1,0,unknown,0,5,spring,0.49999999999999994,-0.8660254037844387,-0.4853019625310808,-0.8743466161445822,0,0,143.0,0.2,0,0,1,3
3520,leaderboard,32,admin.,single,secondary,0,629,1,0,unknown,26,1234,3,-1,0,unknown,0,5,spring,0.49999999999999994,-0.8660254037844387,-0.8486442574947509,0.5289640103269624,0,1,411.3333333333333,0.6,0,0,1,2
3521,leaderboard,37,technician,married,unknown,0,56,0,0,unknown,19,374,3,-1,0,unknown,0,6,summer,1.2246467991473532e-16,-1.0,-0.651372482722222,-0.7587581226927911,0,0,124.66666666666667,0.5,0,0,2,2
