balcony_area,built_up_area,carpet_area,land_area,distance_to_main_road,nearby_hospital_distance,nearby_market_distance,nearby_metro_distance,nearby_playground_distance,building_age,water_supply_hours,year_built,maintenance_fee,property_tax,service_charge,price,balconies,baths,beds,floor,number_of_units,parking_spaces,total_floors,elevator,furnished,gas_connection,generator,internet_available,power_backup,security_guard,servant_room,road_width,facing_direction,kitchen_type,locality,type
49.65,1512.29,1224.78,1746.13,545.0,610.0,830.0,650.0,850.0,14.0,7.0,2012,54.67,329.21,20.35,9383598.57,3,4,3,11,17,2,14,True,True,False,True,True,False,True,False,74.0,east,dedicated,Kafrul,apartment
60.39,1154.5,1012.8,1291.83,655.0,300.0,590.0,1180.0,1200.0,11.0,17.0,2015,28.6,307.82,10.46,4488123.34,3,3,3,26,71,3,30,True,False,True,False,True,False,False,False,17.0,north,inline,Old Dhaka,apartment
83.65,1321.42,1056.45,1545.54,1445.0,1400.0,320.0,1030.0,450.0,27.0,14.0,1999,32.86,198.86,16.27,4370586.78,2,3,2,17,89,2,21,False,False,False,False,True,False,False,True,59.0,west,inline,Khilgaon,condominium
119.51,2346.48,1936.87,3414.91,1385.0,1350.0,1260.0,1410.0,740.0,17.0,8.0,2009,49.15,521.87,24.18,9877124.91,3,4,4,1,1,0,3,False,False,False,True,True,True,False,False,69.0,north,dedicated,Khilgaon,duplex
532.49,6853.84,5946.66,13447.1,545.0,150.0,520.0,660.0,210.0,25.0,14.0,2001,207.41,4025.82,190.75,70418077.55,3,5,4,4,1,1,4,False,False,True,False,True,True,False,True,20.0,north,dedicated,Dhanmondi,villa
77.01,1080.87,913.77,1162.51,955.0,1390.0,780.0,800.0,250.0,24.0,10.0,2002,17.9,358.93,11.48,3767533.75,3,4,3,3,191,0,6,True,False,False,False,True,False,False,False,60.0,north,inline,Rampura,condominium
45.37,1046.39,825.78,1105.25,405.0,1040.0,1280.0,1370.0,990.0,38.0,19.0,1988,25.08,231.73,12.73,3633997.34,3,3,3,2,57,3,6,False,False,True,True,False,True,False,False,16.0,west,inline,Malibagh,condominium
137.44,1842.51,1400.02,2061.18,650.0,1040.0,780.0,580.0,280.0,23.0,8.0,2003,51.73,603.69,17.03,6506858.02,3,4,3,5,29,0,11,True,False,False,False,True,False,False,False,49.0,south,dedicated,Mirpur 1,condominium
95.43,2616.31,2100.26,2799.19,660.0,280.0,140.0,240.0,170.0,39.0,16.0,1987,134.78,1449.0,41.0,21530615.48,3,7,6,6,61,1,7,True,False,True,False,True,True,True,True,67.0,north,dedicated,Niketon,condominium
66.3,1545.7,1300.44,1781.87,790.0,500.0,500.0,510.0,640.0,2.0,7.0,2024,45.39,388.4,27.16,10830744.99,3,5,4,4,107,1,6,True,False,False,False,True,True,True,False,49.0,east,dedicated,Mohammedpur,apartment
82.13,1233.42,940.94,1464.83,1485.0,280.0,1210.0,1250.0,1230.0,19.0,16.0,2007,36.61,233.92,11.22,4531764.1,3,4,3,7,94,3,12,True,True,False,True,True,False,False,False,27.0,north,inline,Paltan,apartment
173.05,3025.06,2313.03,3622.54,105.0,230.0,340.0,180.0,380.0,3.0,19.0,2023,106.45,1857.99,79.26,42901077.53,3,4,4,11,191,2,16,True,True,False,True,True,True,True,False,46.0,north,dedicated,Baridhara,penthouse
95.88,1503.08,1282.45,1691.07,1300.0,1170.0,880.0,1270.0,260.0,32.0,10.0,1994,38.99,410.14,13.72,4924091.8,3,4,3,10,100,3,13,True,False,True,False,True,False,False,False,43.0,south,dedicated,Mirpur 1,apartment
156.74,2765.28,2478.58,3951.5,615.0,610.0,230.0,920.0,500.0,20.0,24.0,2006,93.42,1175.36,47.88,16133752.89,3,5,4,2,1,1,4,False,True,False,False,True,False,False,False,76.0,west,dedicated,Motijheel,townhouse
160.89,2608.09,2021.05,3991.76,605.0,950.0,1000.0,440.0,260.0,24.0,10.0,2002,91.16,809.86,26.36,16233790.87,3,5,4,4,1,0,4,False,False,True,True,True,True,False,False,62.0,west,dedicated,Kafrul,triplex
241.56,3094.81,2426.02,5547.24,975.0,910.0,350.0,490.0,920.0,18.0,13.0,2008,111.26,1272.08,38.99,19414995.51,3,4,4,1,1,1,1,False,True,True,True,True,True,False,False,23.0,east,dedicated,Farmgate,townhouse
65.04,1461.84,1174.44,1651.07,1270.0,870.0,220.0,680.0,830.0,2.0,16.0,2024,29.39,247.35,20.95,6438128.63,2,2,2,21,56,1,30,True,False,False,False,False,True,False,False,19.0,west,dedicated,Rampura,apartment
81.58,1621.27,1387.79,1761.49,290.0,1360.0,950.0,880.0,1100.0,17.0,16.0,2009,38.67,421.1,19.22,5877827.96,3,4,4,3,162,2,9,True,False,True,False,True,False,False,False,45.0,east,dedicated,Badda,apartment
57.94,868.98,679.65,1013.03,1380.0,1160.0,950.0,380.0,870.0,11.0,15.0,2015,20.06,150.95,8.03,3475630.46,1,1,1,10,106,0,18,True,False,True,False,False,True,False,False,20.0,north,inline,Mirpur 1,apartment
174.89,5222.38,4639.67,6098.69,660.0,560.0,210.0,190.0,430.0,5.0,9.0,2021,192.67,1610.89,100.26,68718490.58,3,5,4,8,101,3,30,True,True,True,True,True,False,False,True,23.0,east,dedicated,Cantonment,penthouse
551.62,8067.33,6547.97,13510.56,270.0,430.0,450.0,300.0,470.0,0.0,15.0,2026,298.27,5410.3,192.1,112660317.33,3,4,4,1,1,3,3,False,False,False,True,True,True,False,True,70.0,west,dedicated,Baridhara,villa
94.06,1540.88,1235.44,1667.65,215.0,830.0,650.0,380.0,240.0,4.0,9.0,2022,52.06,529.38,28.91,11004498.84,3,3,3,8,89,0,24,True,False,False,True,True,True,False,False,71.0,west,dedicated,Kalabagan,condominium
46.65,1021.67,812.18,1096.39,1470.0,980.0,760.0,640.0,900.0,8.0,10.0,2018,20.78,304.67,13.51,4303018.45,3,4,3,17,130,2,17,True,True,False,False,False,False,True,False,29.0,south,inline,Old Dhaka,apartment
142.06,2153.45,1727.49,3911.65,840.0,440.0,860.0,400.0,700.0,27.0,21.0,1999,79.06,688.65,24.84,12676400.09,3,5,4,1,1,2,2,False,False,False,True,True,False,True,False,66.0,east,dedicated,Kafrul,duplex
41.41,1055.23,836.56,1122.73,875.0,590.0,830.0,620.0,720.0,19.0,16.0,2007,27.38,289.54,16.38,6300267.85,2,2,2,4,34,2,17,False,False,True,True,False,True,True,False,49.0,east,inline,Mohammedpur,condominium
175.74,2227.49,1805.64,2534.71,580.0,240.0,260.0,330.0,420.0,26.0,10.0,2000,54.19,661.87,24.24,16418803.06,3,4,4,12,52,0,14,True,False,True,True,True,True,True,False,45.0,north,dedicated,Motijheel,penthouse
40.02,1192.32,938.03,1361.62,400.0,780.0,280.0,830.0,170.0,37.0,12.0,1989,45.85,407.71,21.04,6591448.24,3,4,3,2,17,0,7,True,True,True,True,True,False,False,False,42.0,north,inline,Motijheel,condominium
60.12,1416.86,1079.61,1669.98,570.0,380.0,280.0,480.0,800.0,18.0,8.0,2008,29.76,460.3,20.25,5123651.06,2,3,2,3,175,0,15,False,True,True,False,False,True,False,False,46.0,east,dedicated,Paltan,apartment
226.02,2841.17,2220.64,4137.32,910.0,1160.0,1370.0,1020.0,620.0,30.0,16.0,1996,49.25,807.9,35.84,10041542.76,3,5,4,1,1,3,4,False,True,False,False,True,False,False,False,77.0,south,dedicated,Malibagh,townhouse
260.45,4788.09,4177.63,5540.51,335.0,430.0,380.0,500.0,650.0,23.0,14.0,2003,266.24,2277.58,123.19,52957648.3,3,6,6,19,90,3,19,True,False,True,True,True,True,True,True,61.0,south,dedicated,Banani,penthouse
70.78,1403.89,1087.16,1683.27,1185.0,1010.0,840.0,610.0,580.0,12.0,10.0,2014,24.97,263.91,17.26,5396326.73,3,3,3,11,102,2,27,True,False,False,False,True,False,False,False,48.0,north,dedicated,Old Dhaka,apartment
65.95,941.32,757.95,1071.08,455.0,560.0,1000.0,490.0,260.0,5.0,20.0,2021,14.29,215.04,8.0,3906113.37,3,4,3,17,19,0,19,True,False,True,False,True,False,False,False,22.0,west,inline,Badda,apartment
55.91,781.23,681.27,935.65,1390.0,210.0,730.0,1270.0,690.0,2.0,18.0,2024,21.59,231.33,6.97,3344173.31,2,2,2,13,21,1,17,True,False,True,False,False,False,False,False,76.0,south,inline,Lalbagh,apartment
128.03,2537.71,2012.39,2900.48,1110.0,400.0,930.0,340.0,690.0,20.0,20.0,2006,59.77,486.79,35.28,12547039.47,3,6,6,12,141,2,20,True,True,True,False,False,False,True,False,16.0,east,dedicated,Old Dhaka,penthouse
55.38,1032.9,918.18,1092.23,430.0,420.0,1390.0,1020.0,830.0,7.0,8.0,2019,21.68,162.99,10.71,4357282.4,2,3,2,7,73,0,7,False,True,False,False,True,True,True,False,64.0,south,inline,Lalbagh,apartment
137.39,2750.2,2426.15,5476.75,460.0,140.0,140.0,460.0,540.0,14.0,24.0,2012,115.1,1643.22,70.0,25951896.64,3,5,5,2,1,1,3,False,True,True,False,True,False,True,True,63.0,north,dedicated,Baridhara,townhouse
100.2,1418.85,1153.03,2762.98,840.0,1120.0,1190.0,1300.0,800.0,29.0,23.0,1997,33.0,401.26,20.55,4916325.23,2,3,2,1,1,2,1,False,False,False,False,True,False,False,True,31.0,south,dedicated,Tejgaon,townhouse
43.9,916.49,769.61,975.74,965.0,600.0,1100.0,1350.0,950.0,27.0,7.0,1999,20.14,294.65,11.2,3002429.43,2,3,2,8,34,0,16,True,False,True,False,True,False,False,False,77.0,north,inline,Rampura,apartment
64.06,893.23,798.01,1001.2,1465.0,690.0,1260.0,1150.0,220.0,39.0,18.0,1987,16.88,158.46,10.6,3072525.28,2,3,2,8,186,0,11,True,False,False,False,False,False,False,False,30.0,east,inline,Mirpur 10,condominium
74.44,975.95,873.79,1163.85,1420.0,900.0,940.0,1030.0,1120.0,12.0,13.0,2014,15.2,230.0,8.12,3751386.43,2,2,2,7,26,3,30,True,False,False,False,True,False,False,False,61.0,north,inline,Wari,apartment
192.05,3571.67,2854.1,6305.95,80.0,460.0,100.0,380.0,70.0,6.0,18.0,2020,108.02,2290.32,64.5,38593011.02,3,5,4,1,1,1,2,False,True,True,True,True,True,True,False,29.0,north,dedicated,Banani,townhouse
206.33,4914.27,3949.69,5821.87,120.0,630.0,230.0,110.0,370.0,16.0,17.0,2010,200.71,2194.47,135.51,58235606.44,3,5,5,8,195,2,23,True,False,True,False,True,True,True,True,43.0,east,dedicated,Niketon,penthouse
260.7,3755.58,2934.76,4182.86,175.0,60.0,450.0,580.0,600.0,36.0,21.0,1990,125.62,1173.37,105.11,38652698.85,3,5,4,8,75,2,8,False,True,False,True,False,True,False,True,65.0,north,dedicated,Dhanmondi,penthouse
30.0,890.42,737.01,1031.17,840.0,610.0,530.0,450.0,720.0,40.0,6.0,1986,24.7,230.99,17.01,4688066.34,2,3,2,2,36,3,7,True,True,True,True,True,False,False,True,49.0,east,inline,Motijheel,apartment
33.24,1087.36,933.42,1248.35,685.0,1390.0,1110.0,1180.0,1240.0,15.0,24.0,2011,29.78,301.81,14.37,4153604.85,2,2,2,4,129,2,27,True,False,False,False,True,True,False,False,43.0,north,inline,Badda,apartment
229.14,3917.12,3430.53,4502.09,1000.0,970.0,180.0,690.0,980.0,6.0,16.0,2020,140.89,934.25,52.94,33925842.68,3,5,4,13,18,2,18,False,False,True,True,True,True,False,False,61.0,south,dedicated,Farmgate,penthouse
138.87,3081.64,2430.15,5202.29,1295.0,650.0,610.0,1080.0,1220.0,33.0,15.0,1993,48.8,686.82,37.91,12231046.0,3,5,4,1,1,0,4,False,False,False,True,True,True,False,True,50.0,west,dedicated,Wari,triplex
55.76,1231.41,965.95,1299.59,270.0,1270.0,890.0,1340.0,1090.0,8.0,11.0,2018,27.25,288.69,14.96,5345812.55,2,2,2,28,111,2,28,True,False,True,False,False,True,False,False,36.0,north,inline,Shahbagh,condominium
52.91,1003.42,786.11,1110.95,205.0,240.0,1380.0,230.0,1230.0,15.0,18.0,2011,27.71,289.97,11.43,3725500.97,2,3,2,6,128,0,9,True,False,False,False,True,False,False,False,74.0,south,inline,Old Dhaka,apartment
92.64,2368.42,2110.9,3367.72,660.0,590.0,190.0,430.0,90.0,0.0,17.0,2026,90.83,1434.0,55.84,25987489.64,3,6,6,1,1,3,4,False,False,False,True,True,True,False,False,14.0,north,dedicated,Dhanmondi,townhouse
113.58,1800.79,1618.38,2021.34,570.0,600.0,560.0,690.0,190.0,2.0,11.0,2024,50.06,380.29,28.35,13128568.39,3,3,3,15,106,2,30,True,True,True,False,False,False,True,True,22.0,west,dedicated,Shyamoli,condominium
88.08,2200.01,1740.25,2351.05,830.0,270.0,600.0,890.0,780.0,17.0,13.0,2009,61.3,890.79,30.81,13584120.61,3,6,5,2,120,0,20,True,False,True,True,True,True,False,False,35.0,east,dedicated,Motijheel,condominium
94.45,2189.24,1703.39,3338.85,920.0,450.0,1310.0,1240.0,1160.0,14.0,20.0,2012,48.37,501.41,16.58,9093679.71,3,5,4,2,1,2,2,False,False,True,False,False,False,False,False,61.0,west,dedicated,Badda,duplex
337.79,4831.68,4292.94,6806.45,1050.0,1010.0,350.0,1430.0,240.0,17.0,9.0,2009,83.46,1151.93,42.44,23580512.17,3,6,6,1,1,2,3,False,False,True,False,False,False,False,False,43.0,north,dedicated,Paltan,villa
129.86,2020.2,1645.99,2131.72,635.0,60.0,210.0,100.0,650.0,13.0,16.0,2013,109.15,1112.56,45.71,18032690.25,3,5,4,5,116,1,10,False,True,True,False,True,True,True,False,25.0,east,dedicated,Nikunja,apartment
234.9,3580.64,2772.16,4873.16,655.0,290.0,990.0,690.0,910.0,4.0,21.0,2022,88.96,1423.62,67.93,28766833.89,3,5,4,1,1,1,3,False,False,False,False,False,True,False,False,38.0,east,dedicated,Farmgate,bungalow
100.73,1605.78,1431.98,1759.99,950.0,1450.0,940.0,950.0,470.0,31.0,15.0,1995,29.84,429.68,12.5,5789109.17,3,4,3,16,41,0,18,True,False,False,True,True,True,False,False,38.0,west,dedicated,Mirpur 1,condominium
47.57,1438.43,1140.19,1637.75,595.0,230.0,640.0,620.0,800.0,34.0,7.0,1992,40.2,458.88,16.92,4848214.31,2,3,2,1,170,3,17,True,False,True,False,False,True,False,False,74.0,south,dedicated,Lalbagh,apartment
89.77,2653.28,2242.56,3995.91,580.0,110.0,210.0,270.0,850.0,5.0,18.0,2021,53.45,885.09,37.81,19406880.14,3,4,4,1,1,3,1,False,False,True,False,True,False,True,False,59.0,south,dedicated,Kafrul,duplex
71.51,1576.86,1389.2,1758.86,500.0,160.0,700.0,150.0,490.0,26.0,16.0,2000,77.34,606.85,43.97,13448420.23,3,3,3,17,59,1,18,True,True,True,True,True,True,True,True,48.0,west,dedicated,Bashundhara,condominium
45.48,834.38,678.35,930.35,565.0,1180.0,790.0,940.0,1070.0,7.0,23.0,2019,16.73,176.0,9.35,3558905.29,2,3,2,5,121,2,28,True,False,False,False,True,False,False,False,29.0,east,inline,Khilgaon,condominium
84.06,1313.53,1093.86,1537.81,1205.0,1190.0,510.0,290.0,270.0,6.0,23.0,2020,26.54,400.29,13.43,5548803.39,2,3,2,8,174,2,8,True,False,True,False,True,True,False,False,62.0,north,inline,Mirpur 1,apartment
460.42,6262.49,5266.72,11171.74,610.0,310.0,70.0,570.0,530.0,25.0,14.0,2001,269.0,2386.1,179.24,63583889.97,3,4,4,1,1,2,1,True,True,True,True,True,True,True,False,42.0,west,dedicated,Bashundhara,bungalow
184.73,5977.9,5103.13,11265.15,455.0,620.0,580.0,480.0,590.0,29.0,14.0,1997,294.43,3465.73,157.77,64399911.14,3,7,6,1,1,1,1,False,False,True,True,True,True,True,False,76.0,east,dedicated,Gulshan,villa
44.61,1484.11,1237.79,2476.64,610.0,230.0,470.0,740.0,1240.0,27.0,10.0,1999,31.58,416.06,15.61,5399559.09,2,2,2,1,1,3,3,False,True,False,False,True,True,False,False,63.0,north,dedicated,Malibagh,townhouse
68.63,1215.92,1053.99,1344.49,590.0,1190.0,820.0,890.0,400.0,32.0,17.0,1994,20.57,344.62,12.93,4222737.94,3,3,3,13,32,0,24,False,True,False,False,False,True,False,True,76.0,south,inline,Paltan,condominium
99.07,1625.18,1249.35,1852.39,810.0,260.0,720.0,520.0,720.0,26.0,22.0,2000,43.37,661.14,19.47,8318907.99,3,4,3,12,78,1,20,False,True,True,False,True,True,False,False,58.0,north,dedicated,Kalabagan,apartment
134.69,3239.84,2839.33,5863.01,505.0,660.0,330.0,170.0,650.0,0.0,15.0,2026,148.16,1724.95,60.31,36903369.49,3,4,4,3,1,3,4,True,False,True,True,True,True,False,False,31.0,south,dedicated,Uttara,townhouse
412.95,8056.39,7170.6,13727.82,335.0,630.0,440.0,530.0,440.0,30.0,16.0,1996,247.94,4454.07,148.51,90006026.55,3,6,6,1,1,2,3,True,True,False,False,True,True,True,True,31.0,north,dedicated,Baridhara,villa
96.3,1906.45,1708.44,2183.77,690.0,880.0,600.0,870.0,250.0,2.0,22.0,2024,52.2,464.8,35.74,13771385.12,3,3,3,20,138,3,25,False,False,True,True,True,True,True,False,63.0,west,dedicated,Shyamoli,condominium
67.67,1755.48,1449.14,2036.65,1450.0,870.0,1380.0,1240.0,1320.0,1.0,8.0,2025,51.67,486.3,16.46,8124087.31,3,5,4,5,94,3,14,True,True,True,False,True,False,False,False,73.0,south,dedicated,Jatrabari,condominium
422.81,5543.21,4771.78,8036.64,405.0,150.0,110.0,170.0,220.0,18.0,22.0,2008,323.01,2655.95,113.98,63477015.87,3,7,6,1,1,2,1,False,False,False,True,True,True,False,False,43.0,south,dedicated,Bashundhara,villa
329.88,4534.07,3876.82,6186.57,590.0,520.0,320.0,50.0,270.0,35.0,13.0,1991,209.86,2964.75,102.37,46131935.73,3,5,5,1,1,1,1,False,True,True,False,True,False,False,False,19.0,north,dedicated,Niketon,villa
67.71,1345.68,1054.12,1469.19,665.0,600.0,180.0,290.0,950.0,17.0,9.0,2009,42.88,404.78,14.59,7913349.48,3,3,3,1,137,0,18,True,False,True,True,False,True,False,True,33.0,east,inline,Farmgate,apartment
52.97,1388.97,1165.15,1507.48,220.0,1360.0,500.0,220.0,1100.0,30.0,21.0,1996,28.88,238.19,14.94,4550265.92,2,2,2,9,137,1,9,True,False,False,False,True,False,False,False,20.0,north,inline,Rampura,apartment
431.1,5683.84,4789.08,11242.32,1170.0,230.0,900.0,1140.0,1450.0,37.0,18.0,1989,86.27,1191.92,78.27,25817687.94,3,6,6,1,1,2,1,False,False,False,False,True,True,False,False,55.0,west,dedicated,Jatrabari,villa
80.09,1841.9,1506.95,2022.38,120.0,590.0,300.0,230.0,520.0,11.0,8.0,2015,101.07,1206.75,33.24,17442066.7,3,4,4,8,94,1,28,True,False,True,True,True,True,True,False,50.0,north,dedicated,Niketon,apartment
306.58,5277.49,4412.58,8628.02,975.0,640.0,330.0,940.0,230.0,36.0,10.0,1990,173.34,2119.0,75.33,35375705.89,3,6,5,3,1,2,3,True,False,True,False,True,True,True,False,37.0,north,dedicated,Kalabagan,bungalow
63.13,1094.63,859.37,1282.22,790.0,930.0,1290.0,230.0,1470.0,17.0,7.0,2009,22.39,252.12,14.39,4083000.69,2,3,2,10,187,0,27,True,False,True,False,False,False,True,False,33.0,south,inline,Malibagh,apartment
231.22,4224.78,3216.2,6286.93,925.0,430.0,300.0,980.0,880.0,34.0,15.0,1992,127.88,1043.47,75.2,26939294.1,3,6,6,4,1,2,4,True,True,True,False,False,False,True,False,22.0,south,dedicated,Motijheel,triplex
30.0,814.04,655.57,976.45,1385.0,770.0,380.0,440.0,1350.0,2.0,11.0,2024,19.75,146.21,6.66,3484592.93,1,1,1,5,168,2,27,True,False,False,False,True,False,False,False,27.0,east,inline,Lalbagh,apartment
37.6,869.73,743.3,977.13,470.0,850.0,1110.0,1280.0,1230.0,0.0,20.0,2026,14.23,172.57,11.57,3981644.24,2,3,2,21,143,1,30,True,True,False,False,True,True,False,False,67.0,east,inline,Malibagh,apartment
77.95,977.36,819.34,1081.32,940.0,120.0,430.0,550.0,950.0,21.0,16.0,2005,27.02,336.34,13.38,5743923.26,3,3,3,20,192,0,22,True,True,False,False,True,False,True,True,62.0,east,inline,Shyamoli,condominium
77.61,986.82,796.19,1154.07,625.0,270.0,490.0,260.0,150.0,14.0,9.0,2012,35.73,258.43,19.25,6123101.46,2,2,2,20,75,2,29,True,True,True,True,True,False,True,False,66.0,east,inline,Farmgate,apartment
62.5,1258.43,1060.15,1331.09,600.0,280.0,950.0,180.0,490.0,20.0,11.0,2006,41.0,260.44,20.05,6936470.88,3,3,3,13,196,1,26,True,True,True,False,True,False,False,False,55.0,north,inline,Kalabagan,apartment
227.72,4558.02,3836.13,7113.09,1120.0,410.0,980.0,850.0,1010.0,4.0,18.0,2022,87.14,1508.73,58.41,27015573.4,3,6,6,3,1,2,4,False,False,False,True,True,False,True,False,73.0,north,dedicated,Paltan,villa
237.7,3548.61,2727.18,6968.84,445.0,620.0,150.0,540.0,520.0,20.0,16.0,2006,199.63,1119.11,103.77,32633047.53,3,4,4,2,1,1,4,False,True,True,True,True,True,True,True,68.0,south,dedicated,Gulshan,townhouse
38.01,867.48,778.54,987.3,990.0,680.0,1360.0,1110.0,1450.0,8.0,8.0,2018,23.01,189.4,10.8,3519522.88,1,1,1,6,146,0,14,False,False,False,True,True,True,False,False,68.0,west,inline,Mirpur 1,apartment
47.02,1084.53,821.8,1160.07,400.0,580.0,1410.0,1120.0,740.0,0.0,18.0,2026,24.12,255.57,11.98,4964991.44,3,4,3,16,41,1,28,True,False,True,True,True,True,False,False,76.0,west,inline,Malibagh,apartment
37.27,820.75,711.88,967.4,1240.0,400.0,1380.0,640.0,830.0,17.0,15.0,2009,23.07,173.49,8.07,3094317.22,1,2,1,3,137,3,19,False,False,True,False,True,False,True,False,18.0,north,inline,Old Dhaka,condominium
221.23,3951.22,3493.19,4623.52,195.0,90.0,480.0,430.0,410.0,19.0,8.0,2007,135.13,1215.73,72.3,44740431.91,3,5,5,3,196,3,18,True,True,True,False,True,False,True,True,42.0,south,dedicated,Uttara,penthouse
101.43,1447.29,1164.48,1613.29,610.0,990.0,1250.0,1140.0,1130.0,32.0,15.0,1994,35.71,484.41,16.87,5026247.53,3,3,3,12,29,2,16,False,False,False,True,True,True,False,False,47.0,east,dedicated,Old Dhaka,condominium
292.93,4126.97,3380.06,6633.7,570.0,420.0,160.0,460.0,590.0,40.0,11.0,1986,243.02,1738.04,101.98,44048201.14,3,5,4,3,1,1,4,False,True,True,True,True,True,False,False,79.0,east,dedicated,Bashundhara,villa
94.21,1628.62,1319.75,1883.99,585.0,150.0,380.0,60.0,440.0,18.0,17.0,2008,81.78,684.29,35.51,13194459.52,3,4,3,4,194,3,16,True,False,True,False,True,False,False,False,61.0,west,dedicated,Baridhara,apartment
102.04,1539.36,1212.41,1755.88,210.0,120.0,610.0,510.0,840.0,4.0,23.0,2022,37.3,562.57,30.32,10374060.73,3,4,4,7,191,1,19,True,True,True,True,True,False,False,False,69.0,north,dedicated,Kafrul,apartment
47.15,1187.71,934.46,1404.21,95.0,430.0,220.0,430.0,330.0,37.0,11.0,1989,37.99,621.93,28.64,9951794.84,3,4,3,4,141,1,10,True,True,True,False,True,True,True,False,65.0,east,inline,Uttara,condominium
42.24,1314.56,1069.49,1382.88,145.0,430.0,880.0,580.0,350.0,34.0,7.0,1992,34.18,320.42,23.68,7177523.93,2,3,2,4,47,2,20,True,False,True,True,True,True,True,False,28.0,west,inline,Motijheel,apartment
107.18,1776.38,1393.06,1952.0,915.0,390.0,1300.0,970.0,670.0,39.0,12.0,1987,44.67,355.07,19.11,6227891.58,3,4,4,5,178,2,22,False,False,False,False,False,True,True,False,53.0,east,dedicated,Badda,condominium
94.67,1368.88,1195.51,2207.29,1300.0,1420.0,760.0,740.0,770.0,26.0,8.0,2000,38.05,241.0,10.58,5057953.93,3,3,3,2,1,1,4,False,False,True,True,False,False,False,False,35.0,west,inline,Wari,duplex
60.5,972.24,810.6,1071.5,560.0,1390.0,1280.0,920.0,290.0,32.0,19.0,1994,16.84,193.84,9.45,3276922.12,3,3,3,6,106,2,6,True,False,False,False,True,False,True,False,36.0,south,inline,Old Dhaka,apartment
154.78,2575.26,2132.73,4445.49,210.0,1390.0,930.0,1370.0,940.0,28.0,15.0,1998,64.07,768.89,31.09,9929167.83,3,4,4,2,1,2,4,False,True,False,False,True,False,False,False,12.0,east,dedicated,Old Dhaka,triplex
78.41,1067.58,908.95,1126.74,1345.0,1380.0,1490.0,310.0,1320.0,5.0,23.0,2021,19.5,272.87,12.39,4600408.83,2,2,2,7,59,1,27,True,True,False,True,True,False,False,True,32.0,north,inline,Paltan,apartment
61.16,1353.61,1168.11,1430.04,925.0,340.0,690.0,700.0,920.0,15.0,20.0,2011,45.53,577.54,22.86,8151750.76,3,3,3,7,115,1,13,True,True,True,False,True,False,True,False,15.0,west,inline,Kalabagan,apartment
211.86,6660.96,5008.75,9892.24,110.0,80.0,270.0,210.0,180.0,32.0,8.0,1994,336.15,2858.64,182.33,71094047.98,3,5,4,1,1,3,2,False,True,False,True,True,True,False,True,65.0,west,dedicated,Niketon,villa
55.26,1746.48,1361.3,3106.75,1425.0,650.0,1430.0,410.0,850.0,21.0,21.0,2005,45.28,448.7,16.27,7130538.09,3,4,3,1,1,0,1,True,False,False,False,True,False,True,False,18.0,north,dedicated,Rampura,duplex
59.59,1151.28,990.46,1264.99,515.0,690.0,570.0,680.0,250.0,31.0,13.0,1995,63.74,496.37,21.75,9105195.28,3,4,3,2,88,3,18,True,True,True,True,True,False,True,True,28.0,east,inline,Cantonment,apartment
112.28,1458.12,1129.64,1613.67,1060.0,240.0,770.0,850.0,820.0,10.0,17.0,2016,30.38,405.92,16.85,6007757.15,2,2,2,12,166,1,16,True,False,True,True,False,True,False,False,27.0,south,dedicated,Paltan,apartment
107.09,1365.81,1181.51,1464.69,490.0,220.0,1490.0,580.0,410.0,36.0,23.0,1990,22.43,448.26,18.15,4788463.35,3,3,3,5,98,3,7,True,False,True,True,True,False,False,False,33.0,south,inline,Rampura,condominium
106.41,3069.1,2349.16,4873.05,1135.0,630.0,1320.0,1470.0,470.0,4.0,22.0,2022,54.76,770.6,31.23,15443498.66,3,6,5,1,1,3,4,True,False,True,False,False,False,False,False,16.0,south,dedicated,Lalbagh,triplex
71.62,1352.39,1068.51,2562.89,1270.0,1420.0,260.0,210.0,830.0,19.0,24.0,2007,35.13,295.74,17.67,5364562.43,3,4,3,3,1,1,3,False,False,False,False,False,True,True,False,34.0,west,inline,Shahbagh,townhouse
105.32,1882.42,1416.94,2845.52,1315.0,940.0,320.0,1160.0,400.0,1.0,16.0,2025,34.87,353.5,23.8,9862124.58,3,5,4,2,1,0,4,False,True,False,False,False,True,False,False,12.0,east,dedicated,Khilgaon,triplex
220.36,2864.79,2332.92,4765.23,570.0,280.0,440.0,820.0,470.0,10.0,15.0,2016,63.4,992.2,40.85,20278410.91,3,6,5,1,1,1,1,True,False,True,False,True,True,True,False,12.0,south,dedicated,Shyamoli,townhouse
88.78,1357.48,1036.84,1558.1,520.0,340.0,330.0,440.0,230.0,24.0,10.0,2002,53.71,602.24,22.55,10291059.8,3,4,3,17,112,1,19,False,True,False,False,False,True,False,False,23.0,west,inline,Gulshan,apartment
201.89,2729.23,2232.88,2957.33,660.0,320.0,320.0,530.0,340.0,39.0,12.0,1987,113.68,1152.43,55.82,22868254.5,3,5,5,9,51,3,18,True,False,True,True,True,True,True,True,69.0,east,dedicated,Nikunja,condominium
124.72,2303.24,2046.54,3653.39,495.0,930.0,460.0,840.0,950.0,16.0,12.0,2010,80.7,675.1,32.23,14109906.56,3,7,6,1,1,3,1,False,True,True,False,False,False,False,False,68.0,east,dedicated,Kafrul,townhouse
52.77,1344.58,1086.1,1426.86,1150.0,370.0,550.0,1270.0,650.0,29.0,11.0,1997,26.09,412.2,14.99,4714024.0,2,3,2,7,45,1,8,True,True,False,False,False,False,False,False,74.0,south,inline,Mirpur 1,condominium
77.92,1057.31,793.76,1205.22,425.0,210.0,1480.0,1070.0,1220.0,34.0,17.0,1992,28.49,311.39,8.81,3563655.18,2,3,2,5,131,3,27,True,False,False,False,True,True,False,False,34.0,north,inline,Badda,apartment
102.21,2730.54,2243.53,3913.04,790.0,770.0,110.0,520.0,810.0,5.0,17.0,2021,100.64,830.26,28.54,19971985.81,3,5,5,3,1,0,4,False,False,True,False,True,True,False,False,36.0,south,dedicated,Mohammedpur,duplex
47.24,970.59,738.77,1041.54,460.0,310.0,1170.0,320.0,1440.0,19.0,19.0,2007,14.61,188.0,13.04,3675058.87,2,2,2,1,195,0,8,True,True,False,False,True,False,False,False,20.0,north,inline,Wari,condominium
539.24,7177.65,5412.69,14168.02,600.0,330.0,340.0,220.0,610.0,39.0,19.0,1987,429.17,2466.77,186.44,76608870.41,3,6,6,1,1,2,1,False,True,False,True,True,True,False,True,19.0,south,dedicated,Gulshan,villa
98.15,1369.15,1059.26,1582.1,185.0,350.0,480.0,100.0,790.0,34.0,21.0,1992,44.83,527.55,17.28,7275335.54,2,3,2,4,44,1,27,True,True,True,False,True,False,True,False,74.0,east,inline,Mohammedpur,apartment
52.01,1152.29,868.37,1292.51,355.0,1110.0,1090.0,800.0,810.0,10.0,10.0,2016,28.7,303.74,9.1,5213698.04,2,2,2,7,11,0,25,True,True,False,True,False,True,True,False,22.0,north,inline,Old Dhaka,condominium
145.4,2628.64,1982.61,3666.73,720.0,170.0,970.0,530.0,320.0,6.0,14.0,2020,72.93,955.43,45.86,19393658.38,3,5,4,3,1,0,3,False,True,True,False,True,True,False,True,53.0,west,dedicated,Farmgate,duplex
50.49,961.51,785.72,1054.23,935.0,1450.0,1000.0,770.0,340.0,38.0,24.0,1988,23.58,168.99,11.9,3149917.39,2,3,2,7,98,2,12,True,False,True,False,True,False,False,True,62.0,east,inline,Lalbagh,apartment
43.26,1108.68,974.93,1177.56,105.0,760.0,580.0,960.0,900.0,27.0,15.0,1999,38.96,226.7,16.97,5945321.49,3,3,3,2,11,1,16,True,False,True,False,False,True,True,False,41.0,north,inline,Farmgate,apartment
30.0,819.37,728.42,869.29,735.0,1150.0,790.0,1020.0,920.0,25.0,14.0,2001,14.44,226.48,10.09,2764282.35,2,2,2,10,192,2,25,False,True,True,False,False,False,False,False,30.0,west,inline,Mirpur 10,condominium
89.77,1564.64,1260.59,2797.02,245.0,1390.0,930.0,1300.0,940.0,32.0,19.0,1994,35.11,304.2,19.14,5667907.3,3,3,3,2,1,2,2,False,False,True,False,False,False,False,False,46.0,east,dedicated,Mirpur 10,duplex
112.45,2091.66,1719.32,2199.27,875.0,720.0,420.0,270.0,350.0,12.0,15.0,2014,57.79,668.91,22.75,13944411.76,3,4,4,3,90,2,16,True,True,False,True,True,True,False,False,15.0,east,dedicated,Mohammedpur,condominium
67.66,2034.64,1575.81,3744.64,500.0,120.0,370.0,70.0,550.0,23.0,19.0,2003,112.36,1040.66,38.86,17629352.59,3,4,3,1,1,1,1,False,False,False,False,True,True,False,False,72.0,south,dedicated,Niketon,duplex
62.4,2050.94,1552.82,2393.71,340.0,620.0,100.0,250.0,210.0,0.0,18.0,2026,78.81,1034.82,32.61,23322220.65,3,4,3,15,183,1,19,True,True,True,True,True,True,True,False,68.0,west,dedicated,Nikunja,condominium
46.44,1456.31,1109.72,1613.08,160.0,210.0,70.0,50.0,150.0,29.0,10.0,1997,87.24,629.74,38.88,11413858.68,3,4,3,20,24,3,28,False,True,True,True,True,True,True,False,47.0,east,dedicated,Uttara,apartment
63.84,1682.21,1501.0,2006.75,205.0,740.0,310.0,260.0,800.0,10.0,20.0,2016,46.45,563.39,16.94,10431366.01,3,5,4,3,103,1,9,True,False,True,True,True,False,False,False,51.0,north,dedicated,Shyamoli,apartment
425.24,7119.33,5907.28,13542.82,510.0,420.0,500.0,520.0,360.0,31.0,14.0,1995,278.03,2702.62,108.26,51990719.55,3,5,5,1,1,1,3,False,True,True,True,False,False,True,False,58.0,west,dedicated,Kalabagan,villa
85.81,1613.52,1445.46,1911.8,480.0,810.0,220.0,550.0,460.0,32.0,23.0,1994,36.24,493.06,14.02,5184230.69,3,4,4,7,117,2,10,False,False,False,True,True,False,False,False,22.0,south,dedicated,Rampura,apartment
91.76,1161.29,928.48,1246.68,215.0,1030.0,780.0,1190.0,1370.0,37.0,7.0,1989,24.49,251.13,9.85,4186645.43,2,3,2,2,136,2,10,True,False,True,True,False,True,False,False,49.0,north,inline,Khilgaon,condominium
72.61,1317.84,1143.61,1573.21,330.0,590.0,540.0,600.0,930.0,28.0,23.0,1998,33.19,340.54,13.07,4234225.99,2,2,2,9,46,3,28,False,False,True,True,True,False,False,False,41.0,west,inline,Malibagh,apartment
147.94,3136.78,2487.94,5874.5,480.0,160.0,80.0,230.0,560.0,6.0,16.0,2020,152.26,1711.22,49.55,35434429.57,3,6,5,1,1,1,4,False,True,True,True,True,True,True,False,13.0,north,dedicated,Bashundhara,duplex
328.64,5123.11,3907.68,9936.14,745.0,1410.0,1250.0,630.0,1060.0,24.0,6.0,2002,102.62,1061.33,65.7,24038858.25,3,4,4,1,1,0,1,False,True,False,False,False,True,False,False,44.0,west,dedicated,Badda,villa
49.14,1127.44,999.55,1263.94,505.0,310.0,640.0,650.0,740.0,37.0,23.0,1989,31.41,398.8,22.21,6155841.87,2,3,2,16,163,3,16,True,False,True,True,False,True,True,False,54.0,north,inline,Mohammedpur,apartment
78.07,1298.55,1012.34,2394.71,1020.0,970.0,1240.0,660.0,300.0,3.0,14.0,2023,28.47,284.56,10.11,6266365.58,2,2,2,4,1,3,4,False,False,False,False,False,True,False,False,42.0,south,inline,Khilgaon,duplex
125.52,1622.2,1446.29,1891.69,1305.0,1250.0,1220.0,750.0,210.0,4.0,18.0,2022,25.97,484.77,13.85,7348475.16,3,4,3,24,49,2,26,True,False,False,False,True,False,True,False,55.0,west,dedicated,Old Dhaka,condominium
30.0,743.02,637.65,882.53,235.0,230.0,760.0,1240.0,1420.0,4.0,17.0,2022,20.51,177.43,6.95,3205568.86,2,3,2,4,59,0,6,True,False,True,False,False,False,True,False,16.0,south,inline,Jatrabari,apartment
223.66,3120.01,2705.7,5729.61,460.0,1290.0,1320.0,1450.0,550.0,22.0,10.0,2004,69.28,546.09,33.65,15311264.11,3,7,6,2,1,1,2,True,False,True,False,True,False,True,False,33.0,west,dedicated,Mirpur 10,villa
353.9,5360.92,4647.04,9064.82,550.0,840.0,760.0,640.0,960.0,39.0,17.0,1987,204.57,2254.64,102.75,35281537.31,3,4,4,1,1,0,2,False,True,True,False,False,True,True,False,35.0,west,dedicated,Shyamoli,bungalow
44.93,653.03,573.71,709.08,465.0,330.0,830.0,940.0,1290.0,5.0,22.0,2021,16.24,183.83,7.47,2788000.32,1,2,1,9,184,1,12,True,False,True,False,True,False,True,False,21.0,south,inline,Mirpur 1,apartment
67.91,1620.75,1232.79,1864.42,330.0,640.0,720.0,1320.0,520.0,25.0,24.0,2001,28.94,371.32,17.61,5411681.93,3,3,3,29,156,3,29,True,False,True,True,True,False,False,False,58.0,south,dedicated,Badda,apartment
38.8,1253.6,1046.7,1501.14,380.0,1450.0,240.0,1160.0,1180.0,32.0,13.0,1994,34.79,236.87,10.47,4185758.39,3,4,3,4,199,1,13,True,False,True,True,True,False,False,False,24.0,south,inline,Lalbagh,apartment
171.32,2868.39,2452.55,4941.09,665.0,590.0,950.0,650.0,580.0,5.0,23.0,2021,103.54,1273.03,35.83,20262850.85,3,6,6,1,1,1,1,False,True,True,True,True,False,False,False,54.0,east,dedicated,Shyamoli,townhouse
168.91,2268.2,2023.86,2518.2,630.0,420.0,510.0,170.0,150.0,20.0,23.0,2006,89.04,1134.18,37.46,20634292.96,3,5,5,13,14,3,25,True,True,False,True,True,True,True,True,68.0,north,dedicated,Baridhara,condominium
148.75,4889.33,3798.41,5642.93,55.0,510.0,170.0,160.0,470.0,11.0,20.0,2015,235.86,1590.61,121.76,60830721.26,3,6,5,17,57,3,17,True,False,True,True,False,True,False,False,27.0,north,dedicated,Dhanmondi,penthouse
72.8,1898.89,1426.96,2093.55,675.0,70.0,400.0,170.0,200.0,12.0,16.0,2014,90.58,656.79,32.19,17779698.48,3,4,4,1,92,3,22,True,False,True,True,True,True,True,False,41.0,north,dedicated,Gulshan,apartment
115.45,1884.7,1569.06,2761.61,1450.0,520.0,680.0,1030.0,280.0,35.0,22.0,1991,54.17,319.89,20.02,6827343.32,3,4,4,2,1,2,3,False,False,False,False,True,False,False,True,45.0,east,dedicated,Old Dhaka,duplex
133.77,1997.63,1593.84,2220.33,365.0,270.0,260.0,180.0,420.0,5.0,12.0,2021,105.91,842.97,46.13,21580264.59,3,4,3,8,81,1,29,True,True,False,True,True,True,True,False,66.0,east,dedicated,Banani,condominium
114.19,1567.54,1357.77,1858.05,1170.0,1440.0,450.0,1030.0,1460.0,39.0,12.0,1987,44.14,499.42,19.74,5283398.28,3,4,4,11,142,1,14,True,False,False,False,True,False,True,False,78.0,east,dedicated,Jatrabari,apartment
37.57,918.73,734.26,1051.88,1225.0,1310.0,600.0,290.0,1160.0,32.0,9.0,1994,14.22,291.99,7.16,3241264.68,2,2,2,7,107,3,21,True,True,True,False,True,True,True,False,60.0,east,inline,Badda,apartment
122.32,2394.53,1828.72,4772.4,330.0,120.0,200.0,260.0,60.0,34.0,13.0,1992,118.82,909.41,36.35,21189820.81,3,5,5,1,1,1,1,False,False,True,True,True,True,True,False,76.0,west,dedicated,Banani,duplex
155.45,2764.8,2424.4,4160.46,445.0,1000.0,580.0,730.0,570.0,1.0,9.0,2025,86.34,1130.05,44.38,20940568.82,3,6,5,1,1,2,3,True,False,True,False,False,True,False,True,65.0,east,dedicated,Farmgate,townhouse
147.98,1872.82,1419.36,3319.7,1325.0,560.0,1050.0,1050.0,680.0,25.0,20.0,2001,31.46,452.71,15.21,6748902.5,3,4,4,2,1,3,4,True,False,False,False,False,False,False,False,57.0,west,dedicated,Paltan,townhouse
139.52,2315.99,2023.45,3498.17,260.0,490.0,660.0,450.0,690.0,35.0,13.0,1991,78.68,867.71,25.37,13040445.6,3,6,5,4,1,2,4,False,False,False,True,False,False,True,False,70.0,north,dedicated,Mohammedpur,townhouse
168.6,3073.55,2418.05,3323.23,185.0,130.0,140.0,240.0,560.0,40.0,11.0,1986,146.81,1813.31,59.84,32224477.3,3,5,4,4,186,1,7,True,True,True,False,False,False,True,False,38.0,east,dedicated,Bashundhara,penthouse
296.13,3876.97,3177.57,5679.54,630.0,370.0,550.0,800.0,840.0,16.0,21.0,2010,78.13,1180.53,44.63,32006419.87,3,5,4,1,1,1,2,False,False,False,True,True,True,True,True,27.0,north,dedicated,Kafrul,villa
30.0,839.23,673.83,965.68,810.0,560.0,590.0,420.0,760.0,20.0,24.0,2006,21.24,234.83,9.78,2988985.2,2,2,2,14,89,1,24,True,True,True,False,False,False,False,False,46.0,east,inline,Shahbagh,apartment
86.2,1370.29,1164.63,1474.91,90.0,420.0,510.0,100.0,350.0,18.0,11.0,2008,55.91,702.39,30.82,11880808.5,2,2,2,1,51,2,28,True,True,True,False,True,False,False,True,67.0,south,inline,Banani,condominium
94.19,3032.77,2458.22,3473.68,275.0,680.0,420.0,70.0,270.0,20.0,12.0,2006,172.55,1625.4,56.41,34538970.95,3,6,5,9,127,3,11,True,True,True,True,True,False,True,True,77.0,west,dedicated,Bashundhara,penthouse
73.18,1213.34,1049.14,1417.93,410.0,320.0,150.0,500.0,360.0,13.0,10.0,2013,37.59,492.64,23.44,10529700.21,2,3,2,15,86,2,20,False,True,True,False,True,False,True,True,18.0,east,inline,Cantonment,apartment
121.77,1721.53,1424.67,2915.7,1195.0,400.0,890.0,690.0,250.0,30.0,6.0,1996,49.02,396.09,19.55,6236240.14,3,5,4,2,1,2,4,False,False,False,False,True,False,False,False,48.0,south,dedicated,Paltan,duplex
75.29,1628.99,1450.32,1915.07,675.0,310.0,1200.0,1390.0,1210.0,18.0,10.0,2008,44.4,453.82,16.12,6002970.33,3,4,3,15,172,2,26,True,False,False,False,True,False,True,False,71.0,west,dedicated,Khilgaon,apartment
118.08,1572.51,1253.13,2219.11,735.0,1420.0,1110.0,350.0,1160.0,5.0,12.0,2021,33.63,335.05,12.56,7660931.56,3,4,3,2,1,2,3,True,True,False,True,False,True,False,False,59.0,south,dedicated,Tejgaon,townhouse
156.65,5040.55,4139.27,5497.65,185.0,270.0,100.0,120.0,90.0,16.0,18.0,2010,240.72,1563.24,145.18,60818108.23,3,6,5,12,49,3,12,True,True,False,False,True,True,True,True,72.0,west,dedicated,Bashundhara,penthouse
166.83,2322.37,1959.91,3159.78,480.0,80.0,470.0,460.0,520.0,13.0,7.0,2013,122.29,776.14,49.79,21113850.36,3,5,4,1,1,1,4,False,False,False,False,True,False,False,True,37.0,north,dedicated,Niketon,townhouse
46.65,985.46,847.77,1060.45,250.0,560.0,140.0,870.0,660.0,9.0,22.0,2017,31.51,402.07,15.18,6528495.78,3,4,3,12,84,3,20,True,True,True,False,False,True,True,False,63.0,west,inline,Motijheel,apartment
43.08,1206.2,990.33,1437.99,720.0,190.0,660.0,800.0,870.0,33.0,7.0,1993,38.61,537.92,13.52,6233035.92,3,4,3,12,52,1,30,True,False,True,True,True,False,False,False,61.0,north,inline,Shyamoli,apartment
106.55,1553.1,1227.32,1840.77,645.0,900.0,680.0,1380.0,940.0,10.0,7.0,2016,44.85,500.02,22.56,6281656.75,3,4,4,8,121,2,17,True,False,False,False,True,False,True,False,31.0,south,dedicated,Mirpur 10,apartment
229.71,5698.05,4613.84,10153.49,1450.0,530.0,1270.0,1130.0,450.0,5.0,20.0,2021,118.51,1900.51,85.23,34057365.56,3,6,6,2,1,3,4,True,False,False,False,True,True,False,False,17.0,south,dedicated,Paltan,villa
52.5,1498.77,1187.7,1617.35,530.0,970.0,410.0,330.0,880.0,32.0,11.0,1994,33.4,484.01,15.97,7891017.64,2,3,2,5,13,2,11,True,True,True,True,False,False,False,True,13.0,north,dedicated,Farmgate,apartment
158.12,4381.93,3756.32,7475.71,535.0,780.0,480.0,870.0,680.0,22.0,7.0,2004,104.73,1825.46,57.37,26659666.75,3,5,5,2,1,0,3,False,False,True,False,False,False,False,True,47.0,south,dedicated,Mohammedpur,triplex
124.71,1846.61,1407.1,2019.07,380.0,1160.0,700.0,590.0,370.0,9.0,24.0,2017,41.17,432.25,21.54,7707052.01,3,4,3,8,157,3,29,True,False,True,False,True,False,False,False,37.0,west,dedicated,Wari,condominium
219.27,4509.66,3563.93,4963.69,585.0,540.0,530.0,610.0,580.0,34.0,10.0,1992,205.0,1879.05,78.4,47715047.3,3,6,5,14,135,1,14,False,True,False,True,True,True,True,False,25.0,east,dedicated,Banani,penthouse
107.57,3264.42,2863.44,3548.39,240.0,630.0,90.0,390.0,380.0,31.0,17.0,1995,122.24,1837.03,67.38,34225635.96,3,6,6,12,168,2,16,True,False,True,True,True,True,False,True,75.0,north,dedicated,Baridhara,penthouse
200.46,2951.24,2472.84,4221.39,985.0,330.0,950.0,540.0,480.0,20.0,19.0,2006,69.62,1194.44,57.11,18737981.79,3,6,5,1,1,2,2,True,True,False,True,True,False,True,False,17.0,west,dedicated,Kalabagan,townhouse
149.95,4368.65,3320.59,5227.54,575.0,160.0,60.0,680.0,480.0,39.0,20.0,1987,140.38,2123.38,122.34,47063479.8,3,5,5,6,94,1,8,True,True,True,False,True,True,True,False,16.0,west,dedicated,Banani,penthouse
165.72,2316.88,1865.27,4197.49,995.0,1350.0,1350.0,560.0,280.0,19.0,23.0,2007,51.63,743.9,28.71,9103750.58,3,4,4,1,1,3,1,False,False,True,True,False,True,False,False,46.0,west,dedicated,Malibagh,townhouse
103.95,2247.36,1987.8,3565.21,630.0,950.0,1330.0,1440.0,850.0,23.0,6.0,2003,57.83,713.51,18.82,9157627.42,3,4,4,3,1,3,3,False,True,False,False,False,False,True,False,29.0,east,dedicated,Paltan,triplex
240.76,4497.59,3684.22,6928.88,50.0,440.0,260.0,170.0,340.0,25.0,22.0,2001,224.45,2527.02,71.78,39223471.33,3,6,5,3,1,2,4,False,True,False,False,True,False,False,False,40.0,west,dedicated,Nikunja,triplex
107.87,1982.14,1679.52,3855.29,1305.0,990.0,1060.0,790.0,260.0,32.0,18.0,1994,50.96,479.74,15.52,7395703.94,3,4,4,1,1,1,1,False,False,True,False,True,False,True,False,60.0,east,dedicated,Wari,duplex
75.91,1325.05,1016.24,1485.68,700.0,1110.0,1030.0,1370.0,1090.0,21.0,11.0,2005,30.51,308.67,12.29,4792206.81,2,3,2,6,131,0,10,True,False,False,True,False,False,True,False,58.0,north,inline,Mirpur 1,apartment
48.2,1196.8,1022.87,1292.94,775.0,1160.0,1450.0,1240.0,750.0,28.0,19.0,1998,18.4,264.19,11.42,3920722.08,3,3,3,11,113,1,13,True,False,True,False,True,False,False,False,42.0,south,inline,Wari,apartment
51.12,1156.57,1039.51,1230.5,80.0,130.0,470.0,240.0,530.0,6.0,12.0,2020,50.42,696.28,34.4,11567568.38,3,4,3,21,50,2,30,True,True,True,False,False,True,True,True,55.0,west,inline,Baridhara,apartment
87.72,2176.8,1710.69,3163.49,735.0,240.0,690.0,170.0,440.0,39.0,9.0,1987,76.03,449.56,24.33,13370972.34,3,4,3,3,1,3,3,False,True,False,False,True,True,False,False,63.0,west,dedicated,Mohammedpur,triplex
79.44,1491.86,1136.51,1770.05,880.0,430.0,600.0,380.0,750.0,12.0,8.0,2014,46.25,539.43,24.3,9728124.87,2,3,2,13,152,2,26,True,True,True,True,True,True,True,True,77.0,east,dedicated,Kafrul,apartment
62.97,1206.73,1028.8,1310.85,805.0,900.0,960.0,580.0,740.0,19.0,13.0,2007,38.78,456.98,24.0,7052312.73,2,3,2,21,38,1,22,True,True,False,True,True,False,True,False,44.0,east,inline,Kalabagan,apartment
86.21,1520.78,1317.7,1657.32,640.0,860.0,160.0,260.0,580.0,15.0,11.0,2011,38.1,596.97,23.12,9881122.45,3,4,4,6,179,0,25,True,True,True,False,False,True,True,False,39.0,north,dedicated,Farmgate,condominium
123.97,2771.63,2102.51,4852.88,445.0,1170.0,1370.0,1490.0,1480.0,5.0,21.0,2021,74.61,933.81,21.08,13270573.85,3,7,6,1,1,3,1,False,False,True,False,False,False,False,True,52.0,south,dedicated,Old Dhaka,triplex
111.28,1891.29,1694.47,2607.37,925.0,1230.0,1110.0,1130.0,1170.0,23.0,21.0,2003,36.5,413.94,15.44,7174556.7,3,4,3,3,1,0,3,False,False,False,True,False,False,False,True,50.0,east,dedicated,Lalbagh,duplex
30.0,776.82,624.59,909.76,1125.0,1340.0,1330.0,1220.0,1130.0,1.0,17.0,2025,12.02,129.21,8.73,3359223.15,2,3,2,10,134,0,13,True,False,False,False,True,False,False,False,38.0,east,inline,Paltan,apartment
111.49,1461.47,1312.42,1588.24,745.0,1120.0,1200.0,810.0,330.0,33.0,9.0,1993,40.98,225.78,20.1,5268847.52,3,3,3,9,83,0,25,True,False,False,True,True,False,True,False,43.0,west,dedicated,Old Dhaka,condominium
69.34,1349.72,1192.98,1501.43,595.0,1000.0,240.0,1440.0,270.0,33.0,17.0,1993,31.28,220.23,15.47,4846849.0,2,3,2,5,42,1,13,True,True,True,True,False,True,True,False,18.0,east,inline,Mirpur 10,apartment
99.63,2783.53,2207.71,4182.65,245.0,760.0,480.0,430.0,790.0,13.0,11.0,2013,71.75,1037.95,55.61,19188109.25,3,6,5,1,1,0,2,True,True,True,False,True,False,False,True,32.0,north,dedicated,Shyamoli,duplex
101.9,2733.55,2405.7,4794.82,890.0,570.0,300.0,560.0,680.0,40.0,7.0,1986,94.49,721.17,28.31,17323900.14,3,4,4,1,1,0,3,False,True,True,True,True,False,False,False,60.0,north,dedicated,Motijheel,bungalow
46.88,772.42,692.55,872.42,1300.0,600.0,440.0,430.0,760.0,39.0,15.0,1987,14.51,153.59,6.32,2579111.68,1,1,1,10,55,3,13,True,False,True,True,True,False,False,False,38.0,west,inline,Wari,apartment
59.9,1080.45,863.52,1215.32,745.0,310.0,630.0,410.0,830.0,31.0,19.0,1995,31.25,225.67,8.64,3930930.87,3,3,3,10,75,1,24,True,False,True,False,True,True,True,False,37.0,north,inline,Tejgaon,condominium
82.27,1547.87,1292.36,1652.25,910.0,780.0,270.0,220.0,150.0,0.0,18.0,2026,52.81,363.91,18.23,10966643.85,3,3,3,3,57,0,29,True,False,False,True,True,True,False,False,69.0,south,dedicated,Kafrul,apartment
99.35,1468.56,1231.19,1595.4,985.0,1420.0,820.0,1480.0,1070.0,23.0,14.0,2003,33.77,364.13,19.5,5081786.84,3,4,3,15,82,3,24,True,False,False,False,False,False,True,True,34.0,south,dedicated,Tejgaon,apartment
97.15,1520.83,1175.78,1740.35,785.0,300.0,1200.0,440.0,370.0,3.0,17.0,2023,24.77,379.52,11.94,6443712.24,3,4,4,3,91,2,11,True,False,False,False,True,False,False,False,45.0,north,dedicated,Jatrabari,apartment
59.14,793.32,649.33,875.66,1215.0,850.0,420.0,320.0,660.0,20.0,20.0,2006,18.3,262.67,10.74,2910798.97,2,3,2,5,124,3,13,True,False,False,False,True,False,False,False,62.0,south,inline,Badda,condominium
137.65,1955.88,1493.44,2142.93,515.0,230.0,820.0,110.0,850.0,18.0,10.0,2008,77.55,793.93,22.12,12259623.94,3,3,3,5,33,3,16,True,False,False,True,False,True,True,False,63.0,south,dedicated,Motijheel,condominium
54.79,1573.96,1269.85,1779.47,810.0,820.0,210.0,550.0,1120.0,33.0,17.0,1993,30.6,518.99,20.38,5156304.72,3,4,4,6,112,0,16,True,False,True,False,True,False,False,False,33.0,north,dedicated,Wari,apartment
120.35,2557.06,2228.15,4291.42,565.0,70.0,290.0,140.0,60.0,17.0,21.0,2009,138.56,848.41,74.55,23731132.82,3,5,4,3,1,1,3,False,True,True,True,True,False,True,True,43.0,south,dedicated,Bashundhara,townhouse
48.67,826.49,720.8,955.61,1195.0,1340.0,1180.0,1120.0,430.0,40.0,22.0,1986,24.11,232.78,10.78,2707577.45,1,1,1,7,170,3,15,True,False,False,False,True,False,False,False,58.0,east,inline,Malibagh,apartment
339.6,4520.43,3825.28,6272.44,1355.0,1000.0,1010.0,770.0,650.0,5.0,18.0,2021,122.85,1335.28,55.9,22545638.85,3,7,6,4,1,2,4,False,False,True,False,False,False,False,False,39.0,south,dedicated,Lalbagh,bungalow
120.65,1861.44,1640.06,2179.55,535.0,290.0,940.0,860.0,500.0,26.0,14.0,2000,63.28,456.89,25.76,10195215.0,3,4,4,14,50,1,24,True,False,True,False,True,True,False,False,23.0,west,dedicated,Mohammedpur,condominium
184.48,4561.95,4037.08,7456.58,185.0,280.0,550.0,350.0,600.0,39.0,17.0,1987,261.12,1894.07,98.15,48690813.9,3,5,5,4,1,1,4,False,True,True,True,True,True,False,True,32.0,east,dedicated,Cantonment,villa
40.25,1000.34,824.42,1083.13,740.0,1290.0,820.0,700.0,690.0,21.0,22.0,2005,29.66,245.8,10.41,3617848.86,3,3,3,8,116,1,8,True,False,True,True,True,True,False,False,41.0,east,inline,Paltan,apartment
89.7,2015.38,1663.83,3093.12,595.0,270.0,260.0,1370.0,1040.0,4.0,8.0,2022,51.45,672.52,21.7,10092504.43,3,3,3,3,1,1,3,False,False,True,True,True,True,True,False,60.0,east,dedicated,Old Dhaka,duplex
30.0,781.24,593.67,920.27,1330.0,530.0,410.0,320.0,1340.0,15.0,9.0,2011,15.64,137.74,6.11,2900593.11,2,3,2,8,128,2,11,True,False,False,False,False,False,False,False,71.0,east,inline,Rampura,apartment
244.31,4589.87,3921.52,5203.12,525.0,320.0,330.0,670.0,790.0,5.0,19.0,2021,139.65,1233.06,74.67,40940633.46,3,5,4,8,180,2,10,True,False,False,False,True,True,False,False,73.0,north,dedicated,Shyamoli,penthouse
118.74,2161.69,1786.36,3570.62,690.0,1300.0,400.0,530.0,310.0,3.0,14.0,2023,56.8,534.54,21.0,10127739.71,3,5,4,4,1,3,4,False,False,False,False,True,False,False,False,27.0,west,dedicated,Tejgaon,duplex
35.65,1039.05,823.96,1242.46,120.0,70.0,550.0,190.0,200.0,26.0,16.0,2000,38.77,676.74,15.61,7847454.73,3,4,3,14,124,1,24,True,False,True,True,True,False,False,True,23.0,north,inline,Uttara,apartment
191.92,3883.01,3297.77,6268.1,440.0,390.0,450.0,640.0,280.0,29.0,17.0,1997,161.97,1995.2,74.69,34859690.81,3,6,5,1,1,3,3,False,False,False,True,True,True,False,True,60.0,west,dedicated,Baridhara,triplex
154.96,2021.58,1603.0,2331.01,230.0,360.0,320.0,540.0,870.0,22.0,19.0,2004,70.79,553.46,25.19,11299956.66,3,4,4,14,95,3,15,False,False,True,True,True,True,False,False,54.0,south,dedicated,Kafrul,condominium
182.94,3112.33,2579.21,5006.52,720.0,270.0,140.0,320.0,770.0,16.0,6.0,2010,92.02,1191.27,45.88,19627262.13,3,7,6,2,1,0,4,False,False,True,True,True,True,False,False,49.0,south,dedicated,Kalabagan,townhouse
122.29,2644.97,2111.17,3881.79,140.0,180.0,380.0,500.0,380.0,20.0,21.0,2006,77.85,951.28,46.68,18031285.7,3,7,6,2,1,0,2,True,True,False,True,True,True,True,False,16.0,south,dedicated,Motijheel,duplex
74.56,949.08,807.86,1067.08,1180.0,940.0,730.0,960.0,1000.0,0.0,23.0,2026,23.72,145.84,10.05,3986124.92,2,2,2,18,153,1,21,False,False,True,False,True,False,False,False,14.0,east,inline,Rampura,apartment
34.78,831.65,747.85,898.79,965.0,330.0,1280.0,450.0,880.0,31.0,22.0,1995,24.62,209.91,7.31,2803080.51,2,2,2,16,146,3,18,True,False,False,False,False,True,False,False,72.0,east,inline,Wari,apartment
113.44,2947.46,2530.03,4170.87,215.0,400.0,260.0,670.0,480.0,33.0,22.0,1993,96.95,1802.84,66.0,24633736.48,3,5,5,1,1,3,1,False,True,True,False,True,False,False,True,44.0,west,dedicated,Banani,duplex
138.47,2455.9,2011.47,4658.64,985.0,800.0,660.0,1100.0,240.0,23.0,11.0,2003,61.12,442.84,26.22,8736629.87,3,6,5,1,1,2,1,False,False,True,False,True,False,False,True,59.0,south,dedicated,Khilgaon,townhouse
149.21,2246.63,2007.73,3804.22,265.0,230.0,900.0,1270.0,580.0,5.0,15.0,2021,61.61,487.76,23.43,10156265.42,3,4,4,3,1,1,4,False,False,True,False,False,False,True,False,19.0,west,dedicated,Khilgaon,townhouse
367.62,5934.68,4783.16,11464.79,230.0,440.0,170.0,470.0,260.0,37.0,20.0,1989,251.66,2302.46,92.39,54800827.1,3,4,4,1,1,3,4,True,True,True,True,True,False,False,True,52.0,north,dedicated,Banani,triplex
41.82,952.15,741.67,1083.24,1440.0,600.0,470.0,850.0,1020.0,0.0,14.0,2026,15.72,231.99,9.46,4278945.1,2,2,2,9,28,3,9,True,False,False,False,True,True,False,False,29.0,west,inline,Badda,apartment
131.74,2565.9,1988.25,4617.84,1260.0,290.0,200.0,1110.0,880.0,35.0,24.0,1991,63.68,466.98,33.35,9294987.7,3,7,6,3,1,0,3,False,False,False,False,True,False,False,False,33.0,south,dedicated,Lalbagh,duplex
41.34,1023.88,811.54,1223.37,545.0,930.0,430.0,290.0,1280.0,39.0,19.0,1987,23.61,217.15,8.97,3623541.3,3,4,3,3,92,2,6,True,False,True,False,False,True,False,True,68.0,east,inline,Lalbagh,condominium
89.1,1251.8,988.2,1321.03,335.0,250.0,1210.0,1040.0,1390.0,31.0,6.0,1995,19.22,412.2,16.16,4298039.59,2,2,2,13,194,3,18,True,False,False,True,False,True,False,False,35.0,north,inline,Old Dhaka,apartment
110.89,1969.09,1705.53,2336.02,330.0,460.0,680.0,520.0,980.0,10.0,19.0,2016,62.99,870.6,38.84,13546532.24,3,3,3,17,174,0,20,True,True,True,False,True,True,True,True,62.0,east,dedicated,Kalabagan,condominium
94.06,1200.46,1056.04,1383.33,595.0,1010.0,880.0,960.0,210.0,26.0,10.0,2000,36.0,369.0,17.71,4046148.19,3,3,3,6,163,2,26,True,False,False,False,False,True,False,False,43.0,south,inline,Wari,apartment
63.83,1827.66,1608.72,2013.15,860.0,550.0,340.0,450.0,710.0,7.0,17.0,2019,48.93,713.79,33.35,12876660.33,3,5,4,15,185,0,26,True,True,True,True,True,True,False,False,70.0,south,dedicated,Shyamoli,condominium
61.9,1733.52,1302.44,1882.98,250.0,290.0,220.0,440.0,140.0,20.0,20.0,2006,72.57,1054.87,34.8,14623988.52,3,4,4,22,146,1,26,True,True,True,True,True,True,False,False,54.0,west,dedicated,Cantonment,apartment
44.01,1315.16,1036.15,1383.31,830.0,940.0,830.0,500.0,190.0,11.0,17.0,2015,50.81,298.09,14.12,8148404.27,2,3,2,1,23,3,9,False,True,True,False,False,False,False,False,74.0,east,inline,Motijheel,condominium
271.57,5282.86,4749.28,6293.79,450.0,660.0,320.0,330.0,270.0,4.0,6.0,2022,234.61,2875.8,139.28,74148509.79,3,5,4,20,112,1,23,True,True,False,True,True,True,True,True,55.0,south,dedicated,Banani,penthouse
130.09,2008.5,1634.56,3449.71,625.0,860.0,380.0,110.0,220.0,16.0,19.0,2010,76.57,403.86,33.52,13494154.11,3,4,3,1,1,0,1,False,True,False,True,True,True,False,False,21.0,north,dedicated,Kafrul,duplex
102.47,1709.15,1399.05,2023.81,605.0,360.0,200.0,150.0,650.0,25.0,8.0,2001,53.43,871.17,27.06,13273672.98,3,4,3,2,151,1,11,True,True,True,False,True,True,False,False,53.0,west,dedicated,Dhanmondi,apartment
157.91,2468.22,2022.6,4439.79,725.0,370.0,390.0,830.0,200.0,14.0,14.0,2012,91.28,911.47,40.68,17301844.58,3,5,4,1,1,0,1,True,True,False,True,True,True,True,False,44.0,west,dedicated,Mohammedpur,townhouse
92.44,1558.99,1288.15,1843.32,130.0,830.0,480.0,140.0,110.0,18.0,17.0,2008,48.9,671.9,29.21,8724902.45,3,4,4,9,85,1,17,False,True,False,False,True,True,False,False,30.0,east,dedicated,Kalabagan,apartment
64.66,1778.9,1373.16,2003.9,705.0,450.0,940.0,650.0,880.0,0.0,6.0,2026,62.21,629.24,20.05,12950394.7,3,4,3,3,154,3,22,True,False,True,True,True,True,True,False,65.0,east,dedicated,Farmgate,apartment
45.94,1057.2,848.12,1254.62,305.0,790.0,1410.0,580.0,1320.0,7.0,7.0,2019,20.27,203.99,15.19,4253316.16,3,4,3,3,66,1,11,False,False,False,False,False,True,False,True,59.0,south,inline,Lalbagh,apartment
43.73,1358.0,1122.15,1601.68,290.0,640.0,380.0,170.0,570.0,29.0,7.0,1997,80.72,442.5,39.8,10972318.24,2,2,2,12,108,1,21,False,True,False,False,True,True,True,False,30.0,east,inline,Dhanmondi,condominium
149.18,2573.25,2183.13,3804.9,520.0,100.0,640.0,620.0,270.0,15.0,9.0,2011,78.46,1102.21,48.62,17913670.77,3,4,4,1,1,2,3,False,False,False,True,False,True,False,True,72.0,west,dedicated,Mohammedpur,triplex
67.38,1459.06,1117.51,1538.34,1035.0,270.0,620.0,290.0,1440.0,19.0,7.0,2007,30.23,267.56,15.31,5162285.05,3,4,3,9,162,0,20,True,False,False,False,False,False,False,False,26.0,east,dedicated,Badda,apartment
40.58,1152.51,1018.72,1292.58,1430.0,800.0,1420.0,950.0,400.0,17.0,16.0,2009,33.27,342.8,12.34,4298877.52,2,2,2,13,24,0,27,True,False,True,False,False,False,True,False,47.0,east,inline,Mirpur 1,apartment
252.36,5227.1,4405.76,7652.07,555.0,150.0,480.0,440.0,510.0,25.0,22.0,2001,156.96,1659.82,95.63,35674925.87,3,6,6,1,1,0,2,False,False,False,False,False,False,False,False,34.0,south,dedicated,Mohammedpur,villa
76.82,1069.95,918.34,1220.93,1205.0,950.0,820.0,1160.0,1440.0,3.0,21.0,2023,21.3,246.57,14.88,4576915.69,3,3,3,9,143,1,14,False,True,False,False,False,True,False,True,48.0,south,inline,Mirpur 10,apartment
72.56,1670.19,1482.21,1908.68,490.0,910.0,600.0,610.0,530.0,28.0,10.0,1998,66.64,536.67,27.73,8956404.92,3,3,3,7,120,2,17,True,False,True,False,True,True,True,False,13.0,north,dedicated,Kafrul,apartment
82.2,1438.1,1202.28,1703.23,655.0,320.0,630.0,700.0,580.0,22.0,8.0,2004,47.11,436.21,15.14,8497854.77,3,4,3,26,47,0,30,True,True,True,True,True,True,False,False,59.0,east,dedicated,Kalabagan,condominium
43.71,1334.7,1019.54,1529.83,755.0,220.0,700.0,650.0,600.0,12.0,19.0,2014,28.94,254.18,15.63,5542302.66,2,3,2,1,31,0,12,True,False,True,False,False,False,True,False,39.0,east,inline,Paltan,condominium
155.19,2357.37,1980.17,3739.12,455.0,1310.0,360.0,480.0,1270.0,18.0,11.0,2008,42.1,688.27,23.66,9466502.68,3,5,5,1,1,2,1,True,False,True,True,False,False,False,False,40.0,north,dedicated,Khilgaon,townhouse
128.02,2993.64,2306.4,4833.81,540.0,150.0,140.0,340.0,260.0,14.0,7.0,2012,129.96,1602.63,82.46,31220685.14,3,5,5,2,1,2,2,True,True,True,True,True,True,False,False,17.0,east,dedicated,Niketon,duplex
61.27,897.68,758.19,1061.29,890.0,760.0,360.0,260.0,280.0,31.0,24.0,1995,31.83,324.06,11.07,4682545.18,2,2,2,5,197,2,6,True,False,True,False,True,True,False,True,23.0,north,inline,Kalabagan,apartment
306.12,3964.78,3074.95,7156.2,110.0,620.0,500.0,660.0,550.0,20.0,19.0,2006,190.39,1749.97,97.77,37966756.37,3,5,4,1,1,3,1,False,False,True,True,True,False,True,True,48.0,east,dedicated,Dhanmondi,triplex
110.06,1630.32,1400.16,1798.24,645.0,310.0,960.0,990.0,910.0,33.0,8.0,1993,65.09,392.08,24.52,8345202.66,3,5,4,22,91,0,29,False,False,True,True,True,True,False,False,27.0,west,dedicated,Mohammedpur,apartment
250.81,5375.61,4150.03,9418.89,550.0,600.0,400.0,640.0,270.0,0.0,8.0,2026,195.75,1990.82,154.93,65571680.1,3,6,5,2,1,2,3,False,True,True,True,True,False,True,False,19.0,north,dedicated,Baridhara,triplex
476.7,6916.47,6107.76,12106.86,185.0,310.0,80.0,80.0,450.0,7.0,13.0,2019,246.89,2690.59,174.07,91538251.09,3,4,4,1,1,2,4,False,True,True,True,True,False,True,False,18.0,west,dedicated,Baridhara,villa
122.2,2145.98,1886.08,2533.74,300.0,280.0,260.0,60.0,600.0,21.0,7.0,2005,65.78,1258.72,34.75,18094596.68,3,5,4,6,106,1,29,False,True,True,True,True,True,False,True,50.0,east,dedicated,Bashundhara,condominium
112.84,3431.63,2677.04,4706.46,155.0,540.0,630.0,500.0,240.0,11.0,12.0,2015,142.75,1765.9,59.86,36703206.79,3,5,4,2,1,3,2,False,True,True,True,True,True,True,False,52.0,west,dedicated,Cantonment,duplex
131.69,2060.6,1826.64,3147.03,990.0,750.0,800.0,970.0,900.0,23.0,19.0,2003,45.61,441.59,24.07,7893467.54,3,4,4,1,1,2,1,False,False,False,False,True,True,False,False,54.0,south,dedicated,Jatrabari,duplex
68.65,1156.77,1040.19,1386.45,630.0,960.0,890.0,470.0,290.0,21.0,16.0,2005,24.44,442.09,18.1,6611233.77,3,3,3,6,193,0,23,True,False,False,True,False,False,False,False,42.0,west,inline,Farmgate,condominium
81.22,1641.15,1431.18,2242.42,1075.0,1240.0,1440.0,420.0,540.0,10.0,21.0,2016,40.81,295.12,16.28,7276738.53,3,4,3,2,1,2,2,False,False,False,True,True,False,False,False,19.0,east,dedicated,Paltan,duplex
89.97,1453.89,1292.65,1699.68,885.0,1270.0,1200.0,300.0,1460.0,39.0,19.0,1987,35.82,403.48,15.81,4900333.46,2,2,2,3,70,2,12,True,False,True,False,False,False,True,False,80.0,south,dedicated,Rampura,apartment
147.38,3811.4,3185.16,5922.44,510.0,300.0,270.0,390.0,740.0,18.0,10.0,2008,113.98,1346.39,59.88,24865293.14,3,4,4,1,1,0,1,False,False,False,True,True,False,False,False,15.0,north,dedicated,Mohammedpur,triplex
79.76,1361.02,1058.21,1528.17,800.0,310.0,410.0,880.0,920.0,1.0,24.0,2025,47.27,410.84,20.8,9458837.46,3,4,3,18,174,1,30,False,False,False,True,False,True,True,False,66.0,west,inline,Shyamoli,apartment
205.69,2748.95,2067.57,5379.65,795.0,290.0,640.0,290.0,270.0,40.0,19.0,1986,92.34,804.25,53.74,15873661.22,3,6,5,1,1,3,1,False,False,False,False,True,False,True,False,25.0,south,dedicated,Kalabagan,duplex
140.19,2991.02,2605.65,3423.79,345.0,610.0,160.0,130.0,200.0,20.0,15.0,2006,112.31,1738.24,78.24,32529094.88,3,7,6,2,51,2,8,True,False,True,True,True,False,False,False,63.0,west,dedicated,Baridhara,penthouse
420.87,5294.77,4036.13,7740.4,480.0,550.0,490.0,220.0,470.0,19.0,9.0,2007,167.76,2152.75,86.04,61603773.62,3,6,5,3,1,1,4,False,False,True,True,True,True,True,False,23.0,south,dedicated,Dhanmondi,villa
52.34,1024.49,905.54,1191.92,870.0,920.0,990.0,360.0,860.0,9.0,18.0,2017,28.74,440.03,19.42,6787008.41,3,4,3,4,22,0,12,True,False,True,True,True,True,True,False,31.0,north,inline,Motijheel,apartment
91.46,2700.65,2057.26,5288.1,1465.0,780.0,1100.0,1440.0,730.0,7.0,12.0,2019,43.74,443.81,31.61,11951700.68,3,5,4,1,1,3,1,False,False,True,False,False,True,False,False,28.0,south,dedicated,Lalbagh,townhouse
75.4,1282.62,1142.8,1423.14,340.0,280.0,590.0,810.0,240.0,23.0,18.0,2003,36.31,505.59,14.32,7189840.73,3,3,3,4,13,1,9,True,True,False,False,True,True,True,False,16.0,south,inline,Mohammedpur,apartment
88.35,1610.04,1296.29,1756.48,265.0,210.0,490.0,530.0,550.0,18.0,16.0,2008,89.14,847.71,28.75,14298148.79,3,3,3,8,77,1,20,True,True,True,True,True,True,True,True,36.0,west,dedicated,Niketon,apartment
67.21,1120.3,998.11,1217.88,1360.0,280.0,330.0,610.0,380.0,14.0,18.0,2012,18.52,352.44,11.79,4167933.4,3,4,3,11,165,2,27,False,False,False,False,False,False,True,False,20.0,west,inline,Lalbagh,apartment
311.49,5884.96,4832.78,8156.47,880.0,620.0,510.0,290.0,900.0,16.0,15.0,2010,226.52,2129.94,86.35,42976400.1,3,5,5,1,1,1,3,False,True,False,True,True,True,False,False,40.0,south,dedicated,Kafrul,bungalow
256.93,4276.74,3260.98,8480.07,590.0,260.0,720.0,690.0,960.0,33.0,15.0,1993,168.32,1633.3,81.9,25769468.67,3,6,5,3,1,2,4,False,False,True,False,False,False,True,True,53.0,west,dedicated,Kalabagan,triplex
99.41,1439.25,1273.8,1613.81,900.0,680.0,760.0,880.0,740.0,12.0,23.0,2014,45.25,542.38,25.85,9055745.4,2,2,2,21,127,1,22,True,False,True,False,True,True,True,False,49.0,north,dedicated,Motijheel,apartment
74.73,1606.74,1304.98,1714.39,565.0,970.0,460.0,670.0,890.0,14.0,23.0,2012,55.53,701.84,29.26,9790011.66,3,5,4,10,51,0,12,True,True,True,False,True,True,False,True,23.0,west,dedicated,Farmgate,apartment
135.07,3257.27,2689.06,3701.41,175.0,140.0,190.0,350.0,480.0,5.0,19.0,2021,119.77,1121.17,55.43,45241818.09,3,5,4,12,101,1,28,True,True,True,True,True,True,True,True,62.0,west,dedicated,Uttara,penthouse
46.22,942.15,827.24,1003.2,1400.0,890.0,1190.0,540.0,720.0,5.0,17.0,2021,16.96,187.72,10.19,4105013.52,3,3,3,7,35,1,10,True,False,False,False,False,False,False,False,66.0,west,inline,Lalbagh,condominium
132.17,1899.73,1556.93,2088.83,1160.0,800.0,240.0,1200.0,880.0,10.0,14.0,2016,56.48,527.69,20.98,8218636.01,3,3,3,13,110,1,14,True,True,False,False,False,True,False,False,64.0,south,dedicated,Badda,condominium
132.99,2099.71,1726.74,2375.05,410.0,710.0,450.0,190.0,900.0,5.0,7.0,2021,74.69,526.66,28.47,19254107.91,3,4,3,14,200,2,14,False,True,False,True,False,True,True,True,12.0,south,dedicated,Motijheel,penthouse
116.67,1807.06,1390.28,1928.62,80.0,330.0,230.0,250.0,650.0,7.0,10.0,2019,62.26,926.05,43.67,18104711.38,3,4,4,11,87,2,21,False,True,True,False,True,True,True,False,21.0,north,dedicated,Bashundhara,condominium
525.79,7013.93,5727.11,10937.33,410.0,330.0,610.0,630.0,320.0,3.0,22.0,2023,384.52,4023.22,147.16,86447087.01,3,4,4,2,1,2,2,False,True,True,True,True,True,False,True,57.0,south,dedicated,Banani,bungalow
87.44,1469.44,1304.57,1691.05,835.0,610.0,380.0,790.0,270.0,31.0,16.0,1995,29.96,258.03,11.13,4813870.85,3,3,3,5,39,3,13,True,False,True,False,True,False,False,False,80.0,east,dedicated,Khilgaon,apartment
254.39,3341.22,2955.5,5152.24,1400.0,1490.0,420.0,390.0,1120.0,13.0,9.0,2013,63.63,638.19,25.68,14650599.63,3,5,4,4,1,0,4,False,False,True,False,True,False,False,False,36.0,south,dedicated,Khilgaon,triplex
165.13,3461.78,2971.69,4039.39,255.0,60.0,90.0,410.0,120.0,2.0,14.0,2024,118.64,1500.13,102.88,48730505.05,3,6,5,5,173,3,11,True,False,True,True,True,True,True,False,14.0,west,dedicated,Dhanmondi,penthouse
60.13,1324.94,1101.14,1497.31,75.0,470.0,140.0,360.0,650.0,38.0,23.0,1988,41.57,462.34,33.81,11002583.89,3,3,3,3,24,3,7,True,True,False,True,True,True,False,True,51.0,west,inline,Banani,condominium
272.36,4764.25,4208.84,5457.18,600.0,60.0,140.0,200.0,380.0,27.0,11.0,1999,156.18,2756.46,92.47,52241807.2,3,6,6,3,153,2,26,True,True,False,True,True,True,True,True,63.0,east,dedicated,Niketon,penthouse
67.7,1700.4,1405.96,1788.13,505.0,560.0,880.0,810.0,810.0,19.0,8.0,2007,61.34,654.38,21.36,9668808.29,3,5,4,7,120,2,20,False,False,True,True,True,True,True,True,13.0,north,dedicated,Mohammedpur,apartment
373.42,6763.5,5105.17,12640.18,695.0,550.0,540.0,330.0,230.0,36.0,17.0,1990,294.47,3903.22,190.79,68815227.08,3,7,6,3,1,1,3,False,True,False,False,True,False,False,True,75.0,south,dedicated,Uttara,villa
36.65,1003.15,835.31,1200.51,950.0,600.0,750.0,540.0,340.0,16.0,12.0,2010,38.39,221.9,19.25,5586733.59,2,2,2,7,61,3,15,False,True,False,False,True,False,False,False,40.0,south,inline,Kalabagan,apartment
104.3,1941.65,1632.85,2157.62,650.0,390.0,330.0,480.0,280.0,9.0,10.0,2017,63.36,1222.58,48.19,18631983.39,3,4,4,24,36,3,30,True,True,False,True,True,False,True,False,67.0,west,dedicated,Cantonment,apartment
148.04,2232.0,1723.4,2589.61,335.0,340.0,80.0,300.0,250.0,0.0,16.0,2026,75.97,835.25,64.24,23154805.4,3,6,5,7,132,1,11,True,False,True,False,True,False,False,False,23.0,east,dedicated,Gulshan,condominium
136.61,2089.58,1715.7,2290.26,210.0,180.0,420.0,120.0,550.0,14.0,7.0,2012,88.4,935.51,59.85,18096143.22,3,4,3,11,145,2,14,True,True,False,False,True,False,False,False,30.0,east,dedicated,Dhanmondi,apartment
146.03,2756.87,2480.13,3064.21,1175.0,1130.0,740.0,1190.0,1180.0,10.0,17.0,2016,80.19,432.44,25.32,15475133.65,3,5,5,1,13,0,9,True,False,False,False,True,True,True,False,16.0,north,dedicated,Khilgaon,penthouse
113.82,2668.41,2384.8,2965.86,265.0,570.0,350.0,630.0,420.0,20.0,6.0,2006,110.92,1328.13,64.11,23210386.46,3,7,6,1,39,3,18,True,False,True,True,True,True,False,True,34.0,north,dedicated,Niketon,condominium
99.89,1673.56,1432.59,1828.47,475.0,270.0,600.0,990.0,980.0,12.0,11.0,2014,54.19,747.57,31.17,10147138.84,3,4,4,3,173,3,12,True,True,True,False,True,False,False,True,68.0,west,dedicated,Shyamoli,apartment
219.41,3245.12,2719.59,5884.25,190.0,170.0,310.0,640.0,650.0,4.0,12.0,2022,103.56,913.81,63.89,23752690.85,3,5,5,1,1,3,3,False,False,True,True,True,False,False,True,63.0,south,dedicated,Motijheel,duplex
352.95,4640.6,3639.05,8671.26,245.0,760.0,610.0,110.0,130.0,19.0,23.0,2007,179.77,1304.65,88.28,36942299.24,3,7,6,2,1,2,4,False,True,False,False,True,True,True,False,17.0,north,dedicated,Kafrul,villa
59.55,867.18,695.9,914.13,345.0,350.0,820.0,840.0,590.0,38.0,23.0,1988,29.33,186.89,9.44,4608003.81,2,2,2,20,79,0,24,True,True,True,False,True,False,True,False,66.0,north,inline,Farmgate,apartment
49.61,682.19,590.71,751.08,510.0,1310.0,700.0,730.0,610.0,3.0,24.0,2023,15.07,151.09,9.79,2890414.14,2,2,2,12,86,3,15,True,False,True,False,True,False,False,False,71.0,west,inline,Lalbagh,apartment
56.91,734.22,558.62,797.56,1060.0,980.0,210.0,650.0,690.0,28.0,23.0,1998,14.36,236.72,8.92,2567193.08,2,3,2,9,173,0,12,True,True,True,True,False,False,True,False,20.0,north,inline,Rampura,apartment
124.67,2188.37,1928.41,4201.27,1110.0,1420.0,720.0,510.0,730.0,4.0,14.0,2022,58.43,653.39,18.82,10147036.78,3,4,3,1,1,3,4,False,False,True,False,False,False,False,False,80.0,south,dedicated,Tejgaon,duplex
230.28,4321.13,3426.25,6362.47,540.0,180.0,540.0,140.0,700.0,26.0,19.0,2000,210.47,1517.19,79.97,40640202.3,3,5,4,2,1,2,2,True,False,True,False,True,True,True,True,63.0,west,dedicated,Cantonment,triplex
46.53,1206.51,1077.38,1368.18,790.0,1080.0,900.0,630.0,940.0,36.0,10.0,1990,33.95,213.61,17.61,4150156.08,2,3,2,5,26,2,21,True,False,False,False,False,False,False,False,79.0,south,inline,Jatrabari,condominium
122.46,1588.59,1333.35,2603.16,1350.0,760.0,640.0,1110.0,1150.0,14.0,19.0,2012,44.47,375.66,18.26,6994622.59,3,4,3,2,1,2,4,False,False,False,False,True,True,True,False,29.0,south,dedicated,Mirpur 10,duplex
81.26,2332.55,1818.63,3777.9,775.0,270.0,910.0,1200.0,1360.0,9.0,10.0,2017,59.88,762.48,19.78,11478081.36,3,7,6,1,1,1,1,False,False,True,False,False,True,False,False,77.0,north,dedicated,Mirpur 10,bungalow
155.06,3012.88,2401.15,3346.3,305.0,270.0,250.0,270.0,160.0,20.0,15.0,2006,136.53,1480.03,50.35,33076045.48,3,7,6,2,113,1,15,True,False,True,False,False,True,False,True,52.0,south,dedicated,Baridhara,penthouse
44.93,1260.47,1119.37,1401.25,490.0,600.0,300.0,410.0,690.0,7.0,12.0,2019,39.88,452.32,31.07,12472558.15,2,2,2,11,90,1,14,True,False,True,True,True,True,True,False,29.0,east,inline,Nikunja,apartment
200.72,2913.22,2408.63,4127.14,415.0,250.0,810.0,310.0,600.0,37.0,8.0,1989,68.81,789.41,45.33,17148829.16,3,4,4,4,1,2,4,False,False,False,True,True,True,False,True,46.0,south,dedicated,Mohammedpur,duplex
88.89,1709.41,1525.85,1973.02,820.0,1330.0,800.0,1490.0,310.0,5.0,13.0,2021,48.84,450.85,19.41,7877711.17,3,5,4,6,128,3,11,True,False,False,False,True,True,True,False,53.0,west,dedicated,Wari,condominium
56.81,1049.78,937.35,1162.99,500.0,510.0,470.0,550.0,200.0,3.0,14.0,2023,41.36,433.88,14.9,7575276.93,2,3,2,21,195,1,30,True,True,False,False,True,False,True,False,54.0,west,inline,Mohammedpur,condominium
102.54,1899.2,1450.25,2940.23,755.0,1430.0,550.0,910.0,1230.0,15.0,7.0,2011,50.93,598.55,15.4,8031077.33,3,4,4,4,1,1,4,False,False,True,False,False,False,True,False,35.0,north,dedicated,Rampura,duplex
39.03,1249.72,956.71,1407.03,580.0,160.0,480.0,530.0,410.0,29.0,9.0,1997,55.34,687.75,24.18,9527571.33,3,3,3,5,113,1,9,True,False,True,False,True,False,True,True,55.0,east,inline,Bashundhara,apartment
66.4,1658.23,1479.29,2577.25,235.0,1430.0,1150.0,470.0,1240.0,9.0,20.0,2017,45.55,512.33,13.3,7180658.36,3,5,4,3,1,1,3,False,False,True,False,True,False,True,False,24.0,east,dedicated,Malibagh,townhouse
135.85,1912.7,1666.73,2887.43,330.0,650.0,300.0,1080.0,1060.0,19.0,21.0,2007,29.82,555.77,15.85,7707532.2,3,4,4,3,1,0,3,False,False,True,False,True,False,True,False,25.0,east,dedicated,Old Dhaka,duplex
224.55,5193.42,4206.32,7021.98,1470.0,230.0,620.0,370.0,300.0,23.0,8.0,2003,151.7,816.97,44.4,24689416.39,3,4,4,1,1,0,4,False,False,False,True,True,True,False,False,36.0,east,dedicated,Badda,villa
65.79,1708.0,1513.03,2778.8,995.0,1010.0,630.0,1120.0,940.0,12.0,10.0,2014,27.01,481.67,23.22,7152384.36,3,5,4,3,1,2,3,False,False,True,False,False,False,True,False,75.0,east,dedicated,Wari,townhouse
209.21,3308.37,2486.61,6536.4,460.0,130.0,120.0,270.0,270.0,27.0,7.0,1999,173.21,1157.71,77.97,28192234.72,3,5,5,3,1,1,3,False,True,True,True,True,False,False,True,39.0,east,dedicated,Dhanmondi,duplex
120.91,1597.06,1316.71,1830.2,120.0,550.0,410.0,570.0,380.0,3.0,14.0,2023,49.77,1025.0,24.59,17616186.24,3,5,4,10,26,2,15,True,True,True,True,True,True,True,False,29.0,east,dedicated,Banani,condominium
170.66,3524.63,3156.8,5308.45,285.0,130.0,130.0,120.0,520.0,1.0,15.0,2025,133.46,2353.19,76.62,39016513.99,3,7,6,3,1,1,3,False,True,True,True,True,True,False,False,40.0,east,dedicated,Niketon,townhouse
135.12,2181.29,1959.79,3863.53,1280.0,770.0,1190.0,470.0,1100.0,16.0,10.0,2010,49.58,445.43,26.03,8634443.88,3,4,3,1,1,2,4,False,True,False,False,True,False,False,False,51.0,north,dedicated,Old Dhaka,townhouse
108.13,2500.8,2096.22,2906.78,515.0,670.0,120.0,600.0,440.0,6.0,6.0,2020,87.47,1598.12,66.46,23672112.67,3,7,6,4,195,3,6,True,True,True,False,False,False,False,True,15.0,south,dedicated,Uttara,apartment
419.11,6490.02,5522.09,10835.81,230.0,380.0,550.0,380.0,340.0,18.0,12.0,2008,308.79,3352.25,145.87,68252338.63,3,6,5,2,1,1,4,False,False,True,True,True,True,True,True,44.0,north,dedicated,Niketon,bungalow
35.8,884.19,770.82,1026.22,1370.0,380.0,1260.0,1180.0,740.0,27.0,15.0,1999,14.05,241.37,8.47,2896590.7,2,3,2,10,45,0,11,True,False,False,False,True,False,False,False,77.0,west,inline,Mirpur 1,apartment
63.83,856.78,676.65,982.6,1050.0,1410.0,270.0,1210.0,240.0,1.0,14.0,2025,17.16,191.32,11.52,3883123.21,1,1,1,4,37,0,19,True,True,True,False,True,False,True,True,49.0,east,inline,Khilgaon,apartment
275.43,4255.49,3529.38,4758.97,140.0,80.0,430.0,630.0,630.0,14.0,20.0,2012,155.19,2056.67,116.12,52098821.61,3,4,4,12,40,1,23,True,True,True,True,True,True,False,True,45.0,north,dedicated,Cantonment,penthouse
302.21,5966.95,5148.97,9541.5,440.0,530.0,740.0,230.0,880.0,18.0,16.0,2008,120.75,1862.91,115.0,42935196.67,3,7,6,1,1,0,2,False,False,False,True,True,True,True,False,63.0,south,dedicated,Kalabagan,bungalow
56.43,1700.54,1304.72,1786.32,275.0,1260.0,970.0,460.0,830.0,15.0,19.0,2011,36.98,572.73,13.08,6313775.94,3,3,3,2,141,0,11,True,False,False,False,True,False,False,False,45.0,west,dedicated,Old Dhaka,apartment
144.55,2816.05,2206.72,5282.61,195.0,660.0,70.0,60.0,230.0,15.0,9.0,2011,109.03,1334.68,64.25,27514958.3,3,5,5,1,1,1,1,False,True,False,True,False,True,True,True,66.0,south,dedicated,Dhanmondi,townhouse
112.64,1410.85,1219.65,2195.11,500.0,270.0,650.0,470.0,1070.0,34.0,13.0,1992,40.91,382.21,14.11,5468578.3,2,3,2,2,1,2,2,True,False,False,False,True,True,False,False,36.0,north,dedicated,Tejgaon,duplex
104.21,1303.21,987.29,1531.79,1060.0,450.0,830.0,480.0,280.0,15.0,20.0,2011,33.93,272.11,10.37,4931589.58,2,2,2,7,134,0,11,True,True,True,False,False,False,False,False,62.0,north,inline,Mirpur 1,apartment
59.08,1177.05,899.53,1392.5,145.0,600.0,530.0,540.0,570.0,21.0,13.0,2005,57.62,785.48,31.68,10110263.18,2,2,2,5,57,2,13,True,False,True,True,True,False,True,False,34.0,north,inline,Cantonment,condominium
61.82,1168.07,1032.97,1357.52,505.0,380.0,1430.0,1200.0,340.0,37.0,14.0,1989,19.37,243.99,12.7,3826603.58,2,2,2,13,29,3,26,True,False,True,False,False,False,False,False,34.0,north,inline,Rampura,apartment
54.88,1409.6,1098.78,1579.43,915.0,310.0,230.0,1300.0,1010.0,27.0,8.0,1999,33.08,395.75,12.4,4617861.73,3,4,3,14,18,2,21,True,False,True,False,False,False,False,False,70.0,north,dedicated,Rampura,apartment
62.6,872.36,755.14,1031.61,650.0,810.0,780.0,310.0,320.0,31.0,23.0,1995,34.29,371.62,15.57,4635514.34,1,2,1,20,43,1,30,True,True,False,False,False,False,True,False,61.0,west,inline,Farmgate,apartment
113.29,1555.73,1284.17,2208.27,275.0,650.0,270.0,900.0,770.0,3.0,17.0,2023,29.97,490.3,17.17,6971864.58,3,3,3,3,1,3,3,False,False,False,False,True,False,False,False,79.0,north,dedicated,Malibagh,townhouse
66.06,1752.01,1564.84,1918.07,330.0,80.0,330.0,270.0,350.0,34.0,17.0,1992,64.35,627.49,44.31,13981076.17,3,5,4,20,43,2,27,True,True,True,False,True,True,True,False,67.0,east,dedicated,Baridhara,apartment
44.95,1480.34,1153.3,2260.29,1435.0,1450.0,550.0,450.0,1200.0,21.0,22.0,2005,43.82,406.41,18.51,5402952.73,2,3,2,1,1,1,3,False,False,False,False,True,False,False,False,64.0,east,dedicated,Jatrabari,townhouse
114.39,3054.85,2726.93,4984.64,260.0,580.0,570.0,1220.0,240.0,4.0,14.0,2022,57.02,673.71,29.97,15704387.3,3,6,5,1,1,3,4,False,False,True,True,True,False,False,False,23.0,east,dedicated,Rampura,bungalow
201.52,2723.16,2223.24,4291.53,210.0,1280.0,560.0,560.0,1180.0,37.0,16.0,1989,77.71,703.3,22.05,9624474.15,3,6,6,1,1,3,1,False,False,False,True,False,False,False,False,71.0,north,dedicated,Malibagh,townhouse
37.48,1090.17,836.54,1159.25,1065.0,340.0,970.0,210.0,1310.0,16.0,8.0,2010,21.52,224.2,14.85,4119187.05,2,2,2,12,42,0,24,False,False,False,True,True,False,False,False,76.0,west,inline,Old Dhaka,condominium
74.02,986.21,749.02,1105.6,1350.0,1370.0,890.0,970.0,1450.0,14.0,19.0,2012,23.46,231.71,9.84,4039516.81,2,2,2,2,146,0,17,True,True,True,True,True,False,False,False,61.0,west,inline,Khilgaon,condominium
360.43,6491.63,5758.27,9788.96,565.0,260.0,400.0,420.0,170.0,26.0,16.0,2000,228.05,3824.55,169.13,66049136.55,3,4,4,1,1,1,1,False,True,True,False,True,False,False,True,72.0,south,dedicated,Uttara,villa
166.72,3243.74,2756.87,4422.96,230.0,370.0,180.0,760.0,510.0,10.0,9.0,2016,112.55,857.43,64.54,21290948.86,3,5,5,1,1,0,2,False,False,True,True,False,False,False,False,48.0,east,dedicated,Kalabagan,townhouse
51.49,1015.54,913.84,1119.9,1495.0,330.0,1250.0,1040.0,1000.0,29.0,21.0,1997,21.5,295.47,11.4,3326916.38,3,4,3,3,127,1,9,True,False,True,False,False,False,False,False,75.0,north,inline,Badda,apartment
30.0,976.9,818.75,1057.36,895.0,1020.0,710.0,1280.0,1090.0,14.0,21.0,2012,15.62,280.24,12.45,3964359.52,2,3,2,10,170,3,22,True,False,True,False,False,True,False,False,26.0,west,inline,Khilgaon,condominium
251.93,4281.36,3524.18,6102.63,425.0,1340.0,1200.0,840.0,1450.0,24.0,20.0,2002,116.45,1378.53,53.64,16891288.82,3,5,5,1,1,2,1,False,False,False,False,False,False,True,False,43.0,south,dedicated,Paltan,triplex
284.14,3909.65,2949.71,7292.41,450.0,280.0,680.0,140.0,510.0,1.0,20.0,2025,78.48,1747.29,52.99,32907473.74,3,5,5,2,1,3,4,True,False,False,True,False,True,False,False,46.0,south,dedicated,Mohammedpur,triplex
41.79,1389.97,1104.44,1478.71,415.0,970.0,1040.0,1400.0,210.0,34.0,23.0,1992,40.23,375.18,13.44,4772473.99,3,4,3,4,68,0,25,True,False,True,True,False,False,True,False,76.0,south,inline,Mirpur 10,apartment
513.44,7947.91,6092.16,15163.89,315.0,100.0,600.0,490.0,400.0,15.0,8.0,2011,325.39,3673.65,232.3,84235425.26,3,6,5,1,1,3,4,False,False,True,True,True,False,True,True,65.0,south,dedicated,Nikunja,bungalow
69.74,2285.82,1925.25,3312.59,565.0,550.0,210.0,460.0,620.0,3.0,16.0,2023,77.93,1106.32,47.44,24328771.74,3,5,5,3,1,3,4,False,True,True,False,True,False,True,False,69.0,west,dedicated,Baridhara,townhouse
43.73,1052.0,888.94,1157.65,570.0,990.0,560.0,760.0,530.0,33.0,12.0,1993,23.53,179.8,10.53,3723064.94,3,3,3,14,174,2,22,True,False,False,False,True,False,True,True,57.0,north,inline,Badda,condominium
138.57,3539.17,3095.21,6267.38,655.0,350.0,650.0,690.0,430.0,23.0,9.0,2003,135.6,1326.12,83.21,30963308.52,3,6,5,2,1,3,2,False,True,True,True,True,False,False,False,12.0,north,dedicated,Bashundhara,duplex
49.04,1197.52,987.27,1319.43,495.0,390.0,160.0,530.0,220.0,4.0,7.0,2022,59.38,360.7,35.55,12499537.15,3,3,3,13,156,1,22,True,True,False,False,True,True,False,True,50.0,south,inline,Dhanmondi,condominium
197.07,2531.31,2188.17,4686.28,790.0,530.0,1090.0,980.0,1440.0,16.0,11.0,2010,69.92,745.62,19.22,10930878.2,3,7,6,3,1,3,4,False,False,True,True,False,False,False,False,56.0,east,dedicated,Malibagh,triplex
279.75,4907.01,4407.13,9171.38,505.0,650.0,300.0,750.0,920.0,25.0,17.0,2001,162.81,1770.62,63.87,31576638.31,3,4,4,1,1,2,2,False,True,True,True,True,True,True,False,37.0,north,dedicated,Kalabagan,triplex
180.03,2295.49,1957.56,3806.76,830.0,1360.0,350.0,1140.0,970.0,22.0,20.0,2004,45.66,635.64,20.64,8520171.99,3,4,4,1,1,1,1,False,False,True,False,False,True,False,False,24.0,south,dedicated,Mirpur 1,townhouse
140.14,1854.81,1630.43,2123.92,75.0,140.0,150.0,220.0,570.0,2.0,18.0,2024,92.3,1149.41,32.72,20126133.6,3,5,4,11,51,1,15,True,True,True,True,True,False,True,False,42.0,east,dedicated,Cantonment,condominium
98.75,1789.87,1529.74,2479.15,1440.0,1290.0,230.0,550.0,960.0,32.0,20.0,1994,34.91,288.52,26.38,6512006.99,3,5,4,1,1,1,3,False,False,False,True,False,False,True,False,42.0,east,dedicated,Khilgaon,townhouse
106.48,1907.24,1589.43,2057.26,770.0,730.0,400.0,340.0,330.0,9.0,14.0,2017,42.75,438.45,22.75,12911478.33,3,4,3,18,71,3,21,True,False,True,True,True,True,False,False,48.0,west,dedicated,Farmgate,condominium
44.61,1439.91,1140.3,1664.67,430.0,360.0,530.0,530.0,690.0,25.0,14.0,2001,80.59,542.5,34.0,11695682.69,3,4,3,4,50,1,9,True,True,True,True,True,True,True,False,49.0,west,dedicated,Nikunja,apartment
137.69,2192.23,1735.22,4316.33,735.0,270.0,610.0,750.0,300.0,2.0,7.0,2024,67.29,935.27,39.13,15821786.71,3,4,4,1,1,3,2,False,False,False,False,True,False,True,False,38.0,south,dedicated,Kafrul,townhouse
120.08,1523.21,1295.91,1611.91,1090.0,1130.0,520.0,1480.0,520.0,27.0,13.0,1999,38.61,369.33,12.1,5340315.06,3,4,4,10,166,0,12,True,False,False,True,True,False,False,False,69.0,south,dedicated,Paltan,condominium
221.36,2787.87,2271.05,3203.4,635.0,680.0,400.0,100.0,290.0,6.0,21.0,2020,142.33,1372.63,67.54,37642287.27,3,4,4,2,141,1,20,True,True,True,False,True,True,True,False,30.0,east,dedicated,Nikunja,penthouse
152.41,3060.06,2620.64,3256.8,1225.0,1410.0,980.0,660.0,800.0,35.0,9.0,1991,58.35,498.67,27.65,13663552.7,3,6,6,10,192,2,21,False,False,True,True,False,True,False,False,31.0,east,dedicated,Rampura,penthouse
139.37,2378.09,1858.77,4165.87,255.0,530.0,520.0,610.0,680.0,10.0,17.0,2016,80.67,1214.3,48.89,24155240.66,3,5,4,3,1,1,3,False,False,True,True,True,True,True,False,26.0,south,dedicated,Uttara,townhouse
66.44,1114.99,928.57,1217.13,470.0,420.0,510.0,470.0,380.0,30.0,17.0,1996,38.94,466.77,30.47,9056487.48,3,3,3,9,76,3,23,True,True,False,True,False,True,True,False,30.0,east,inline,Gulshan,apartment
30.94,895.39,770.03,1035.01,1125.0,600.0,750.0,1200.0,780.0,8.0,9.0,2018,21.84,156.4,7.5,3598186.78,2,2,2,13,196,1,22,True,False,True,False,False,False,False,False,71.0,west,inline,Mirpur 1,apartment
61.11,835.4,670.77,879.66,790.0,1290.0,290.0,610.0,390.0,25.0,11.0,2001,18.84,240.84,7.83,2947273.85,1,1,1,6,199,3,19,True,False,True,True,False,True,True,False,16.0,south,inline,Paltan,apartment
255.63,3851.51,3378.76,4451.83,365.0,230.0,670.0,240.0,660.0,16.0,11.0,2010,229.04,2173.55,102.33,45226657.08,3,6,6,11,179,2,23,True,False,True,True,True,True,False,False,67.0,east,dedicated,Cantonment,penthouse
126.53,1950.82,1534.28,2136.14,645.0,640.0,200.0,500.0,420.0,10.0,22.0,2016,74.39,1085.94,56.31,19965330.29,3,3,3,7,107,1,8,True,True,True,True,True,True,True,False,78.0,south,dedicated,Uttara,condominium
336.61,4662.95,3972.52,9102.11,480.0,440.0,380.0,600.0,120.0,8.0,14.0,2018,142.71,2075.43,110.7,61049758.06,3,4,4,2,1,3,2,False,True,False,True,True,True,False,False,35.0,north,dedicated,Bashundhara,villa
45.91,1122.02,862.03,1211.29,420.0,630.0,280.0,1160.0,600.0,19.0,15.0,2007,19.83,291.35,9.14,4084324.15,3,4,3,26,13,0,29,True,False,True,False,True,True,False,True,37.0,north,inline,Malibagh,apartment
81.63,1350.55,1151.29,1527.44,440.0,260.0,640.0,550.0,1240.0,25.0,7.0,2001,32.85,309.91,19.22,4645620.93,3,4,3,1,85,3,18,True,False,False,False,True,False,False,False,30.0,east,inline,Rampura,condominium
128.67,3433.64,2777.96,6851.43,570.0,540.0,920.0,920.0,150.0,35.0,11.0,1991,85.07,1072.09,44.87,22597642.38,3,6,6,2,1,2,3,False,False,False,True,False,True,True,False,25.0,east,dedicated,Kalabagan,bungalow
60.99,1331.89,1117.07,1531.31,70.0,270.0,480.0,180.0,520.0,31.0,17.0,1995,48.87,824.77,30.73,11359175.88,3,3,3,8,128,3,19,True,True,True,True,True,True,True,True,57.0,north,inline,Baridhara,condominium
310.84,4264.87,3506.22,6278.04,405.0,480.0,480.0,270.0,390.0,24.0,15.0,2002,136.02,2306.7,87.35,45264758.53,3,7,6,2,1,3,4,False,True,True,False,False,True,False,True,67.0,west,dedicated,Cantonment,villa
116.92,2309.33,1743.0,4072.54,590.0,480.0,320.0,660.0,390.0,37.0,13.0,1989,87.18,505.57,40.99,13852944.96,3,7,6,1,1,1,2,True,False,True,False,True,True,False,False,71.0,north,dedicated,Kalabagan,duplex
33.14,967.82,817.35,1135.85,1295.0,410.0,760.0,1300.0,520.0,23.0,23.0,2003,20.39,265.37,13.1,3129932.16,3,4,3,2,43,0,29,False,False,False,False,False,False,False,False,37.0,south,inline,Tejgaon,apartment
91.9,2274.14,1991.55,2449.52,310.0,580.0,130.0,260.0,580.0,10.0,22.0,2016,101.48,1490.02,37.17,23274334.9,3,5,4,2,55,2,15,True,True,True,True,True,True,True,True,15.0,south,dedicated,Gulshan,condominium
107.11,1742.56,1375.0,1980.81,635.0,500.0,240.0,830.0,340.0,35.0,9.0,1991,59.27,696.75,25.88,9259546.64,3,4,3,20,16,1,29,True,False,False,True,True,True,False,True,20.0,north,dedicated,Kafrul,apartment
94.92,1564.57,1360.82,1870.62,225.0,1290.0,1000.0,740.0,920.0,23.0,10.0,2003,36.8,483.42,16.57,5414000.63,3,4,4,2,72,0,20,True,False,False,False,True,True,False,False,13.0,east,dedicated,Lalbagh,apartment
99.92,1350.89,1065.4,1430.77,170.0,270.0,190.0,620.0,640.0,7.0,17.0,2019,64.83,856.85,31.89,13409083.94,2,3,2,3,10,1,9,False,True,True,True,False,True,False,False,25.0,west,inline,Gulshan,condominium
153.14,2696.46,2267.72,4365.19,685.0,70.0,120.0,240.0,600.0,16.0,24.0,2010,91.46,853.04,58.13,24853036.17,3,6,5,2,1,1,4,False,False,True,True,True,True,False,True,57.0,east,dedicated,Dhanmondi,townhouse
44.15,951.67,803.56,1021.98,510.0,140.0,630.0,630.0,800.0,34.0,13.0,1992,24.14,335.22,13.61,4964129.67,3,4,3,3,148,2,6,False,True,True,True,True,False,True,False,34.0,south,inline,Shyamoli,apartment
182.06,4477.67,3781.06,8039.71,300.0,330.0,460.0,60.0,490.0,31.0,11.0,1995,206.17,2381.59,110.25,42670753.89,3,4,4,1,1,1,4,False,True,True,True,True,False,True,False,27.0,north,dedicated,Dhanmondi,bungalow
206.94,2982.35,2488.11,5902.57,545.0,630.0,500.0,510.0,410.0,40.0,17.0,1986,125.7,1648.33,50.46,25244141.7,3,6,6,1,1,1,2,False,False,True,True,True,True,True,False,69.0,west,dedicated,Baridhara,townhouse
142.16,2193.85,1785.19,2393.03,330.0,500.0,420.0,120.0,630.0,18.0,15.0,2008,81.04,826.77,61.42,19559594.48,3,4,3,27,164,1,27,True,True,True,False,True,False,True,False,48.0,east,dedicated,Niketon,condominium
76.93,1052.6,810.34,1236.95,585.0,570.0,460.0,970.0,950.0,25.0,13.0,2001,28.5,399.55,16.9,5872909.69,3,4,3,8,54,1,13,True,False,False,True,True,True,False,False,58.0,east,inline,Mohammedpur,condominium
171.39,2260.94,1916.66,3318.98,180.0,200.0,330.0,800.0,880.0,14.0,7.0,2012,82.52,943.58,22.64,14875672.76,3,7,6,1,1,2,4,False,True,True,True,True,True,False,False,64.0,east,dedicated,Shyamoli,townhouse
92.45,2117.49,1728.52,3897.7,360.0,550.0,210.0,490.0,220.0,3.0,20.0,2023,64.9,719.27,26.05,16581689.11,3,4,3,1,1,3,4,False,False,True,True,False,True,True,False,64.0,south,dedicated,Shyamoli,duplex
81.76,1852.46,1487.07,3062.06,465.0,300.0,800.0,700.0,540.0,2.0,17.0,2024,28.77,460.86,19.93,9031484.98,3,3,3,1,1,3,2,False,False,False,False,False,False,True,False,78.0,east,dedicated,Paltan,duplex
115.7,2077.32,1587.9,3031.4,230.0,140.0,190.0,540.0,390.0,27.0,15.0,1999,69.16,1365.96,44.29,18234750.92,3,4,4,1,1,2,1,True,True,True,False,True,True,True,True,31.0,south,dedicated,Dhanmondi,townhouse
49.09,1121.9,1009.09,1253.48,780.0,520.0,160.0,130.0,930.0,6.0,7.0,2020,34.94,324.59,19.98,7471751.19,2,3,2,14,16,3,21,True,False,False,True,True,False,True,False,40.0,east,inline,Farmgate,apartment
75.67,1123.13,880.61,1328.95,300.0,910.0,530.0,840.0,1160.0,32.0,8.0,1994,22.86,214.86,16.13,3856272.4,2,2,2,8,24,3,29,True,True,True,False,False,True,False,False,45.0,south,inline,Khilgaon,apartment
53.47,1422.14,1087.51,1645.4,655.0,540.0,610.0,790.0,750.0,29.0,12.0,1997,56.04,353.96,25.55,8080357.38,3,4,3,8,53,3,13,True,True,True,True,True,True,False,True,54.0,south,dedicated,Shyamoli,condominium
103.51,1383.04,1155.4,1457.04,1425.0,680.0,1370.0,380.0,290.0,18.0,6.0,2008,30.31,288.97,13.85,5239518.32,2,2,2,1,43,3,6,True,False,False,False,False,True,True,False,50.0,north,inline,Khilgaon,apartment
36.32,1052.39,930.18,1158.72,300.0,280.0,1090.0,1280.0,900.0,32.0,7.0,1994,27.96,198.73,14.27,3689615.51,3,4,3,2,38,1,27,True,True,False,False,True,False,False,False,36.0,south,inline,Rampura,condominium
182.3,4950.06,4316.68,8627.92,395.0,660.0,200.0,510.0,160.0,19.0,16.0,2007,253.09,2245.35,114.37,57593201.17,3,6,5,3,1,1,4,False,True,True,False,True,True,True,False,45.0,south,dedicated,Dhanmondi,villa
50.59,1518.89,1278.03,1787.95,1245.0,430.0,1380.0,1350.0,510.0,4.0,20.0,2022,36.07,405.72,18.28,6880507.07,3,5,4,2,47,0,6,True,False,False,False,False,True,False,False,72.0,south,dedicated,Rampura,condominium
73.36,1301.41,1106.22,1433.78,720.0,1450.0,760.0,780.0,1030.0,3.0,17.0,2023,38.3,364.89,13.29,6179428.52,3,4,3,16,22,3,21,True,True,True,True,False,True,False,False,65.0,north,inline,Old Dhaka,condominium
143.02,3002.1,2485.31,5669.99,570.0,1000.0,960.0,1220.0,1150.0,24.0,15.0,2002,82.13,626.29,40.12,11499252.23,3,7,6,1,1,1,4,False,False,False,False,True,False,False,False,44.0,south,dedicated,Tejgaon,triplex
39.66,1293.59,1095.32,1379.86,405.0,880.0,1470.0,1470.0,360.0,40.0,14.0,1986,23.51,247.13,15.71,4449686.42,2,2,2,25,54,3,25,True,False,False,False,False,False,False,False,60.0,west,inline,Shahbagh,condominium
36.42,670.5,557.31,764.71,980.0,260.0,560.0,540.0,690.0,18.0,13.0,2008,19.48,112.42,5.76,2401571.05,1,2,1,8,186,1,29,True,False,True,False,False,False,False,False,76.0,east,inline,Badda,apartment
94.8,1269.4,1140.35,1463.69,165.0,680.0,860.0,440.0,1000.0,19.0,20.0,2007,50.0,370.56,20.02,7151235.68,2,3,2,2,122,1,14,True,False,True,False,True,True,False,False,47.0,north,inline,Motijheel,apartment
88.75,1519.3,1168.09,1696.9,525.0,1500.0,1080.0,1300.0,480.0,13.0,11.0,2013,41.95,273.88,14.6,6353727.56,3,3,3,6,72,3,17,True,True,False,False,False,False,True,True,75.0,north,dedicated,Jatrabari,condominium
89.7,1408.58,1260.98,1527.05,840.0,940.0,680.0,1110.0,230.0,12.0,12.0,2014,37.18,447.61,12.54,5414362.43,2,2,2,4,179,2,9,True,False,False,False,True,False,False,False,34.0,north,dedicated,Badda,apartment
31.33,790.48,634.56,860.33,260.0,810.0,840.0,270.0,210.0,35.0,23.0,1991,14.77,120.44,10.84,2589611.47,1,2,1,1,98,0,22,True,False,False,False,False,False,False,False,57.0,south,inline,Rampura,apartment
83.7,1420.52,1275.79,1617.96,985.0,1260.0,470.0,1210.0,210.0,34.0,16.0,1992,38.11,255.05,14.29,4653639.11,2,3,2,7,112,3,11,True,False,False,False,True,False,False,False,41.0,east,dedicated,Malibagh,apartment
325.24,4160.49,3671.59,8085.84,190.0,560.0,590.0,970.0,410.0,13.0,17.0,2013,98.76,1589.64,72.27,29362409.97,3,5,5,4,1,2,4,True,False,True,False,True,False,False,False,27.0,north,dedicated,Farmgate,triplex
341.65,5737.29,5003.42,10670.23,440.0,260.0,580.0,470.0,90.0,36.0,18.0,1990,209.57,2970.7,98.01,62952406.17,3,6,5,1,1,3,2,False,True,True,True,True,True,True,True,53.0,north,dedicated,Gulshan,villa
222.39,6257.01,5176.74,11935.94,320.0,230.0,420.0,80.0,700.0,19.0,15.0,2007,260.24,3427.08,103.25,63193805.38,3,6,6,1,1,1,3,False,False,True,True,True,False,True,True,43.0,east,dedicated,Baridhara,bungalow
36.66,881.31,761.62,1027.45,640.0,230.0,730.0,500.0,190.0,32.0,23.0,1994,24.56,339.97,13.74,4597144.62,2,3,2,1,120,2,6,True,False,False,False,True,True,False,False,43.0,north,inline,Mohammedpur,apartment
30.0,914.66,731.39,1043.42,1015.0,1450.0,860.0,1180.0,250.0,8.0,12.0,2018,22.7,295.6,7.49,3859403.19,2,3,2,20,193,2,29,True,False,True,False,False,False,False,True,18.0,west,inline,Tejgaon,condominium
186.79,5069.74,4365.88,7154.95,880.0,120.0,670.0,300.0,740.0,17.0,16.0,2009,118.57,2108.79,99.23,40972198.97,3,6,6,1,1,3,1,True,False,True,False,True,False,True,True,56.0,west,dedicated,Shyamoli,villa
65.25,2161.42,1661.37,2539.34,460.0,760.0,940.0,130.0,820.0,13.0,7.0,2013,43.38,460.58,33.69,13732327.95,3,4,4,11,49,1,12,True,False,True,False,True,False,True,False,60.0,east,dedicated,Kalabagan,condominium
61.52,993.49,801.9,1098.52,350.0,900.0,510.0,710.0,680.0,1.0,24.0,2025,29.05,249.65,12.64,4420088.05,2,3,2,5,153,1,6,True,False,False,False,False,False,True,True,15.0,west,inline,Badda,apartment
54.36,1124.35,866.49,1233.59,140.0,160.0,100.0,510.0,700.0,7.0,10.0,2019,61.07,753.28,33.18,10927040.9,3,3,3,1,198,3,9,True,False,True,False,True,True,True,False,80.0,south,inline,Nikunja,apartment
66.79,1085.47,859.06,1223.25,485.0,810.0,450.0,830.0,440.0,7.0,22.0,2019,24.37,292.01,9.21,4324648.72,2,3,2,4,35,2,7,False,True,False,False,False,False,False,False,52.0,north,inline,Tejgaon,apartment
99.09,2832.2,2483.14,5499.52,835.0,1000.0,900.0,510.0,1090.0,24.0,22.0,2002,54.69,472.82,26.07,13415906.16,3,4,4,2,1,2,4,True,False,True,True,True,False,False,False,55.0,north,dedicated,Mirpur 10,villa
108.26,2787.41,2339.28,2973.65,475.0,770.0,720.0,800.0,1160.0,36.0,20.0,1990,66.18,878.74,34.64,12327605.99,3,5,4,2,70,0,18,True,False,True,False,True,False,False,True,32.0,east,dedicated,Jatrabari,penthouse
118.42,3611.44,2910.31,4055.02,410.0,370.0,330.0,80.0,560.0,32.0,19.0,1994,136.74,2154.0,54.95,39600777.63,3,4,4,21,176,2,25,True,True,True,True,True,True,True,False,65.0,south,dedicated,Gulshan,penthouse
136.66,3084.1,2755.83,4312.49,255.0,450.0,620.0,510.0,110.0,17.0,13.0,2009,169.52,1266.87,63.58,30482732.99,3,5,4,2,1,1,2,True,False,True,True,True,True,False,True,64.0,south,dedicated,Niketon,duplex
103.47,1875.54,1603.18,3172.78,585.0,780.0,340.0,1070.0,900.0,11.0,20.0,2015,28.57,314.66,27.34,8062387.1,3,3,3,1,1,1,1,False,False,True,False,False,False,False,False,79.0,north,dedicated,Mirpur 1,duplex
50.51,1542.86,1224.07,1760.51,100.0,540.0,230.0,530.0,600.0,11.0,8.0,2015,80.2,743.81,37.03,14479820.27,3,5,4,21,117,1,27,True,True,True,True,True,False,True,False,52.0,north,dedicated,Cantonment,apartment
110.58,1860.39,1478.6,2612.28,975.0,360.0,1090.0,290.0,1320.0,24.0,19.0,2002,43.5,417.58,15.35,6924138.53,3,4,3,1,1,0,2,False,False,False,False,False,True,True,False,80.0,west,dedicated,Lalbagh,townhouse
137.96,3599.8,2955.01,6096.31,240.0,710.0,900.0,890.0,630.0,2.0,24.0,2024,143.12,1161.3,45.04,33066074.83,3,5,5,2,1,0,4,False,False,True,False,True,True,False,True,54.0,north,dedicated,Farmgate,villa
148.03,2141.45,1789.57,2347.62,150.0,400.0,460.0,650.0,310.0,32.0,19.0,1994,45.13,789.8,36.29,11399983.31,3,4,4,9,165,1,12,True,False,True,False,False,False,False,True,40.0,west,dedicated,Kalabagan,condominium
102.31,1349.96,1075.76,1614.39,605.0,700.0,1340.0,390.0,620.0,32.0,22.0,1994,30.97,430.41,14.81,4422470.63,3,4,3,11,188,2,24,True,False,False,False,False,False,False,False,50.0,south,inline,Khilgaon,apartment
51.94,1541.21,1338.33,1847.3,930.0,1040.0,1040.0,1460.0,630.0,38.0,17.0,1988,41.53,259.68,12.78,5607313.74,3,5,4,17,187,2,23,True,False,False,False,False,True,True,False,23.0,west,dedicated,Paltan,condominium
149.4,2321.53,1859.52,2727.91,120.0,340.0,600.0,220.0,110.0,21.0,11.0,2005,134.22,1470.03,36.12,20306617.26,3,4,4,9,175,3,14,True,True,True,True,True,True,False,False,34.0,north,dedicated,Banani,condominium
76.28,1661.95,1423.66,3285.4,435.0,1100.0,260.0,1280.0,1170.0,37.0,20.0,1989,39.48,433.39,21.47,6276917.71,3,4,3,2,1,3,3,True,False,True,True,True,False,True,False,64.0,east,dedicated,Wari,townhouse
34.16,684.23,555.16,792.95,1020.0,1070.0,1390.0,220.0,1450.0,25.0,24.0,2001,12.93,230.87,5.28,2284654.23,1,1,1,10,194,2,29,True,False,True,True,False,False,False,False,40.0,north,inline,Tejgaon,apartment
111.15,2026.74,1763.97,2308.57,140.0,150.0,780.0,850.0,650.0,34.0,17.0,1992,80.51,832.18,24.78,11515559.94,3,5,4,26,107,1,26,True,True,False,True,True,False,True,False,62.0,south,dedicated,Kafrul,condominium
76.6,1162.86,1013.42,2193.11,870.0,680.0,890.0,1030.0,1460.0,24.0,22.0,2002,19.67,368.67,14.35,4482068.98,2,2,2,1,1,0,3,False,True,True,False,True,False,True,False,55.0,north,inline,Mirpur 10,duplex
48.41,1142.57,989.31,1246.39,630.0,850.0,450.0,870.0,810.0,23.0,8.0,2003,32.57,314.82,19.92,6544883.81,2,3,2,13,43,0,26,True,True,True,False,True,True,False,False,74.0,east,inline,Mohammedpur,condominium
110.94,1693.3,1418.6,1857.71,1195.0,930.0,340.0,1410.0,980.0,33.0,13.0,1993,49.7,468.94,14.57,5824614.77,3,5,4,2,19,3,7,True,False,True,False,True,False,False,False,44.0,north,dedicated,Jatrabari,condominium
30.0,857.21,729.61,945.76,1010.0,1250.0,1010.0,880.0,1120.0,35.0,12.0,1991,21.57,275.92,12.69,2862223.43,2,2,2,7,91,2,14,True,True,False,False,True,False,False,False,53.0,east,inline,Mirpur 10,apartment
63.02,1140.09,949.11,1291.24,635.0,1340.0,310.0,910.0,400.0,39.0,17.0,1987,26.8,282.81,15.3,3883978.07,3,4,3,9,15,3,12,False,False,True,False,False,True,False,False,53.0,east,inline,Khilgaon,condominium
38.36,645.51,563.61,684.18,1010.0,1160.0,270.0,260.0,540.0,6.0,20.0,2020,11.82,148.23,6.99,2675916.66,2,2,2,1,89,0,29,False,True,False,False,True,False,True,False,76.0,west,inline,Tejgaon,apartment
124.17,1619.09,1407.59,1798.58,560.0,480.0,440.0,310.0,590.0,24.0,17.0,2002,70.11,727.68,27.55,13747244.13,3,5,4,9,115,1,11,True,True,True,False,True,True,True,True,51.0,south,dedicated,Dhanmondi,condominium
448.22,9336.08,8051.44,12821.21,525.0,690.0,460.0,360.0,500.0,13.0,8.0,2013,541.65,3806.28,278.16,118830617.35,3,6,5,2,1,1,3,False,True,True,True,True,True,True,False,54.0,south,dedicated,Nikunja,villa
42.28,1169.04,989.65,1321.59,1290.0,530.0,1090.0,500.0,1250.0,3.0,8.0,2023,32.65,293.82,17.42,5200838.79,3,4,3,19,158,1,25,True,False,False,False,True,False,False,False,69.0,east,inline,Badda,condominium
143.44,2695.54,2396.54,2913.17,295.0,590.0,1070.0,540.0,260.0,26.0,10.0,2000,79.3,567.59,37.69,12150550.87,3,4,4,3,10,3,8,True,True,False,False,True,False,False,False,20.0,west,dedicated,Rampura,penthouse
52.12,864.67,776.63,932.03,495.0,1290.0,710.0,590.0,740.0,29.0,20.0,1997,21.28,170.39,7.9,2914356.66,2,2,2,6,139,1,20,True,False,False,False,True,True,False,False,70.0,south,inline,Rampura,apartment
46.57,1170.66,964.57,1325.84,745.0,730.0,230.0,540.0,1210.0,21.0,17.0,2005,23.66,197.71,9.64,4156132.97,2,3,2,1,181,1,13,True,False,False,False,False,False,True,True,47.0,north,inline,Tejgaon,apartment
355.59,5104.55,4542.57,8774.62,245.0,260.0,250.0,280.0,380.0,20.0,8.0,2006,259.67,2163.87,81.83,57028085.62,3,6,5,3,1,2,3,False,False,True,True,True,False,True,True,17.0,south,dedicated,Cantonment,villa
111.58,1689.04,1294.61,1905.75,1240.0,440.0,890.0,850.0,890.0,39.0,17.0,1987,29.11,496.73,12.92,5921696.88,3,4,3,17,89,0,27,True,False,False,True,True,False,False,False,50.0,east,dedicated,Old Dhaka,condominium
75.65,1074.02,824.92,1164.54,1135.0,960.0,380.0,340.0,510.0,20.0,11.0,2006,29.66,250.03,12.22,3608702.89,2,2,2,24,146,1,27,False,False,True,False,True,False,False,False,34.0,east,inline,Jatrabari,apartment
92.09,1228.14,1080.14,1290.83,970.0,840.0,250.0,450.0,130.0,18.0,22.0,2008,48.96,480.02,19.68,7135118.77,3,3,3,24,193,3,27,True,False,True,True,True,False,True,False,21.0,south,inline,Motijheel,apartment
50.58,1312.31,1042.33,1490.41,580.0,710.0,1480.0,660.0,1180.0,14.0,21.0,2012,34.6,207.26,18.37,5071863.59,3,4,3,3,15,1,15,True,False,False,False,True,True,False,True,71.0,east,inline,Lalbagh,apartment
213.19,4548.02,3941.78,5111.32,445.0,550.0,580.0,300.0,500.0,33.0,13.0,1993,146.36,1727.43,132.37,47683467.14,3,6,5,2,142,1,19,True,True,False,False,False,False,True,False,37.0,west,dedicated,Cantonment,penthouse
504.14,7189.73,5458.28,13754.84,375.0,460.0,250.0,640.0,220.0,30.0,9.0,1996,284.94,3050.91,192.32,75303394.47,3,7,6,3,1,3,3,False,True,False,False,True,False,True,False,19.0,east,dedicated,Dhanmondi,villa
166.11,2306.33,1980.28,2739.76,595.0,540.0,360.0,80.0,670.0,32.0,14.0,1994,84.7,1519.83,36.97,19152220.21,3,6,6,1,31,3,18,True,True,True,True,True,True,False,True,77.0,north,dedicated,Gulshan,condominium
51.64,935.65,832.45,985.5,470.0,940.0,200.0,970.0,210.0,28.0,17.0,1998,27.07,228.73,10.62,3065192.97,3,3,3,1,154,3,15,True,False,False,False,True,False,False,False,39.0,south,inline,Khilgaon,apartment
91.9,1551.55,1179.14,1803.78,50.0,570.0,170.0,270.0,520.0,12.0,16.0,2014,92.1,920.34,42.63,14138373.9,3,5,4,6,173,3,17,True,False,True,True,True,True,False,False,75.0,south,dedicated,Uttara,apartment
64.25,1086.54,838.16,1265.95,820.0,250.0,1000.0,1220.0,850.0,2.0,8.0,2024,18.21,189.53,12.08,4883619.73,3,3,3,22,97,0,29,False,True,True,True,True,False,False,False,22.0,north,inline,Mirpur 1,condominium
170.53,2641.62,2185.17,2778.14,615.0,380.0,900.0,640.0,820.0,20.0,10.0,2006,58.04,878.93,28.41,12222033.03,3,6,6,13,31,1,20,False,True,False,False,False,False,False,False,51.0,east,dedicated,Mirpur 1,penthouse
46.3,723.78,590.74,828.89,690.0,1170.0,540.0,480.0,1080.0,18.0,7.0,2008,14.33,233.14,10.53,2852911.2,1,2,1,4,90,3,21,True,False,True,True,True,True,False,False,51.0,north,inline,Khilgaon,condominium
124.26,2282.41,1835.02,3403.21,295.0,470.0,610.0,220.0,340.0,15.0,23.0,2011,131.36,1291.65,55.53,22300854.23,3,5,4,1,1,2,2,False,True,True,True,True,True,True,True,67.0,west,dedicated,Gulshan,townhouse
303.15,4531.37,3490.78,6760.83,640.0,940.0,770.0,320.0,530.0,14.0,11.0,2012,115.74,1764.21,52.88,32612847.54,3,4,4,1,1,0,3,False,False,True,False,False,True,False,False,18.0,north,dedicated,Motijheel,bungalow
43.39,1099.69,985.23,1197.53,775.0,320.0,1130.0,920.0,550.0,23.0,13.0,2003,27.12,193.67,8.38,3698658.87,2,2,2,7,92,3,17,True,False,True,False,False,False,False,False,31.0,north,inline,Rampura,apartment
359.37,5330.12,4480.9,8423.32,655.0,70.0,230.0,190.0,680.0,28.0,21.0,1998,222.93,1857.57,133.17,50585547.72,3,7,6,1,1,1,4,True,True,False,True,True,False,True,True,28.0,east,dedicated,Niketon,triplex
48.42,1542.02,1254.78,2539.86,855.0,1120.0,650.0,710.0,280.0,1.0,21.0,2025,38.3,439.25,15.63,7520924.19,3,4,4,1,1,3,3,False,True,False,False,True,False,False,False,36.0,south,dedicated,Khilgaon,duplex
76.45,1637.91,1445.48,1843.5,285.0,610.0,650.0,460.0,260.0,20.0,20.0,2006,67.48,732.02,43.87,14116147.97,3,4,4,18,53,3,29,False,False,True,True,True,True,True,False,57.0,west,dedicated,Dhanmondi,condominium
57.92,1242.27,1090.02,1473.7,385.0,220.0,1000.0,1010.0,790.0,13.0,7.0,2013,34.65,397.77,15.38,4956851.57,2,3,2,8,77,1,10,True,False,False,False,True,False,False,False,79.0,west,inline,Jatrabari,condominium
46.29,1205.57,935.51,1328.59,690.0,870.0,1080.0,440.0,730.0,0.0,11.0,2026,21.73,297.79,11.75,5417812.78,2,3,2,5,33,1,8,True,False,True,False,True,False,True,False,70.0,west,inline,Mirpur 10,apartment
108.58,1877.21,1417.38,2196.24,520.0,350.0,210.0,350.0,250.0,20.0,13.0,2006,58.66,1152.79,54.71,16264160.38,3,4,4,5,131,2,16,True,True,True,True,True,True,True,True,49.0,north,dedicated,Niketon,apartment
71.62,1929.18,1693.28,2078.88,310.0,160.0,360.0,270.0,540.0,37.0,18.0,1989,51.25,720.29,32.01,10063089.32,3,4,4,3,181,3,9,True,False,True,False,True,True,False,False,36.0,west,dedicated,Kafrul,apartment
84.48,2083.72,1837.31,2345.7,705.0,910.0,470.0,730.0,790.0,25.0,22.0,2001,64.1,754.88,37.24,10767644.54,3,5,4,9,191,2,26,True,True,True,False,True,False,False,True,44.0,north,dedicated,Kafrul,apartment
60.01,1905.17,1449.95,2714.62,1385.0,1080.0,230.0,690.0,1220.0,39.0,21.0,1987,31.75,394.75,27.66,7522598.6,3,5,4,2,1,1,2,True,True,True,False,False,True,False,False,13.0,west,dedicated,Tejgaon,duplex
115.89,1911.85,1558.98,2217.27,275.0,600.0,680.0,460.0,660.0,5.0,16.0,2021,103.64,1010.02,57.03,20653594.65,3,5,4,3,82,1,15,True,True,True,True,True,True,True,True,69.0,east,dedicated,Gulshan,condominium
77.93,1501.98,1207.03,2634.73,1425.0,740.0,410.0,970.0,1240.0,15.0,7.0,2011,37.81,332.24,13.31,6413015.09,3,4,3,1,1,3,3,True,False,True,False,False,False,False,False,59.0,south,dedicated,Wari,duplex
39.09,1173.42,1000.22,1341.17,675.0,1440.0,1470.0,1040.0,1200.0,31.0,10.0,1995,33.32,362.7,10.18,4036324.06,2,2,2,12,188,0,24,True,False,False,False,False,False,False,True,75.0,north,inline,Wari,condominium
117.03,3332.34,2958.99,4828.72,450.0,620.0,400.0,140.0,470.0,12.0,22.0,2014,130.22,1333.36,88.87,36564057.94,3,5,4,1,1,1,1,False,True,True,False,True,True,False,False,42.0,east,dedicated,Bashundhara,bungalow
107.94,1564.54,1335.16,2235.38,450.0,1370.0,1100.0,1020.0,670.0,35.0,13.0,1991,25.46,450.39,19.16,6007582.48,3,5,4,2,1,2,3,True,False,False,True,True,False,False,False,15.0,west,dedicated,Wari,duplex
164.78,2408.45,2088.79,3697.36,685.0,320.0,330.0,330.0,90.0,12.0,18.0,2014,85.03,1532.07,53.14,25007214.25,3,6,5,3,1,1,4,False,False,True,True,True,True,True,False,75.0,east,dedicated,Cantonment,duplex
37.64,1060.03,853.53,1197.14,335.0,260.0,240.0,220.0,640.0,35.0,13.0,1991,61.16,440.2,27.75,9040563.27,3,4,3,7,119,2,27,True,True,False,True,True,True,True,True,75.0,south,inline,Gulshan,condominium
228.15,5861.73,4932.91,9788.13,710.0,630.0,400.0,710.0,200.0,24.0,7.0,2002,150.14,1404.77,77.86,27504634.35,3,5,4,1,1,0,2,False,True,True,False,False,True,False,False,12.0,east,dedicated,Jatrabari,villa
49.89,1222.1,1043.07,1436.73,1465.0,340.0,1370.0,780.0,900.0,23.0,12.0,2003,35.04,183.69,9.27,4110371.52,3,4,3,4,147,3,30,True,False,True,False,True,False,False,False,25.0,east,inline,Paltan,apartment
85.17,1896.26,1537.41,3437.79,420.0,450.0,720.0,110.0,800.0,35.0,19.0,1991,60.57,695.91,20.44,10880481.72,3,4,4,1,1,3,3,False,True,False,True,True,True,False,False,23.0,west,dedicated,Shyamoli,townhouse
117.86,2093.11,1658.4,2440.29,470.0,230.0,250.0,540.0,150.0,20.0,16.0,2006,101.67,909.9,53.16,18540383.0,3,3,3,5,30,1,6,True,True,True,True,True,True,False,True,79.0,east,dedicated,Cantonment,condominium
54.84,767.15,608.1,910.8,1340.0,950.0,1260.0,1100.0,1460.0,11.0,23.0,2015,17.99,224.03,10.18,3101334.0,2,3,2,4,165,3,14,False,False,True,False,True,True,False,False,67.0,east,inline,Lalbagh,condominium
216.39,3279.18,2531.22,5001.18,1430.0,1310.0,580.0,470.0,240.0,15.0,9.0,2011,49.9,736.54,25.65,14328963.03,3,4,4,1,1,3,1,False,True,False,False,False,False,False,False,19.0,west,dedicated,Mirpur 10,triplex
530.69,7736.65,6306.73,12469.27,490.0,290.0,490.0,560.0,460.0,16.0,8.0,2010,454.26,4751.63,137.21,95077270.01,3,6,5,1,1,1,3,False,True,True,True,True,True,True,False,31.0,north,dedicated,Bashundhara,villa
82.02,2464.47,2203.59,2646.6,415.0,350.0,470.0,230.0,100.0,22.0,12.0,2004,113.85,1286.77,52.6,21092303.69,3,4,4,14,150,2,25,True,False,True,False,True,True,True,False,51.0,north,dedicated,Banani,condominium
211.83,3952.06,3517.04,7534.82,975.0,120.0,790.0,730.0,290.0,18.0,20.0,2008,135.69,1159.41,51.17,28173740.02,3,6,5,2,1,2,2,False,True,True,True,True,False,True,False,36.0,south,dedicated,Mohammedpur,bungalow
39.38,1263.23,1092.72,1377.03,760.0,1460.0,560.0,1100.0,520.0,0.0,17.0,2026,34.59,363.03,17.38,5942223.62,3,4,3,1,124,0,19,True,False,True,True,False,True,True,True,61.0,east,inline,Khilgaon,apartment
86.62,2449.8,1946.99,3864.12,685.0,1360.0,670.0,900.0,550.0,13.0,14.0,2013,73.1,569.28,30.43,11708658.49,3,6,6,3,1,3,4,True,True,False,False,True,False,True,False,29.0,west,dedicated,Mirpur 1,triplex
51.14,1111.9,885.5,1278.01,295.0,510.0,270.0,390.0,300.0,4.0,8.0,2022,63.59,602.46,17.13,11357424.81,2,2,2,1,164,1,19,True,False,True,True,True,True,True,True,14.0,east,inline,Banani,apartment
57.97,861.93,759.73,936.13,325.0,1150.0,1040.0,750.0,580.0,12.0,11.0,2014,18.14,214.87,10.3,3472407.59,2,2,2,1,131,2,14,True,False,False,True,True,True,False,False,16.0,east,inline,Malibagh,apartment
399.88,5047.71,4366.43,6041.27,315.0,240.0,540.0,650.0,150.0,23.0,10.0,2003,283.68,1520.63,106.01,53835177.81,3,7,6,7,117,2,17,False,False,True,True,True,True,True,False,48.0,south,dedicated,Bashundhara,penthouse
71.15,1171.75,908.55,1287.51,955.0,390.0,340.0,600.0,160.0,14.0,15.0,2012,24.11,502.02,19.14,7139593.61,2,2,2,7,35,2,15,True,True,False,False,True,True,False,False,47.0,north,inline,Kafrul,apartment
179.71,3108.25,2589.33,3695.37,535.0,910.0,540.0,730.0,840.0,24.0,12.0,2002,68.09,650.69,51.05,21972686.91,3,4,4,4,101,2,7,True,False,True,True,True,False,False,False,17.0,east,dedicated,Farmgate,penthouse
388.69,5924.28,5141.38,10465.51,220.0,100.0,630.0,100.0,60.0,11.0,16.0,2015,267.87,3070.01,91.64,75034485.69,3,6,5,2,1,3,2,False,True,True,True,True,True,False,False,22.0,east,dedicated,Niketon,villa
164.67,3597.03,3175.71,5580.98,300.0,370.0,680.0,370.0,650.0,28.0,22.0,1998,163.95,2059.86,97.18,31831059.13,3,6,5,1,1,2,3,False,True,True,False,True,True,True,False,63.0,north,dedicated,Baridhara,duplex
