id,split,MinTemp,MaxTemp,MedTemp,Rainfall,Sunshine,Humidity9am,Humidity3pm,Pressure9am,Pressure3pm,Temp9am,Temp3pm
2008-02-01,labeled,19.5,22.4,20.95,15.6,0.0,92.0,84.0,1017.6,1017.4,20.7,20.9
2008-02-02,labeled,19.5,25.6,22.55,6.0,2.7,83.0,73.0,1017.9,1016.4,22.4,24.8
2008-02-03,labeled,21.6,24.5,23.05,6.6,0.1,88.0,86.0,1016.7,1015.6,23.5,23.0
2008-02-04,labeled,20.2,22.8,21.5,18.8,0.0,83.0,90.0,1014.2,1011.8,21.4,20.9
2008-02-05,labeled,19.7,25.7,22.7,77.4,0.0,88.0,74.0,1008.3,1004.8,22.5,25.5
2008-02-06,labeled,20.2,27.2,23.7,1.6,8.6,69.0,62.0,1002.7,998.6,23.8,26.0
2008-02-07,labeled,18.6,26.3,22.450000000000003,6.2,5.2,75.0,80.0,999.0,1000.3,21.7,22.3
2008-02-08,labeled,17.2,22.3,19.75,27.6,2.1,77.0,61.0,1008.3,1007.4,18.9,21.1
2008-02-09,labeled,16.4,20.8,18.6,12.6,3.0,92.0,91.0,1006.4,1007.6,17.1,16.5
2008-02-10,labeled,14.6,24.2,19.4,8.8,10.1,80.0,53.0,1014.0,1013.4,17.2,23.3
2008-02-11,labeled,16.4,23.9,20.15,0.0,8.0,78.0,53.0,1017.6,1015.3,18.9,23.7
2008-02-12,labeled,18.9,27.3,23.1,0.0,6.7,68.0,67.0,1010.7,1007.5,22.9,24.7
2008-02-13,labeled,18.4,22.8,20.6,14.4,3.3,87.0,70.0,1009.2,1011.7,20.9,21.0
2008-02-14,labeled,16.9,24.3,20.6,3.0,8.7,81.0,51.0,1017.2,1016.5,18.4,23.3
2008-02-15,labeled,18.3,24.4,21.35,0.0,8.5,80.0,56.0,1020.2,1018.9,19.5,23.8
2008-02-16,labeled,16.7,24.1,20.4,0.0,8.8,77.0,52.0,1023.0,1022.6,19.8,23.3
2008-02-17,labeled,19.5,24.8,22.15,0.0,3.2,63.0,62.0,1024.7,1023.1,21.8,23.4
2008-02-18,labeled,18.6,25.3,21.950000000000003,0.0,4.5,70.0,59.0,1021.7,1019.4,21.2,23.8
2008-02-19,labeled,19.0,24.8,21.9,0.0,7.5,79.0,65.0,1018.0,1015.4,20.8,23.4
2008-02-20,labeled,18.3,26.4,22.35,0.0,11.1,80.0,60.0,1013.4,1010.8,21.3,25.2
2008-02-21,labeled,20.6,26.8,23.700000000000003,0.0,6.4,86.0,62.0,1011.4,1009.7,22.1,24.9
2008-02-22,labeled,19.1,25.4,22.25,0.4,9.4,77.0,66.0,1009.2,1003.1,22.3,24.9
2008-02-23,labeled,20.5,26.0,23.25,0.0,12.2,38.0,45.0,1007.4,1007.0,22.5,24.0
2008-02-24,labeled,16.5,28.3,22.4,0.0,12.0,48.0,40.0,1007.9,1008.0,21.2,26.1
2008-02-25,labeled,20.5,24.2,22.35,0.0,1.5,58.0,54.0,1017.5,1016.9,21.6,23.5
2008-02-26,labeled,19.3,26.2,22.75,0.0,8.4,73.0,65.0,1018.3,1015.6,23.0,25.8
2008-02-27,labeled,19.0,29.0,24.0,22.2,3.3,82.0,52.0,1014.1,1010.6,21.3,24.7
2008-02-28,labeled,17.9,21.4,19.65,4.2,0.0,77.0,88.0,1010.0,1010.1,20.4,19.2
2008-02-29,labeled,14.7,20.6,17.65,33.0,8.9,65.0,51.0,1015.3,1015.6,17.1,19.9
2008-03-01,labeled,12.8,22.0,17.4,0.2,11.3,55.0,46.0,1020.9,1020.6,15.9,21.2
2008-03-02,labeled,14.2,23.4,18.8,5.4,7.3,93.0,54.0,1026.2,1025.2,15.1,22.4
2008-03-03,labeled,15.0,23.1,19.05,0.2,11.2,78.0,57.0,1025.8,1022.5,18.2,22.5
2008-03-04,labeled,15.5,25.4,20.45,0.0,11.3,77.0,57.0,1020.5,1018.6,18.7,23.8
2008-03-05,labeled,18.7,25.8,22.25,0.0,8.7,72.0,64.0,1024.8,1024.2,22.6,24.1
2008-03-06,labeled,19.6,26.0,22.8,0.0,10.4,67.0,65.0,1024.2,1019.8,22.1,24.7
2008-03-07,labeled,19.9,24.9,22.4,0.0,4.5,83.0,75.0,1021.3,1020.7,22.9,23.3
2008-03-08,labeled,16.5,24.8,20.65,17.4,9.6,88.0,71.0,1023.4,1022.3,18.8,21.5
2008-03-09,labeled,16.4,24.3,20.35,0.0,10.2,82.0,64.0,1025.5,1025.2,19.7,23.8
2008-03-10,labeled,19.3,26.3,22.8,0.0,10.8,76.0,50.0,1025.1,1022.5,22.9,25.5
2008-03-11,labeled,18.6,26.1,22.35,0.0,11.3,72.0,58.0,1022.0,1021.4,21.9,26.0
2008-03-12,labeled,19.3,26.4,22.85,0.0,11.1,77.0,60.0,1021.9,1018.8,22.2,25.0
2008-03-13,labeled,19.2,26.1,22.65,0.0,10.6,84.0,69.0,1019.7,1019.0,22.4,25.3
2008-03-14,labeled,18.8,26.0,22.4,0.0,11.0,84.0,62.0,1022.8,1020.0,21.8,25.7
2008-03-15,labeled,19.3,26.1,22.700000000000003,0.0,11.3,80.0,64.0,1022.1,1020.9,22.5,25.6
2008-03-16,labeled,19.7,25.8,22.75,0.0,10.1,81.0,69.0,1024.6,1022.6,22.8,24.7
2008-03-17,labeled,19.5,25.7,22.6,0.0,10.0,82.0,60.0,1024.8,1022.8,22.0,25.4
2008-03-18,labeled,19.0,26.7,22.85,0.0,9.7,73.0,58.0,1023.3,1020.0,22.2,25.6
2008-03-19,labeled,19.9,26.9,23.4,0.0,6.3,70.0,60.0,1021.2,1019.4,23.9,24.9
2008-03-20,labeled,19.7,28.1,23.9,0.0,10.4,70.0,58.0,1014.3,1009.6,23.5,27.6
2008-03-21,labeled,17.7,19.6,18.65,1.0,0.0,87.0,80.0,1017.3,1018.9,17.8,18.4
2008-03-22,labeled,16.9,23.2,20.05,2.2,0.6,81.0,60.0,1022.8,1022.2,19.6,21.7
2008-03-23,labeled,16.3,24.8,20.55,0.4,6.1,82.0,57.0,1023.1,1020.6,18.5,24.8
2008-03-24,labeled,18.5,24.3,21.4,17.0,8.0,95.0,72.0,1018.7,1015.3,19.9,23.3
2008-03-25,labeled,19.8,27.5,23.65,0.4,2.5,81.0,58.0,1011.1,1006.9,21.4,27.0
2008-03-26,labeled,17.0,27.2,22.1,19.0,10.5,76.0,38.0,1008.9,1007.9,20.5,27.1
2008-03-27,labeled,15.0,23.6,19.3,0.0,11.0,52.0,42.0,1014.7,1013.4,17.5,21.8
2008-03-28,labeled,15.2,21.7,18.45,0.0,8.3,71.0,51.0,1017.1,1016.2,18.3,21.2
2008-03-29,labeled,14.4,22.9,18.65,0.2,9.3,85.0,65.0,1015.4,1011.2,16.7,21.7
2008-03-30,labeled,13.1,26.8,19.95,0.0,10.9,61.0,22.0,1013.0,1009.0,16.9,25.9
2008-03-31,labeled,13.5,25.6,19.55,0.0,10.4,57.0,31.0,1015.0,1012.5,16.3,24.9
2008-04-01,labeled,13.7,23.9,18.8,0.0,11.0,55.0,54.0,1023.0,1021.5,16.7,23.3
2008-04-02,labeled,14.1,28.7,21.4,0.0,10.5,75.0,34.0,1019.0,1012.4,17.8,28.0
2008-04-03,labeled,16.4,22.2,19.3,0.0,9.7,42.0,21.0,1009.9,1010.8,16.6,21.2
2008-04-04,labeled,11.2,22.2,16.7,0.0,10.6,47.0,37.0,1020.8,1019.2,13.9,21.0
2008-04-05,labeled,11.6,22.7,17.15,0.0,10.7,71.0,50.0,1024.5,1023.4,15.2,21.0
2008-04-06,labeled,13.1,22.7,17.9,0.0,6.4,71.0,55.0,1027.2,1024.6,17.7,22.1
2008-04-07,labeled,15.3,22.0,18.65,12.0,4.7,83.0,70.0,1026.3,1024.2,18.2,19.8
2008-04-08,labeled,14.6,22.1,18.35,9.6,5.1,86.0,75.0,1026.5,1024.1,17.0,18.9
2008-04-09,labeled,15.6,22.2,18.9,22.8,5.8,96.0,62.0,1024.6,1021.4,16.3,21.1
2008-04-10,labeled,13.8,22.7,18.25,2.2,10.6,77.0,60.0,1022.1,1019.7,18.7,21.9
2008-04-11,labeled,14.1,23.5,18.8,0.0,8.9,83.0,61.0,1020.1,1017.5,17.1,22.1
2008-04-12,labeled,14.0,23.8,18.9,0.0,7.8,79.0,59.0,1018.6,1016.0,17.6,22.2
2008-04-13,labeled,15.1,22.7,18.9,0.0,6.6,81.0,75.0,1016.4,1013.4,17.4,19.7
2008-04-14,labeled,13.2,18.9,16.049999999999997,11.0,5.2,82.0,64.0,1019.6,1019.2,15.9,18.8
2008-04-15,labeled,13.8,19.7,16.75,2.8,1.7,85.0,71.0,1025.4,1023.9,15.9,19.0
2008-04-16,labeled,13.8,20.9,17.35,1.4,2.2,78.0,85.0,1026.4,1024.6,17.2,16.2
2008-04-17,labeled,14.9,19.7,17.3,4.6,0.8,91.0,72.0,1025.1,1023.4,16.4,19.4
2008-04-18,labeled,15.3,20.0,17.65,6.4,0.3,94.0,75.0,1025.4,1023.7,16.4,19.6
2008-04-19,labeled,15.9,21.4,18.65,5.0,5.0,51.0,61.0,1027.2,1026.1,19.3,19.5
2008-04-20,labeled,15.2,19.1,17.15,2.8,1.3,79.0,75.0,1026.6,1023.7,17.3,18.4
2008-04-21,labeled,14.7,19.3,17.0,21.8,4.6,91.0,70.0,1023.2,1021.4,16.6,19.0
2008-04-22,labeled,14.4,20.3,17.35,10.2,2.0,90.0,55.0,1023.6,1022.3,16.1,20.1
2008-04-23,labeled,14.7,17.9,16.299999999999997,12.6,0.7,90.0,89.0,1024.0,1022.1,16.2,17.2
2008-04-24,labeled,14.7,20.0,17.35,15.6,2.5,93.0,80.0,1021.3,1018.6,16.8,19.3
2008-04-25,labeled,16.8,21.2,19.0,5.4,2.6,55.0,69.0,1021.3,1013.9,19.7,20.3
2008-04-26,labeled,12.7,24.8,18.75,0.4,10.2,81.0,38.0,1011.2,1007.0,15.6,24.6
2008-04-27,labeled,15.6,26.1,20.85,0.0,7.6,51.0,28.0,1005.2,999.1,20.3,25.7
2008-04-28,labeled,11.9,16.8,14.35,0.0,8.5,46.0,33.0,1007.4,1008.6,13.7,15.6
2008-04-29,labeled,8.6,18.4,13.5,0.0,10.5,54.0,41.0,1020.4,1019.8,11.7,17.8
2008-04-30,labeled,8.4,19.6,14.0,0.0,9.8,68.0,50.0,1024.2,1021.3,11.6,18.1
2008-05-01,labeled,11.6,18.2,14.9,0.0,2.7,74.0,56.0,1019.7,1016.7,13.4,18.1
2008-05-02,labeled,10.8,22.2,16.5,0.0,9.1,65.0,44.0,1018.7,1015.3,14.5,21.7
2008-05-03,labeled,10.9,19.6,15.25,0.0,10.5,62.0,52.0,1019.3,1016.9,14.1,18.6
2008-05-04,labeled,9.4,20.3,14.85,0.0,10.3,64.0,47.0,1021.1,1018.3,12.4,19.4
2008-05-05,labeled,9.4,22.3,15.85,0.0,10.0,71.0,34.0,1018.7,1015.2,12.4,22.2
2008-05-06,labeled,11.8,23.6,17.700000000000003,0.0,3.1,74.0,48.0,1017.1,1013.3,13.7,21.1
2008-05-07,labeled,13.0,23.0,18.0,0.0,9.4,57.0,44.0,1014.3,1011.8,16.5,22.0
2008-05-08,labeled,11.0,21.8,16.4,0.0,10.2,63.0,45.0,1019.2,1017.5,14.0,20.8
2008-05-09,labeled,11.0,21.9,16.45,0.0,10.1,75.0,60.0,1021.4,1020.2,14.3,20.6
2008-05-10,labeled,12.6,21.3,16.95,0.0,9.6,86.0,67.0,1022.2,1019.6,15.2,19.3
2008-05-11,labeled,14.0,19.4,16.7,0.0,2.1,84.0,67.0,1023.1,1021.2,16.8,18.7
2008-05-12,labeled,12.4,19.5,15.95,0.0,7.3,88.0,63.0,1023.5,1020.5,14.9,19.2
2008-05-13,labeled,13.2,19.7,16.45,0.0,4.2,88.0,67.0,1023.4,1021.7,15.0,18.1
2008-05-14,labeled,11.2,20.6,15.9,0.0,9.7,82.0,64.0,1023.8,1020.5,13.8,20.0
2008-05-15,labeled,12.0,21.4,16.7,0.2,8.7,90.0,60.0,1022.2,1017.8,13.9,21.3
2008-05-16,labeled,13.8,23.2,18.5,1.2,6.4,78.0,66.0,1017.1,1013.0,15.9,20.9
2008-05-17,labeled,15.2,21.8,18.5,0.0,6.9,52.0,41.0,1008.4,1003.6,19.2,20.9
2008-05-18,labeled,8.8,17.8,13.3,0.0,9.4,57.0,36.0,1007.0,1006.3,11.6,17.0
2008-05-19,labeled,10.7,20.5,15.6,0.0,9.9,58.0,36.0,1015.7,1013.3,12.5,20.3
2008-05-20,labeled,10.3,21.7,16.0,0.0,10.0,64.0,38.0,1020.1,1017.5,13.0,21.3
2008-05-21,labeled,11.1,18.9,15.0,0.0,6.1,74.0,64.0,1022.4,1022.8,13.5,17.3
2008-05-22,labeled,11.9,18.7,15.3,0.0,7.5,63.0,52.0,1028.2,1026.2,15.1,17.4
2008-05-23,labeled,11.0,18.4,14.7,0.0,5.4,76.0,53.0,1026.9,1024.6,12.7,17.1
2008-05-24,labeled,11.4,20.1,15.75,0.0,9.1,71.0,39.0,1025.4,1022.7,13.3,19.3
2008-05-25,labeled,8.8,18.3,13.55,0.0,6.5,78.0,58.0,1025.1,1022.2,11.1,16.9
2008-05-26,labeled,10.9,21.1,16.0,0.4,9.1,81.0,58.0,1025.9,1022.6,12.9,19.5
2008-05-27,labeled,11.5,22.4,16.95,0.0,8.7,82.0,71.0,1024.6,1021.8,13.6,19.1
2008-05-28,labeled,11.0,19.2,15.1,0.0,3.9,80.0,74.0,1025.6,1023.9,12.8,18.6
2008-05-29,labeled,11.0,18.6,14.8,1.0,4.6,86.0,76.0,1030.2,1029.1,12.7,17.6
2008-05-30,labeled,10.9,21.0,15.95,0.2,5.6,87.0,58.0,1032.0,1028.7,12.7,19.6
2008-05-31,labeled,10.8,20.1,15.45,0.0,9.4,90.0,61.0,1028.6,1026.66,11.7,19.4
2008-06-01,labeled,11.6,20.5,16.05,0.2,0.3,91.0,74.0,1029.3,1027.0,14.3,18.7
2008-06-02,labeled,14.3,17.6,15.95,22.0,0.1,97.0,90.0,1027.3,1024.8,15.3,17.1
2008-06-03,labeled,15.2,19.1,17.15,4.0,0.0,98.0,90.0,1026.4,1024.1,15.6,16.7
2008-06-04,labeled,15.5,18.3,16.9,9.2,0.0,87.0,88.0,1023.1,1020.5,17.5,17.2
2008-06-05,labeled,15.2,16.9,16.049999999999997,46.4,0.0,82.0,84.0,1020.1,1018.6,16.0,16.6
2008-06-06,labeled,14.7,17.4,16.049999999999997,12.4,1.8,81.0,70.0,1021.2,1020.3,15.1,16.6
2008-06-07,labeled,11.7,18.2,14.95,0.0,8.8,76.0,49.0,1025.0,1025.7,13.3,17.9
2008-06-08,labeled,12.7,17.7,15.2,6.0,0.5,97.0,71.0,1032.1,1029.8,14.1,17.2
2008-06-09,labeled,13.0,16.9,14.95,3.6,1.2,96.0,89.0,1030.9,1028.0,13.9,16.2
2008-06-10,labeled,12.4,19.9,16.15,1.6,3.9,98.0,68.0,1027.5,1023.9,13.2,19.1
2008-06-11,labeled,13.2,19.9,16.549999999999997,0.0,0.0,74.0,70.0,1022.9,1020.6,17.3,19.6
2008-06-12,labeled,13.7,22.1,17.9,5.4,6.9,97.0,64.0,1022.4,1018.1,14.1,20.1
2008-06-13,labeled,14.0,18.8,16.4,0.0,8.6,67.0,42.0,1012.2,1011.5,16.6,16.7
2008-06-14,labeled,9.6,14.6,12.1,0.0,3.4,49.0,52.0,1022.0,1022.5,11.2,14.1
2008-06-15,labeled,10.6,15.3,12.95,0.0,0.1,75.0,87.0,1024.4,1022.8,13.7,14.5
2008-06-16,labeled,13.3,16.8,15.05,7.2,2.4,86.0,83.0,1024.2,1023.0,15.0,15.8
2008-06-17,labeled,13.1,17.5,15.3,3.4,1.3,88.0,73.0,1026.7,1024.8,14.2,17.3
2008-06-18,labeled,13.6,19.4,16.5,0.0,4.1,90.0,69.0,1025.5,1022.1,14.8,19.2
2008-06-19,labeled,12.8,20.3,16.55,0.0,5.0,91.0,69.0,1020.3,1017.4,13.9,18.6
2008-06-20,labeled,13.8,17.9,15.85,3.6,0.6,81.0,60.0,1018.3,1016.2,14.3,17.2
2008-06-21,labeled,11.6,18.5,15.05,2.2,9.4,66.0,40.0,1020.7,1018.9,13.2,18.0
2008-06-22,labeled,9.7,17.3,13.5,0.0,9.3,61.0,54.0,1023.2,1024.0,11.4,16.3
2008-06-23,labeled,8.2,17.1,12.65,0.0,7.0,74.0,43.0,1023.7,1020.4,9.9,17.0
2008-06-24,labeled,9.2,19.2,14.2,0.0,9.2,72.0,45.0,1027.0,1023.1,10.7,18.8
2008-06-25,labeled,9.9,19.6,14.75,0.0,9.8,69.0,43.0,1024.6,1020.6,11.8,19.4
2008-06-26,labeled,10.2,20.2,15.2,0.0,9.7,47.0,38.0,1017.0,1016.8,14.6,19.3
2008-06-27,labeled,9.5,19.4,14.45,0.0,9.3,57.0,32.0,1025.9,1023.6,10.8,18.9
2008-06-28,labeled,7.9,18.7,13.3,0.0,8.8,68.0,43.0,1027.6,1024.7,10.1,18.1
2008-06-29,labeled,7.9,21.0,14.45,0.0,9.8,84.0,42.0,1024.1,1018.8,9.2,20.8
2008-06-30,labeled,9.2,22.1,15.65,0.0,9.8,47.0,35.0,1017.1,1010.3,13.8,21.6
2008-07-01,labeled,10.3,19.6,14.95,0.2,9.5,45.0,34.0,1011.0,1008.5,13.1,19.2
2008-07-02,labeled,10.8,19.2,15.0,0.0,9.7,55.0,35.0,1012.5,1011.2,14.6,18.8
2008-07-03,labeled,9.2,17.9,13.55,0.0,9.6,63.0,42.0,1022.7,1020.8,10.7,17.4
2008-07-04,labeled,8.2,15.0,11.6,1.2,0.4,84.0,88.0,1029.0,1028.2,9.1,12.9
2008-07-05,labeled,9.1,17.4,13.25,14.2,2.5,78.0,48.0,1031.9,1028.9,11.3,16.8
2008-07-06,labeled,8.3,18.4,13.35,0.0,7.8,84.0,59.0,1029.2,1025.7,9.8,17.7
2008-07-07,labeled,9.7,19.8,14.75,0.0,4.3,87.0,55.0,1024.4,1019.7,11.3,19.3
2008-07-08,labeled,10.5,17.2,13.85,0.2,5.5,80.0,49.0,1020.9,1017.4,12.1,16.4
2008-07-09,labeled,6.9,13.3,10.1,0.0,4.6,57.0,43.0,1018.0,1015.7,9.6,13.2
2008-07-10,labeled,7.2,15.8,11.5,1.8,4.9,58.0,38.0,1014.6,1010.0,10.2,15.8
2008-07-11,labeled,10.0,16.5,13.25,0.0,9.8,46.0,27.0,1016.5,1017.0,11.3,16.1
2008-07-12,labeled,5.7,15.9,10.8,0.0,8.3,67.0,45.0,1027.5,1023.5,7.8,15.0
2008-07-13,labeled,7.8,17.3,12.55,0.0,0.0,67.0,58.0,1024.2,1021.2,11.5,17.1
2008-07-14,labeled,10.1,23.1,16.6,0.0,6.1,80.0,54.0,1021.5,1017.3,12.0,22.9
2008-07-15,labeled,9.7,19.8,14.75,0.0,9.7,81.0,70.0,1020.8,1018.4,11.1,17.4
2008-07-16,labeled,8.9,18.0,13.45,0.0,9.6,81.0,50.0,1022.2,1019.1,10.8,17.4
2008-07-17,labeled,8.2,18.5,13.35,0.0,9.0,84.0,38.0,1019.2,1013.3,10.1,17.3
2008-07-18,labeled,8.2,18.7,13.45,0.0,8.7,73.0,21.0,1010.1,1007.3,10.1,17.9
2008-07-19,labeled,8.1,18.2,13.15,0.0,9.5,53.0,32.0,1016.2,1014.1,10.9,18.2
2008-07-20,labeled,10.8,17.6,14.2,0.0,0.0,41.0,55.0,1015.4,1008.6,14.6,16.8
2008-07-21,labeled,10.4,17.5,13.95,2.8,9.7,56.0,31.0,1006.2,1008.1,13.1,16.7
2008-07-22,labeled,7.2,15.1,11.15,0.0,10.0,52.0,31.0,1024.8,1025.2,8.8,13.9
2008-07-23,labeled,5.5,14.7,10.1,0.0,4.0,67.0,61.0,1031.5,1029.6,7.0,14.1
2008-07-24,labeled,6.9,15.9,11.4,7.0,1.7,95.0,70.0,1029.3,1025.4,10.9,14.7
2008-07-25,labeled,9.8,12.7,11.25,8.8,0.1,93.0,81.0,1022.6,1020.1,10.5,12.6
2008-07-26,labeled,6.2,17.0,11.6,16.2,8.6,79.0,47.0,1018.3,1014.3,8.4,15.5
2008-07-27,labeled,6.3,17.6,11.95,0.0,7.6,71.0,41.0,1013.1,1008.6,9.1,16.4
2008-07-28,labeled,7.0,13.6,10.3,3.8,3.6,79.0,79.0,1011.3,1011.3,8.4,10.2
2008-07-29,labeled,8.0,15.0,11.5,33.2,6.9,86.0,59.0,1017.2,1015.1,9.1,13.5
2008-07-30,labeled,6.0,17.0,11.5,0.2,9.7,65.0,43.0,1016.7,1013.7,9.4,16.2
2008-07-31,labeled,6.0,20.3,13.15,0.0,10.2,71.0,42.0,1016.6,1011.6,7.9,18.5
2008-08-01,labeled,7.9,20.8,14.35,0.0,1.8,40.0,46.0,1004.8,1003.3,17.2,16.8
2008-08-02,labeled,9.7,16.8,13.25,0.0,10.1,48.0,32.0,1013.2,1013.3,11.9,16.6
2008-08-03,labeled,9.4,18.8,14.1,0.0,10.0,52.0,34.0,1020.4,1017.7,11.6,18.7
2008-08-04,labeled,8.1,17.2,12.65,0.0,5.9,62.0,45.0,1020.4,1017.1,10.6,15.0
2008-08-05,labeled,6.6,16.3,11.45,0.0,8.5,67.0,52.0,1019.1,1016.1,9.2,16.3
2008-08-06,labeled,8.8,15.5,12.15,0.0,3.4,89.0,70.0,1014.9,1015.6,9.5,14.3
2008-08-07,labeled,8.3,16.5,12.4,0.8,6.0,74.0,75.0,1017.9,1014.6,10.9,11.4
2008-08-08,labeled,8.2,18.6,13.4,4.6,5.7,58.0,38.0,1016.4,1016.9,11.7,18.4
2008-08-09,labeled,6.9,17.3,12.1,0.0,9.6,56.0,37.0,1021.9,1018.1,9.9,16.4
2008-08-10,labeled,6.7,15.6,11.15,0.0,5.9,62.0,38.0,1016.2,1011.8,10.5,13.5
2008-08-11,labeled,7.0,15.9,11.45,0.4,10.7,46.0,35.0,1016.0,1015.4,9.4,15.4
2008-08-12,labeled,6.8,16.3,11.55,0.0,10.0,50.0,28.0,1021.7,1018.8,10.7,15.8
2008-08-13,labeled,8.4,17.4,12.9,0.0,10.5,49.0,34.0,1023.0,1021.9,12.2,16.0
2008-08-14,labeled,7.2,18.5,12.85,0.0,10.4,51.0,28.0,1021.1,1015.6,10.2,18.0
2008-08-15,labeled,9.4,18.8,14.1,0.0,10.7,49.0,33.0,1013.4,1010.2,12.4,18.1
2008-08-16,labeled,10.5,18.0,14.25,0.0,9.2,48.0,42.0,1011.8,1010.5,13.2,16.6
2008-08-17,labeled,6.9,16.4,11.65,0.0,10.4,45.0,35.0,1021.9,1021.8,10.4,15.5
2008-08-18,labeled,5.6,15.8,10.7,0.0,7.6,59.0,33.0,1024.9,1021.2,9.2,15.3
2008-08-19,labeled,5.3,17.6,11.45,0.6,10.8,65.0,32.0,1028.8,1025.4,9.5,17.5
2008-08-20,labeled,8.2,19.5,13.85,0.0,7.4,58.0,35.0,1026.6,1023.2,12.6,19.2
2008-08-21,labeled,9.4,20.2,14.8,0.0,1.1,58.0,44.0,1022.5,1017.1,12.0,18.2
2008-08-22,labeled,10.2,11.9,11.05,2.6,0.0,90.0,87.0,1016.1,1015.5,10.5,10.5
2008-08-23,labeled,7.3,14.8,11.05,20.8,5.9,65.0,53.0,1022.8,1024.1,11.2,13.4
2008-08-24,labeled,5.5,17.3,11.4,0.0,10.4,63.0,47.0,1029.6,1027.9,9.8,16.6
2008-08-25,labeled,8.2,16.4,12.3,0.0,7.1,76.0,48.0,1029.9,1024.8,11.1,16.0
2008-08-26,labeled,8.5,21.5,15.0,0.0,9.3,78.0,51.0,1023.4,1019.3,11.1,18.7
2008-08-27,labeled,9.2,17.6,13.4,0.0,8.4,59.0,51.0,1025.1,1025.3,13.1,15.3
2008-08-28,labeled,8.8,16.9,12.85,2.4,8.5,85.0,59.0,1028.0,1025.3,12.0,15.8
2008-08-29,labeled,8.7,18.2,13.45,0.0,10.1,70.0,62.0,1025.7,1022.3,12.5,16.1
2008-08-30,labeled,8.1,16.0,12.05,0.0,6.3,82.0,65.0,1023.4,1019.1,12.1,15.7
2008-08-31,labeled,12.1,19.2,15.65,12.0,0.3,91.0,71.0,1011.2,1009.555,15.3,19.1
2008-09-01,labeled,10.4,21.0,15.7,0.2,11.3,54.0,41.0,1022.9,1020.8,15.0,19.0
2008-09-02,labeled,8.7,20.6,14.65,0.0,11.1,56.0,39.0,1026.1,1024.4,14.1,18.9
2008-09-03,labeled,9.7,17.9,13.8,0.0,6.2,67.0,64.0,1032.6,1032.4,15.8,16.0
2008-09-04,labeled,13.5,17.1,15.3,0.4,0.7,55.0,64.0,1034.2,1031.0,15.4,15.8
2008-09-05,labeled,13.1,15.7,14.4,1.6,0.0,76.0,88.0,1024.9,1020.8,15.6,14.2
2008-09-06,labeled,11.8,14.2,13.0,62.2,0.0,92.0,88.0,1014.8,1013.1,13.0,12.3
2008-09-07,labeled,9.5,19.0,14.25,21.6,9.4,69.0,51.0,1016.4,1014.1,14.1,18.3
2008-09-08,labeled,9.4,17.5,13.45,0.0,9.9,68.0,51.0,1019.5,1018.2,13.9,16.4
2008-09-09,labeled,8.4,16.4,12.4,0.0,10.9,49.0,43.0,1025.0,1021.9,12.6,15.4
2008-09-10,labeled,7.0,16.8,11.9,0.0,10.7,66.0,44.0,1022.7,1019.1,12.4,16.6
2008-09-11,labeled,7.1,17.7,12.4,0.0,10.3,72.0,60.0,1019.2,1014.2,12.3,16.8
2008-09-12,labeled,8.7,24.3,16.5,0.0,10.8,53.0,35.0,1014.9,1010.8,14.8,21.9
2008-09-13,labeled,14.8,30.6,22.700000000000003,0.0,10.6,40.0,47.0,1014.1,1010.4,24.3,25.0
2008-09-14,labeled,17.2,23.5,20.35,3.6,2.8,82.0,79.0,1011.8,1007.4,18.0,19.3
2008-09-15,labeled,16.9,27.9,22.4,4.0,11.0,58.0,23.0,1009.7,1003.4,22.5,27.8
2008-09-16,labeled,12.3,19.8,16.05,0.0,11.3,30.0,25.0,1015.8,1016.5,14.3,19.5
2008-09-17,labeled,10.7,16.3,13.5,0.0,4.6,60.0,58.0,1026.4,1023.4,14.8,15.0
2008-09-18,labeled,9.4,19.4,14.4,0.0,10.1,63.0,61.0,1021.4,1016.2,15.7,18.3
2008-09-19,labeled,14.6,25.8,20.2,0.0,10.4,67.0,47.0,1015.8,1011.0,19.4,24.0
2008-09-20,labeled,18.8,32.8,25.8,0.0,10.9,46.0,17.0,1010.1,1005.9,25.8,31.6
2008-09-21,labeled,15.8,21.6,18.700000000000003,0.0,10.9,73.0,61.0,1019.8,1014.4,18.0,20.7
2008-09-22,labeled,13.2,29.8,21.5,0.0,7.5,64.0,33.0,1011.6,1007.0,19.1,27.6
2008-09-23,labeled,15.6,17.0,16.3,2.6,3.0,88.0,60.0,1015.5,1018.0,15.6,16.9
2008-09-24,labeled,9.7,18.6,14.15,2.2,11.1,60.0,50.0,1030.3,1028.6,16.2,17.5
2008-09-25,labeled,10.3,18.6,14.45,0.0,10.9,67.0,54.0,1031.6,1027.8,16.0,18.2
2008-09-26,labeled,11.3,22.2,16.75,0.0,11.4,56.0,53.0,1024.3,1018.4,17.9,21.6
2008-09-27,labeled,14.0,25.4,19.7,0.0,11.4,67.0,62.0,1021.6,1015.7,20.4,21.4
2008-09-28,labeled,19.8,32.9,26.35,0.0,8.4,35.0,62.0,1009.8,1007.1,25.4,21.5
2008-09-29,labeled,13.5,21.8,17.65,0.0,7.1,42.0,63.0,1013.8,1015.6,19.4,16.1
2008-09-30,labeled,11.9,19.2,15.55,0.8,11.1,61.0,48.0,1020.3,1016.777,16.5,19.0
2008-10-01,labeled,12.6,24.7,18.65,0.0,10.6,70.0,69.0,1020.9,1015.7,19.0,20.5
2008-10-02,labeled,18.9,31.1,25.0,0.0,10.0,44.0,39.0,1016.9,1013.5,24.7,29.7
2008-10-03,labeled,22.5,34.8,28.65,0.0,9.8,41.0,20.0,1014.8,1010.3,29.6,33.9
2008-10-04,labeled,17.5,19.4,18.45,9.6,0.0,89.0,88.0,1015.2,1012.9,18.9,19.0
2008-10-05,labeled,14.6,19.1,16.85,3.4,0.0,93.0,86.0,1018.4,1015.3,14.9,16.0
2008-10-06,labeled,14.9,22.8,18.85,1.8,3.3,85.0,71.0,1009.2,1003.9,18.5,20.2
2008-10-07,labeled,9.7,20.6,15.15,0.4,11.7,51.0,42.0,1017.7,1014.4,12.8,17.2
2008-10-08,labeled,10.9,19.7,15.3,0.0,10.0,53.0,47.0,1018.8,1018.6,14.0,18.4
2008-10-09,labeled,10.5,19.9,15.2,0.0,11.7,56.0,58.0,1026.2,1025.7,15.8,19.2
2008-10-10,labeled,12.6,21.5,17.05,0.0,10.7,76.0,57.0,1029.0,1025.4,16.9,20.5
2008-10-11,labeled,14.6,22.3,18.45,0.0,7.2,82.0,65.0,1027.4,1024.3,16.0,20.0
2008-10-12,labeled,14.2,22.5,18.35,0.0,10.6,76.0,69.0,1025.0,1021.8,18.6,20.8
2008-10-13,labeled,16.1,29.2,22.65,0.0,9.2,72.0,43.0,1021.4,1016.6,20.2,27.7
2008-10-14,labeled,16.6,21.0,18.8,0.6,2.3,89.0,84.0,1021.7,1016.0,16.8,17.6
2008-10-15,labeled,15.1,18.9,17.0,9.0,5.0,63.0,55.0,1022.4,1021.2,15.9,18.1
2008-10-16,labeled,11.8,22.1,16.950000000000003,0.0,11.4,64.0,42.0,1025.5,1023.4,16.6,20.3
2008-10-17,labeled,12.9,24.9,18.9,0.0,11.7,71.0,49.0,1024.2,1021.0,17.6,22.4
2008-10-18,labeled,16.7,23.2,19.95,0.0,10.3,77.0,82.0,1025.4,1022.0,18.6,19.7
2008-10-19,labeled,16.5,26.8,21.65,0.0,10.8,64.0,48.0,1022.3,1018.5,21.3,26.6
2008-10-20,labeled,17.1,22.2,19.65,0.0,5.7,76.0,55.0,1022.3,1019.3,18.1,21.8
2008-10-21,labeled,14.5,19.2,16.85,1.8,8.4,68.0,59.0,1020.9,1019.6,16.8,18.8
2008-10-22,labeled,9.9,14.3,12.1,12.6,2.3,87.0,74.0,1022.1,1021.9,10.3,12.4
2008-10-23,labeled,7.9,15.7,11.8,11.4,5.0,71.0,75.0,1023.2,1022.5,11.9,14.1
2008-10-24,labeled,9.0,20.2,14.6,2.0,10.2,66.0,51.0,1023.2,1019.0,14.4,18.2
2008-10-25,labeled,12.3,24.0,18.15,0.0,11.5,66.0,47.0,1018.3,1015.1,17.3,22.2
2008-10-26,labeled,14.4,24.4,19.4,0.0,8.7,58.0,57.0,1016.8,1013.4,20.2,23.6
2008-10-27,labeled,19.8,33.6,26.700000000000003,0.0,11.8,55.0,38.0,1015.2,1010.8,23.7,29.8
2008-10-28,labeled,17.6,21.9,19.75,0.0,5.7,67.0,70.0,1020.8,1019.9,20.8,20.5
2008-10-29,labeled,16.8,17.3,17.05,6.2,0.0,93.0,91.0,1024.3,1023.8,17.2,16.7
2008-10-30,labeled,15.1,25.8,20.45,7.6,3.7,92.0,70.0,1022.6,1016.7,17.0,23.5
2008-10-31,labeled,16.9,35.0,25.95,0.2,5.0,53.0,24.0,1010.0,1005.3,25.6,34.6
2008-11-01,labeled,18.0,21.2,19.6,0.4,2.4,73.0,64.0,1021.9,1022.9,18.9,20.4
2008-11-02,labeled,17.5,23.1,20.3,0.8,0.2,72.0,60.0,1024.9,1021.0,18.3,20.0
2008-11-03,labeled,17.2,30.3,23.75,2.8,10.3,62.0,35.0,1009.7,1006.0,23.1,28.6
2008-11-04,labeled,15.5,19.0,17.25,0.2,6.2,59.0,62.0,1015.0,1015.9,17.5,17.8
2008-11-05,labeled,14.5,21.0,17.75,0.0,5.0,59.0,60.0,1015.5,1010.6,18.2,20.1
2008-11-06,labeled,15.2,30.3,22.75,0.0,10.3,58.0,45.0,1009.6,1006.7,21.0,25.0
2008-11-07,labeled,16.0,24.1,20.05,0.0,4.1,61.0,60.0,1014.5,1011.1,18.7,21.3
2008-11-08,labeled,18.4,25.2,21.8,0.2,0.2,62.0,47.0,1001.8,1003.8,22.1,22.8
2008-11-09,labeled,16.6,23.0,19.8,0.4,11.0,46.0,60.0,1017.2,1017.9,20.7,21.5
2008-11-10,labeled,17.4,23.3,20.35,0.0,8.1,63.0,56.0,1023.5,1021.9,21.9,22.2
2008-11-11,labeled,15.9,23.1,19.5,0.0,9.9,66.0,49.0,1023.9,1020.9,20.5,22.3
2008-11-12,labeled,16.4,24.6,20.5,0.0,10.7,69.0,54.0,1020.1,1017.1,20.5,24.0
2008-11-13,labeled,19.0,24.9,21.95,0.0,11.9,61.0,65.0,1019.3,1016.0,23.4,24.2
2008-11-14,labeled,19.2,27.0,23.1,0.0,9.1,65.0,57.0,1013.8,1010.6,24.3,26.1
2008-11-15,labeled,18.5,23.1,20.8,6.6,2.4,92.0,73.0,1013.6,1012.1,18.6,21.5
2008-11-16,labeled,17.2,22.4,19.8,1.2,4.0,75.0,64.0,1016.4,1016.7,19.1,19.4
2008-11-17,labeled,15.5,20.9,18.2,0.0,1.4,60.0,50.0,1019.8,1017.5,18.8,20.0
2008-11-18,labeled,16.2,23.4,19.8,0.0,8.3,60.0,60.0,1017.0,1013.7,20.6,21.6
2008-11-19,labeled,17.0,22.1,19.55,6.2,1.0,91.0,78.0,1011.4,1008.2,18.4,20.9
2008-11-20,labeled,17.3,27.6,22.450000000000003,29.4,7.5,70.0,59.0,1001.1,997.5,22.0,26.7
2008-11-21,labeled,16.7,27.7,22.2,0.2,11.8,34.0,46.0,1001.2,996.4,22.1,23.7
2008-11-22,labeled,17.9,20.6,19.25,0.0,9.8,49.0,30.0,990.2,991.4,20.3,17.2
2008-11-23,labeled,12.2,19.7,15.95,0.2,2.1,50.0,55.0,986.7,991.0,13.8,18.4
2008-11-24,labeled,13.6,22.3,17.95,2.4,10.5,47.0,49.0,1003.5,1005.1,19.7,20.7
2008-11-25,labeled,15.5,21.8,18.65,0.0,9.4,62.0,63.0,1015.6,1015.3,18.5,19.3
2008-11-26,labeled,16.4,21.8,19.1,0.0,0.1,55.0,55.0,1016.6,1014.1,18.5,19.2
2008-11-27,labeled,15.9,23.6,19.75,0.0,10.5,58.0,64.0,1012.7,1008.9,21.8,22.7
2008-11-28,labeled,19.5,24.6,22.05,0.2,0.7,71.0,75.0,1005.0,1003.9,22.9,22.2
2008-11-29,labeled,19.3,23.3,21.3,10.8,6.9,92.0,79.0,1002.2,1002.0,20.3,19.8
2008-11-30,labeled,15.0,24.9,19.95,11.2,12.3,64.0,55.0,1009.9,1007.2,19.8,21.4
2008-12-01,labeled,17.6,31.3,24.450000000000003,0.0,10.9,29.0,21.0,1009.1,1004.6,24.9,30.8
2008-12-02,labeled,16.6,23.8,20.200000000000003,0.0,12.9,65.0,65.0,1011.1,1007.2,20.8,23.4
2008-12-03,labeled,18.4,33.2,25.8,0.0,8.0,67.0,19.0,1007.7,1005.6,22.5,32.3
2008-12-04,labeled,18.4,21.8,20.1,0.0,2.2,59.0,57.0,1020.2,1018.5,19.6,21.5
2008-12-05,labeled,19.3,27.0,23.15,0.0,6.7,78.0,70.0,1015.0,1008.6,20.9,24.1
2008-12-06,labeled,20.8,34.8,27.8,0.0,9.8,57.0,56.0,1006.9,1004.1,27.0,28.8
2008-12-07,labeled,20.0,26.1,23.05,0.0,4.9,81.0,78.0,1007.9,1008.4,21.1,21.7
2008-12-08,labeled,18.2,22.3,20.25,6.8,6.3,74.0,72.0,1014.3,1010.9,20.3,21.9
2008-12-09,labeled,17.4,25.9,21.65,1.8,9.9,81.0,60.0,1011.2,1006.3,19.5,24.9
2008-12-10,labeled,19.5,23.4,21.45,0.0,5.2,71.0,66.0,1007.1,1009.6,21.9,21.7
2008-12-11,labeled,17.2,19.9,18.55,3.4,0.0,90.0,58.0,1013.8,1015.0,17.5,19.7
2008-12-12,labeled,17.4,24.5,20.95,3.6,0.0,85.0,92.0,1015.8,1009.9,17.6,18.4
2008-12-13,labeled,17.0,32.9,24.95,28.2,7.5,82.0,25.0,995.0,990.3,24.5,32.5
2008-12-14,labeled,19.2,25.4,22.3,0.0,12.7,42.0,32.0,996.5,997.4,21.5,23.9
2008-12-15,labeled,16.7,23.8,20.25,0.0,12.1,39.0,43.0,1006.8,1007.9,20.9,22.8
2008-12-16,labeled,15.0,24.1,19.55,0.0,13.0,58.0,48.0,1013.1,1010.1,21.0,23.4
2008-12-17,labeled,17.7,26.0,21.85,0.0,9.6,68.0,73.0,1011.9,1008.0,22.3,23.1
2008-12-18,labeled,19.3,27.4,23.35,0.0,8.4,65.0,68.0,1005.0,1001.2,23.1,24.0
2008-12-19,labeled,17.3,26.4,21.85,0.6,12.2,67.0,58.0,1005.9,1007.8,21.6,21.2
2008-12-20,labeled,15.7,20.4,18.05,0.0,4.6,57.0,69.0,1019.2,1019.3,18.4,18.2
2008-12-21,labeled,14.3,22.1,18.200000000000003,0.4,12.0,60.0,50.0,1022.0,1019.9,19.6,21.4
2008-12-22,labeled,15.9,24.1,20.0,0.0,12.1,56.0,57.0,1018.8,1014.8,22.1,22.9
2008-12-23,labeled,19.0,26.9,22.95,0.0,6.5,60.0,56.0,1009.3,1008.4,23.8,26.0
2008-12-24,labeled,18.7,20.7,19.7,0.4,0.0,77.0,78.0,1013.3,1012.6,19.6,19.7
2008-12-25,labeled,16.4,23.3,19.85,0.0,7.2,73.0,60.0,1014.5,1013.5,20.7,22.8
2008-12-26,labeled,19.1,26.0,22.55,0.0,10.0,75.0,71.0,1013.9,1010.7,23.1,25.4
2008-12-27,labeled,20.5,27.2,23.85,0.0,0.7,79.0,70.0,1009.0,1005.0,24.5,26.2
2008-12-28,labeled,19.7,28.3,24.0,7.0,12.1,72.0,63.0,1006.6,1003.2,23.4,26.5
2008-12-29,labeled,20.7,24.9,22.8,0.0,7.2,72.0,68.0,1004.8,1003.7,22.6,22.4
2008-12-30,labeled,18.2,27.6,22.9,2.0,10.9,81.0,72.0,1004.3,999.3,20.9,23.8
2008-12-31,labeled,19.2,31.5,25.35,0.0,13.1,37.0,42.0,1002.7,1002.4,24.7,25.3
2009-01-01,labeled,18.4,34.7,26.55,0.0,12.9,73.0,22.0,1005.5,1000.7,22.0,34.3
2009-01-02,labeled,18.8,22.7,20.75,0.0,5.9,62.0,57.0,1012.8,1013.8,20.1,20.8
2009-01-03,labeled,17.0,23.0,20.0,0.0,0.5,58.0,49.0,1021.6,1019.4,18.8,21.4
2009-01-04,labeled,18.7,24.6,21.65,0.0,11.3,59.0,58.0,1018.6,1015.2,23.0,24.1
2009-01-05,labeled,19.5,27.9,23.7,0.0,12.2,66.0,60.0,1013.2,1008.9,23.4,26.2
2009-01-06,labeled,20.2,28.3,24.25,0.0,11.8,77.0,64.0,1011.6,1008.0,23.1,25.8
2009-01-07,labeled,20.7,33.1,26.9,0.0,9.3,72.0,67.0,1009.9,1005.1,23.7,26.1
2009-01-08,labeled,20.4,22.4,21.4,0.0,0.0,78.0,72.0,1012.4,1013.4,21.2,20.1
2009-01-09,labeled,17.2,22.6,19.9,0.4,5.9,54.0,47.0,1020.2,1018.8,19.2,21.2
2009-01-10,labeled,18.3,23.4,20.85,0.0,6.1,54.0,53.0,1017.1,1013.9,19.7,22.5
2009-01-11,labeled,17.4,24.6,21.0,0.0,8.7,58.0,57.0,1013.8,1011.5,23.4,23.9
2009-01-12,labeled,18.7,26.8,22.75,1.2,11.4,71.0,61.0,1015.4,1016.4,23.2,25.6
2009-01-13,labeled,19.6,26.2,22.9,0.2,11.1,74.0,56.0,1019.5,1016.5,23.5,25.4
2009-01-14,labeled,20.8,29.7,25.25,0.0,13.0,67.0,49.0,1014.6,1011.2,25.5,29.1
2009-01-15,labeled,23.0,33.4,28.2,0.0,9.4,61.0,39.0,1009.1,1006.0,28.6,33.1
2009-01-16,labeled,18.8,25.0,21.9,1.8,10.1,69.0,61.0,1012.7,1008.8,21.4,24.0
2009-01-17,labeled,17.7,22.6,20.15,0.0,6.5,52.0,48.0,1020.5,1020.5,19.0,21.6
2009-01-18,labeled,14.8,23.3,19.05,0.0,12.7,62.0,46.0,1021.9,1020.0,19.5,22.9
2009-01-19,labeled,16.4,25.1,20.75,0.0,12.7,55.0,57.0,1019.3,1015.0,22.5,23.8
2009-01-20,labeled,20.1,28.7,24.4,0.0,12.4,61.0,54.0,1013.7,1010.6,24.7,27.0
2009-01-21,labeled,21.3,31.1,26.200000000000003,1.6,7.4,66.0,55.0,1011.9,1008.1,25.7,29.2
2009-01-22,labeled,23.4,33.6,28.5,1.0,9.8,52.0,45.0,1008.9,1005.5,27.8,32.7
2009-01-23,labeled,25.0,31.7,28.35,0.0,11.9,59.0,58.0,1009.2,1007.6,29.5,29.1
2009-01-24,labeled,24.8,40.9,32.85,0.0,11.1,55.0,20.0,1004.8,1002.8,31.5,40.1
2009-01-25,labeled,20.5,25.9,23.2,0.0,6.8,57.0,51.0,1019.5,1018.3,21.9,24.7
2009-01-26,labeled,20.8,26.8,23.8,0.0,1.2,80.0,72.0,1019.3,1019.1,21.9,25.3
2009-01-27,labeled,20.2,23.9,22.05,14.2,1.7,95.0,93.0,1021.1,1019.9,20.8,22.4
2009-01-28,labeled,19.9,27.1,23.5,4.4,12.3,78.0,60.0,1018.5,1016.0,23.7,26.6
2009-01-29,labeled,21.2,28.3,24.75,0.0,12.5,73.0,67.0,1018.6,1016.5,25.2,27.5
2009-01-30,labeled,21.1,28.2,24.65,0.0,13.0,72.0,59.0,1018.7,1015.8,24.6,27.5
2009-01-31,labeled,21.8,29.1,25.450000000000003,0.0,11.5,76.0,54.0,1017.5,1014.2,25.0,29.0
2009-02-01,labeled,21.2,28.1,24.65,0.0,11.1,71.0,66.0,1016.1,1016.2,24.9,26.9
2009-02-02,labeled,22.9,28.3,25.6,0.0,9.8,79.0,63.0,1016.3,1012.2,24.8,27.1
2009-02-03,labeled,21.8,28.0,24.9,0.0,7.5,63.0,60.0,1010.8,1010.0,25.4,27.9
2009-02-04,labeled,21.6,27.3,24.450000000000003,0.4,7.1,84.0,71.0,1011.6,1009.4,23.2,26.2
2009-02-05,labeled,22.2,29.2,25.7,0.0,12.2,73.0,58.0,1009.1,1005.9,26.0,28.9
2009-02-06,labeled,21.9,29.5,25.7,0.0,10.8,75.0,64.0,1010.9,1008.4,25.5,27.4
2009-02-07,labeled,21.8,33.5,27.65,0.0,11.8,68.0,34.0,1013.3,1010.6,25.6,32.2
2009-02-08,labeled,21.4,28.6,25.0,0.0,12.2,69.0,53.0,1010.8,1007.5,24.2,28.1
2009-02-09,labeled,20.9,22.5,21.7,0.0,0.0,84.0,81.0,1011.9,1011.7,21.2,20.6
2009-02-10,labeled,17.9,19.4,18.65,3.4,0.0,94.0,89.0,1011.9,1010.1,18.2,18.7
2009-02-11,labeled,16.7,23.0,19.85,5.6,1.5,77.0,61.0,1011.1,1011.2,17.7,23.0
2009-02-12,labeled,17.5,22.0,19.75,0.6,1.1,76.0,56.0,1017.5,1018.7,18.9,21.4
2009-02-13,labeled,16.4,20.4,18.4,23.2,0.0,86.0,90.0,1025.4,1025.0,18.0,17.9
2009-02-14,labeled,17.0,21.2,19.1,19.6,0.0,66.0,67.0,1022.9,1019.2,19.1,20.4
2009-02-15,labeled,16.5,23.3,19.9,25.6,0.2,88.0,66.0,1014.7,1013.9,19.4,23.1
2009-02-16,labeled,18.6,25.0,21.8,16.4,6.4,82.0,62.0,1017.6,1017.8,20.3,22.6
2009-02-17,labeled,19.4,22.9,21.15,3.8,0.0,70.0,71.0,1017.0,1015.4,20.8,22.0
2009-02-18,labeled,19.4,26.6,23.0,24.6,7.1,93.0,62.0,1010.2,1008.1,20.2,25.7
2009-02-19,labeled,18.9,28.4,23.65,1.4,11.4,74.0,60.0,1008.0,1005.0,23.1,27.5
2009-02-20,labeled,20.3,26.1,23.200000000000003,0.0,9.6,78.0,68.0,1011.6,1010.2,22.4,25.1
2009-02-21,labeled,21.9,24.4,23.15,0.0,0.3,85.0,68.0,1013.3,1013.2,22.5,23.6
2009-02-22,labeled,20.3,24.9,22.6,2.2,6.3,70.0,59.0,1018.5,1017.6,21.7,24.4
2009-02-23,labeled,19.6,27.0,23.3,0.0,5.3,78.0,63.0,1016.9,1013.0,22.6,26.5
2009-02-24,labeled,19.9,30.5,25.2,0.8,10.7,82.0,57.0,1014.1,1013.2,23.0,28.2
2009-02-25,labeled,21.1,26.4,23.75,0.0,7.0,83.0,63.0,1016.7,1014.6,22.0,26.1
2009-02-26,labeled,19.6,24.6,22.1,0.0,6.8,74.0,58.0,1020.4,1018.7,20.7,23.6
2009-02-27,labeled,17.5,23.5,20.5,0.0,5.6,78.0,50.0,1018.2,1015.9,18.9,23.2
2009-02-28,labeled,17.5,25.4,21.45,0.0,5.6,70.0,61.0,1009.5,1006.9,20.7,24.1
2009-03-01,labeled,20.5,25.7,23.1,0.0,10.0,70.0,60.0,1010.7,1010.8,23.1,24.8
2009-03-02,labeled,21.8,25.5,23.65,0.0,9.0,71.0,60.0,1016.6,1015.2,22.8,25.1
2009-03-03,labeled,20.8,26.9,23.85,0.0,6.9,61.0,55.0,1018.0,1015.2,24.1,25.6
2009-03-04,labeled,22.5,25.1,23.8,0.0,0.5,73.0,49.0,1008.0,1008.5,24.2,22.9
2009-03-05,labeled,16.8,24.6,20.700000000000003,0.0,11.0,39.0,37.0,1009.5,1008.6,19.3,24.2
2009-03-06,labeled,14.4,23.6,19.0,0.0,9.8,67.0,48.0,1013.4,1011.4,17.8,22.5
2009-03-07,labeled,17.7,26.3,22.0,0.0,9.2,77.0,58.0,1014.2,1011.8,20.5,25.8
2009-03-08,labeled,20.2,25.3,22.75,0.0,4.1,80.0,77.0,1017.8,1018.7,22.2,22.0
2009-03-09,labeled,18.2,24.5,21.35,36.8,4.4,94.0,69.0,1022.2,1020.4,19.1,23.6
2009-03-10,labeled,19.1,24.5,21.8,0.6,6.7,66.0,53.0,1022.0,1021.3,22.8,24.3
2009-03-11,labeled,20.2,23.4,21.8,0.0,1.8,59.0,70.0,1023.8,1022.7,23.3,22.3
2009-03-12,labeled,18.2,25.3,21.75,1.2,9.8,87.0,57.0,1022.9,1020.4,20.3,24.7
2009-03-13,labeled,19.6,25.5,22.55,0.0,2.2,85.0,76.0,1018.6,1016.2,21.1,23.9
2009-03-14,labeled,19.9,27.2,23.55,0.0,6.4,82.0,64.0,1014.7,1010.1,22.3,26.8
2009-03-15,labeled,19.2,27.4,23.3,17.0,6.6,81.0,61.0,1010.7,1007.8,21.7,25.0
2009-03-16,labeled,16.1,26.8,21.450000000000003,0.4,10.8,42.0,29.0,1011.7,1008.2,18.7,26.7
2009-03-17,labeled,15.9,25.7,20.8,0.0,11.0,47.0,48.0,1013.4,1012.5,18.8,23.9
2009-03-18,labeled,17.1,24.5,20.8,0.0,10.1,72.0,52.0,1019.0,1016.1,20.1,24.3
2009-03-19,labeled,17.5,27.7,22.6,0.0,9.7,76.0,67.0,1016.7,1013.7,20.6,24.9
2009-03-20,labeled,19.9,26.1,23.0,0.0,8.6,80.0,69.0,1017.4,1016.6,23.5,25.3
2009-03-21,labeled,19.6,25.3,22.450000000000003,0.0,8.7,83.0,58.0,1018.9,1017.2,22.1,24.9
2009-03-22,labeled,17.6,26.7,22.15,0.0,8.4,82.0,58.0,1017.9,1015.1,20.4,25.0
2009-03-23,labeled,19.5,25.7,22.6,0.2,10.2,66.0,61.0,1017.1,1015.1,23.1,25.6
2009-03-24,labeled,20.5,26.1,23.3,0.0,10.8,67.0,59.0,1017.9,1016.3,23.6,25.9
2009-03-25,labeled,20.8,26.0,23.4,0.0,8.0,69.0,60.0,1019.7,1017.5,23.0,25.2
2009-03-26,labeled,20.5,26.6,23.55,1.4,7.6,72.0,56.0,1019.4,1016.7,23.8,25.7
2009-03-27,labeled,20.6,23.5,22.05,0.4,4.8,69.0,59.0,1023.9,1023.7,22.0,22.5
2009-03-28,labeled,16.4,23.5,19.95,0.0,10.8,85.0,49.0,1025.4,1023.2,17.9,23.0
2009-03-29,labeled,16.1,24.4,20.25,0.0,9.4,77.0,66.0,1023.6,1021.7,18.9,23.0
2009-03-30,labeled,18.6,26.2,22.4,0.0,6.7,66.0,65.0,1024.1,1022.3,22.9,24.7
2009-03-31,labeled,19.8,22.5,21.15,2.6,0.0,86.0,89.0,1021.8,1020.4,21.1,19.9
2009-04-01,labeled,18.4,24.7,21.55,46.0,2.3,93.0,73.0,1021.1,1021.0,20.5,23.9
2009-04-02,labeled,19.6,24.7,22.15,11.4,2.4,87.0,79.0,1023.3,1021.8,21.9,23.8
2009-04-03,labeled,20.1,25.1,22.6,5.0,7.9,92.0,73.0,1021.1,1016.9,21.4,24.4
2009-04-04,labeled,18.3,20.8,19.55,3.0,1.4,84.0,58.0,1017.7,1019.2,18.4,20.1
2009-04-05,labeled,17.1,22.8,19.950000000000003,0.0,8.0,72.0,67.0,1020.1,1014.4,19.1,21.5
2009-04-06,labeled,17.0,21.1,19.05,0.2,6.9,69.0,59.0,1020.5,1019.6,19.5,19.4
2009-04-07,labeled,16.3,21.3,18.8,0.2,7.7,67.0,55.0,1025.6,1024.4,18.8,20.1
2009-04-08,labeled,12.8,22.4,17.6,0.0,9.3,66.0,59.0,1026.9,1024.9,18.7,21.3
2009-04-09,labeled,15.1,23.2,19.15,0.0,8.4,72.0,58.0,1025.5,1022.3,19.6,21.8
2009-04-10,labeled,14.7,22.7,18.7,0.0,8.3,81.0,65.0,1023.6,1021.0,18.4,22.4
2009-04-11,labeled,17.4,23.8,20.6,0.0,0.8,80.0,69.0,1025.4,1023.0,19.8,23.0
2009-04-12,labeled,18.9,26.1,22.5,0.2,0.8,89.0,72.0,1023.3,1020.5,20.4,23.4
2009-04-13,labeled,20.4,22.6,21.5,0.0,0.1,79.0,84.0,1022.5,1019.3,21.6,20.9
2009-04-14,labeled,17.6,26.9,22.25,48.0,7.8,89.0,70.0,1015.1,1011.2,19.2,23.1
2009-04-15,labeled,16.1,29.3,22.700000000000003,0.2,10.0,70.0,25.0,1011.1,1006.9,20.5,29.0
2009-04-16,labeled,14.9,24.1,19.5,0.0,9.8,43.0,38.0,1015.2,1011.7,17.4,22.6
2009-04-17,labeled,13.5,24.1,18.8,0.0,10.3,56.0,51.0,1016.3,1015.9,18.4,22.5
2009-04-18,labeled,14.2,22.8,18.5,0.0,7.9,66.0,56.0,1020.0,1018.1,18.3,20.9
2009-04-19,labeled,15.8,22.5,19.15,13.4,8.3,91.0,62.0,1019.9,1017.9,16.1,21.7
2009-04-20,labeled,15.9,21.4,18.65,9.0,2.9,60.0,59.0,1020.7,1018.9,19.5,19.7
2009-04-21,labeled,16.4,22.1,19.25,0.6,5.0,59.0,64.0,1022.8,1021.3,20.5,20.1
2009-04-22,labeled,16.0,22.7,19.35,6.8,7.7,85.0,65.0,1024.3,1022.5,17.2,20.1
2009-04-23,labeled,14.7,21.6,18.15,2.0,6.3,87.0,60.0,1021.8,1018.2,16.9,20.0
2009-04-24,labeled,13.1,24.7,18.9,0.0,9.0,75.0,63.0,1012.7,1006.6,17.4,22.6
2009-04-25,labeled,16.3,23.9,20.1,0.4,10.3,52.0,40.0,1004.4,1002.4,19.3,22.2
2009-04-26,labeled,16.7,20.2,18.45,0.0,9.2,47.0,29.0,1003.1,1003.1,17.7,19.5
2009-04-27,labeled,11.2,18.7,14.95,0.0,9.9,43.0,26.0,1013.0,1012.7,14.1,17.9
2009-04-28,labeled,11.8,21.9,16.85,0.0,10.5,54.0,30.0,1015.5,1014.9,16.1,20.5
2009-04-29,labeled,10.2,17.6,13.9,0.0,2.4,59.0,63.0,1022.3,1019.5,12.6,16.6
2009-04-30,labeled,11.0,17.4,14.2,6.2,2.7,92.0,88.0,1020.5,1020.4,12.8,14.1
2009-05-01,labeled,10.2,22.5,16.35,5.6,10.3,76.0,53.0,1024.6,1020.9,13.0,20.7
2009-05-02,labeled,10.9,22.0,16.45,0.0,9.4,61.0,56.0,1025.1,1022.7,14.0,20.8
2009-05-03,labeled,11.4,20.5,15.95,13.0,7.0,85.0,61.0,1027.8,1025.5,12.8,20.4
2009-05-04,labeled,12.1,23.3,17.7,0.0,10.0,84.0,53.0,1028.5,1025.5,14.5,21.6
2009-05-05,labeled,14.0,21.0,17.5,1.2,4.2,86.0,61.0,1030.7,1028.3,14.7,20.5
2009-05-06,labeled,12.9,22.9,17.9,0.8,9.7,92.0,61.0,1028.3,1023.7,14.1,20.7
2009-05-07,labeled,12.0,22.7,17.35,0.0,10.2,67.0,44.0,1024.3,1021.7,15.0,21.6
2009-05-08,labeled,12.3,20.9,16.6,0.0,9.5,71.0,61.0,1027.5,1025.0,14.9,19.6
2009-05-09,labeled,11.1,22.8,16.95,0.0,9.8,74.0,46.0,1024.2,1020.4,13.4,21.0
2009-05-10,labeled,13.0,20.1,16.55,0.8,3.4,86.0,46.0,1024.6,1023.6,13.9,19.6
2009-05-11,labeled,11.8,18.9,15.35,1.4,6.4,74.0,55.0,1025.2,1022.4,14.3,17.4
2009-05-12,labeled,9.6,20.1,14.85,0.0,5.5,78.0,51.0,1021.6,1018.1,12.0,18.5
2009-05-13,labeled,10.4,21.3,15.85,0.0,9.7,80.0,39.0,1016.8,1012.8,12.4,20.9
2009-05-14,labeled,11.1,21.5,16.3,0.0,10.1,50.0,31.0,1012.6,1010.6,15.2,20.5
2009-05-15,labeled,12.4,21.7,17.05,0.0,8.7,58.0,34.0,1012.8,1009.7,14.2,21.4
2009-05-16,labeled,14.2,21.7,17.95,0.0,7.8,49.0,38.0,1008.2,1008.1,18.7,21.7
2009-05-17,labeled,11.4,20.7,16.05,0.0,9.7,64.0,40.0,1018.7,1017.7,13.0,19.6
2009-05-18,labeled,10.5,20.9,15.7,0.0,5.2,74.0,52.0,1025.7,1023.3,13.2,19.7
2009-05-19,labeled,13.0,21.4,17.2,2.6,4.4,91.0,53.0,1024.5,1021.4,14.5,20.0
2009-05-20,labeled,14.5,21.2,17.85,20.2,3.0,68.0,62.0,1022.1,1020.1,19.2,20.4
2009-05-21,labeled,14.8,19.7,17.25,27.2,0.2,53.0,62.0,1023.9,1022.0,19.2,18.7
2009-05-22,labeled,15.6,19.6,17.6,4.6,0.0,59.0,85.0,1023.6,1020.8,19.1,17.5
2009-05-23,labeled,15.4,20.8,18.1,17.6,6.0,66.0,80.0,1023.6,1023.3,19.6,18.1
2009-05-24,labeled,17.4,21.3,19.35,1.6,7.4,52.0,48.0,1026.8,1025.4,19.7,20.7
2009-05-25,labeled,13.6,20.3,16.95,0.0,2.2,82.0,61.0,1025.8,1023.2,15.4,19.4
2009-05-26,labeled,12.8,23.4,18.1,0.0,8.4,89.0,57.0,1022.3,1018.9,13.9,21.6
2009-05-27,labeled,13.9,16.9,15.4,0.0,0.1,88.0,86.0,1020.4,1018.4,15.3,16.3
2009-05-28,labeled,12.0,19.2,15.6,3.6,7.7,92.0,72.0,1021.4,1020.2,13.5,17.1
2009-05-29,labeled,11.4,17.5,14.45,0.0,6.1,65.0,65.0,1023.3,1022.3,12.4,16.6
2009-05-30,labeled,9.9,16.5,13.2,15.0,4.0,82.0,78.0,1028.2,1027.1,11.7,15.9
2009-05-31,labeled,11.6,18.8,15.2,10.6,2.8,86.0,67.0,1033.3,1031.9,14.5,16.8
2009-06-01,labeled,13.1,16.8,14.95,0.6,0.0,83.0,67.0,1032.9,1030.4,13.3,16.1
2009-06-02,labeled,12.5,19.1,15.8,0.0,3.4,91.0,68.0,1030.1,1027.1,13.7,18.5
2009-06-03,labeled,13.7,18.5,16.1,8.0,0.1,89.0,87.0,1025.9,1022.3,16.0,17.6
2009-06-04,labeled,13.1,17.0,15.05,10.4,0.6,97.0,86.0,1020.7,1016.8,13.4,16.8
2009-06-05,labeled,13.1,18.5,15.8,0.6,3.5,93.0,55.0,1014.7,1012.4,14.5,18.4
2009-06-06,labeled,9.3,19.0,14.15,0.0,9.8,71.0,45.0,1014.1,1010.1,11.6,18.7
2009-06-07,labeled,10.7,19.8,15.25,0.2,6.6,80.0,42.0,1008.2,1004.8,12.6,18.7
2009-06-08,labeled,11.4,19.2,15.3,0.0,9.0,63.0,34.0,1009.8,1007.3,13.8,18.6
2009-06-09,labeled,10.0,16.2,13.1,0.0,6.0,62.0,44.0,1011.5,1008.3,11.7,15.0
2009-06-10,labeled,9.7,14.2,11.95,0.0,9.6,37.0,32.0,1012.2,1012.5,10.5,13.6
2009-06-11,labeled,6.1,15.8,10.95,0.0,9.8,48.0,28.0,1020.9,1018.2,7.9,15.4
2009-06-12,labeled,6.2,17.1,11.65,0.0,9.4,67.0,41.0,1024.3,1020.2,8.2,17.1
2009-06-13,labeled,7.8,18.5,13.15,0.0,4.6,70.0,40.0,1017.7,1014.0,9.4,16.8
2009-06-14,labeled,9.4,15.6,12.5,0.0,0.3,74.0,61.0,1014.5,1011.9,11.0,14.4
2009-06-15,labeled,8.2,19.8,14.0,1.2,8.6,79.0,40.0,1013.1,1010.6,10.2,18.4
2009-06-16,labeled,9.2,16.3,12.75,0.6,0.5,81.0,88.0,1017.9,1020.1,13.1,13.6
2009-06-17,labeled,10.5,15.6,13.05,29.8,3.3,92.0,87.0,1027.6,1026.5,11.2,14.2
2009-06-18,labeled,10.1,15.4,12.75,7.8,3.3,95.0,85.0,1030.0,1028.1,10.7,14.2
2009-06-19,labeled,9.2,18.0,13.6,23.6,7.2,95.0,46.0,1030.2,1028.0,10.9,17.8
2009-06-20,labeled,10.9,16.0,13.45,0.2,0.6,95.0,87.0,1028.0,1024.6,11.7,15.5
2009-06-21,labeled,11.7,19.1,15.4,31.8,1.9,93.0,82.0,1023.9,1020.7,14.1,17.8
2009-06-22,labeled,14.1,21.0,17.55,12.2,6.7,96.0,59.0,1020.3,1017.7,15.1,20.6
2009-06-23,labeled,10.1,19.6,14.85,0.0,9.5,91.0,58.0,1019.9,1016.7,11.2,18.8
2009-06-24,labeled,9.1,18.9,14.0,0.0,6.3,86.0,49.0,1015.2,1010.7,10.7,18.6
2009-06-25,labeled,8.7,16.9,12.8,0.0,6.5,69.0,50.0,1014.6,1012.2,11.9,15.8
2009-06-26,labeled,8.7,18.6,13.65,0.0,8.8,76.0,51.0,1012.7,1009.2,10.7,16.6
2009-06-27,labeled,9.4,15.8,12.6,0.0,0.2,84.0,79.0,1008.1,1005.4,10.4,15.1
2009-06-28,labeled,10.4,18.7,14.55,0.0,5.3,86.0,54.0,1006.3,1004.5,12.4,17.5
2009-06-29,labeled,9.6,20.7,15.15,2.8,9.8,67.0,47.0,1012.3,1010.3,12.3,20.4
2009-06-30,labeled,12.3,19.9,16.1,0.0,2.2,66.0,54.0,1013.2,1008.2,15.6,19.1
2009-07-01,labeled,15.7,21.2,18.45,0.0,8.6,61.0,27.0,1005.8,1004.1,16.5,20.5
2009-07-02,labeled,11.0,18.9,14.95,0.0,8.4,55.0,32.0,1007.9,1006.4,13.0,17.8
2009-07-03,labeled,11.1,16.2,13.65,0.0,9.4,50.0,41.0,1003.5,1004.0,12.3,14.5
2009-07-04,labeled,8.5,17.1,12.8,0.0,9.8,59.0,34.0,1012.5,1011.1,10.1,16.7
2009-07-05,labeled,10.1,18.1,14.1,0.0,9.8,54.0,32.0,1016.4,1016.4,11.8,17.2
2009-07-06,labeled,6.2,15.7,10.95,0.0,6.5,74.0,48.0,1020.8,1017.8,7.5,14.8
2009-07-07,labeled,7.5,15.1,11.3,0.6,3.9,81.0,60.0,1025.0,1024.1,9.0,14.7
2009-07-08,labeled,8.6,16.8,12.7,13.8,3.2,96.0,61.0,1029.6,1028.2,10.5,15.4
2009-07-09,labeled,9.1,17.6,13.35,6.2,4.4,96.0,63.0,1030.9,1028.5,10.3,16.2
2009-07-10,labeled,9.5,18.6,14.05,8.8,8.4,97.0,65.0,1028.1,1024.7,10.8,16.8
2009-07-11,labeled,9.1,16.4,12.75,0.0,3.6,94.0,58.0,1022.6,1018.6,10.3,15.8
2009-07-12,labeled,10.3,16.8,13.55,0.0,2.3,80.0,56.0,1014.6,1009.4,11.8,16.7
2009-07-13,labeled,11.6,17.4,14.5,0.2,2.8,67.0,53.0,1007.5,1005.9,14.5,16.8
2009-07-14,labeled,10.2,17.2,13.7,0.0,9.7,68.0,34.0,1007.4,1004.4,12.1,16.8
2009-07-15,labeled,6.7,17.3,12.0,0.0,6.9,79.0,42.0,1010.1,1008.2,8.9,17.0
2009-07-16,labeled,8.1,16.5,12.3,0.0,2.5,78.0,47.0,1012.3,1010.3,9.2,14.5
2009-07-17,labeled,9.2,15.8,12.5,7.0,4.5,80.0,59.0,1019.2,1019.2,10.7,15.1
2009-07-18,labeled,8.0,18.6,13.3,0.0,9.8,84.0,42.0,1022.5,1018.4,9.0,18.4
2009-07-19,labeled,8.0,19.9,13.95,0.0,9.4,66.0,37.0,1021.1,1019.2,10.2,19.5
2009-07-20,labeled,8.2,21.3,14.75,0.0,10.0,72.0,34.0,1025.1,1020.4,10.3,21.2
2009-07-21,labeled,8.8,23.4,16.1,0.0,10.0,68.0,43.0,1021.2,1015.7,11.2,21.3
2009-07-22,labeled,11.2,24.7,17.95,0.0,8.0,54.0,39.0,1011.5,1005.4,19.7,24.0
2009-07-23,labeled,11.4,18.3,14.85,3.6,8.1,62.0,42.0,1012.7,1014.5,13.6,16.4
2009-07-24,labeled,8.4,17.5,12.95,0.6,9.4,62.0,51.0,1026.0,1024.6,9.9,16.1
2009-07-25,labeled,7.6,18.6,13.1,0.0,9.9,81.0,54.0,1026.1,1022.1,8.9,15.5
2009-07-26,labeled,8.9,15.3,12.1,0.0,0.3,83.0,68.0,1019.1,1014.2,9.9,14.1
2009-07-27,labeled,8.3,18.9,13.6,12.2,9.0,72.0,34.0,1016.3,1015.4,10.5,18.8
2009-07-28,labeled,8.1,18.7,13.4,0.0,10.0,63.0,38.0,1022.5,1020.2,11.2,17.9
2009-07-29,labeled,9.5,19.5,14.5,0.0,9.1,61.0,41.0,1024.3,1022.3,11.3,18.7
2009-07-30,labeled,8.5,18.9,13.7,0.0,9.5,65.0,39.0,1024.4,1019.3,10.7,18.7
2009-07-31,labeled,9.2,19.7,14.45,0.0,8.5,66.0,38.0,1020.0,1017.9,12.8,18.4
2009-08-01,labeled,9.2,19.2,14.2,0.0,10.2,60.0,33.0,1025.4,1021.4,11.5,18.8
2009-08-02,labeled,7.9,19.2,13.55,0.0,10.1,63.0,46.0,1027.7,1022.7,10.2,17.3
2009-08-03,labeled,8.3,20.5,14.4,0.0,8.8,58.0,29.0,1020.3,1019.6,13.4,19.9
2009-08-04,labeled,10.0,19.8,14.9,0.0,5.1,70.0,33.0,1021.7,1017.4,11.7,18.2
2009-08-05,labeled,7.6,19.3,13.45,0.0,9.9,69.0,40.0,1022.8,1020.4,10.5,17.5
2009-08-06,labeled,8.0,19.5,13.75,0.0,9.2,73.0,55.0,1023.6,1019.2,11.2,17.6
2009-08-07,labeled,11.0,23.5,17.25,0.0,8.9,47.0,21.0,1015.8,1009.4,15.4,23.2
2009-08-08,labeled,7.8,16.8,12.3,0.0,9.9,46.0,41.0,1023.4,1020.8,9.8,15.9
2009-08-09,labeled,5.9,16.8,11.35,0.0,8.4,70.0,55.0,1020.8,1017.9,8.5,16.0
2009-08-10,labeled,6.8,16.3,11.55,0.0,4.1,77.0,59.0,1019.8,1017.0,9.1,15.7
2009-08-11,labeled,9.1,16.8,12.95,0.0,2.4,81.0,64.0,1016.3,1012.5,11.7,16.3
2009-08-12,labeled,8.9,19.8,14.35,4.2,9.7,77.0,32.0,1012.6,1009.4,11.9,19.6
2009-08-13,labeled,9.0,21.0,15.0,0.0,10.2,63.0,35.0,1014.1,1011.7,12.8,20.5
2009-08-14,labeled,10.8,21.0,15.9,0.0,9.9,61.0,62.0,1019.1,1016.5,14.0,17.9
2009-08-15,labeled,8.7,22.1,15.4,0.0,10.5,77.0,35.0,1019.6,1016.2,11.1,22.1
2009-08-16,labeled,9.4,25.7,17.55,0.0,10.2,66.0,27.0,1015.7,1009.0,13.0,25.2
2009-08-17,labeled,13.0,22.9,17.95,0.0,10.2,37.0,20.0,1013.4,1013.7,18.5,22.7
2009-08-18,labeled,9.0,18.9,13.95,0.0,10.4,48.0,45.0,1028.0,1026.3,12.1,17.0
2009-08-19,labeled,7.8,17.9,12.85,0.0,10.4,70.0,50.0,1027.7,1023.2,10.8,17.5
2009-08-20,labeled,9.9,21.1,15.5,0.0,4.9,74.0,58.0,1019.5,1014.2,12.2,19.0
2009-08-21,labeled,11.1,25.0,18.05,0.0,4.8,47.0,33.0,1009.2,1002.1,18.4,25.0
2009-08-22,labeled,14.5,20.8,17.65,0.0,6.3,51.0,47.0,1012.7,1009.9,15.3,17.9
2009-08-23,labeled,13.3,25.1,19.200000000000003,0.0,10.2,64.0,51.0,1012.0,1007.8,17.0,22.3
2009-08-24,labeled,17.0,23.9,20.45,0.0,3.5,47.0,59.0,1006.1,1005.9,23.3,18.9
2009-08-25,labeled,15.6,20.2,17.9,1.6,10.5,29.0,26.0,1007.1,1006.8,15.8,19.5
2009-08-26,labeled,12.0,21.6,16.8,0.0,10.9,32.0,20.0,1013.1,1010.8,15.1,21.3
2009-08-27,labeled,11.3,20.9,16.1,0.0,11.0,44.0,37.0,1017.6,1013.5,16.0,20.4
2009-08-28,labeled,10.6,24.8,17.7,0.0,10.2,44.0,21.0,1016.4,1013.1,17.2,22.0
2009-08-29,labeled,14.8,25.7,20.25,0.0,5.2,51.0,59.0,1008.9,998.9,16.6,20.4
2009-08-30,labeled,13.7,19.5,16.6,0.2,10.9,34.0,23.0,1011.4,1010.6,13.9,18.8
2009-08-31,labeled,9.2,21.5,15.35,0.0,10.9,40.0,30.0,1017.4,1014.0,14.7,21.4
2009-09-01,labeled,11.1,22.0,16.55,0.0,10.7,49.0,36.0,1021.6,1019.6,16.1,19.2
2009-09-02,labeled,9.7,18.7,14.2,0.0,10.9,60.0,58.0,1024.7,1021.8,14.4,17.7
2009-09-03,labeled,12.0,21.1,16.55,0.0,4.7,80.0,84.0,1020.7,1018.9,15.2,16.3
2009-09-04,labeled,14.7,25.3,20.0,6.0,6.9,81.0,43.0,1014.8,1010.0,16.0,25.0
2009-09-05,labeled,14.7,21.2,17.95,0.0,10.2,36.0,35.0,1016.1,1015.1,18.2,19.8
2009-09-06,labeled,10.4,18.2,14.3,0.0,10.0,53.0,58.0,1018.9,1014.0,14.4,17.7
2009-09-07,labeled,13.5,19.9,16.7,0.0,2.1,74.0,57.0,1008.5,1000.8,14.6,19.1
2009-09-08,labeled,11.6,21.1,16.35,5.4,8.3,56.0,56.0,1008.2,1007.6,16.2,17.0
2009-09-09,labeled,10.3,20.8,15.55,0.2,11.2,47.0,35.0,1010.2,1008.8,15.7,20.4
2009-09-10,labeled,10.0,22.2,16.1,0.0,10.9,45.0,38.0,1015.9,1013.9,16.0,19.8
2009-09-11,labeled,9.5,22.4,15.95,0.0,10.7,50.0,47.0,1022.6,1019.4,15.2,18.4
2009-09-12,labeled,11.0,28.5,19.75,0.0,10.9,49.0,27.0,1022.5,1019.1,17.3,25.5
2009-09-13,labeled,17.3,32.2,24.75,0.0,10.9,24.0,17.0,1019.6,1015.5,25.2,31.9
2009-09-14,labeled,18.1,19.7,18.9,0.0,6.2,70.0,60.0,1021.8,1021.3,18.5,18.4
2009-09-15,labeled,15.4,20.4,17.9,0.0,6.9,77.0,66.0,1021.4,1016.4,16.9,19.7
2009-09-16,labeled,15.6,22.2,18.9,0.0,0.0,80.0,79.0,1023.0,1019.7,17.4,19.5
2009-09-17,labeled,14.7,32.1,23.4,0.0,7.6,68.0,25.0,1017.0,1010.1,22.2,31.2
2009-09-18,labeled,19.0,23.5,21.25,0.0,10.2,43.0,51.0,1017.9,1018.4,22.7,21.2
2009-09-19,labeled,13.1,20.8,16.95,0.0,9.7,63.0,63.0,1019.2,1013.0,18.3,19.4
2009-09-20,labeled,13.8,24.7,19.25,0.0,8.5,49.0,30.0,1014.8,1010.9,20.7,23.7
2009-09-21,labeled,15.7,25.8,20.75,0.0,8.1,69.0,67.0,1014.7,1012.0,18.8,19.3
2009-09-22,labeled,17.1,31.7,24.4,0.0,8.2,45.0,34.0,1002.8,998.3,25.8,30.9
2009-09-23,labeled,17.0,21.8,19.4,4.4,8.0,40.0,36.0,996.8,997.8,17.3,20.9
2009-09-24,labeled,15.1,25.0,20.05,0.0,11.3,36.0,26.0,1012.1,1009.6,18.8,24.0
2009-09-25,labeled,13.5,25.4,19.45,0.0,11.2,36.0,33.0,1013.5,1007.0,21.0,22.4
2009-09-26,labeled,17.1,19.6,18.35,0.0,9.0,24.0,19.0,1004.3,1004.5,17.7,18.4
2009-09-27,labeled,10.1,17.2,13.65,0.0,10.8,30.0,23.0,1006.4,1004.1,13.9,16.9
2009-09-28,labeled,11.0,21.4,16.2,0.0,7.8,39.0,31.0,1007.6,1005.6,15.2,19.7
2009-09-29,labeled,11.4,21.0,16.2,0.0,11.1,42.0,45.0,1014.1,1011.8,17.0,18.8
2009-09-30,labeled,10.9,25.6,18.25,0.0,11.0,57.0,34.0,1017.7,1012.6,18.4,22.0
2009-10-01,labeled,14.9,33.1,24.0,0.0,10.8,21.0,10.0,1013.4,1007.7,25.6,32.8
2009-10-02,labeled,16.5,20.7,18.6,0.0,0.5,72.0,68.0,1013.4,1010.0,18.3,19.4
2009-10-03,labeled,13.6,15.2,14.4,12.6,0.0,91.0,89.0,1011.9,1014.1,13.8,14.5
2009-10-04,labeled,12.9,17.0,14.95,38.2,0.0,88.0,61.0,1021.5,1019.8,13.5,16.6
2009-10-05,labeled,13.1,20.2,16.65,3.4,2.2,91.0,65.0,1020.3,1017.1,14.2,18.4
2009-10-06,labeled,11.5,19.6,15.55,6.6,6.4,77.0,64.0,1020.6,1016.7,13.5,18.0
2009-10-07,labeled,10.6,19.3,14.95,7.0,8.8,51.0,29.0,1014.2,1011.3,14.1,18.5
2009-10-08,labeled,10.5,17.5,14.0,2.2,7.4,49.0,48.0,1018.0,1019.9,13.8,16.9
2009-10-09,labeled,9.6,17.1,13.35,0.0,4.7,65.0,76.0,1025.4,1026.0,13.5,13.9
2009-10-10,labeled,8.9,18.6,13.75,24.4,6.7,84.0,59.0,1029.7,1027.3,12.0,17.6
2009-10-11,labeled,11.8,19.3,15.55,2.2,6.7,91.0,57.0,1025.2,1019.8,13.1,19.2
2009-10-12,labeled,11.3,22.6,16.950000000000003,0.0,4.7,61.0,63.0,1011.8,1006.4,17.8,21.1
2009-10-13,labeled,17.0,24.5,20.75,0.0,11.2,38.0,21.0,1002.0,998.7,20.1,24.0
2009-10-14,labeled,15.2,22.1,18.65,0.0,8.9,36.0,34.0,1000.7,1000.7,19.7,17.8
2009-10-15,labeled,13.8,23.0,18.4,0.0,10.0,46.0,28.0,1008.4,1006.2,18.8,22.0
2009-10-16,labeled,11.8,21.2,16.5,0.0,12.1,42.0,19.0,1012.0,1011.8,15.1,20.5
2009-10-17,labeled,11.6,21.2,16.4,0.0,12.2,53.0,43.0,1020.8,1020.6,16.8,20.3
2009-10-18,labeled,13.8,18.8,16.3,7.0,7.9,80.0,61.0,1027.4,1025.3,15.5,18.5
2009-10-19,labeled,12.4,20.8,16.6,1.0,12.2,71.0,57.0,1027.1,1024.7,16.6,20.4
2009-10-20,labeled,14.3,23.0,18.65,0.0,12.1,71.0,62.0,1023.5,1018.7,19.0,22.0
2009-10-21,labeled,15.6,34.6,25.1,0.0,11.6,44.0,28.0,1019.8,1016.8,21.1,29.7
2009-10-22,labeled,17.9,21.3,19.6,0.0,1.2,67.0,63.0,1024.9,1022.6,18.5,20.0
2009-10-23,labeled,17.5,22.9,20.2,0.0,11.1,66.0,70.0,1019.9,1014.7,21.3,21.6
2009-10-24,labeled,16.8,22.1,19.450000000000003,0.0,9.2,63.0,56.0,1019.5,1016.3,19.7,20.9
2009-10-25,labeled,17.9,20.9,19.4,0.0,1.1,72.0,94.0,1016.0,1015.7,20.3,16.5
2009-10-26,labeled,14.4,17.0,15.7,73.2,0.0,91.0,60.0,1023.7,1025.3,14.7,16.6
2009-10-27,labeled,14.7,18.8,16.75,1.4,0.0,58.0,56.0,1029.5,1027.7,17.0,18.4
2009-10-28,labeled,14.0,22.8,18.4,0.6,6.3,76.0,68.0,1025.8,1027.7,18.8,21.1
2009-10-29,labeled,17.0,22.0,19.5,0.2,6.0,81.0,66.0,1025.8,1023.8,18.5,20.8
2009-10-30,labeled,17.3,23.4,20.35,0.0,9.8,78.0,60.0,1023.2,1020.6,20.5,22.8
2009-10-31,labeled,18.7,22.8,20.75,0.0,10.3,80.0,65.0,1025.2,1023.4,20.0,22.1
2009-11-01,labeled,16.9,24.2,20.55,0.0,10.1,62.0,58.0,1024.5,1019.9,21.7,23.4
2009-11-02,labeled,18.8,26.0,22.4,0.0,6.9,82.0,68.0,1021.0,1017.5,20.6,24.5
2009-11-03,labeled,18.9,36.9,27.9,0.0,11.0,73.0,18.0,1011.9,1006.6,24.0,36.3
2009-11-04,labeled,19.4,19.9,19.65,0.0,0.0,71.0,76.0,1017.9,1015.5,19.7,19.1
2009-11-05,labeled,16.9,19.8,18.35,0.0,1.1,75.0,68.0,1020.9,1021.9,19.4,19.1
2009-11-06,labeled,16.7,21.3,19.0,1.4,0.8,66.0,57.0,1027.6,1027.1,19.2,20.8
2009-11-07,labeled,17.2,22.9,20.05,4.2,6.2,69.0,60.0,1030.5,1030.0,20.9,22.5
2009-11-08,labeled,19.1,21.9,20.5,0.0,0.7,75.0,89.0,1030.7,1028.8,20.4,19.9
2009-11-09,labeled,19.1,23.2,21.15,0.8,11.0,77.0,61.0,1027.2,1024.0,20.9,22.8
2009-11-10,labeled,15.9,23.9,19.9,0.0,12.8,61.0,54.0,1022.5,1020.0,21.6,23.2
2009-11-11,labeled,15.4,23.9,19.65,0.0,12.4,74.0,64.0,1022.6,1021.3,21.0,23.1
2009-11-12,labeled,16.6,26.7,21.65,0.0,11.2,70.0,54.0,1020.0,1013.4,22.0,26.0
2009-11-13,labeled,19.5,23.0,21.25,4.0,9.7,66.0,60.0,1020.1,1019.2,21.7,22.5
2009-11-14,labeled,15.0,24.3,19.65,0.2,12.6,66.0,56.0,1016.4,1011.4,20.1,23.4
2009-11-15,labeled,18.5,25.1,21.8,0.0,9.3,74.0,63.0,1012.1,1011.7,22.2,23.8
2009-11-16,labeled,18.7,27.6,23.15,0.0,10.3,72.0,62.0,1008.8,1002.0,22.6,26.6
2009-11-17,labeled,19.4,23.6,21.5,1.4,5.0,61.0,59.0,1008.7,1009.7,21.1,21.0
2009-11-18,labeled,17.8,23.8,20.8,0.0,6.6,72.0,51.0,1013.2,1010.3,19.8,23.2
2009-11-19,labeled,18.4,26.5,22.45,0.0,10.6,70.0,63.0,1010.3,1009.2,23.6,26.0
2009-11-20,labeled,21.0,33.2,27.1,0.0,7.6,71.0,52.0,1009.8,1005.7,26.2,29.0
2009-11-21,labeled,22.0,31.5,26.75,0.0,10.3,56.0,45.0,1009.8,1006.6,25.4,30.2
2009-11-22,labeled,21.2,40.4,30.8,0.0,6.0,75.0,19.0,1005.0,1001.5,24.0,39.8
2009-11-23,labeled,19.9,22.8,21.35,0.0,0.3,62.0,68.0,1021.0,1022.6,21.4,20.4
2009-11-24,labeled,18.1,21.5,19.8,0.0,2.1,84.0,74.0,1026.2,1024.3,18.7,20.6
2009-11-25,labeled,18.3,25.0,21.65,0.2,12.2,82.0,74.0,1022.3,1018.4,21.3,24.0
2009-11-26,labeled,21.3,26.6,23.950000000000003,0.0,8.4,80.0,67.0,1017.5,1011.2,22.3,24.8
2009-11-27,labeled,21.3,33.2,27.25,1.0,12.4,50.0,41.0,1009.7,1007.1,26.1,28.7
2009-11-28,labeled,21.1,29.3,25.200000000000003,0.0,9.5,63.0,51.0,1006.4,1000.2,26.0,28.2
2009-11-29,labeled,19.5,30.5,25.0,0.0,12.4,28.0,20.0,1000.9,998.7,25.3,29.3
2009-11-30,labeled,18.1,23.1,20.6,0.0,3.9,55.0,61.0,1008.1,1009.2,21.2,19.6
2009-12-01,labeled,14.3,21.2,17.75,4.4,9.6,58.0,59.0,1016.1,1017.4,17.9,19.4
2009-12-02,labeled,13.5,22.6,18.05,10.2,11.2,69.0,44.0,1022.0,1021.7,17.3,21.5
2009-12-03,labeled,15.2,22.6,18.9,0.0,12.9,58.0,52.0,1022.6,1017.9,19.7,22.0
2009-12-04,labeled,17.3,24.4,20.85,0.0,12.5,69.0,61.0,1015.6,1015.6,21.8,22.5
2009-12-05,labeled,18.2,23.4,20.8,0.0,6.5,59.0,64.0,1015.2,1012.6,20.2,22.0
2009-12-06,labeled,18.7,25.6,22.15,0.0,10.5,61.0,58.0,1017.3,1015.0,23.4,23.8
2009-12-07,labeled,21.7,28.5,25.1,0.0,11.1,67.0,62.0,1011.8,1007.4,25.4,27.3
2009-12-08,labeled,20.1,27.6,23.85,0.0,8.8,68.0,70.0,1009.1,1000.8,22.6,24.1
2009-12-09,labeled,18.4,24.0,21.2,0.6,9.8,76.0,59.0,1011.1,1010.2,19.2,22.0
2009-12-10,labeled,19.2,28.8,24.0,0.0,1.2,75.0,70.0,1011.0,1006.0,23.4,24.8
2009-12-11,labeled,19.9,28.8,24.35,0.0,12.9,30.0,30.0,1012.7,1013.1,24.1,25.1
2009-12-12,labeled,16.9,27.1,22.0,0.0,13.0,57.0,55.0,1018.7,1014.0,22.7,24.8
2009-12-13,labeled,20.3,27.4,23.85,0.0,11.1,68.0,61.0,1016.3,1015.2,23.5,25.9
2009-12-14,labeled,20.0,24.3,22.15,0.0,0.0,72.0,69.0,1021.2,1021.1,21.3,21.1
2009-12-15,labeled,19.1,24.5,21.8,0.0,4.3,59.0,62.0,1022.5,1020.3,24.3,23.6
2009-12-16,labeled,21.7,26.5,24.1,0.0,10.6,74.0,70.0,1020.3,1016.1,24.1,26.0
2009-12-17,labeled,21.5,32.0,26.75,0.0,11.6,71.0,51.0,1013.7,1008.5,26.0,29.8
2009-12-18,labeled,20.2,21.4,20.8,5.4,0.0,87.0,83.0,1014.1,1016.7,20.2,18.5
2009-12-19,labeled,16.9,28.9,22.9,8.0,10.0,70.0,34.0,1015.1,1013.9,21.4,27.4
2009-12-20,labeled,19.6,22.5,21.05,0.0,0.0,62.0,59.0,1021.2,1019.8,20.9,21.8
2009-12-21,labeled,19.9,24.9,22.4,0.0,9.7,65.0,64.0,1016.9,1012.6,22.4,23.3
2009-12-22,labeled,19.7,29.4,24.55,0.0,12.0,58.0,53.0,1011.5,1009.7,24.6,27.1
2009-12-23,labeled,19.7,22.8,21.25,0.0,11.1,70.0,68.0,1015.4,1012.4,25.1,26.2
2009-12-24,labeled,14.9,22.8,18.85,0.0,11.1,70.0,69.0,1015.4,1009.9,25.1,25.5
2009-12-25,labeled,21.6,28.1,24.85,0.0,11.1,65.0,85.0,1010.1,1011.0,24.6,20.7
2009-12-26,labeled,17.7,20.2,18.95,12.0,0.0,91.0,85.0,1016.2,1016.4,17.8,18.6
2009-12-27,labeled,17.7,22.9,20.3,4.8,0.0,92.0,80.0,1017.9,1016.1,20.2,22.3
2009-12-28,labeled,20.1,23.1,21.6,16.0,1.4,97.0,83.0,1014.8,1015.4,20.6,22.7
2009-12-29,labeled,19.8,26.1,22.950000000000003,5.4,11.9,69.0,55.0,1021.4,1021.2,23.0,25.9
2009-12-30,labeled,19.8,25.2,22.5,0.0,12.8,66.0,57.0,1025.0,1023.1,22.4,24.5
2009-12-31,labeled,20.1,24.8,22.450000000000003,0.0,2.0,92.0,83.0,1020.9,1017.2,20.9,23.3
2010-01-01,labeled,20.9,29.3,25.1,0.4,1.1,84.0,56.0,1013.9,1010.4,24.3,29.0
2010-01-02,labeled,23.3,30.7,27.0,0.0,4.8,70.0,79.0,1007.7,1005.7,25.6,24.9
2010-01-03,labeled,18.9,21.5,20.2,8.6,0.0,80.0,74.0,1015.3,1016.0,20.1,20.8
2010-01-04,labeled,18.2,23.9,21.05,1.0,2.8,64.0,58.0,1020.6,1019.1,21.4,23.2
2010-01-05,labeled,18.3,26.1,22.200000000000003,0.2,10.4,64.0,60.0,1018.1,1014.6,23.6,25.7
2010-01-06,labeled,21.8,27.6,24.700000000000003,0.0,9.5,83.0,71.0,1015.9,1013.8,22.5,24.8
2010-01-07,labeled,20.8,24.9,22.85,0.0,0.8,66.0,59.0,1018.3,1017.4,21.8,23.4
2010-01-08,labeled,20.9,25.6,23.25,0.4,7.7,66.0,59.0,1021.7,1019.7,22.9,25.5
2010-01-09,labeled,20.8,32.4,26.6,0.0,13.2,76.0,51.0,1018.0,1014.6,24.4,30.6
2010-01-10,labeled,24.1,30.0,27.05,0.0,12.7,65.0,56.0,1016.1,1015.4,28.3,28.9
2010-01-11,labeled,22.1,25.8,23.950000000000003,0.0,7.8,64.0,60.0,1019.4,1016.1,24.2,25.8
2010-01-12,labeled,23.0,30.3,26.65,0.0,9.4,77.0,65.0,1013.0,1008.5,25.0,28.4
2010-01-13,labeled,23.7,27.7,25.7,0.2,8.8,64.0,69.0,1010.9,1011.0,27.0,25.4
2010-01-14,labeled,19.5,22.9,21.2,13.0,0.2,90.0,75.0,1017.7,1017.6,19.6,21.0
2010-01-15,labeled,19.0,25.1,22.05,0.2,3.0,83.0,74.0,1018.9,1017.2,21.7,24.4
2010-01-16,labeled,21.7,25.9,23.8,0.2,4.8,72.0,63.0,1014.0,1009.6,23.4,24.5
2010-01-17,labeled,20.3,27.3,23.8,0.0,10.3,64.0,68.0,1004.2,1003.0,24.6,25.6
2010-01-18,labeled,16.7,25.7,21.2,0.0,13.0,55.0,14.0,1002.9,1002.5,21.0,25.1
2010-01-19,labeled,15.6,26.8,21.2,0.0,13.3,39.0,31.0,1009.5,1007.4,19.8,22.9
2010-01-20,labeled,17.4,28.9,23.15,0.0,13.0,41.0,34.0,1010.4,1007.8,23.2,26.6
2010-01-21,labeled,19.5,27.4,23.45,0.0,12.8,74.0,58.0,1012.3,1008.4,24.0,27.4
2010-01-22,labeled,22.6,32.6,27.6,0.0,9.6,77.0,64.0,1013.6,1008.8,25.0,29.2
2010-01-23,labeled,25.0,41.3,33.15,0.0,5.6,28.0,17.0,1007.8,1005.4,31.9,39.9
2010-01-24,labeled,18.4,23.0,20.7,6.2,0.1,92.0,66.0,1016.3,1014.5,19.5,22.6
2010-01-25,labeled,19.5,26.1,22.8,0.4,2.8,80.0,70.0,1014.8,1011.8,22.4,25.7
2010-01-26,labeled,22.3,29.0,25.65,0.0,8.6,83.0,69.0,1010.9,1007.2,25.1,27.7
2010-01-27,labeled,22.9,27.1,25.0,0.0,4.6,78.0,72.0,1015.1,1013.6,23.4,25.0
2010-01-28,labeled,22.2,26.6,24.4,0.0,1.8,80.0,81.0,1012.1,1009.5,23.7,24.6
2010-01-29,labeled,19.6,30.2,24.9,2.6,9.5,81.0,53.0,1008.6,1010.0,22.2,29.6
2010-01-30,labeled,20.5,27.3,23.9,2.6,7.0,82.0,66.0,1018.6,1017.9,21.6,26.4
2010-01-31,labeled,21.5,26.6,24.05,0.0,9.2,75.0,70.0,1016.7,1014.6,25.6,26.0
2010-02-01,labeled,22.6,27.7,25.15,0.0,7.9,73.0,66.0,1015.9,1016.1,25.6,26.6
2010-02-02,labeled,22.7,27.7,25.2,0.6,9.8,61.0,60.0,1017.8,1016.4,25.0,25.9
2010-02-03,labeled,21.4,27.3,24.35,23.4,7.3,90.0,66.0,1014.9,1014.3,22.0,27.2
2010-02-04,labeled,21.9,27.2,24.55,3.4,3.9,83.0,76.0,1013.9,1011.3,25.2,26.1
2010-02-05,labeled,23.1,26.5,24.8,4.0,3.0,79.0,88.0,1010.1,1008.8,25.8,24.9
2010-02-06,labeled,20.5,22.4,21.45,31.2,0.0,95.0,95.0,1015.7,1016.2,21.6,22.2
2010-02-07,labeled,20.2,25.0,22.6,77.4,0.2,95.0,86.0,1021.6,1020.8,21.1,23.8
2010-02-08,labeled,21.0,27.6,24.3,3.4,2.3,76.0,70.0,1022.9,1021.9,23.5,26.3
2010-02-09,labeled,22.8,27.6,25.200000000000003,0.0,9.9,83.0,65.0,1023.0,1021.2,24.3,27.3
2010-02-10,labeled,21.7,27.9,24.8,0.4,10.1,72.0,61.0,1020.6,1017.6,25.6,27.3
2010-02-11,labeled,21.4,28.2,24.8,0.0,6.9,71.0,60.0,1017.1,1013.5,25.3,27.4
2010-02-12,labeled,23.9,37.8,30.85,0.0,9.8,71.0,32.0,1008.7,1005.5,26.9,37.4
2010-02-13,labeled,21.4,25.5,23.45,70.0,0.3,92.0,80.0,1011.9,1010.2,22.1,25.2
2010-02-14,labeled,22.1,26.4,24.25,10.0,1.4,91.0,92.0,1007.3,1004.5,23.5,23.9
2010-02-15,labeled,20.2,30.0,25.1,15.2,9.9,95.0,67.0,1006.7,1003.5,21.4,28.5
2010-02-16,labeled,21.3,26.4,23.85,0.2,8.7,65.0,57.0,1011.8,1013.6,22.3,25.0
2010-02-17,labeled,18.5,25.6,22.05,0.0,12.8,64.0,56.0,1016.7,1016.0,21.4,25.4
2010-02-18,labeled,18.3,25.9,22.1,0.0,12.0,52.0,51.0,1022.4,1023.4,23.7,24.9
2010-02-19,labeled,20.2,25.5,22.85,0.0,8.0,60.0,51.0,1024.8,1023.1,22.6,25.0
2010-02-20,labeled,18.9,27.3,23.1,0.0,11.8,76.0,54.0,1021.9,1018.4,22.2,26.1
2010-02-21,labeled,20.7,29.8,25.25,0.0,11.6,75.0,59.0,1018.0,1014.8,23.5,28.6
2010-02-22,labeled,23.2,35.4,29.3,0.0,11.9,61.0,46.0,1015.4,1011.7,26.7,32.5
2010-02-23,labeled,26.0,28.6,27.3,0.0,7.4,54.0,60.0,1013.6,1016.3,28.5,23.7
2010-02-24,labeled,21.1,24.1,22.6,0.0,1.5,55.0,52.0,1021.7,1021.4,22.4,23.8
2010-02-25,labeled,20.5,24.6,22.55,0.0,9.3,45.0,46.0,1026.4,1026.6,23.3,24.2
2010-02-26,labeled,18.1,25.1,21.6,0.0,1.6,73.0,58.0,1027.0,1024.4,20.2,24.6
2010-02-27,labeled,18.4,27.0,22.7,0.2,11.8,79.0,60.0,1021.6,1017.8,21.9,26.5
2010-02-28,labeled,21.0,26.7,23.85,0.0,3.8,83.0,72.0,1017.1,1014.3,23.7,25.8
2010-03-01,labeled,19.2,19.7,19.45,4.2,0.0,68.0,84.0,1018.9,1018.4,19.4,19.2
2010-03-02,labeled,17.3,23.0,20.15,9.0,1.3,52.0,52.0,1019.3,1018.2,19.5,21.8
2010-03-03,labeled,18.2,24.4,21.3,0.2,7.5,53.0,53.0,1019.4,1018.2,22.7,23.5
2010-03-04,labeled,17.2,25.2,21.2,0.0,7.9,73.0,67.0,1016.2,1013.7,20.9,24.7
2010-03-05,labeled,20.5,25.1,22.8,0.0,1.0,72.0,83.0,1011.5,1009.6,23.9,23.5
2010-03-06,labeled,20.9,26.7,23.8,14.0,6.2,90.0,77.0,1011.9,1010.8,22.4,25.1
2010-03-07,labeled,22.3,26.4,24.35,0.0,5.0,71.0,68.0,1013.8,1012.0,25.0,25.6
2010-03-08,labeled,22.6,29.2,25.9,0.0,6.4,72.0,65.0,1011.6,1009.6,24.8,27.4
2010-03-09,labeled,20.8,30.0,25.4,0.0,11.7,46.0,35.0,1013.4,1012.2,23.9,29.6
2010-03-10,labeled,19.2,20.8,20.0,0.2,0.3,85.0,67.0,1020.8,1022.5,19.3,20.4
2010-03-11,labeled,18.2,24.2,21.2,0.0,9.0,63.0,49.0,1031.1,1031.5,20.4,23.6
2010-03-12,labeled,18.7,24.5,21.6,0.2,7.9,55.0,54.0,1035.0,1034.8,23.3,22.5
2010-03-13,labeled,17.4,24.7,21.05,0.0,7.1,68.0,52.0,1034.3,1032.9,20.5,22.8
2010-03-14,labeled,16.2,24.6,20.4,5.6,6.9,87.0,50.0,1030.4,1027.8,18.7,23.0
2010-03-15,labeled,18.0,25.2,21.6,0.0,5.9,78.0,57.0,1025.7,1022.4,19.7,24.5
2010-03-16,labeled,17.4,25.5,21.45,0.0,11.0,82.0,54.0,1023.5,1022.7,20.0,25.1
2010-03-17,labeled,15.6,26.0,20.8,0.0,11.3,80.0,54.0,1025.7,1024.5,18.8,24.4
2010-03-18,labeled,17.0,26.5,21.75,0.0,10.2,77.0,51.0,1026.5,1023.7,19.8,25.3
2010-03-19,labeled,18.2,27.4,22.8,0.0,11.2,82.0,60.0,1022.2,1019.2,20.1,26.9
2010-03-20,labeled,19.8,29.0,24.4,0.0,11.1,64.0,68.0,1021.0,1019.5,22.8,26.5
2010-03-21,labeled,21.7,30.9,26.3,0.0,9.0,64.0,56.0,1017.9,1014.3,23.5,28.0
2010-03-22,labeled,20.8,25.0,22.9,0.0,6.3,64.0,57.0,1020.1,1018.7,22.5,24.1
2010-03-23,labeled,18.7,27.0,22.85,0.0,10.9,74.0,60.0,1020.1,1017.4,21.6,26.1
2010-03-24,labeled,18.7,26.0,22.35,0.0,6.1,79.0,58.0,1021.6,1020.8,20.3,25.3
2010-03-25,labeled,19.5,25.5,22.5,0.0,8.7,75.0,61.0,1023.4,1019.6,21.1,24.8
2010-03-26,labeled,19.5,29.6,24.55,0.0,8.9,80.0,52.0,1019.1,1015.4,22.6,29.5
2010-03-27,labeled,22.4,26.9,24.65,0.0,7.2,80.0,66.0,1019.6,1018.4,23.0,25.5
2010-03-28,labeled,20.8,26.4,23.6,0.0,8.2,82.0,66.0,1019.2,1014.9,23.1,26.2
2010-03-29,labeled,22.4,27.5,24.95,0.0,0.1,78.0,56.0,1016.9,1016.4,23.2,26.7
2010-03-30,labeled,20.5,21.3,20.9,4.0,0.0,92.0,88.0,1019.8,1018.4,20.6,21.2
2010-03-31,labeled,18.9,23.1,21.0,14.0,3.1,68.0,67.0,1019.5,1017.5,21.0,22.0
2010-04-01,labeled,16.0,25.3,20.65,0.2,10.8,68.0,45.0,1018.3,1016.3,18.4,24.8
2010-04-02,labeled,17.2,24.6,20.9,0.0,9.4,74.0,46.0,1019.9,1018.5,19.0,24.3
2010-04-03,labeled,15.9,24.0,19.95,0.0,7.2,72.0,56.0,1021.4,1020.0,18.6,22.1
2010-04-04,labeled,15.4,22.4,18.9,6.8,6.6,84.0,59.0,1022.9,1020.5,17.7,20.7
2010-04-05,labeled,15.2,21.5,18.35,1.2,2.5,76.0,64.0,1021.1,1019.0,19.6,20.5
2010-04-06,labeled,17.0,23.3,20.15,0.8,3.6,74.0,62.0,1020.5,1017.6,21.4,22.4
2010-04-07,labeled,18.5,25.9,22.2,3.8,1.1,90.0,65.0,1016.6,1012.3,19.1,24.5
2010-04-08,labeled,19.0,28.7,23.85,3.0,9.4,77.0,71.0,1012.5,1011.8,22.2,24.3
2010-04-09,labeled,16.4,25.0,20.7,4.4,9.9,68.0,55.0,1014.8,1011.1,20.8,22.4
2010-04-10,labeled,17.2,27.9,22.55,0.0,7.4,78.0,41.0,1010.5,1007.6,18.6,27.6
2010-04-11,labeled,18.6,27.9,23.25,0.0,10.1,58.0,33.0,1007.9,1006.0,24.5,27.7
2010-04-12,labeled,14.9,24.5,19.7,0.0,10.6,33.0,22.0,1014.3,1011.7,16.8,24.2
2010-04-13,labeled,13.1,22.3,17.7,0.0,10.7,52.0,46.0,1021.8,1020.3,17.6,21.3
2010-04-14,labeled,12.3,25.0,18.65,0.0,10.7,71.0,49.0,1022.8,1019.3,15.9,23.0
2010-04-15,labeled,14.9,24.9,19.9,0.0,9.3,77.0,62.0,1021.9,1020.5,17.5,23.3
2010-04-16,labeled,16.9,22.3,19.6,0.0,1.5,77.0,64.0,1027.0,1025.1,18.1,21.8
2010-04-17,labeled,15.8,25.3,20.55,0.6,10.8,82.0,63.0,1028.1,1026.0,19.1,24.2
2010-04-18,labeled,14.9,25.0,19.95,0.0,10.7,84.0,66.0,1027.3,1024.3,19.9,23.6
2010-04-19,labeled,17.2,24.9,21.05,0.0,9.6,82.0,65.0,1026.0,1023.7,20.5,24.2
2010-04-20,labeled,17.3,24.8,21.05,0.0,9.3,87.0,57.0,1025.2,1021.7,20.0,24.4
2010-04-21,labeled,16.7,24.2,20.45,0.0,10.3,95.0,63.0,1023.4,1020.4,17.6,23.9
2010-04-22,labeled,16.7,25.7,21.2,0.0,10.6,81.0,63.0,1022.9,1019.4,19.3,23.9
2010-04-23,labeled,16.6,30.7,23.65,0.0,10.6,68.0,50.0,1020.6,1016.0,20.2,26.5
2010-04-24,labeled,20.2,28.6,24.4,0.0,3.4,57.0,49.0,1014.3,1009.9,22.8,26.4
2010-04-25,labeled,17.2,22.8,20.0,8.8,3.8,77.0,70.0,1013.2,1013.5,17.3,19.2
2010-04-26,labeled,12.5,21.8,17.15,0.4,10.5,56.0,46.0,1024.3,1022.3,15.1,21.5
2010-04-27,labeled,11.7,20.4,16.049999999999997,0.0,2.2,65.0,41.0,1020.4,1017.8,14.2,20.1
2010-04-28,labeled,12.6,24.9,18.75,0.0,10.6,64.0,32.0,1021.0,1016.7,16.0,24.5
2010-04-29,labeled,13.4,24.6,19.0,0.0,10.7,44.0,35.0,1019.9,1017.0,18.2,24.5
2010-04-30,labeled,14.0,19.4,16.7,0.0,0.3,79.0,64.0,1025.2,1024.4,14.4,19.2
2010-05-01,labeled,14.3,21.7,18.0,1.8,4.6,89.0,74.0,1027.6,1024.4,15.1,20.6
2010-05-02,labeled,13.9,26.5,20.2,0.0,8.2,90.0,30.0,1024.8,1022.1,15.3,26.3
2010-05-03,labeled,14.8,23.1,18.950000000000003,0.2,6.5,75.0,60.0,1027.6,1024.3,18.0,22.7
2010-05-04,labeled,16.2,24.8,20.5,0.0,4.2,80.0,54.0,1021.3,1015.8,19.2,24.2
2010-05-05,labeled,15.4,21.1,18.25,0.0,5.9,59.0,41.0,1012.2,1011.3,18.7,18.1
2010-05-06,labeled,10.4,22.3,16.35,2.0,10.2,48.0,34.0,1020.0,1018.3,13.9,21.5
2010-05-07,labeled,11.3,23.1,17.200000000000003,0.0,10.1,62.0,33.0,1022.4,1018.3,13.5,22.9
2010-05-08,labeled,11.1,24.4,17.75,0.0,10.1,65.0,46.0,1021.9,1019.3,14.1,22.6
2010-05-09,labeled,12.3,24.6,18.450000000000003,0.0,10.2,68.0,50.0,1022.0,1018.3,15.3,22.4
2010-05-10,labeled,12.7,22.6,17.65,0.0,10.2,78.0,61.0,1020.3,1015.8,15.7,22.0
2010-05-11,labeled,12.8,27.0,19.9,0.0,9.7,64.0,19.0,1012.6,1008.7,16.3,25.7
2010-05-12,labeled,10.5,18.9,14.7,0.0,10.2,40.0,29.0,1017.9,1016.9,12.7,18.5
2010-05-13,labeled,9.0,21.9,15.45,0.0,9.4,53.0,36.0,1018.8,1015.8,12.0,20.7
2010-05-14,labeled,10.6,21.1,15.85,0.0,10.1,60.0,35.0,1018.4,1014.9,13.0,20.3
2010-05-15,labeled,10.5,21.7,16.1,0.0,9.0,62.0,47.0,1017.6,1016.1,13.2,20.5
2010-05-16,labeled,11.0,21.6,16.3,0.0,7.7,71.0,60.0,1020.9,1018.4,12.7,19.7
2010-05-17,labeled,12.7,17.9,15.3,1.0,0.2,85.0,68.0,1019.7,1016.7,13.1,16.5
2010-05-18,labeled,12.4,15.4,13.9,13.8,0.0,94.0,92.0,1018.2,1017.4,13.0,14.9
2010-05-19,labeled,11.7,20.0,15.85,47.8,6.1,91.0,62.0,1022.1,1020.3,13.0,20.0
2010-05-20,labeled,11.2,19.7,15.45,1.0,6.1,82.0,55.0,1023.1,1019.9,12.7,19.3
2010-05-21,labeled,11.7,19.5,15.6,0.0,6.4,83.0,58.0,1020.6,1017.9,13.9,18.4
2010-05-22,labeled,10.8,18.6,14.7,17.2,4.8,92.0,58.0,1021.5,1019.7,11.3,18.4
2010-05-23,labeled,9.5,14.7,12.1,14.2,0.4,91.0,93.0,1023.6,1020.8,10.4,14.3
2010-05-24,labeled,10.4,18.0,14.2,5.6,1.1,86.0,68.0,1019.7,1015.7,12.1,17.8
2010-05-25,labeled,12.1,16.9,14.5,0.8,0.1,89.0,84.0,1011.7,1006.3,14.1,16.8
2010-05-26,labeled,13.4,17.3,15.35,9.0,0.0,96.0,94.0,1004.8,1004.9,13.5,15.6
2010-05-27,labeled,13.5,18.7,16.1,33.6,3.3,82.0,62.0,1018.0,1017.6,15.9,18.3
2010-05-28,labeled,11.7,19.9,15.8,1.6,4.6,92.0,53.0,1021.0,1017.1,12.9,19.8
2010-05-29,labeled,12.9,17.1,15.0,3.0,0.0,88.0,87.0,1009.5,1004.7,15.8,16.2
2010-05-30,labeled,11.8,19.1,15.45,3.0,2.2,78.0,56.0,1003.2,1002.4,13.0,18.7
2010-05-31,labeled,12.6,20.0,16.3,12.8,3.9,87.0,68.0,1008.3,1010.2,16.5,19.1
2010-06-01,labeled,11.7,19.7,15.7,12.4,3.6,80.0,60.0,1019.2,1017.7,14.5,18.5
2010-06-02,labeled,11.2,20.1,15.65,0.0,7.0,81.0,63.0,1020.9,1019.6,12.7,19.0
2010-06-03,labeled,12.7,18.6,15.65,6.0,0.8,91.0,90.0,1023.0,1020.0,15.2,17.1
2010-06-04,labeled,15.2,17.7,16.45,26.4,0.0,85.0,94.0,1018.7,1015.5,17.3,16.4
2010-06-05,labeled,12.5,20.5,16.5,61.4,4.4,80.0,67.0,1014.2,1012.0,13.5,17.4
2010-06-06,labeled,9.5,18.5,14.0,0.4,6.5,64.0,70.0,1014.7,1015.8,11.3,15.2
2010-06-07,labeled,9.1,15.5,12.3,4.2,3.9,60.0,77.0,1024.3,1023.0,10.6,14.3
2010-06-08,labeled,9.1,18.5,13.8,0.4,9.0,78.0,62.0,1023.5,1018.7,10.6,16.3
2010-06-09,labeled,9.5,16.7,13.1,0.0,7.2,71.0,34.0,1012.0,1008.3,11.1,15.7
2010-06-10,labeled,10.3,17.2,13.75,0.0,7.2,48.0,30.0,1017.5,1017.7,11.3,16.8
2010-06-11,labeled,6.2,17.4,11.8,0.0,9.8,64.0,37.0,1019.9,1016.0,9.0,16.9
2010-06-12,labeled,9.0,16.7,12.85,0.0,9.6,63.0,42.0,1022.0,1021.7,11.5,15.8
2010-06-13,labeled,6.6,17.9,12.25,0.0,9.5,66.0,50.0,1029.8,1028.9,8.4,17.1
2010-06-14,labeled,6.9,18.3,12.6,0.0,9.5,75.0,50.0,1034.7,1032.0,8.9,17.8
2010-06-15,labeled,8.1,19.3,13.7,0.0,9.3,86.0,56.0,1032.7,1028.9,10.0,17.6
2010-06-16,labeled,9.1,18.9,14.0,0.0,9.6,89.0,59.0,1028.9,1024.1,10.6,18.3
2010-06-17,labeled,10.6,17.3,13.95,0.0,1.7,67.0,69.0,1016.0,1010.5,14.2,16.6
2010-06-18,labeled,9.8,18.0,13.9,0.6,9.6,58.0,39.0,1017.1,1015.5,12.1,17.8
2010-06-19,labeled,8.5,19.5,14.0,0.6,9.7,59.0,41.0,1018.6,1017.6,11.8,18.8
2010-06-20,labeled,9.5,20.2,14.85,0.0,9.8,71.0,40.0,1025.0,1023.8,11.3,20.0
2010-06-21,labeled,10.1,16.0,13.05,8.2,4.2,95.0,80.0,1032.8,1032.5,11.5,15.7
2010-06-22,labeled,11.5,17.2,14.35,3.4,4.2,84.0,78.0,1037.0,1035.7,14.3,14.7
2010-06-23,labeled,12.6,15.6,14.1,4.0,0.2,83.0,90.0,1036.7,1034.1,14.4,14.6
2010-06-24,labeled,11.8,17.0,14.4,18.8,5.2,96.0,64.0,1031.6,1027.1,12.2,17.0
2010-06-25,labeled,12.2,18.4,15.3,0.0,2.8,83.0,65.0,1025.1,1020.7,13.7,18.4
2010-06-26,labeled,13.5,20.0,16.75,1.0,4.0,78.0,50.0,1017.3,1016.3,15.2,19.7
2010-06-27,labeled,6.7,14.9,10.8,0.0,6.8,72.0,53.0,1021.0,1018.9,8.1,13.9
2010-06-28,labeled,5.5,15.8,10.65,0.0,9.7,68.0,36.0,1021.0,1017.7,7.0,15.3
2010-06-29,labeled,4.7,14.4,9.55,0.0,9.9,63.0,36.0,1020.1,1017.0,7.0,14.4
2010-06-30,labeled,4.3,16.1,10.2,0.0,9.3,70.0,41.0,1020.8,1018.5,6.4,15.7
2010-07-01,labeled,6.4,17.1,11.75,0.0,8.6,70.0,40.0,1024.9,1022.8,8.5,16.9
2010-07-02,labeled,7.6,12.1,9.85,0.0,0.0,74.0,65.0,1026.8,1023.5,9.2,11.9
2010-07-03,labeled,7.7,16.3,12.0,0.6,9.8,68.0,38.0,1025.6,1026.1,9.1,15.6
2010-07-04,labeled,7.8,17.8,12.8,0.0,8.8,68.0,56.0,1029.7,1026.9,8.9,16.9
2010-07-05,labeled,8.8,13.5,11.15,0.0,0.1,76.0,83.0,1027.2,1024.1,9.7,13.1
2010-07-06,labeled,9.7,17.2,13.45,4.2,3.5,95.0,67.0,1016.7,1015.1,10.8,15.1
2010-07-07,labeled,9.6,16.0,12.8,2.6,2.9,83.0,70.0,1023.9,1022.5,10.3,15.3
2010-07-08,labeled,8.0,14.8,11.4,2.0,2.3,80.0,92.0,1023.9,1025.6,11.0,12.8
2010-07-09,labeled,9.7,15.6,12.65,32.0,3.8,96.0,83.0,1029.6,1027.9,10.7,13.9
2010-07-10,labeled,8.6,17.6,13.1,4.6,4.8,95.0,65.0,1028.9,1025.0,9.9,16.6
2010-07-11,labeled,9.9,19.0,14.45,0.2,1.0,61.0,76.0,1022.2,1019.8,16.7,17.3
2010-07-12,labeled,10.1,16.9,13.5,0.2,2.1,87.0,61.0,1023.6,1021.1,11.4,16.0
2010-07-13,labeled,11.4,18.6,15.0,0.0,0.0,83.0,78.0,1020.3,1014.6,14.1,17.7
2010-07-14,labeled,13.9,18.1,16.0,1.0,8.0,56.0,33.0,1008.7,1008.6,14.4,17.4
2010-07-15,labeled,10.4,18.2,14.3,0.0,9.8,50.0,34.0,1015.4,1017.1,11.9,17.4
2010-07-16,labeled,7.2,18.2,12.7,0.0,9.4,63.0,46.0,1025.9,1024.0,9.0,16.2
2010-07-17,labeled,7.1,18.5,12.8,0.0,9.9,71.0,39.0,1028.1,1024.7,8.6,18.4
2010-07-18,labeled,7.3,19.4,13.35,0.0,10.0,81.0,40.0,1022.6,1017.8,8.9,18.7
2010-07-19,labeled,8.7,16.7,12.7,0.0,0.8,67.0,53.0,1017.8,1016.0,11.1,15.0
2010-07-20,labeled,8.0,16.5,12.25,0.0,8.5,71.0,53.0,1022.4,1021.4,10.2,14.9
2010-07-21,labeled,8.0,15.7,11.85,6.6,4.1,73.0,54.0,1026.7,1024.6,9.2,15.5
2010-07-22,labeled,6.0,14.7,10.35,0.4,5.0,64.0,69.0,1028.5,1028.1,8.8,13.6
2010-07-23,labeled,8.0,18.2,13.1,0.2,5.8,75.0,62.0,1032.6,1030.3,9.8,16.4
2010-07-24,labeled,9.6,18.3,13.95,4.6,3.9,81.0,54.0,1030.7,1027.4,10.3,17.6
2010-07-25,labeled,10.2,16.9,13.55,0.0,6.2,83.0,64.0,1029.9,1027.7,12.5,15.5
2010-07-26,labeled,9.2,17.0,13.1,16.0,3.2,90.0,69.0,1034.0,1032.6,11.9,15.5
2010-07-27,labeled,9.3,16.9,13.1,2.4,3.2,86.0,49.0,1035.7,1032.5,11.2,16.6
2010-07-28,labeled,11.2,15.2,13.2,2.6,0.8,96.0,90.0,1029.8,1024.8,12.3,14.4
2010-07-29,labeled,11.4,16.2,13.8,24.2,0.6,93.0,77.0,1019.1,1016.0,12.8,15.8
2010-07-30,labeled,12.0,21.1,16.55,3.4,5.8,97.0,62.0,1016.9,1013.6,12.8,21.0
2010-07-31,labeled,12.8,20.7,16.75,6.6,5.8,96.0,37.0,1012.1,1012.0,14.5,20.5
2010-08-01,labeled,9.6,20.9,15.25,0.0,10.3,62.0,35.0,1019.9,1013.0,13.2,20.6
2010-08-02,labeled,9.1,15.7,12.4,0.4,7.3,49.0,36.0,1015.8,1011.6,11.2,15.1
2010-08-03,labeled,10.3,17.3,13.8,16.4,6.6,75.0,62.0,1016.2,1016.9,13.9,15.5
2010-08-04,labeled,8.3,18.9,13.6,0.0,10.2,75.0,44.0,1019.0,1014.9,11.2,18.7
2010-08-05,labeled,7.1,16.9,12.0,0.0,8.3,57.0,33.0,1018.1,1015.1,11.1,15.8
2010-08-06,labeled,7.6,17.0,12.3,0.0,10.3,56.0,40.0,1020.5,1019.2,10.5,15.7
2010-08-07,labeled,6.8,16.1,11.45,0.0,10.2,58.0,50.0,1024.7,1022.2,9.1,15.5
2010-08-08,labeled,6.4,17.2,11.8,0.0,10.3,73.0,50.0,1022.2,1019.1,8.8,15.2
2010-08-09,labeled,7.2,17.1,12.15,0.0,8.9,83.0,58.0,1023.5,1020.9,9.3,17.0
2010-08-10,labeled,9.3,16.4,12.85,2.8,0.0,93.0,90.0,1019.2,1013.8,12.2,16.2
2010-08-11,labeled,12.2,18.0,15.1,4.6,6.0,59.0,35.0,1008.6,1003.7,12.8,17.4
2010-08-12,labeled,10.7,16.7,13.7,0.2,5.9,55.0,47.0,1001.5,1002.3,12.2,15.0
2010-08-13,labeled,9.9,18.3,14.1,0.0,10.6,54.0,44.0,1011.9,1012.0,12.7,17.0
2010-08-14,labeled,8.2,21.8,15.0,0.0,10.7,69.0,36.0,1014.5,1009.7,13.0,21.4
2010-08-15,labeled,12.8,20.1,16.450000000000003,0.0,7.3,53.0,37.0,1006.2,1004.0,15.1,20.0
2010-08-16,labeled,12.6,18.8,15.7,0.4,10.7,44.0,31.0,1011.5,1010.3,14.3,18.3
2010-08-17,labeled,7.6,17.6,12.6,0.0,10.4,44.0,26.0,1022.0,1019.9,10.8,15.9
2010-08-18,labeled,6.5,19.9,13.2,0.0,6.6,69.0,53.0,1020.5,1012.0,9.3,17.7
2010-08-19,labeled,9.3,24.6,16.950000000000003,2.2,10.8,57.0,23.0,1007.7,1004.6,19.5,24.4
2010-08-20,labeled,11.3,19.3,15.3,0.0,10.8,45.0,26.0,1012.4,1010.9,14.3,19.2
2010-08-21,labeled,8.8,16.7,12.75,0.0,10.9,44.0,33.0,1017.0,1015.2,12.8,16.7
2010-08-22,labeled,8.4,17.3,12.85,0.0,9.4,58.0,48.0,1023.7,1020.4,11.4,15.7
2010-08-23,labeled,11.2,15.0,13.1,0.0,1.0,77.0,65.0,1017.1,1010.8,12.4,13.9
2010-08-24,labeled,10.9,19.8,15.35,0.0,10.3,53.0,28.0,1012.3,1007.9,13.9,19.6
2010-08-25,labeled,11.5,18.1,14.8,0.0,10.4,36.0,24.0,1008.1,1005.2,14.1,17.2
2010-08-26,labeled,10.3,18.0,14.15,0.0,8.9,48.0,33.0,1003.5,1000.7,13.8,16.4
2010-08-27,labeled,10.3,19.2,14.75,0.0,8.4,47.0,35.0,1008.1,1008.0,14.1,18.8
2010-08-28,labeled,9.2,17.5,13.35,0.0,10.9,52.0,40.0,1021.8,1022.3,12.3,16.5
2010-08-29,labeled,7.8,18.4,13.1,0.0,9.7,68.0,55.0,1021.8,1025.9,11.1,16.3
2010-08-30,labeled,10.5,17.6,14.05,0.0,8.2,70.0,56.0,1027.1,1024.3,14.9,16.8
2010-08-31,labeled,11.5,20.0,15.75,0.0,9.7,71.0,60.0,1025.3,1019.8,15.8,18.4
2010-09-01,labeled,14.9,25.9,20.4,0.0,3.3,53.0,33.0,1017.8,1012.5,18.2,24.1
2010-09-02,labeled,16.6,18.1,17.35,0.8,0.0,77.0,74.0,1016.3,1014.4,17.8,17.8
2010-09-03,labeled,13.7,17.6,15.65,3.2,0.0,80.0,64.0,1025.8,1023.6,15.2,16.5
2010-09-04,labeled,15.2,20.3,17.75,7.4,0.0,90.0,84.0,1014.2,1006.7,17.6,19.0
2010-09-05,labeled,16.4,21.3,18.85,0.6,11.3,44.0,35.0,1007.9,1009.7,18.6,20.4
2010-09-06,labeled,11.5,20.4,15.95,0.0,8.4,45.0,33.0,1018.6,1017.1,15.1,18.9
2010-09-07,labeled,10.4,16.8,13.6,0.0,10.3,54.0,51.0,1023.4,1023.3,14.4,16.1
2010-09-08,labeled,8.2,18.3,13.25,0.0,10.7,58.0,54.0,1027.3,1023.6,13.1,17.2
2010-09-09,labeled,9.7,18.4,14.05,0.0,2.4,77.0,56.0,1017.5,1010.6,13.0,18.0
2010-09-10,labeled,11.0,24.5,17.75,2.4,5.4,82.0,34.0,1004.1,1001.3,16.2,21.2
2010-09-11,labeled,11.1,19.9,15.5,0.8,10.9,46.0,44.0,1017.4,1017.2,15.3,17.5
2010-09-12,labeled,9.2,18.9,14.05,0.0,10.0,64.0,61.0,1022.5,1017.8,13.6,17.6
2010-09-13,labeled,13.3,23.9,18.6,0.0,6.9,64.0,24.0,1015.8,1012.1,16.2,23.3
2010-09-14,labeled,13.9,18.1,16.0,0.0,1.7,70.0,87.0,1016.4,1011.4,17.6,15.7
2010-09-15,labeled,14.9,20.4,17.65,21.0,7.6,75.0,63.0,1010.8,1009.6,15.4,18.8
2010-09-16,labeled,10.4,21.2,15.8,0.0,9.6,42.0,30.0,1014.8,1010.6,15.3,20.8
2010-09-17,labeled,9.5,19.3,14.4,0.0,11.2,41.0,33.0,1021.1,1017.8,13.5,17.2
2010-09-18,labeled,9.6,23.3,16.45,0.0,11.0,48.0,45.0,1017.4,1013.8,15.0,19.5
2010-09-19,labeled,11.7,18.1,14.9,0.0,4.1,56.0,66.0,1022.0,1019.7,15.0,17.3
2010-09-20,labeled,11.1,20.1,15.6,0.0,9.1,66.0,65.0,1024.0,1022.7,16.8,18.5
2010-09-21,labeled,11.6,23.7,17.65,0.0,8.2,82.0,66.0,1023.0,1022.3,15.3,20.4
2010-09-22,labeled,13.0,20.1,16.55,1.8,9.5,75.0,61.0,1026.5,1020.8,16.6,18.1
2010-09-23,labeled,15.2,19.0,17.1,0.2,1.1,69.0,63.0,1024.7,1022.3,16.6,17.3
2010-09-24,labeled,13.7,21.1,17.4,0.0,10.7,67.0,69.0,1022.2,1017.6,19.0,20.2
2010-09-25,labeled,13.4,26.9,20.15,0.0,8.0,58.0,33.0,1016.0,1013.5,18.5,24.8
2010-09-26,labeled,13.1,22.0,17.55,0.0,10.8,57.0,74.0,1020.1,1017.3,19.5,19.7
2010-09-27,labeled,12.8,27.1,19.950000000000003,0.0,5.5,60.0,38.0,1014.5,1017.3,18.7,26.5
2010-09-28,labeled,14.2,27.0,20.6,0.0,9.8,36.0,18.0,1013.2,1017.3,21.7,26.2
2010-09-29,labeled,13.2,18.5,15.85,0.0,9.3,39.0,42.0,1016.8,1017.3,16.5,16.7
2010-09-30,labeled,8.6,18.7,13.65,4.0,10.7,54.0,42.0,1016.8,1017.3,14.4,16.2
2010-10-01,labeled,9.7,18.4,14.05,0.0,0.7,69.0,61.0,1016.8,1017.3,12.7,17.7
2010-10-02,labeled,12.7,19.6,16.15,0.0,0.0,70.0,82.0,1029.8,1027.7,18.3,16.5
2010-10-03,labeled,15.0,19.7,17.35,14.2,1.2,93.0,77.0,1030.0,1027.4,15.3,18.9
2010-10-04,labeled,15.3,20.6,17.950000000000003,12.0,2.3,83.0,72.0,1026.2,1022.8,17.9,19.9
2010-10-05,labeled,16.6,22.4,19.5,2.6,7.2,81.0,71.0,1026.2,1022.8,19.4,21.1
2010-10-06,labeled,17.2,22.4,19.8,0.0,4.9,83.0,72.0,1026.2,1022.8,19.7,21.8
2010-10-07,labeled,16.3,23.1,19.700000000000003,0.0,1.2,88.0,73.0,1026.2,1022.8,17.7,18.2
2010-10-08,labeled,13.8,19.5,16.65,0.0,9.5,73.0,56.0,1026.2,1022.8,16.5,19.1
2010-10-09,labeled,15.8,18.9,17.35,0.0,0.0,59.0,55.0,1026.4,1025.3,17.0,18.3
2010-10-10,labeled,14.7,21.9,18.3,0.0,9.0,59.0,53.0,1031.2,1031.7,18.5,20.7
2010-10-11,labeled,16.5,21.1,18.8,1.2,6.6,62.0,55.0,1031.2,1031.7,19.6,20.9
2010-10-12,labeled,16.4,21.8,19.1,1.0,5.9,82.0,58.0,1031.2,1031.7,18.3,21.5
2010-10-13,labeled,16.7,23.9,20.3,0.4,2.8,81.0,64.0,1031.2,1031.7,17.8,22.9
2010-10-14,labeled,17.8,28.9,23.35,2.0,10.8,63.0,48.0,1011.2,1008.1,22.3,26.6
2010-10-15,labeled,19.5,24.7,22.1,0.0,0.2,66.0,73.0,999.6,989.8,21.5,21.8
2010-10-16,labeled,11.7,16.1,13.9,0.8,9.3,34.0,28.0,999.3,1003.6,12.9,15.2
2010-10-17,labeled,9.9,24.0,16.95,0.0,12.1,44.0,30.0,1012.9,1011.3,14.7,23.3
2010-10-18,labeled,12.6,24.2,18.4,0.0,12.3,48.0,39.0,1012.9,1011.3,16.4,23.2
2010-10-19,labeled,14.0,19.0,16.5,3.8,0.8,82.0,53.0,1012.9,1026.2,14.7,17.1
2010-10-20,labeled,12.9,20.3,16.6,0.2,10.9,70.0,57.0,1028.8,1025.6,16.9,19.8
2010-10-21,labeled,13.3,21.5,17.4,0.0,11.0,75.0,58.0,1025.9,1022.4,17.6,21.3
2010-10-22,labeled,15.3,23.0,19.15,0.0,11.0,70.0,63.0,1021.4,1017.8,19.0,22.2
2010-10-23,labeled,15.8,27.2,21.5,0.0,6.9,59.0,82.0,1016.6,1015.1,21.4,19.3
2010-10-24,labeled,14.1,15.7,14.9,30.6,0.0,92.0,75.0,1021.1,1020.6,14.1,15.7
2010-10-25,labeled,13.9,19.6,16.75,14.0,5.4,90.0,64.0,1021.1,1018.4,15.5,19.1
2010-10-26,labeled,12.9,26.7,19.8,0.2,12.1,73.0,56.0,1018.0,1015.0,17.8,22.5
2010-10-27,labeled,14.8,23.8,19.3,0.0,9.6,76.0,69.0,1016.0,1014.7,20.2,20.6
2010-10-28,labeled,16.4,21.4,18.9,1.8,8.9,65.0,53.0,1021.5,1020.4,18.3,20.2
2010-10-29,labeled,14.5,22.1,18.3,0.2,1.8,82.0,59.0,1020.7,1017.5,16.2,20.5
2010-10-30,labeled,16.2,24.4,20.3,0.0,9.9,70.0,64.0,1015.1,1012.2,22.0,23.8
2010-10-31,labeled,19.3,24.7,22.0,0.0,5.5,81.0,64.0,1012.0,1010.6,20.7,24.2
2010-11-01,labeled,18.1,20.4,19.25,5.2,0.1,78.0,77.0,1014.7,1012.1,18.7,18.6
2010-11-02,labeled,11.8,17.9,14.85,32.6,1.7,77.0,59.0,1011.8,1012.8,13.3,17.8
2010-11-03,labeled,12.0,23.9,17.95,0.2,11.9,65.0,54.0,1018.1,1016.3,17.6,20.7
2010-11-04,labeled,14.4,18.1,16.25,0.4,2.8,83.0,68.0,1022.3,1020.5,14.8,17.6
2010-11-05,labeled,13.4,19.2,16.3,8.4,2.7,67.0,53.0,1023.9,1022.1,15.2,17.8
2010-11-06,labeled,13.6,18.8,16.2,26.0,2.5,93.0,81.0,1023.8,1021.9,14.1,16.7
2010-11-07,labeled,13.4,23.3,18.35,8.8,10.9,77.0,59.0,1021.3,1018.1,16.6,20.7
2010-11-08,labeled,16.1,26.3,21.200000000000003,0.0,7.9,64.0,52.0,1017.2,1015.1,23.3,23.8
2010-11-09,labeled,17.2,23.6,20.4,5.6,7.0,80.0,54.0,1025.0,1024.2,19.7,23.2
2010-11-10,labeled,18.2,24.5,21.35,0.0,6.0,87.0,72.0,1021.8,1017.1,20.9,23.5
2010-11-11,labeled,19.7,27.2,23.45,8.6,9.3,77.0,43.0,1014.9,1012.0,20.1,25.0
2010-11-12,labeled,19.1,26.8,22.950000000000003,0.0,12.6,67.0,57.0,1013.8,1011.9,24.3,25.6
2010-11-13,labeled,19.6,30.3,24.950000000000003,0.0,10.3,64.0,56.0,1014.9,1013.5,25.8,27.6
2010-11-14,labeled,20.5,30.4,25.45,0.0,10.2,70.0,56.0,1015.7,1012.8,26.1,27.2
2010-11-15,labeled,22.3,23.9,23.1,0.0,0.0,70.0,95.0,1012.8,1012.6,23.9,19.4
2010-11-16,labeled,17.4,23.5,20.45,21.0,7.9,82.0,65.0,1013.3,1011.3,18.8,22.8
2010-11-17,labeled,17.1,22.3,19.700000000000003,0.4,4.2,80.0,61.0,1017.1,1015.7,17.5,21.0
2010-11-18,labeled,16.8,23.4,20.1,1.0,8.8,65.0,59.0,1015.2,1012.2,22.3,22.6
2010-11-19,labeled,16.7,20.0,18.35,0.0,0.4,71.0,58.0,1021.8,1024.0,17.4,18.5
2010-11-20,labeled,13.7,21.9,17.799999999999997,0.0,13.3,58.0,58.0,1027.2,1024.0,20.0,18.5
2010-11-21,labeled,15.0,23.1,19.05,0.0,12.8,58.0,55.0,1027.2,1022.9,20.0,22.6
2010-11-22,labeled,16.5,24.0,20.25,0.0,11.4,82.0,54.0,1026.0,1024.3,19.3,23.2
2010-11-23,labeled,18.6,25.2,21.9,0.0,11.1,63.0,54.0,1027.2,1024.3,22.5,23.2
2010-11-24,labeled,17.5,24.7,21.1,0.0,12.6,60.0,58.0,1025.3,1022.0,22.8,24.1
2010-11-25,labeled,18.5,26.0,22.25,0.0,12.1,67.0,53.0,1020.5,1017.7,22.5,25.2
2010-11-26,labeled,18.9,24.1,21.5,0.0,9.0,62.0,72.0,1017.3,1015.3,23.9,22.4
2010-11-27,labeled,18.2,25.8,22.0,0.0,10.8,77.0,56.0,1015.6,1012.0,22.3,25.5
2010-11-28,labeled,19.0,23.5,21.25,0.0,0.0,73.0,64.0,1010.9,1010.2,21.7,23.0
2010-11-29,labeled,16.8,21.5,19.15,5.8,0.0,85.0,77.0,1013.6,1012.9,18.0,20.8
2010-11-30,labeled,16.4,21.6,19.0,5.6,0.9,94.0,91.0,1016.4,1014.5,17.3,20.2
2010-12-01,labeled,17.2,20.1,18.65,27.6,0.0,94.0,89.0,1016.4,1015.3,18.9,19.9
2010-12-02,labeled,18.5,24.3,21.4,21.0,5.4,91.0,78.0,1018.0,1015.9,20.1,22.7
2010-12-03,labeled,19.8,24.4,22.1,0.2,8.7,70.0,74.0,1017.3,1014.7,23.7,23.2
2010-12-04,labeled,19.6,22.7,21.15,0.0,1.6,84.0,80.0,1013.0,1010.2,20.9,22.0
2010-12-05,labeled,19.5,25.1,22.3,1.4,8.0,84.0,80.0,1013.0,1010.2,20.9,22.0
2010-12-06,labeled,20.4,25.7,23.05,1.0,11.4,74.0,67.0,1014.2,1013.3,23.6,25.5
2010-12-07,labeled,21.0,26.0,23.5,0.0,13.2,73.0,63.0,1016.5,1015.4,23.5,25.4
2010-12-08,labeled,20.8,26.3,23.55,0.0,12.2,67.0,68.0,1016.7,1012.5,24.8,25.7
2010-12-09,labeled,22.0,30.7,26.35,0.0,2.6,80.0,62.0,1010.8,1008.2,23.4,28.3
2010-12-10,labeled,22.8,29.6,26.200000000000003,0.0,4.3,74.0,72.0,1009.4,1006.0,23.6,24.0
2010-12-11,labeled,17.2,26.9,22.05,0.0,13.4,46.0,56.0,1007.9,1003.1,22.2,23.4
2010-12-12,labeled,17.8,30.8,24.3,0.0,13.3,47.0,40.0,1004.0,1003.7,24.8,26.1
2010-12-13,labeled,18.5,26.3,22.4,0.0,12.8,62.0,51.0,1013.5,1012.7,22.6,25.5
2010-12-14,labeled,20.0,26.0,23.0,0.0,11.6,69.0,51.0,1016.1,1012.7,23.4,25.5
2010-12-15,labeled,20.0,25.6,22.8,0.0,10.7,71.0,69.0,1010.8,1006.7,24.0,24.7
2010-12-16,labeled,21.7,26.4,24.05,0.0,3.9,72.0,91.0,1003.8,1006.0,24.7,20.6
2010-12-17,labeled,18.0,26.4,22.2,7.6,3.8,75.0,71.0,1005.7,1003.5,20.5,23.0
2010-12-18,labeled,19.6,25.5,22.55,0.0,4.1,57.0,44.0,1003.1,999.6,20.7,25.4
2010-12-19,labeled,18.5,27.3,22.9,0.0,5.0,69.0,44.0,1003.5,995.6,19.8,26.4
2010-12-20,labeled,13.3,21.7,17.5,4.8,11.6,42.0,32.0,997.6,1000.7,16.7,21.3
2010-12-21,labeled,15.4,27.8,21.6,0.0,13.5,36.0,26.0,1008.7,1007.9,21.3,27.1
2010-12-22,labeled,17.7,25.7,21.7,0.0,12.7,71.0,61.0,1018.5,1017.6,22.0,25.2
2010-12-23,labeled,19.1,27.0,23.05,0.0,7.5,72.0,57.0,1018.1,1016.5,21.4,26.2
2010-12-24,labeled,18.7,24.1,21.4,0.0,8.0,65.0,47.0,1026.1,1023.7,19.8,23.6
2010-12-25,labeled,16.0,26.3,21.15,0.0,12.5,69.0,61.0,1017.2,1011.4,21.5,25.5
2010-12-26,labeled,20.8,31.3,26.05,0.8,3.5,88.0,56.0,1006.3,1001.4,21.1,28.7
2010-12-27,labeled,18.4,19.9,19.15,17.0,0.3,88.0,78.0,1005.5,1005.8,18.5,18.9
2010-12-28,labeled,15.4,21.2,18.3,1.8,2.5,59.0,50.0,1018.9,1019.1,19.0,20.7
2010-12-29,labeled,17.3,24.7,21.0,0.0,12.7,66.0,56.0,1018.5,1014.8,21.1,24.1
2010-12-30,labeled,20.0,26.5,23.25,0.0,13.1,64.0,63.0,1016.6,1015.3,24.7,24.8
2010-12-31,labeled,21.4,27.2,24.3,0.0,11.7,78.0,65.0,1016.0,1013.9,24.0,26.4
2011-01-01,labeled,20.5,29.0,24.75,0.0,10.8,69.0,58.0,1013.2,1010.1,25.5,27.1
2011-01-02,labeled,20.7,28.0,24.35,0.0,8.6,72.0,62.0,1011.9,1010.8,24.7,26.6
2011-01-03,labeled,18.9,21.3,20.1,5.6,0.1,81.0,84.0,1014.5,1013.9,19.9,19.2
2011-01-04,labeled,17.3,22.6,19.950000000000003,3.0,1.9,74.0,60.0,1014.1,1011.6,20.1,21.8
2011-01-05,labeled,17.2,23.4,20.3,0.0,7.2,64.0,57.0,1008.0,1005.8,21.1,23.0
2011-01-06,labeled,19.5,26.8,23.15,0.0,12.3,72.0,57.0,1010.8,1011.1,22.6,24.9
2011-01-07,labeled,19.9,26.5,23.2,7.6,4.8,88.0,67.0,1013.6,1013.0,22.1,26.5
2011-01-08,labeled,21.3,26.7,24.0,6.6,10.3,68.0,62.0,1013.8,1012.1,24.3,26.4
2011-01-09,labeled,22.0,27.0,24.5,9.4,7.5,82.0,67.0,1014.4,1014.3,24.0,26.6
2011-01-10,labeled,21.5,26.2,23.85,5.4,6.6,80.0,65.0,1016.4,1014.7,24.1,26.0
2011-01-11,labeled,21.8,25.2,23.5,0.4,0.8,71.0,79.0,1014.5,1012.1,24.3,24.3
2011-01-12,labeled,22.3,27.9,25.1,1.6,5.6,79.0,71.0,1012.3,1011.6,25.2,26.4
2011-01-13,labeled,23.3,26.6,24.950000000000003,0.2,1.9,75.0,65.0,1014.8,1013.5,25.0,24.9
2011-01-14,labeled,21.8,27.9,24.85,0.2,9.8,56.0,53.0,1012.4,1009.3,26.5,27.6
2011-01-15,labeled,22.0,30.4,26.2,0.6,1.6,87.0,61.0,1009.4,1007.0,22.6,29.6
2011-01-16,labeled,22.1,28.1,25.1,0.2,7.9,86.0,65.0,1010.2,1007.4,23.1,28.0
2011-01-17,labeled,21.4,29.8,25.6,0.0,9.6,65.0,68.0,1002.8,1001.5,25.8,26.3
2011-01-18,labeled,20.0,26.1,23.05,0.0,7.3,68.0,57.0,1007.5,1007.3,22.4,24.8
2011-01-19,labeled,19.3,25.4,22.35,7.2,3.6,83.0,73.0,1009.8,1009.3,21.6,24.5
2011-01-20,labeled,21.5,27.3,24.4,0.2,12.3,62.0,55.0,1013.5,1013.4,24.8,26.3
2011-01-21,labeled,20.7,26.9,23.8,5.6,12.4,66.0,60.0,1015.2,1013.1,25.1,26.3
2011-01-22,labeled,20.5,28.4,24.45,0.0,11.7,64.0,55.0,1016.3,1015.2,25.0,26.7
2011-01-23,labeled,21.4,28.3,24.85,0.0,10.2,57.0,57.0,1012.2,1009.1,25.2,26.1
2011-01-24,labeled,21.0,35.4,28.2,0.0,7.5,56.0,36.0,1004.1,1001.4,26.6,32.4
2011-01-25,labeled,21.7,28.5,25.1,0.0,10.2,70.0,64.0,1008.0,1006.9,24.3,27.2
2011-01-26,labeled,22.9,31.4,27.15,0.0,9.3,85.0,73.0,1011.5,1010.2,25.8,27.7
2011-01-27,labeled,22.5,28.4,25.45,0.0,6.3,79.0,71.0,1013.5,1011.1,25.1,27.3
2011-01-28,labeled,22.5,24.3,23.4,0.0,4.3,70.0,59.0,1019.0,1019.1,23.1,24.1
2011-01-29,labeled,19.8,25.0,22.4,0.0,8.2,76.0,48.0,1021.6,1021.3,20.7,24.6
2011-01-30,labeled,17.8,28.2,23.0,0.0,12.8,64.0,56.0,1020.2,1016.3,23.1,27.5
2011-01-31,labeled,22.2,31.6,26.9,0.0,12.8,72.0,49.0,1015.0,1011.8,26.1,30.0
2011-02-01,labeled,22.7,33.5,28.1,0.0,12.3,65.0,49.0,1011.3,1006.9,26.1,31.8
2011-02-02,labeled,26.1,31.2,28.65,0.0,11.0,59.0,70.0,1015.3,1012.7,28.7,28.4
2011-02-03,labeled,25.1,37.5,31.3,0.0,5.7,58.0,54.0,1011.0,1009.9,30.6,33.6
2011-02-04,labeled,24.0,33.7,28.85,0.0,6.8,72.0,73.0,1014.7,1011.1,27.3,27.8
2011-02-05,labeled,24.2,41.5,32.85,0.0,12.4,46.0,22.0,1010.0,1006.6,33.7,40.9
2011-02-06,labeled,27.6,35.6,31.6,0.0,2.6,56.0,77.0,1012.7,1016.1,28.7,22.8
2011-02-07,labeled,18.0,23.0,20.5,0.2,0.0,64.0,58.0,1023.9,1020.6,18.7,22.6
2011-02-08,labeled,18.7,25.3,22.0,0.2,3.9,67.0,52.0,1019.5,1018.6,21.2,24.2
2011-02-09,labeled,18.1,24.5,21.3,0.4,6.0,69.0,83.0,1024.5,1023.6,21.8,21.6
2011-02-10,labeled,20.4,25.7,23.05,0.0,4.7,85.0,70.0,1023.4,1020.3,21.3,24.3
2011-02-11,labeled,21.0,29.2,25.1,0.2,8.0,63.0,60.0,1016.0,1011.4,25.3,28.3
2011-02-12,labeled,22.7,23.1,22.9,1.4,0.0,87.0,76.0,1014.7,1016.4,22.7,22.2
2011-02-13,labeled,19.5,22.8,21.15,9.6,0.0,83.0,88.0,1017.5,1018.4,21.5,21.3
2011-02-14,labeled,20.6,24.2,22.4,0.4,0.1,59.0,59.0,1023.6,1023.4,21.9,23.6
2011-02-15,labeled,18.3,25.0,21.65,0.0,3.0,84.0,54.0,1023.7,1022.0,20.7,24.0
2011-02-16,labeled,19.8,26.7,23.25,2.2,3.9,81.0,64.0,1019.7,1016.3,20.9,25.7
2011-02-17,labeled,20.9,28.7,24.8,0.0,8.3,80.0,67.0,1013.7,1011.2,24.4,26.8
2011-02-18,labeled,22.6,27.6,25.1,0.0,3.8,83.0,70.0,1014.7,1014.0,23.5,27.0
2011-02-19,labeled,22.4,30.1,26.25,0.0,7.8,79.0,67.0,1011.2,1006.3,25.1,28.4
2011-02-20,labeled,25.0,33.2,29.1,0.0,9.5,61.0,49.0,1006.4,1005.7,30.1,32.0
2011-02-21,labeled,20.0,24.9,22.45,0.0,4.3,82.0,62.0,1012.7,1012.4,20.9,24.4
2011-02-22,labeled,19.1,21.7,20.4,0.4,3.2,57.0,78.0,1021.6,1022.6,20.4,19.2
2011-02-23,labeled,17.3,26.6,21.950000000000003,1.8,7.3,77.0,45.0,1023.1,1021.3,19.0,26.1
2011-02-24,labeled,16.6,26.1,21.35,0.4,12.0,71.0,49.0,1019.9,1016.0,20.3,24.9
2011-02-25,labeled,18.0,28.0,23.0,0.0,7.6,75.0,41.0,1014.5,1012.2,21.1,27.1
2011-02-26,labeled,20.9,27.2,24.05,0.0,11.1,80.0,65.0,1012.5,1009.5,23.7,26.8
2011-02-27,labeled,20.3,30.3,25.3,0.0,1.4,74.0,63.0,1008.3,1007.5,22.3,26.9
2011-02-28,labeled,22.2,28.8,25.5,0.8,2.4,83.0,65.0,1009.9,1007.8,22.7,26.1
2011-03-01,labeled,22.7,33.6,28.15,0.6,1.9,53.0,39.0,1002.4,1003.1,28.8,32.5
2011-03-02,labeled,19.4,21.8,20.6,0.0,0.0,58.0,59.0,1017.1,1015.0,20.5,21.2
2011-03-03,labeled,17.4,31.7,24.55,0.0,10.5,77.0,35.0,1009.1,1007.1,20.9,29.5
2011-03-04,labeled,19.1,25.8,22.450000000000003,0.0,9.4,72.0,63.0,1011.7,1009.8,22.5,25.4
2011-03-05,labeled,18.1,23.2,20.65,0.2,0.6,70.0,50.0,1022.5,1023.5,18.7,22.2
2011-03-06,labeled,18.0,23.6,20.8,0.2,2.9,48.0,44.0,1026.9,1026.3,21.0,22.2
2011-03-07,labeled,17.0,24.4,20.7,0.0,10.1,67.0,48.0,1024.8,1022.2,20.3,23.8
2011-03-08,labeled,17.6,25.8,21.700000000000003,0.2,10.4,71.0,60.0,1019.7,1015.8,21.2,25.2
2011-03-09,labeled,20.7,30.8,25.75,0.0,2.3,77.0,38.0,1015.2,1013.1,21.8,30.6
2011-03-10,labeled,21.8,27.4,24.6,0.0,0.0,70.0,68.0,1013.3,1012.0,23.8,25.2
2011-03-11,labeled,22.0,26.7,24.35,0.0,1.8,86.0,76.0,1016.0,1015.3,23.2,25.3
2011-03-12,labeled,20.6,28.1,24.35,1.0,9.8,82.0,69.0,1020.8,1019.2,23.3,26.1
2011-03-13,labeled,21.8,27.7,24.75,0.2,10.7,76.0,60.0,1021.5,1018.2,24.5,27.2
2011-03-14,labeled,21.3,27.5,24.4,0.0,3.2,76.0,79.0,1019.4,1020.6,24.3,22.3
2011-03-15,labeled,17.5,24.5,21.0,0.8,3.4,82.0,62.0,1021.4,1018.2,21.0,24.5
2011-03-16,labeled,19.3,28.3,23.8,0.0,7.7,77.0,65.0,1017.2,1016.8,22.3,25.3
2011-03-17,labeled,20.6,26.8,23.700000000000003,5.6,5.9,85.0,66.0,1019.4,1017.0,21.1,25.8
2011-03-18,labeled,20.0,25.2,22.6,0.0,0.9,81.0,67.0,1015.2,1014.0,21.1,24.8
2011-03-19,labeled,19.4,24.0,21.7,10.4,0.9,86.0,84.0,1014.1,1011.8,21.2,22.9
2011-03-20,labeled,18.8,23.5,21.15,99.4,3.3,92.0,81.0,1012.4,1010.1,19.4,22.2
2011-03-21,labeled,19.4,24.8,22.1,20.8,2.6,95.0,82.0,1006.6,1003.3,21.4,24.0
2011-03-22,labeled,21.1,27.4,24.25,27.8,10.2,95.0,73.0,1001.3,999.4,21.6,26.2
2011-03-23,labeled,19.9,30.8,25.35,0.8,11.0,75.0,41.0,1002.6,1000.4,22.5,29.6
2011-03-24,labeled,18.2,27.1,22.65,0.2,10.8,50.0,36.0,1005.0,1003.2,21.5,26.3
2011-03-25,labeled,17.7,26.7,22.2,0.0,8.0,50.0,42.0,1007.8,1008.7,20.5,24.8
2011-03-26,labeled,17.7,20.6,19.15,0.0,0.4,71.0,77.0,1019.2,1020.1,18.4,18.6
2011-03-27,labeled,16.1,20.5,18.3,5.0,2.5,89.0,87.0,1024.6,1024.5,16.6,18.4
2011-03-28,labeled,15.9,24.2,20.05,5.8,3.2,91.0,59.0,1026.7,1025.5,17.1,23.5
2011-03-29,labeled,17.1,24.8,20.950000000000003,10.8,8.3,94.0,59.0,1025.8,1022.3,19.4,24.3
2011-03-30,labeled,17.8,27.7,22.75,0.0,9.2,78.0,61.0,1019.9,1016.1,20.5,26.0
2011-03-31,labeled,20.1,21.3,20.700000000000003,1.8,0.5,78.0,68.0,1022.7,1022.9,20.3,20.9
2011-05-01,labeled,14.8,22.9,18.85,3.6,8.8,84.0,57.0,1018.9,1015.9,16.6,21.6
2011-05-02,labeled,12.9,18.4,15.65,0.0,0.5,87.0,75.0,1016.6,1014.7,14.3,18.1
2011-05-03,labeled,14.0,18.5,16.25,0.6,0.0,90.0,66.0,1015.0,1013.7,15.0,18.5
2011-05-04,labeled,13.0,21.8,17.4,0.4,9.1,72.0,54.0,1016.4,1015.6,15.2,20.7
2011-05-05,labeled,11.7,19.5,15.6,0.2,7.4,63.0,51.0,1021.1,1021.3,16.2,18.8
2011-05-06,labeled,10.1,19.6,14.85,0.0,8.7,69.0,48.0,1023.9,1020.4,13.1,18.4
2011-05-07,labeled,9.8,20.8,15.3,0.0,10.0,75.0,52.0,1019.5,1015.2,12.0,19.6
2011-05-08,labeled,9.6,22.0,15.8,0.0,10.1,76.0,34.0,1014.0,1010.4,12.2,21.6
2011-05-09,labeled,10.5,17.7,14.1,0.0,6.9,63.0,63.0,1014.5,1013.7,14.5,16.9
2011-05-10,labeled,10.1,18.0,14.05,4.4,9.1,62.0,45.0,1015.6,1013.1,11.8,17.6
2011-05-11,labeled,8.2,16.4,12.3,0.2,3.9,64.0,37.0,1009.2,1006.4,11.3,14.8
2011-05-12,labeled,7.9,16.7,12.3,0.0,10.2,51.0,27.0,1010.7,1009.3,10.5,16.2
2011-05-13,labeled,9.9,21.0,15.45,0.0,9.3,69.0,40.0,1012.0,1008.1,12.8,19.8
2011-05-14,labeled,10.8,17.9,14.35,0.0,10.0,50.0,33.0,1016.0,1017.6,11.7,16.2
2011-05-15,labeled,7.3,19.2,13.25,0.0,9.8,58.0,36.0,1028.8,1026.9,9.9,19.0
2011-05-16,labeled,7.3,19.6,13.45,0.0,10.2,69.0,48.0,1030.1,1026.2,9.6,17.5
2011-05-17,labeled,7.9,20.2,14.05,0.0,9.9,72.0,59.0,1030.5,1028.1,10.0,18.9
2011-05-18,labeled,8.5,20.8,14.65,0.0,9.3,74.0,58.0,1032.6,1029.6,11.6,19.4
2011-05-19,labeled,11.5,20.5,16.0,2.6,6.8,83.0,70.0,1031.5,1028.2,13.8,19.3
2011-05-20,labeled,11.3,21.2,16.25,0.0,9.4,91.0,69.0,1028.3,1024.4,12.8,19.8
2011-05-21,labeled,12.1,23.3,17.7,0.0,9.9,80.0,56.0,1025.4,1021.5,13.7,20.9
2011-05-22,labeled,12.4,21.6,17.0,0.0,7.3,79.0,59.0,1021.0,1015.3,13.9,20.6
2011-05-23,labeled,13.9,22.9,18.4,1.0,7.6,81.0,37.0,1005.4,1001.4,16.0,22.4
2011-05-24,labeled,12.1,18.8,15.45,0.0,3.9,57.0,75.0,1005.1,1005.0,14.6,15.5
2011-05-25,labeled,11.1,14.2,12.65,12.0,1.8,72.0,69.0,1011.1,1011.1,12.3,13.9
2011-05-26,labeled,10.7,19.6,15.15,9.4,4.1,63.0,51.0,1016.6,1015.1,12.9,19.3
2011-05-27,labeled,8.8,18.3,13.55,0.0,7.2,69.0,62.0,1019.1,1017.8,10.5,16.2
2011-05-28,labeled,8.5,17.4,12.95,0.0,3.1,75.0,67.0,1023.8,1022.5,10.4,16.8
2011-05-29,labeled,10.2,17.0,13.6,0.0,0.0,82.0,77.0,1025.1,1021.9,11.2,16.7
2011-05-30,labeled,11.2,17.9,14.55,36.0,0.0,89.0,91.0,1020.5,1018.4,15.4,14.0
2011-05-31,labeled,13.9,19.9,16.9,65.2,0.7,81.0,62.0,1019.5,1019.3,17.9,19.6
2011-06-01,labeled,16.1,21.0,18.55,4.6,0.7,65.0,63.0,1025.3,1025.0,18.7,18.7
2011-06-02,labeled,13.7,19.8,16.75,2.6,7.6,73.0,75.0,1025.3,1022.7,17.4,18.2
2011-06-03,labeled,10.6,20.4,15.5,0.0,8.8,85.0,58.0,1019.7,1014.7,12.2,18.5
2011-06-04,labeled,11.1,18.7,14.9,0.0,2.5,73.0,62.0,1015.4,1013.7,13.3,18.3
2011-06-05,labeled,10.5,17.7,14.1,1.4,9.2,68.0,47.0,1018.0,1012.9,11.6,16.5
2011-06-06,labeled,9.3,17.7,13.5,0.0,7.4,57.0,62.0,1016.1,1016.2,12.2,15.0
2011-06-07,labeled,7.0,15.0,11.0,0.0,7.3,71.0,38.0,1017.7,1013.2,8.6,14.0
2011-06-08,labeled,8.2,14.1,11.15,0.0,9.9,46.0,28.0,1015.0,1012.7,9.8,13.1
2011-06-09,labeled,7.5,16.4,11.95,0.0,9.9,54.0,40.0,1013.4,1011.0,9.7,15.2
2011-06-10,labeled,8.9,15.7,12.3,0.0,4.6,58.0,60.0,1016.0,1017.0,11.6,14.2
2011-06-11,labeled,9.9,15.7,12.8,7.8,6.1,86.0,80.0,1024.4,1024.6,12.6,13.8
2011-06-12,labeled,11.6,15.7,13.65,18.2,0.3,89.0,67.0,1025.5,1022.9,13.6,15.3
2011-06-13,labeled,12.8,16.7,14.75,23.4,0.0,92.0,62.0,1023.9,1021.1,13.7,16.3
2011-06-14,labeled,13.7,17.8,15.75,10.4,0.3,81.0,78.0,1021.2,1019.9,15.7,15.4
2011-06-15,labeled,14.1,18.4,16.25,13.8,0.2,85.0,63.0,1023.3,1021.4,15.3,17.4
2011-06-16,labeled,14.0,17.1,15.55,4.2,1.3,71.0,68.0,1021.2,1016.8,15.9,16.3
2011-06-17,labeled,8.2,18.3,13.25,4.2,9.5,82.0,40.0,1008.2,1005.5,10.0,15.5
2011-06-18,labeled,9.9,17.7,13.8,0.0,9.8,51.0,39.0,1011.6,1009.8,11.3,17.0
2011-06-19,labeled,8.3,18.4,13.35,0.0,9.7,69.0,39.0,1016.4,1014.0,10.5,17.7
2011-06-20,labeled,9.3,19.6,14.45,0.0,9.7,64.0,38.0,1015.5,1011.9,11.9,18.6
2011-06-21,labeled,11.8,20.7,16.25,0.0,6.8,54.0,37.0,1005.3,1000.6,14.2,18.5
2011-06-22,labeled,9.6,16.3,12.95,0.0,9.2,47.0,30.0,1010.6,1010.4,11.2,15.7
2011-06-23,labeled,9.8,20.5,15.15,0.0,9.4,59.0,36.0,1016.8,1017.3,12.6,19.5
2011-06-24,labeled,8.1,18.6,13.35,0.0,9.8,69.0,40.0,1026.7,1024.7,9.8,17.6
2011-06-25,labeled,7.7,19.6,13.65,0.0,9.5,79.0,53.0,1031.3,1028.0,9.8,18.2
2011-06-26,labeled,7.8,20.7,14.25,0.0,9.7,83.0,39.0,1026.8,1023.3,9.0,20.5
2011-06-27,labeled,7.5,20.0,13.75,0.0,9.6,66.0,51.0,1028.1,1027.2,10.4,19.1
2011-06-28,labeled,9.0,16.6,12.8,0.0,0.7,86.0,62.0,1034.2,1032.6,10.7,16.3
2011-06-29,labeled,10.7,18.0,14.35,2.8,2.6,74.0,87.0,1036.8,1035.7,15.0,14.6
2011-06-30,labeled,12.1,18.1,15.1,0.4,0.7,76.0,59.0,1037.9,1034.8,14.4,16.2
2011-07-01,labeled,10.8,16.6,13.7,0.4,1.9,91.0,67.0,1031.6,1028.1,12.3,16.2
2011-07-02,labeled,11.3,19.3,15.3,2.6,9.6,91.0,57.0,1026.6,1022.6,12.3,18.9
2011-07-03,labeled,8.6,20.7,14.65,0.0,8.1,90.0,43.0,1022.1,1017.5,10.1,19.8
2011-07-04,labeled,10.1,20.4,15.25,0.2,6.9,50.0,55.0,1014.1,1010.0,17.0,18.6
2011-07-05,labeled,12.2,17.1,14.65,0.0,9.8,36.0,27.0,1008.8,1004.8,14.0,16.5
2011-07-06,labeled,10.9,17.6,14.25,0.0,9.4,44.0,30.0,1010.2,1007.4,13.0,17.0
2011-07-07,labeled,11.1,17.6,14.35,0.0,10.0,45.0,28.0,1007.5,1013.8,13.9,16.0
2011-07-08,labeled,5.5,17.0,11.25,0.0,9.9,59.0,29.0,1022.4,1018.2,8.1,16.6
2011-07-09,labeled,6.4,17.0,11.7,0.0,10.0,49.0,32.0,1018.8,1015.5,9.1,16.4
2011-07-10,labeled,6.1,16.4,11.25,0.0,10.0,44.0,29.0,1014.5,1010.2,10.4,15.9
2011-07-11,labeled,9.2,17.9,13.55,0.0,10.0,41.0,23.0,1017.6,1018.1,11.7,17.3
2011-07-12,labeled,6.9,18.9,12.9,0.0,9.4,56.0,31.0,1022.2,1017.9,9.5,18.5
2011-07-13,labeled,9.5,12.3,10.9,0.0,0.0,54.0,48.0,1018.2,1016.5,10.3,11.9
2011-07-14,labeled,8.2,15.6,11.9,0.0,9.9,56.0,35.0,1025.7,1027.4,11.0,14.6
2011-07-15,labeled,5.6,13.2,9.4,0.8,0.6,64.0,84.0,1034.7,1032.4,7.5,12.7
2011-07-16,labeled,7.5,16.3,11.9,9.0,4.4,94.0,62.0,1031.7,1027.7,10.4,14.8
2011-07-17,labeled,10.4,16.1,13.25,2.2,0.7,95.0,86.0,1025.2,1021.5,11.9,14.5
2011-07-18,labeled,9.6,20.3,14.95,1.4,7.0,90.0,49.0,1018.5,1015.0,11.2,18.5
2011-07-19,labeled,7.4,14.7,11.05,0.6,5.1,63.0,72.0,1014.6,1011.6,8.7,10.3
2011-07-20,labeled,8.7,18.5,13.6,76.8,1.6,91.0,83.0,1012.7,1013.5,14.3,15.0
2011-07-21,labeled,11.1,13.3,12.2,39.2,0.0,94.0,92.0,1016.6,1014.3,12.0,11.4
2011-07-22,labeled,11.3,13.9,12.6,88.2,0.0,88.0,95.0,1018.3,1018.0,13.1,11.5
2011-07-23,labeled,8.7,15.6,12.15,57.4,2.7,89.0,67.0,1020.4,1019.1,9.1,14.5
2011-07-24,labeled,6.4,15.4,10.9,2.0,4.7,79.0,46.0,1019.9,1017.8,8.3,13.8
2011-07-25,labeled,8.3,19.1,13.7,0.6,6.0,73.0,53.0,1017.9,1014.8,10.9,16.7
2011-07-26,labeled,7.0,18.4,12.7,0.6,8.3,74.0,32.0,1020.0,1018.6,10.1,18.0
2011-07-27,labeled,8.1,17.3,12.7,0.2,8.7,70.0,59.0,1027.1,1026.8,10.4,16.3
2011-07-28,labeled,7.1,20.4,13.75,0.0,10.2,83.0,41.0,1029.3,1025.6,9.4,19.6
2011-07-29,labeled,7.3,20.0,13.65,0.0,10.4,75.0,32.0,1027.0,1023.6,9.6,19.0
2011-07-30,labeled,7.1,20.2,13.65,0.0,9.7,78.0,43.0,1024.6,1020.5,8.7,18.8
2011-07-31,labeled,7.4,21.4,14.4,0.0,8.7,65.0,31.0,1022.3,1019.4,10.5,21.1
2011-08-01,labeled,9.7,22.7,16.2,0.0,9.6,73.0,53.0,1022.7,1019.4,12.5,19.3
2011-08-02,labeled,9.9,22.1,16.0,0.0,9.8,72.0,37.0,1023.1,1020.9,12.5,21.7
2011-08-03,labeled,12.5,25.7,19.1,0.0,5.2,72.0,41.0,1023.2,1021.6,13.9,23.0
2011-08-04,labeled,12.0,23.5,17.75,0.0,10.2,73.0,50.0,1026.5,1024.0,14.0,23.0
2011-08-05,labeled,11.3,25.2,18.25,0.0,10.1,66.0,30.0,1025.4,1021.8,13.9,24.7
2011-08-06,labeled,12.7,24.0,18.35,0.0,7.7,57.0,44.0,1021.2,1016.7,15.5,21.7
2011-08-07,labeled,13.7,19.5,16.6,0.6,4.3,84.0,77.0,1017.1,1012.6,14.2,16.7
2011-08-08,labeled,9.4,18.3,13.85,4.4,9.1,66.0,43.0,1010.9,1007.8,11.1,15.9
2011-08-09,labeled,7.8,17.1,12.45,0.0,2.8,69.0,37.0,1008.2,1005.6,9.7,16.1
2011-08-10,labeled,7.8,18.5,13.15,0.0,9.8,58.0,39.0,1007.2,1004.5,10.7,16.5
2011-08-11,labeled,7.3,18.5,12.9,0.0,6.7,58.0,47.0,1008.5,1008.2,11.5,16.9
2011-08-12,labeled,10.3,17.3,13.8,13.0,2.7,74.0,83.0,1018.0,1018.7,14.8,14.2
2011-08-13,labeled,8.3,18.9,13.6,2.6,7.8,78.0,51.0,1024.5,1022.2,10.4,17.2
2011-08-14,labeled,10.3,16.5,13.4,1.0,0.8,89.0,71.0,1025.8,1023.9,13.7,15.7
2011-08-15,labeled,9.4,17.8,13.6,0.6,5.1,78.0,58.0,1026.4,1022.8,11.6,17.2
2011-08-16,labeled,10.6,17.9,14.25,0.0,8.2,85.0,62.0,1021.9,1018.7,12.8,17.5
2011-08-17,labeled,10.2,16.9,13.55,0.0,1.1,91.0,80.0,1018.4,1014.1,12.4,15.2
2011-08-18,labeled,10.9,18.9,14.9,5.6,9.7,69.0,27.0,1008.4,1008.7,12.9,17.9
2011-08-19,labeled,8.6,17.4,13.0,0.8,0.7,85.0,74.0,1014.2,1015.8,9.1,16.2
2011-08-20,labeled,8.9,19.5,14.2,20.2,9.7,57.0,47.0,1028.8,1028.6,16.3,18.7
2011-08-21,labeled,12.3,18.5,15.4,2.2,5.8,56.0,56.0,1034.8,1034.6,16.2,17.6
2011-08-22,labeled,12.7,18.2,15.45,0.0,6.9,56.0,49.0,1038.0,1036.7,15.7,17.5
2011-08-23,labeled,12.2,17.5,14.85,0.0,3.0,86.0,69.0,1036.1,1031.8,13.6,16.6
2011-08-24,labeled,10.4,18.9,14.65,1.0,10.3,82.0,51.0,1030.4,1026.6,13.7,18.4
2011-08-25,labeled,10.4,19.9,15.15,0.2,10.6,79.0,64.0,1025.4,1020.6,13.0,19.0
2011-08-26,labeled,10.8,20.4,15.6,0.0,10.4,75.0,60.0,1025.4,1022.9,17.2,19.1
2011-08-27,labeled,12.4,19.0,15.7,0.0,4.0,96.0,75.0,1021.8,1017.7,13.3,18.1
2011-08-28,labeled,11.3,21.6,16.450000000000003,0.0,8.2,76.0,63.0,1021.3,1017.0,13.6,18.7
2011-08-29,labeled,11.2,24.0,17.6,0.0,10.4,57.0,28.0,1017.2,1015.1,16.3,23.3
2011-08-30,labeled,13.6,18.7,16.15,0.0,8.4,68.0,62.0,1022.8,1021.1,16.8,16.6
2011-08-31,labeled,11.4,19.7,15.55,0.0,9.7,78.0,60.0,1023.7,1021.3,15.2,18.4
2011-09-01,labeled,13.4,19.5,16.45,0.0,7.9,84.0,57.0,1024.2,1022.4,15.3,19.3
2011-09-02,labeled,14.2,17.9,16.049999999999997,0.0,4.2,64.0,51.0,1029.5,1028.6,14.9,16.5
2011-09-03,labeled,10.1,19.1,14.6,0.0,9.7,70.0,54.0,1030.9,1027.0,13.8,18.6
2011-09-04,labeled,10.6,20.0,15.3,0.0,10.5,56.0,57.0,1027.9,1024.0,17.2,19.4
2011-09-05,labeled,14.2,22.5,18.35,0.0,6.1,56.0,62.0,1026.2,1023.2,18.0,20.1
2011-09-06,labeled,14.7,26.8,20.75,0.0,10.3,44.0,28.0,1019.6,1014.3,20.5,26.6
2011-09-07,labeled,11.6,20.1,15.85,2.4,10.4,36.0,39.0,1019.2,1017.5,14.9,17.1
2011-09-08,labeled,12.6,18.3,15.45,0.0,0.9,67.0,60.0,1020.9,1017.6,15.6,17.1
2011-09-09,labeled,12.2,14.8,13.5,4.4,1.1,82.0,67.0,1009.0,1006.1,12.2,14.1
2011-09-10,labeled,7.4,16.9,12.15,1.6,7.8,39.0,31.0,1010.3,1008.2,11.5,15.3
2011-09-11,labeled,10.2,20.4,15.3,0.2,10.2,47.0,32.0,1013.0,1011.0,14.5,17.9
2011-09-12,labeled,9.0,19.8,14.4,0.0,10.8,48.0,43.0,1023.0,1022.6,14.0,17.1
2011-09-13,labeled,8.2,22.6,15.4,0.0,10.9,57.0,50.0,1025.6,1019.9,13.5,19.1
2011-09-14,labeled,11.1,26.7,18.9,0.0,10.9,37.0,14.0,1022.3,1017.0,19.0,26.0
2011-09-15,labeled,15.2,19.3,17.25,0.0,9.1,75.0,62.0,1022.5,1018.1,16.2,18.1
2011-09-16,labeled,11.4,21.4,16.4,0.0,7.6,49.0,49.0,1018.3,1012.5,17.8,20.1
2011-09-17,labeled,14.3,25.4,19.85,0.0,9.6,66.0,71.0,1017.3,1013.2,20.5,19.9
2011-09-18,labeled,15.7,30.6,23.15,0.0,10.5,27.0,59.0,1013.3,1015.9,25.4,21.9
2011-09-19,labeled,14.6,26.0,20.3,0.0,9.8,59.0,67.0,1020.6,1013.7,19.9,20.9
2011-09-20,labeled,17.5,28.1,22.8,0.0,10.0,31.0,20.0,1004.7,1006.5,25.6,23.0
2011-09-21,labeled,11.9,22.7,17.3,0.0,11.0,36.0,42.0,1020.1,1017.5,18.0,19.3
2011-09-22,labeled,11.2,22.8,17.0,0.0,10.9,53.0,57.0,1024.0,1019.0,17.6,20.4
2011-09-23,labeled,12.7,32.5,22.6,0.0,9.5,44.0,14.0,1015.9,1012.8,22.8,30.4
2011-09-24,labeled,14.3,17.7,16.0,0.2,0.4,65.0,76.0,1021.4,1017.8,16.5,16.3
2011-09-25,labeled,13.1,17.3,15.2,23.8,0.0,90.0,92.0,1018.6,1020.3,14.2,13.2
2011-09-26,labeled,12.3,19.7,16.0,30.0,7.2,52.0,45.0,1024.8,1022.1,17.0,19.3
2011-09-27,labeled,10.7,20.8,15.75,0.4,9.3,63.0,53.0,1023.1,1018.9,17.3,18.5
2011-09-28,labeled,13.4,18.0,15.7,0.0,0.2,59.0,84.0,1015.7,1010.6,17.3,15.8
2011-09-29,labeled,15.5,22.0,18.75,7.8,5.1,74.0,38.0,997.8,996.3,17.5,16.9
2011-09-30,labeled,12.2,20.8,16.5,0.8,8.0,43.0,27.0,1003.8,1002.8,15.8,20.2
2011-10-01,labeled,10.8,20.0,15.4,0.2,5.2,49.0,46.0,1006.5,1005.0,15.8,18.3
2011-10-02,labeled,11.4,17.1,14.25,9.8,0.2,88.0,63.0,1012.8,1016.7,13.1,15.2
2011-10-03,labeled,10.3,18.4,14.35,4.6,7.2,76.0,50.0,1023.0,1021.3,13.3,17.5
2011-10-04,labeled,10.7,19.9,15.3,0.2,5.9,73.0,47.0,1024.6,1022.9,13.3,19.4
2011-10-05,labeled,10.0,20.1,15.05,0.2,2.9,76.0,47.0,1022.6,1018.2,13.5,17.8
2011-10-06,labeled,13.3,19.0,16.15,0.0,0.9,67.0,62.0,1016.5,1013.5,15.4,17.9
2011-10-07,labeled,14.4,21.0,17.7,2.2,6.3,88.0,64.0,1013.6,1010.2,15.7,20.0
2011-10-08,labeled,15.4,21.6,18.5,2.0,5.0,93.0,74.0,1011.3,1009.4,16.1,19.0
2011-10-09,labeled,13.2,23.6,18.4,1.0,6.0,89.0,31.0,1008.1,1004.9,15.7,21.3
2011-10-10,labeled,12.0,22.0,17.0,0.2,6.9,77.0,62.0,1010.0,1006.5,14.4,18.2
2011-10-11,labeled,12.2,21.1,16.65,0.0,10.3,39.0,36.0,1011.1,1009.5,15.6,19.6
2011-10-12,labeled,10.9,21.1,16.0,0.0,7.2,49.0,65.0,1017.4,1017.0,15.6,17.5
2011-10-13,labeled,14.9,20.1,17.5,0.2,3.1,70.0,51.0,1023.2,1021.3,16.8,19.7
2011-10-14,labeled,16.6,19.4,18.0,0.0,0.0,65.0,70.0,1020.8,1017.4,17.4,17.8
2011-10-15,labeled,17.1,24.6,20.85,7.2,7.6,84.0,68.0,1010.7,1007.5,19.2,21.7
2011-10-16,labeled,17.1,23.3,20.200000000000003,0.2,11.6,62.0,51.0,1014.1,1014.8,20.4,21.9
2011-10-17,labeled,13.2,20.5,16.85,3.2,8.9,52.0,38.0,1031.2,1031.8,16.2,19.6
2011-10-18,labeled,13.0,19.9,16.45,0.2,8.2,57.0,42.0,1034.8,1031.6,17.7,19.2
2011-10-19,labeled,12.3,21.4,16.85,0.0,12.0,67.0,55.0,1031.4,1027.8,16.9,20.9
2011-10-20,labeled,13.5,23.5,18.5,0.0,12.4,100.0,50.0,1028.0,1023.5,18.0,23.0
2011-10-21,labeled,15.9,30.1,23.0,0.2,12.2,59.0,39.0,1023.8,1021.4,20.5,26.3
2011-10-22,labeled,17.6,24.6,21.1,0.0,8.2,76.0,64.0,1024.7,1021.5,19.6,23.1
2011-10-23,labeled,19.0,24.8,21.9,0.0,9.5,80.0,71.0,1022.2,1017.9,20.5,22.4
2011-10-24,labeled,18.0,34.3,26.15,0.0,12.1,53.0,21.0,1013.7,1007.7,24.8,33.8
2011-10-25,labeled,18.7,19.5,19.1,0.8,0.3,81.0,86.0,1010.6,1013.6,19.4,16.9
2011-10-26,labeled,14.2,18.6,16.4,2.8,0.0,78.0,52.0,1022.7,1022.3,14.9,17.2
2011-10-27,labeled,13.9,19.6,16.75,2.2,4.3,59.0,50.0,1024.0,1021.9,18.4,19.3
2011-10-28,labeled,16.8,21.7,19.25,0.0,8.3,67.0,58.0,1019.8,1015.5,19.0,21.2
2011-10-29,labeled,17.6,28.2,22.9,0.0,5.1,70.0,69.0,1011.1,1008.9,21.7,24.1
2011-10-30,labeled,18.1,25.8,21.950000000000003,0.0,8.1,75.0,99.0,1012.1,1009.5,21.6,21.6
2011-10-31,labeled,14.4,22.7,18.55,0.0,12.0,100.0,45.0,1020.8,1019.7,18.6,20.2
2011-11-01,labeled,15.1,20.7,17.9,0.4,6.7,73.0,55.0,1020.1,1016.0,16.2,19.8
2011-11-02,labeled,14.3,24.0,19.15,0.0,11.4,64.0,46.0,1011.3,1009.4,19.3,22.7
2011-11-03,labeled,13.8,18.4,16.1,11.4,3.4,88.0,50.0,1013.0,1013.8,14.5,18.0
2011-11-04,labeled,13.9,21.5,17.7,3.8,9.3,60.0,55.0,1019.3,1018.1,18.0,20.4
2011-11-05,labeled,15.3,24.1,19.700000000000003,0.2,12.6,62.0,67.0,1019.6,1015.0,20.3,21.5
2011-11-06,labeled,17.7,28.9,23.3,0.0,8.3,56.0,58.0,1013.1,1009.2,23.9,25.8
2011-11-07,labeled,21.2,29.5,25.35,0.0,7.0,54.0,57.0,1013.2,1012.2,26.5,25.6
2011-11-08,labeled,19.4,28.9,24.15,0.6,7.4,78.0,63.0,1014.4,1008.8,23.3,27.0
2011-11-09,labeled,19.7,29.0,24.35,19.8,8.8,77.0,63.0,1014.4,1011.2,24.2,27.6
2011-11-10,labeled,24.2,30.4,27.3,0.0,5.0,61.0,43.0,1011.6,1011.5,24.4,28.2
2011-11-11,labeled,18.3,23.3,20.8,0.4,11.6,46.0,51.0,1024.7,1022.5,21.5,22.5
2011-11-12,labeled,19.3,24.7,22.0,0.0,8.1,64.0,56.0,1019.4,1015.1,21.2,23.4
2011-11-13,labeled,19.2,26.2,22.7,0.0,2.6,64.0,56.0,1018.5,1013.9,20.9,22.5
2011-11-14,labeled,19.8,37.2,28.5,0.0,9.7,64.0,23.0,1009.5,1004.9,26.2,34.9
2011-11-15,labeled,18.8,24.6,21.700000000000003,0.0,11.7,52.0,50.0,1019.3,1016.6,23.0,23.3
2011-11-16,labeled,19.1,22.1,20.6,0.0,1.1,77.0,73.0,1017.0,1018.7,21.2,20.7
2011-11-17,labeled,15.9,21.4,18.65,12.8,0.0,93.0,94.0,1020.5,1018.7,17.2,17.9
2011-11-18,labeled,17.1,23.7,20.4,1.8,9.6,77.0,68.0,1018.6,1016.1,21.3,22.9
2011-11-19,labeled,18.1,27.5,22.8,0.0,12.9,76.0,64.0,1015.3,1010.4,22.9,26.6
2011-11-20,labeled,19.6,28.0,23.8,0.0,7.0,78.0,57.0,1010.2,1007.4,22.6,26.1
2011-11-21,labeled,17.5,22.3,19.9,2.4,0.4,62.0,63.0,1018.4,1015.2,20.4,21.2
2011-11-22,labeled,17.8,21.9,19.85,4.8,0.2,85.0,75.0,1011.0,1008.8,19.6,21.8
2011-11-23,labeled,14.8,18.3,16.55,38.8,0.1,93.0,86.0,1016.4,1019.7,15.6,17.2
2011-11-24,labeled,15.3,18.3,16.8,14.8,0.0,75.0,76.0,1026.6,1025.7,17.4,17.3
2011-11-25,labeled,15.4,20.0,17.7,7.6,0.0,89.0,89.0,1021.8,1020.4,18.3,18.6
2011-11-26,labeled,18.1,26.8,22.450000000000003,22.0,5.5,95.0,73.0,1007.6,1003.9,19.9,24.3
2011-11-27,labeled,18.6,29.8,24.200000000000003,6.8,12.5,42.0,34.0,1006.7,1007.9,23.4,27.2
2011-11-28,labeled,17.0,26.9,21.95,0.0,12.9,55.0,63.0,1017.4,1015.6,23.6,24.4
2011-11-29,labeled,19.7,26.2,22.95,0.0,8.0,66.0,76.0,1017.1,1014.2,24.6,24.6
2011-11-30,labeled,20.7,31.6,26.15,0.0,2.2,77.0,41.0,1010.5,1009.1,23.7,30.6
2011-12-01,labeled,15.8,21.9,18.85,1.4,8.7,51.0,41.0,1020.7,1020.6,17.5,20.9
2011-12-02,labeled,14.1,21.1,17.6,1.4,8.2,63.0,50.0,1022.2,1020.8,16.6,20.7
2011-12-03,labeled,13.9,22.2,18.05,0.0,11.3,57.0,45.0,1020.4,1016.9,17.6,21.2
2011-12-04,labeled,15.6,21.1,18.35,0.0,3.9,70.0,72.0,1014.3,1015.0,19.9,16.3
2011-12-05,labeled,11.8,19.0,15.4,4.8,4.5,61.0,69.0,1021.1,1019.9,15.9,16.4
2011-12-06,labeled,12.6,19.1,15.85,5.4,0.5,77.0,58.0,1020.1,1017.9,15.3,17.4
2011-12-07,labeled,12.1,22.0,17.05,2.2,3.2,64.0,71.0,1016.3,1014.0,17.7,19.1
2011-12-08,labeled,16.2,22.3,19.25,23.6,0.2,86.0,63.0,1014.2,1013.1,18.0,21.8
2011-12-09,labeled,16.7,23.9,20.3,0.6,10.9,81.0,57.0,1014.9,1013.3,20.0,22.9
2011-12-10,labeled,17.7,23.5,20.6,0.2,3.1,74.0,65.0,1011.5,1008.0,20.7,22.4
2011-12-11,labeled,18.3,25.6,21.950000000000003,0.0,6.5,69.0,89.0,1003.8,1002.1,23.0,20.5
2011-12-12,labeled,17.5,19.3,18.4,12.6,0.0,92.0,77.0,1006.9,1006.3,17.7,18.8
2011-12-13,labeled,16.4,23.4,19.9,4.2,6.8,62.0,49.0,1007.9,1007.9,19.2,23.2
2011-12-14,labeled,15.2,22.2,18.7,0.4,10.5,60.0,49.0,1015.8,1016.2,19.0,19.7
2011-12-15,labeled,15.5,22.6,19.05,0.2,12.2,59.0,48.0,1019.7,1018.0,19.6,21.4
2011-12-16,labeled,14.7,21.6,18.15,0.0,6.8,64.0,48.0,1021.4,1020.8,18.9,20.8
2011-12-17,labeled,17.0,21.7,19.35,0.0,10.7,50.0,47.0,1023.1,1021.4,20.8,21.3
2011-12-18,labeled,15.8,23.2,19.5,0.0,3.1,67.0,51.0,1020.0,1016.2,18.7,22.2
2011-12-19,labeled,18.6,22.8,20.700000000000003,0.0,1.7,77.0,75.0,1011.2,1008.0,20.2,21.7
2011-12-20,labeled,18.4,24.3,21.35,14.8,6.6,79.0,63.0,1013.2,1014.4,19.9,22.8
2011-12-21,labeled,18.7,25.0,21.85,0.0,5.5,71.0,57.0,1018.3,1016.6,20.6,23.5
2011-12-22,labeled,19.2,22.9,21.05,0.0,2.1,76.0,77.0,1018.5,1017.0,20.1,19.7
2011-12-23,labeled,18.7,25.0,21.85,5.2,5.4,79.0,69.0,1014.9,1012.9,22.7,24.2
2011-12-24,labeled,19.7,26.2,22.95,0.4,10.9,75.0,62.0,1013.9,1012.5,23.7,25.1
2011-12-25,labeled,19.1,26.6,22.85,0.0,12.7,65.0,62.0,1012.1,1009.8,24.0,25.0
2011-12-26,labeled,20.0,26.8,23.4,0.0,4.7,61.0,68.0,1006.4,1004.2,24.5,24.4
2011-12-27,labeled,19.1,23.7,21.4,0.4,4.7,69.0,64.0,1010.0,1010.7,20.1,21.3
2011-12-28,labeled,18.3,24.4,21.35,0.0,12.5,60.0,52.0,1013.8,1011.8,20.8,23.9
2011-12-29,labeled,17.5,25.0,21.25,0.0,10.8,69.0,39.0,1014.4,1014.9,20.7,23.8
2011-12-30,labeled,17.1,25.1,21.1,0.6,11.7,74.0,48.0,1019.4,1019.5,19.3,23.9
2011-12-31,labeled,16.9,23.6,20.25,0.0,5.8,69.0,54.0,1020.8,1018.8,20.5,22.8
2012-01-01,labeled,16.0,25.3,20.65,0.0,13.1,56.0,48.0,1017.9,1015.3,22.2,25.0
2012-01-02,labeled,18.1,26.5,22.3,0.0,13.2,54.0,52.0,1018.4,1016.5,24.1,25.4
2012-01-03,labeled,20.6,26.8,23.700000000000003,0.0,12.6,58.0,57.0,1018.3,1015.4,24.1,25.5
2012-01-04,labeled,20.7,29.4,25.05,0.0,8.4,69.0,59.0,1012.6,1010.2,25.0,27.8
2012-01-05,labeled,20.0,24.8,22.4,0.0,3.9,61.0,61.0,1018.0,1014.2,22.3,23.4
2012-01-06,labeled,18.5,22.4,20.45,0.8,3.4,75.0,57.0,1015.1,1016.4,19.3,21.5
2012-01-07,labeled,15.1,24.8,19.95,0.0,12.7,64.0,52.0,1015.6,1012.1,20.0,23.8
2012-01-08,labeled,20.0,26.4,23.2,0.0,1.0,73.0,66.0,1009.3,1003.5,22.1,25.6
2012-01-09,labeled,20.8,27.5,24.15,31.6,12.5,79.0,59.0,1006.8,1005.7,22.4,25.8
2012-01-10,labeled,19.4,29.8,24.6,0.2,7.4,38.0,28.0,1009.7,1006.8,22.6,29.4
2012-01-11,labeled,19.7,27.6,23.65,0.0,10.9,36.0,18.0,1004.1,1001.5,23.5,26.9
2012-01-12,labeled,13.9,23.2,18.55,0.0,13.4,43.0,39.0,1015.7,1015.6,17.6,21.2
2012-01-13,labeled,14.7,25.0,19.85,0.0,11.3,56.0,52.0,1017.3,1013.5,19.7,24.1
2012-01-14,labeled,18.4,23.4,20.9,0.0,0.2,68.0,60.0,1017.2,1015.8,20.5,22.4
2012-01-15,labeled,17.3,22.9,20.1,29.0,1.2,95.0,67.0,1019.4,1019.2,17.8,21.9
2012-01-16,labeled,17.5,24.3,20.9,18.6,9.5,84.0,70.0,1022.9,1022.1,20.4,23.2
2012-01-17,labeled,18.7,26.1,22.4,6.0,12.3,59.0,61.0,1023.3,1021.1,23.9,25.0
2012-01-18,labeled,20.0,26.9,23.45,0.0,9.4,75.0,63.0,1017.6,1014.3,23.1,26.1
2012-01-19,labeled,21.5,27.0,24.25,0.0,9.4,82.0,67.0,1017.3,1017.3,23.0,25.4
2012-01-20,labeled,20.7,25.7,23.2,0.0,7.2,75.0,58.0,1017.3,1015.0,23.1,25.2
2012-01-21,labeled,21.8,24.8,23.3,0.0,3.0,73.0,82.0,1015.4,1015.8,22.6,22.6
2012-01-22,labeled,19.7,26.6,23.15,12.0,8.7,65.0,50.0,1021.4,1021.5,22.9,25.7
2012-01-23,labeled,19.6,24.5,22.05,0.2,7.0,60.0,55.0,1022.7,1021.1,22.9,23.5
2012-01-24,labeled,20.5,23.7,22.1,0.0,0.2,76.0,84.0,1018.5,1016.5,21.7,21.7
2012-01-25,labeled,20.7,24.5,22.6,7.2,0.0,84.0,91.0,1014.3,1013.0,23.7,22.7
2012-01-26,labeled,20.8,26.9,23.85,29.6,3.3,90.0,68.0,1014.0,1013.4,22.5,26.4
2012-01-27,labeled,21.8,25.3,23.55,2.0,2.5,80.0,70.0,1017.5,1016.8,23.5,24.1
2012-01-28,labeled,21.6,26.6,24.1,0.2,3.5,68.0,81.0,1015.9,1013.2,23.5,23.7
2012-01-29,labeled,22.0,27.3,24.65,0.0,6.4,74.0,62.0,1011.5,1008.8,23.8,26.1
2012-01-30,labeled,21.7,33.2,27.450000000000003,1.4,9.4,69.0,52.0,1002.2,998.7,26.5,31.2
2012-01-31,labeled,25.3,28.8,27.05,0.0,2.4,50.0,68.0,1005.2,1008.0,27.2,24.4
2012-02-01,labeled,18.4,21.9,20.15,8.8,0.0,87.0,66.0,1014.4,1013.7,18.8,21.2
2012-02-02,labeled,18.5,20.2,19.35,5.4,0.0,72.0,82.0,1012.0,1010.5,20.1,18.5
2012-02-03,labeled,16.7,21.0,18.85,49.8,0.0,95.0,83.0,1006.8,1004.6,17.1,20.7
2012-02-04,labeled,17.0,25.9,21.45,6.0,10.7,92.0,61.0,1005.1,1003.6,19.9,25.6
2012-02-05,labeled,18.2,26.8,22.5,0.2,13.0,84.0,70.0,1003.9,1000.5,22.2,25.3
2012-02-06,labeled,20.4,24.8,22.6,0.0,7.5,76.0,63.0,1002.4,1002.9,22.3,23.8
2012-02-07,labeled,19.4,24.0,21.7,2.2,0.6,91.0,63.0,1007.5,1007.2,19.6,23.2
2012-02-08,labeled,19.2,24.5,21.85,1.4,0.4,68.0,66.0,1011.2,1011.5,22.3,23.2
2012-02-09,labeled,18.9,25.8,22.35,0.2,8.0,71.0,60.0,1013.7,1012.2,22.2,24.6
2012-02-10,labeled,19.9,25.7,22.8,3.8,4.4,74.0,63.0,1012.3,1009.9,22.3,24.3
2012-02-11,labeled,19.6,25.3,22.450000000000003,2.2,7.9,87.0,81.0,1011.4,1010.7,20.4,18.1
2012-02-12,labeled,16.6,25.8,21.200000000000003,3.2,8.7,80.0,60.0,1015.3,1013.4,19.7,25.0
2012-02-13,labeled,18.6,25.4,22.0,1.8,9.1,87.0,66.0,1018.2,1016.7,19.9,23.8
2012-02-14,labeled,19.2,24.8,22.0,0.0,7.2,83.0,59.0,1021.2,1020.3,20.8,23.3
2012-02-15,labeled,19.1,25.3,22.200000000000003,0.6,10.8,56.0,52.0,1021.8,1019.9,22.7,25.0
2012-02-16,labeled,18.5,26.7,22.6,0.0,11.3,68.0,47.0,1020.0,1017.9,22.8,26.0
2012-02-17,labeled,19.0,27.4,23.2,0.0,7.6,62.0,67.0,1017.4,1015.7,23.8,24.0
2012-02-18,labeled,19.4,27.5,23.45,0.6,8.5,73.0,60.0,1017.2,1016.6,23.0,26.8
2012-02-19,labeled,19.9,27.1,23.5,0.0,9.6,75.0,66.0,1017.9,1014.1,23.0,25.6
2012-02-20,labeled,19.5,28.2,23.85,15.6,8.6,81.0,60.0,1011.8,1010.6,22.8,27.2
2012-02-21,labeled,19.6,25.7,22.65,6.2,9.8,82.0,60.0,1010.3,1010.9,20.9,24.9
2012-02-22,labeled,17.3,26.5,21.9,0.2,10.7,69.0,55.0,1016.1,1015.4,20.1,25.8
2012-02-23,labeled,18.2,26.9,22.55,0.0,12.2,77.0,59.0,1019.8,1018.3,21.5,25.6
2012-02-24,labeled,20.6,27.5,24.05,0.0,12.0,78.0,61.0,1022.6,1022.4,22.7,26.9
2012-02-25,labeled,18.9,26.6,22.75,0.0,11.3,71.0,60.0,1023.6,1021.4,23.3,25.5
2012-02-26,labeled,21.9,26.8,24.35,0.0,0.9,80.0,66.0,1020.8,1018.4,22.8,25.6
2012-02-27,labeled,21.9,28.0,24.95,0.0,6.1,73.0,55.0,1017.4,1014.8,23.6,27.5
2012-02-28,labeled,23.5,33.4,28.45,0.0,4.3,66.0,44.0,1013.3,1011.0,26.2,31.9
2012-02-29,labeled,20.2,22.0,21.1,2.8,0.0,89.0,92.0,1013.9,1012.5,20.5,21.1
2012-03-01,labeled,20.1,29.5,24.8,27.6,2.1,90.0,58.0,1007.7,1001.4,21.3,29.2
2012-03-02,labeled,18.6,20.9,19.75,16.0,0.0,88.0,83.0,1013.4,1015.4,19.5,19.4
2012-03-03,labeled,18.0,22.6,20.3,16.8,0.0,66.0,81.0,1019.6,1018.5,20.9,19.9
2012-03-04,labeled,18.9,27.3,23.1,2.2,7.0,75.0,65.0,1014.3,1009.8,22.4,26.4
2012-03-05,labeled,20.0,27.4,23.7,14.8,11.0,59.0,58.0,1013.4,1014.0,22.7,25.9
2012-03-06,labeled,19.5,24.7,22.1,0.0,9.4,66.0,53.0,1018.8,1018.0,21.4,23.9
2012-03-07,labeled,17.1,23.3,20.200000000000003,0.0,7.8,62.0,60.0,1018.1,1015.7,19.0,21.3
2012-03-08,labeled,15.0,21.2,18.1,109.4,2.3,96.0,71.0,1005.4,1005.9,15.6,20.1
2012-03-09,labeled,14.9,28.4,21.65,18.0,10.7,75.0,39.0,1008.8,1007.9,18.5,27.0
2012-03-10,labeled,17.0,26.5,21.75,0.0,10.8,82.0,61.0,1013.5,1014.4,20.1,24.7
2012-03-11,labeled,17.5,24.0,20.75,0.0,10.9,71.0,59.0,1019.0,1016.8,20.4,23.0
2012-03-12,labeled,19.9,24.0,21.95,0.0,2.3,76.0,64.0,1020.2,1020.0,22.6,23.2
2012-03-13,labeled,16.8,25.6,21.200000000000003,0.0,11.1,78.0,57.0,1022.3,1020.0,20.1,24.1
2012-03-14,labeled,18.1,25.2,21.65,0.0,7.5,85.0,79.0,1020.6,1018.0,20.2,23.0
2012-03-15,labeled,20.2,26.2,23.2,0.0,8.5,80.0,60.0,1017.2,1014.5,22.5,25.4
2012-03-16,labeled,20.1,28.0,24.05,0.0,10.3,81.0,69.0,1012.8,1009.4,22.6,25.5
2012-03-17,labeled,18.6,20.2,19.4,41.8,0.2,94.0,88.0,1014.0,1015.1,18.6,19.4
2012-03-18,labeled,17.1,23.0,20.05,2.4,7.2,66.0,64.0,1022.3,1022.3,19.4,21.6
2012-03-19,labeled,17.6,24.4,21.0,12.0,5.2,72.0,57.0,1023.7,1022.7,21.1,23.2
2012-03-20,labeled,18.9,24.7,21.8,1.2,5.6,84.0,53.0,1020.6,1016.7,19.6,24.0
2012-03-21,labeled,18.9,25.1,22.0,0.0,7.0,83.0,72.0,1010.8,1005.1,20.5,23.8
2012-03-22,labeled,18.3,20.0,19.15,0.0,0.0,79.0,75.0,1009.5,1007.9,18.6,19.1
2012-03-23,labeled,17.6,26.3,21.950000000000003,0.4,10.9,84.0,31.0,1003.6,1001.7,19.5,26.1
2012-03-24,labeled,13.9,25.2,19.55,0.0,11.1,47.0,26.0,1012.6,1011.8,16.1,24.2
2012-03-25,labeled,14.5,23.2,18.85,0.0,5.7,76.0,55.0,1022.1,1021.0,16.5,20.8
2012-03-26,labeled,16.2,23.0,19.6,0.4,9.7,77.0,60.0,1023.6,1021.2,19.5,22.7
2012-03-27,labeled,17.7,24.6,21.15,0.4,7.6,69.0,65.0,1023.6,1021.9,20.6,23.1
2012-03-28,labeled,19.4,22.5,20.95,0.0,0.4,77.0,84.0,1023.2,1020.3,20.4,20.4
2012-03-29,labeled,17.5,26.5,22.0,6.2,10.2,75.0,60.0,1019.4,1016.6,20.1,23.9
2012-03-30,labeled,16.7,24.8,20.75,0.2,7.2,84.0,55.0,1019.1,1016.9,17.5,24.3
2012-03-31,labeled,16.1,27.0,21.55,0.0,10.7,81.0,56.0,1018.9,1016.7,18.9,24.6
2012-04-01,labeled,16.2,25.4,20.8,0.0,8.1,67.0,59.0,1018.3,1015.0,21.0,23.7
2012-04-02,labeled,17.6,26.7,22.15,0.6,10.6,75.0,64.0,1017.8,1014.7,21.7,24.0
2012-04-03,labeled,16.8,26.5,21.65,0.0,8.6,88.0,56.0,1016.0,1013.6,18.6,25.6
2012-04-04,labeled,18.6,25.7,22.15,0.0,10.8,60.0,62.0,1017.8,1016.3,24.6,24.5
2012-04-05,labeled,19.0,25.6,22.3,0.0,10.4,64.0,54.0,1021.3,1019.2,23.8,24.4
2012-04-06,labeled,17.6,25.1,21.35,0.0,10.3,67.0,45.0,1021.6,1017.2,22.3,24.1
2012-04-07,labeled,18.2,28.3,23.25,0.0,9.2,69.0,59.0,1015.2,1016.9,21.5,23.3
2012-04-08,labeled,20.1,24.3,22.200000000000003,0.0,0.5,62.0,72.0,1019.2,1013.6,22.0,23.4
2012-04-09,labeled,14.1,24.8,19.45,6.4,10.7,41.0,28.0,1016.6,1013.6,17.6,24.6
2012-04-10,labeled,10.1,19.1,14.6,0.0,10.2,45.0,40.0,1024.5,1025.9,15.5,18.0
2012-04-11,labeled,10.4,20.2,15.3,0.0,6.1,59.0,55.0,1030.6,1029.7,15.6,19.9
2012-04-12,labeled,13.0,22.8,17.9,7.2,10.1,80.0,54.0,1032.8,1030.9,16.4,22.2
2012-04-13,labeled,12.4,24.7,18.55,0.0,11.0,75.0,54.0,1031.9,1028.1,16.4,22.4
2012-04-14,labeled,14.7,24.4,19.55,0.0,7.9,74.0,63.0,1028.2,1024.0,18.9,22.0
2012-04-15,labeled,17.0,25.4,21.2,0.0,4.6,65.0,72.0,1025.2,1022.4,20.2,22.5
2012-04-16,labeled,15.9,25.8,20.85,0.0,7.8,63.0,58.0,1023.9,1021.7,19.0,23.5
2012-04-17,labeled,17.3,21.4,19.35,23.6,0.0,91.0,85.0,1022.9,1020.6,18.6,19.1
2012-04-18,labeled,17.2,21.1,19.15,48.8,0.2,95.0,81.0,1021.1,1018.3,17.6,20.5
2012-04-19,labeled,17.5,23.8,20.65,56.0,3.3,92.0,82.0,1019.7,1016.2,19.5,21.5
2012-04-20,labeled,17.4,25.1,21.25,0.8,8.5,91.0,72.0,1016.5,1014.4,19.1,24.0
2012-04-21,labeled,18.2,24.9,21.55,0.0,5.6,92.0,72.0,1015.5,1012.8,19.8,23.4
2012-04-22,labeled,16.5,23.8,20.15,0.0,5.6,95.0,81.0,1014.3,1010.9,17.7,22.2
2012-04-23,labeled,17.6,19.5,18.55,0.0,0.1,81.0,85.0,1014.0,1011.0,19.4,19.1
2012-04-24,labeled,15.6,25.3,20.45,1.6,7.6,79.0,47.0,1011.7,1009.2,18.4,19.8
2012-04-25,labeled,10.8,19.9,15.35,3.2,10.2,48.0,32.0,1011.6,1007.8,13.5,19.4
2012-04-26,labeled,13.5,21.5,17.5,0.0,6.6,56.0,49.0,1018.5,1017.2,16.8,19.8
2012-04-27,labeled,12.9,22.8,17.85,0.0,10.3,68.0,57.0,1022.0,1020.5,15.4,21.5
2012-04-28,labeled,13.8,24.2,19.0,0.0,5.2,80.0,51.0,1022.0,1017.4,16.0,23.0
2012-04-29,labeled,13.1,19.1,16.1,0.0,6.6,73.0,52.0,1020.8,1021.9,17.7,18.7
2012-04-30,labeled,10.9,20.2,15.55,0.0,3.5,70.0,43.0,1027.3,1025.0,13.5,19.9
2012-05-01,labeled,12.7,22.1,17.4,0.0,9.5,76.0,55.0,1027.2,1023.2,15.5,21.4
2012-05-02,labeled,12.4,22.3,17.35,0.0,9.0,79.0,64.0,1023.0,1018.4,15.6,22.1
2012-05-03,labeled,15.2,23.3,19.25,0.0,10.3,63.0,53.0,1019.7,1017.3,17.7,21.3
2012-05-04,labeled,11.5,22.4,16.95,0.0,10.3,45.0,38.0,1020.6,1016.8,13.7,20.9
2012-05-05,labeled,11.8,20.9,16.35,0.0,6.8,64.0,55.0,1016.8,1013.2,15.1,20.3
2012-05-06,labeled,10.8,21.3,16.05,0.0,10.3,65.0,37.0,1016.9,1014.2,12.9,21.0
2012-05-07,labeled,11.2,18.5,14.85,0.0,0.7,64.0,44.0,1018.2,1015.7,12.4,17.9
2012-05-08,labeled,10.8,23.3,17.05,0.0,10.2,68.0,37.0,1018.7,1016.5,13.8,22.8
2012-05-09,labeled,12.0,27.1,19.55,0.0,10.2,68.0,30.0,1021.1,1018.9,15.3,26.7
2012-05-10,labeled,14.1,29.1,21.6,0.0,10.2,67.0,50.0,1021.7,1019.4,16.7,26.3
2012-05-11,labeled,14.3,24.9,19.6,0.0,5.2,63.0,43.0,1018.5,1013.8,16.5,24.7
2012-05-12,labeled,13.8,20.7,17.25,0.0,6.8,60.0,28.0,1017.6,1014.1,15.1,19.2
2012-05-13,labeled,9.9,18.1,14.0,0.0,10.1,42.0,35.0,1013.4,1011.5,13.5,16.8
2012-05-14,labeled,9.1,18.6,13.85,0.0,10.1,49.0,40.0,1021.4,1021.5,11.8,17.2
2012-05-15,labeled,8.5,20.2,14.35,0.0,9.9,56.0,41.0,1024.3,1021.9,12.1,19.1
2012-05-16,labeled,9.8,21.1,15.45,0.0,9.5,68.0,50.0,1025.0,1022.5,12.0,19.9
2012-05-17,labeled,10.0,21.6,15.8,0.0,9.5,77.0,46.0,1025.0,1022.0,12.5,20.1
2012-05-18,labeled,10.5,23.1,16.8,0.0,9.7,82.0,40.0,1025.1,1021.1,12.4,22.2
2012-05-19,labeled,10.4,21.1,15.75,0.0,9.0,71.0,37.0,1023.1,1020.3,12.4,20.4
2012-05-20,labeled,10.4,16.4,13.4,0.0,0.4,75.0,82.0,1026.1,1024.1,13.0,15.0
2012-05-21,labeled,12.2,20.9,16.549999999999997,0.4,8.5,78.0,52.0,1025.5,1021.6,13.6,20.6
2012-05-22,labeled,9.8,20.9,15.35,0.0,10.0,70.0,64.0,1024.2,1020.7,11.8,20.5
2012-05-23,labeled,10.3,23.0,16.65,0.0,10.1,69.0,88.0,1024.4,1020.2,13.2,21.7
2012-05-24,labeled,9.6,17.1,13.35,0.0,2.4,79.0,93.0,1020.5,1018.7,12.2,13.7
2012-05-25,labeled,12.2,18.6,15.4,13.8,4.3,77.0,37.0,1012.5,1008.8,15.7,18.4
2012-05-26,labeled,10.4,17.5,13.95,0.0,7.8,43.0,41.0,1013.9,1012.8,12.5,15.9
2012-05-27,labeled,10.0,19.3,14.65,0.2,9.2,65.0,50.0,1020.3,1019.5,12.3,17.9
2012-05-28,labeled,9.1,18.9,14.0,0.0,9.3,66.0,52.0,1026.5,1025.3,12.1,17.7
2012-05-29,labeled,11.3,18.1,14.7,21.4,2.2,94.0,69.0,1031.6,1030.6,12.1,16.6
2012-05-30,labeled,10.4,18.5,14.45,1.4,6.6,80.0,63.0,1035.0,1032.5,12.8,17.3
2012-05-31,labeled,11.9,20.1,16.0,0.0,2.0,79.0,63.0,1033.6,1030.7,12.9,17.4
2012-06-01,labeled,11.6,18.8,15.2,0.2,1.2,89.0,67.0,1029.6,1025.7,12.8,18.2
2012-06-02,labeled,12.8,16.8,14.8,0.2,0.0,91.0,94.0,1022.3,1018.7,14.9,15.8
2012-06-03,labeled,14.0,15.3,14.65,27.4,0.0,96.0,94.0,1014.6,1010.6,14.2,15.2
2012-06-04,labeled,12.8,20.6,16.700000000000003,11.2,8.1,91.0,57.0,1004.2,1000.4,14.3,18.7
2012-06-05,labeled,9.0,16.1,12.55,0.0,4.0,53.0,64.0,1000.4,1000.7,12.0,12.4
2012-06-06,labeled,10.4,16.0,13.2,19.2,5.0,70.0,79.0,1016.1,1017.9,14.0,13.7
2012-06-07,labeled,9.1,17.7,13.4,6.8,9.1,68.0,42.0,1023.2,1021.2,10.4,17.4
2012-06-08,labeled,6.4,18.0,12.2,0.0,9.6,71.0,46.0,1026.0,1023.8,8.6,16.6
2012-06-09,labeled,6.6,18.3,12.45,0.0,9.5,78.0,44.0,1026.7,1024.0,8.3,17.6
2012-06-10,labeled,8.3,14.2,11.25,2.4,0.2,87.0,87.0,1026.2,1023.4,10.0,13.6
2012-06-11,labeled,9.9,16.1,13.0,76.4,0.0,96.0,96.0,1022.5,1020.4,11.8,13.0
2012-06-12,labeled,11.7,19.3,15.5,49.4,5.7,71.0,66.0,1020.5,1018.5,16.1,17.4
2012-06-13,labeled,10.7,15.4,13.05,8.6,1.5,95.0,91.0,1021.1,1019.2,12.1,14.8
2012-06-14,labeled,11.2,19.4,15.3,13.8,5.6,93.0,65.0,1019.4,1016.4,12.9,17.5
2012-06-15,labeled,11.4,20.9,16.15,0.0,3.5,89.0,52.0,1016.7,1013.2,11.8,20.4
2012-06-16,labeled,11.7,13.9,12.8,0.4,0.0,88.0,91.0,1018.2,1014.2,12.0,13.8
2012-06-17,labeled,10.1,18.5,14.3,8.4,9.7,68.0,38.0,1018.8,1016.6,12.1,18.3
2012-06-18,labeled,9.8,19.8,14.8,0.0,9.6,66.0,36.0,1022.1,1019.7,11.6,19.0
2012-06-19,labeled,8.6,19.2,13.9,0.0,9.7,65.0,37.0,1019.6,1017.7,11.4,19.0
2012-06-20,labeled,7.3,18.1,12.7,0.0,9.6,74.0,45.0,1022.8,1017.9,9.1,17.2
2012-06-21,labeled,8.4,18.7,13.55,0.0,1.4,70.0,47.0,1016.4,1010.7,10.7,18.4
2012-06-22,labeled,10.7,17.2,13.95,0.0,1.2,44.0,56.0,1006.6,1007.9,16.4,14.8
2012-06-23,labeled,8.0,17.0,12.5,0.0,9.6,66.0,32.0,1022.2,1021.2,9.3,16.2
2012-06-24,labeled,6.9,18.3,12.6,0.0,9.8,55.0,38.0,1028.1,1026.1,9.9,18.1
2012-06-25,labeled,6.5,19.4,12.95,0.0,9.8,73.0,38.0,1027.9,1023.7,8.6,19.2
2012-06-26,labeled,8.6,13.7,11.15,8.8,0.0,84.0,87.0,1030.7,1029.5,12.8,12.9
2012-06-27,labeled,9.7,17.6,13.65,9.4,5.7,84.0,58.0,1031.7,1028.6,12.4,15.8
2012-06-28,labeled,9.0,18.5,13.75,0.0,4.6,89.0,66.0,1026.1,1020.8,10.5,16.8
2012-06-29,labeled,10.4,19.0,14.7,1.6,6.7,91.0,70.0,1016.1,1010.9,12.3,17.9
2012-06-30,labeled,10.1,20.0,15.05,0.0,7.3,79.0,41.0,1013.6,1011.4,12.1,18.0
2012-07-01,labeled,9.9,16.1,13.0,0.0,5.9,69.0,28.0,1016.2,1013.4,10.4,15.8
2012-07-02,labeled,7.5,16.8,12.15,0.0,9.6,56.0,36.0,1016.0,1015.5,11.3,16.1
2012-07-03,labeled,7.7,16.8,12.25,0.0,9.5,61.0,40.0,1020.3,1018.1,9.6,15.8
2012-07-04,labeled,7.2,16.2,11.7,0.0,6.4,55.0,43.0,1024.6,1025.1,9.6,15.9
2012-07-05,labeled,8.7,14.9,11.8,4.0,4.5,75.0,72.0,1031.0,1030.1,10.7,13.6
2012-07-06,labeled,9.6,16.0,12.8,19.0,5.8,89.0,52.0,1033.1,1031.4,11.0,15.3
2012-07-07,labeled,8.7,15.1,11.9,1.2,0.7,86.0,71.0,1032.5,1030.5,9.9,13.9
2012-07-08,labeled,9.1,18.0,13.55,0.2,8.1,81.0,57.0,1031.2,1028.2,10.4,16.6
2012-07-09,labeled,8.3,17.0,12.65,0.0,9.6,90.0,67.0,1030.4,1026.6,9.3,16.7
2012-07-10,labeled,8.4,18.0,13.2,0.0,2.4,92.0,67.0,1026.6,1021.1,10.2,17.6
2012-07-11,labeled,10.2,20.6,15.4,5.4,8.6,76.0,44.0,1020.1,1017.6,13.2,20.1
2012-07-12,labeled,11.6,17.3,14.45,0.0,0.2,80.0,79.0,1017.5,1012.7,13.0,17.1
2012-07-13,labeled,12.9,22.9,17.9,0.2,6.3,74.0,62.0,1011.6,1008.0,17.2,21.3
2012-07-14,labeled,11.1,20.2,15.65,0.0,9.5,73.0,31.0,1013.2,1009.7,13.4,19.1
2012-07-15,labeled,9.0,18.2,13.6,0.0,10.0,52.0,33.0,1016.9,1016.9,12.2,17.8
2012-07-16,labeled,9.4,20.3,14.85,0.0,9.9,62.0,36.0,1027.5,1025.4,11.3,18.3
2012-07-17,labeled,8.1,21.0,14.55,0.0,9.7,82.0,34.0,1026.5,1021.5,9.8,20.4
2012-07-18,labeled,9.3,20.7,15.0,0.0,7.9,70.0,33.0,1019.4,1015.8,10.5,20.2
2012-07-19,labeled,8.7,15.4,12.05,0.0,5.4,63.0,50.0,1020.2,1020.3,10.8,14.6
2012-07-20,labeled,5.8,17.3,11.55,0.0,9.8,65.0,38.0,1025.9,1024.7,8.1,16.6
2012-07-21,labeled,8.1,14.9,11.5,5.0,1.4,81.0,54.0,1029.3,1028.5,13.3,14.8
2012-07-22,labeled,9.7,16.9,13.3,2.6,6.8,92.0,62.0,1029.6,1027.6,10.6,16.2
2012-07-23,labeled,9.5,18.3,13.9,2.6,6.8,85.0,78.0,1029.2,1026.9,11.8,14.5
2012-07-24,labeled,10.4,14.0,12.2,6.8,0.6,95.0,85.0,1027.9,1025.6,11.2,13.6
2012-07-25,labeled,8.7,19.6,14.15,4.4,6.5,93.0,50.0,1023.9,1019.3,10.0,18.0
2012-07-26,labeled,10.0,19.5,14.75,0.0,3.9,57.0,48.0,1015.4,1011.3,14.7,17.8
2012-07-27,labeled,8.7,17.4,13.05,0.4,10.0,74.0,32.0,1012.6,1009.8,11.3,17.0
2012-07-28,labeled,7.8,19.4,13.6,0.0,9.7,68.0,45.0,1016.2,1015.7,9.8,16.7
2012-07-29,labeled,8.4,16.2,12.3,0.0,7.1,66.0,45.0,1022.5,1021.6,11.5,16.1
2012-07-30,labeled,7.3,15.9,11.6,0.0,10.0,54.0,36.0,1024.2,1022.2,9.6,15.3
2012-07-31,labeled,7.5,16.1,11.8,4.4,6.3,60.0,52.0,1025.8,1022.9,9.9,13.7
2012-08-01,labeled,7.0,16.2,11.6,0.0,8.3,62.0,38.0,1022.5,1019.5,9.5,15.7
2012-08-02,labeled,6.5,17.4,11.95,0.0,9.6,58.0,37.0,1022.3,1018.5,9.2,15.8
2012-08-03,labeled,6.8,18.5,12.65,0.0,7.7,58.0,32.0,1017.8,1014.4,9.7,18.1
2012-08-04,labeled,7.2,20.8,14.0,0.0,10.2,60.0,27.0,1017.9,1014.3,9.9,20.3
2012-08-05,labeled,9.3,21.6,15.45,0.0,7.7,50.0,27.0,1016.1,1011.3,12.2,19.8
2012-08-06,labeled,11.6,19.4,15.5,0.0,10.2,45.0,22.0,1014.8,1014.9,14.3,18.4
2012-08-07,labeled,6.8,18.6,12.7,0.0,10.2,54.0,25.0,1024.4,1021.3,9.8,18.2
2012-08-08,labeled,5.6,22.5,14.05,0.0,10.6,55.0,26.0,1022.0,1015.2,9.5,21.4
2012-08-09,labeled,9.5,19.8,14.65,0.0,6.6,51.0,18.0,1014.7,1009.9,13.5,18.9
2012-08-10,labeled,7.6,14.9,11.25,0.0,3.8,42.0,76.0,1015.4,1016.6,10.4,12.2
2012-08-11,labeled,9.8,15.6,12.7,3.2,1.5,42.0,76.0,1020.7,1020.5,13.1,15.3
2012-08-12,labeled,11.1,15.1,13.1,5.4,4.4,42.0,76.0,1025.3,1024.5,12.3,14.7
2012-08-13,labeled,9.6,18.8,14.2,0.0,8.1,42.0,76.0,1027.2,1022.6,11.1,16.6
2012-08-14,labeled,7.4,18.6,13.0,0.2,6.3,42.0,34.0,1021.7,1017.5,10.2,18.4
2012-08-15,labeled,10.2,22.2,16.2,0.0,6.0,48.0,35.0,1016.8,1011.5,14.6,20.1
2012-08-16,labeled,11.7,20.6,16.15,0.0,9.2,47.0,43.0,1014.7,1010.7,13.5,17.4
2012-08-17,labeled,11.1,22.2,16.65,0.0,8.3,36.0,35.0,1007.7,1004.3,15.9,14.5
2012-08-18,labeled,9.6,18.1,13.85,0.0,10.4,45.0,33.0,1007.0,1007.4,12.7,17.9
2012-08-19,labeled,9.7,20.1,14.9,0.0,10.0,54.0,43.0,1020.3,1019.1,13.4,16.9
2012-08-20,labeled,7.5,17.8,12.65,0.0,10.7,62.0,47.0,1024.3,1019.1,10.1,16.0
2012-08-21,labeled,8.7,22.2,15.45,0.0,9.2,70.0,36.0,1020.6,1016.0,11.0,19.0
2012-08-22,labeled,10.6,24.7,17.65,0.0,9.1,59.0,54.0,1015.5,1010.4,16.1,20.8
2012-08-23,labeled,16.1,29.2,22.65,0.0,6.9,45.0,25.0,1009.5,1005.9,22.2,26.3
2012-08-24,labeled,12.4,19.3,15.85,10.2,11.0,36.0,23.0,1014.2,1011.8,13.6,18.9
2012-08-25,labeled,10.7,20.7,15.7,0.0,10.7,42.0,26.0,1018.0,1015.5,13.8,20.0
2012-08-26,labeled,8.3,20.9,14.6,0.0,10.0,48.0,41.0,1018.7,1016.9,11.7,17.2
2012-08-27,labeled,7.9,19.5,13.7,0.0,10.5,56.0,41.0,1025.0,1022.2,10.8,17.9
2012-08-28,labeled,9.0,18.5,13.75,0.0,9.7,56.0,41.0,1024.1,1019.9,12.0,17.8
2012-08-29,labeled,9.4,22.5,15.95,0.0,7.2,56.0,59.0,1017.5,1010.4,15.4,19.0
2012-08-30,labeled,12.0,22.1,17.05,0.0,9.5,47.0,18.0,1010.5,1008.9,17.2,21.2
2012-08-31,labeled,9.7,18.4,14.05,0.0,7.6,39.0,24.0,1016.6,1013.7,12.8,16.6
2012-09-01,labeled,5.5,17.6,11.55,0.4,9.6,45.0,38.0,1021.9,1020.2,10.5,16.2
2012-09-02,labeled,7.2,20.7,13.95,0.8,11.2,61.0,45.0,1024.3,1019.9,12.1,17.0
2012-09-03,labeled,7.5,22.8,15.15,0.0,10.8,52.0,37.0,1022.2,1019.8,13.3,19.6
2012-09-04,labeled,9.7,24.4,17.049999999999997,0.2,9.9,55.0,33.0,1022.9,1019.6,13.6,21.4
2012-09-05,labeled,11.1,28.3,19.7,0.0,10.6,28.0,13.0,1016.0,1007.3,20.8,27.5
2012-09-06,labeled,18.4,27.9,23.15,0.0,10.7,28.0,10.0,1007.7,1005.3,21.5,27.6
2012-09-07,labeled,16.4,21.7,19.05,0.0,8.7,22.0,22.0,1005.8,1006.2,21.3,18.4
2012-09-08,labeled,11.3,21.0,16.15,0.0,10.8,39.0,31.0,1014.5,1012.8,15.0,20.4
2012-09-09,labeled,11.6,21.7,16.65,0.0,11.0,39.0,31.0,1021.3,1021.4,17.1,20.2
2012-09-10,labeled,9.5,21.2,15.35,0.0,10.9,39.0,39.0,1025.3,1020.0,15.4,20.8
2012-09-11,labeled,12.6,21.8,17.2,0.0,8.7,66.0,51.0,1025.0,1022.4,16.4,21.0
2012-09-12,labeled,11.0,21.3,16.15,0.0,10.2,66.0,67.0,1023.1,1015.7,15.8,19.6
2012-09-13,labeled,14.0,24.7,19.35,0.0,2.7,39.0,83.0,1006.2,1007.3,21.0,15.0
2012-09-14,labeled,7.9,18.5,13.2,3.8,11.3,50.0,36.0,1019.6,1017.1,13.5,16.9
2012-09-15,labeled,9.2,20.1,14.65,0.0,10.7,54.0,44.0,1024.9,1023.5,15.6,19.8
2012-09-16,labeled,10.5,21.0,15.75,0.0,10.3,57.0,54.0,1021.9,1016.3,17.5,18.5
2012-09-17,labeled,14.2,20.9,17.549999999999997,0.0,6.0,71.0,61.0,1019.4,1016.9,16.4,19.4
2012-09-18,labeled,12.4,20.6,16.5,0.0,7.7,63.0,66.0,1018.4,1013.8,17.9,18.2
2012-09-19,labeled,11.1,22.9,17.0,3.6,11.1,57.0,45.0,1016.0,1014.4,17.2,20.1
2012-09-20,labeled,12.1,20.5,16.3,0.2,9.4,73.0,60.0,1019.3,1014.7,15.6,19.7
2012-09-21,labeled,13.8,22.2,18.0,0.0,4.6,83.0,46.0,1012.7,1009.8,15.5,21.9
2012-09-22,labeled,12.4,22.7,17.55,0.8,10.9,49.0,50.0,1016.2,1013.1,19.0,20.9
2012-09-23,labeled,11.2,23.8,17.5,0.0,11.1,64.0,46.0,1011.5,1005.4,17.8,23.5
2012-09-24,labeled,13.5,24.4,18.95,0.0,11.2,31.0,29.0,1012.6,1010.6,17.3,21.7
2012-09-25,labeled,12.0,19.1,15.55,0.2,3.8,51.0,63.0,1022.1,1020.0,15.0,16.8
2012-09-26,labeled,14.6,20.7,17.65,0.4,8.3,67.0,59.0,1022.5,1019.0,17.8,19.6
2012-09-27,labeled,14.1,22.8,18.45,0.2,6.7,58.0,59.0,1018.7,1013.5,19.4,21.0
2012-09-28,labeled,18.9,33.2,26.05,0.0,6.0,63.0,29.0,1009.7,1003.5,21.7,31.2
2012-09-29,labeled,17.3,22.8,20.05,13.2,6.0,51.0,22.0,1005.8,1006.9,20.4,20.9
2012-09-30,labeled,9.9,22.4,16.15,0.0,11.5,29.0,30.0,1019.2,1018.0,15.4,20.3
2012-10-01,labeled,9.8,19.9,14.85,0.0,9.8,51.0,53.0,1027.9,1025.5,16.4,18.0
2012-10-02,labeled,12.7,20.3,16.5,0.6,10.6,58.0,45.0,1032.7,1029.2,17.5,18.5
2012-10-03,labeled,11.2,27.8,19.5,0.2,11.3,53.0,40.0,1026.3,1020.5,18.7,24.0
2012-10-04,labeled,14.5,32.2,23.35,0.0,11.4,39.0,16.0,1018.8,1013.1,23.9,31.9
2012-10-05,labeled,20.0,34.2,27.1,0.0,10.3,22.0,59.0,1014.0,1013.0,27.9,22.8
2012-10-06,labeled,15.6,18.3,16.95,0.0,0.0,90.0,81.0,1019.2,1014.6,16.0,17.2
2012-10-07,labeled,12.7,20.6,16.65,3.0,11.2,39.0,32.0,1013.8,1013.7,16.1,19.3
2012-10-08,labeled,13.6,18.2,15.9,0.2,5.9,60.0,46.0,1017.1,1013.4,15.3,17.5
2012-10-09,labeled,12.1,19.6,15.85,0.0,9.0,67.0,52.0,1012.8,1011.1,13.8,17.1
2012-10-10,labeled,11.1,25.7,18.4,0.0,11.3,67.0,32.0,1011.7,1007.5,13.8,22.9
2012-10-11,labeled,13.5,19.0,16.25,9.8,3.6,83.0,58.0,1005.4,1004.1,14.6,18.2
2012-10-12,labeled,8.5,16.0,12.25,3.4,4.3,84.0,87.0,1006.3,1010.7,8.7,12.2
2012-10-13,labeled,8.6,20.1,14.35,4.4,11.0,47.0,39.0,1019.8,1019.3,14.3,18.9
2012-10-14,labeled,12.4,19.5,15.95,0.2,8.8,77.0,52.0,1025.6,1024.0,14.0,18.5
2012-10-15,labeled,11.4,23.9,17.65,0.0,11.6,65.0,41.0,1024.9,1020.9,16.3,23.2
2012-10-16,labeled,15.4,34.1,24.75,0.0,9.6,43.0,23.0,1018.4,1013.9,20.9,30.7
2012-10-17,labeled,20.3,21.8,21.05,0.0,11.7,62.0,46.0,1016.4,1016.4,21.7,20.8
2012-10-18,labeled,16.6,21.5,19.05,0.0,8.2,58.0,56.0,1022.7,1019.6,19.4,20.4
2012-10-19,labeled,15.9,25.6,20.75,0.0,9.8,78.0,56.0,1016.4,1011.6,17.7,24.1
2012-10-20,labeled,16.6,33.8,25.2,0.0,11.8,44.0,57.0,1007.8,1008.5,22.8,24.6
2012-10-21,labeled,14.9,27.4,21.15,0.0,5.0,66.0,23.0,1013.7,1009.5,19.9,26.9
2012-10-22,labeled,15.1,18.7,16.9,0.0,6.6,68.0,40.0,1016.2,1019.7,15.6,18.0
2012-10-23,labeled,11.8,19.5,15.65,7.4,10.1,56.0,41.0,1027.4,1026.5,15.7,18.3
2012-10-24,labeled,11.7,23.0,17.35,0.2,11.6,57.0,48.0,1024.3,1017.7,17.3,21.0
2012-10-25,labeled,13.8,25.6,19.700000000000003,0.0,10.5,63.0,46.0,1013.0,1006.6,18.2,24.8
2012-10-26,labeled,16.9,21.2,19.05,0.0,3.3,68.0,66.0,1010.6,1007.3,18.4,20.0
2012-10-27,labeled,13.1,21.3,17.2,0.0,12.2,39.0,40.0,1015.7,1016.4,18.0,19.1
2012-10-28,labeled,15.3,19.8,17.55,0.0,5.3,51.0,47.0,1025.5,1024.3,17.0,19.1
2012-10-29,labeled,12.1,21.7,16.9,0.0,9.4,59.0,55.0,1025.1,1021.2,17.2,20.8
2012-10-30,labeled,14.1,23.1,18.6,0.0,9.8,65.0,48.0,1019.8,1015.7,18.6,22.4
2012-10-31,labeled,15.7,27.8,21.75,0.0,12.0,64.0,52.0,1016.1,1013.0,21.6,24.4
2012-11-01,labeled,16.8,33.3,25.05,0.0,5.2,55.0,57.0,1008.3,1002.0,22.6,24.7
2012-11-02,labeled,16.1,21.9,19.0,0.0,12.2,44.0,38.0,1015.2,1015.5,18.1,20.3
2012-11-03,labeled,13.7,18.5,16.1,1.6,0.0,82.0,58.0,1020.9,1020.1,15.5,17.8
2012-11-04,labeled,14.8,22.9,18.85,1.4,9.3,80.0,63.0,1020.5,1017.5,18.3,21.9
2012-11-05,labeled,17.0,25.1,21.05,0.2,10.0,70.0,61.0,1018.7,1014.9,21.5,24.3
2012-11-06,labeled,19.6,25.4,22.5,0.0,8.9,65.0,61.0,1015.8,1012.7,24.0,23.9
2012-11-07,labeled,19.8,24.2,22.0,0.0,0.0,78.0,68.0,1013.8,1010.3,21.7,22.4
2012-11-08,labeled,19.9,27.3,23.6,0.0,8.4,58.0,64.0,1011.9,1011.7,24.1,23.4
2012-11-09,labeled,18.5,27.1,22.8,9.2,9.8,77.0,86.0,1014.0,1012.6,22.2,20.9
2012-11-10,labeled,16.6,20.9,18.75,11.4,7.0,56.0,54.0,1022.7,1023.1,19.6,18.5
2012-11-11,labeled,13.1,21.4,17.25,0.2,12.7,42.0,45.0,1028.6,1026.6,19.4,20.8
2012-11-12,labeled,13.0,23.7,18.35,0.0,11.3,55.0,51.0,1025.0,1019.7,19.4,22.0
2012-11-13,labeled,16.9,23.9,20.4,0.0,9.9,60.0,51.0,1020.3,1019.0,19.6,21.0
2012-11-14,labeled,15.9,20.7,18.3,0.0,0.3,80.0,71.0,1019.5,1017.4,16.9,18.4
2012-11-15,labeled,16.2,24.7,20.45,0.2,7.2,72.0,62.0,1014.7,1010.7,20.5,23.6
2012-11-16,labeled,17.2,18.0,17.6,0.4,0.0,86.0,81.0,1012.7,1011.0,17.2,17.5
2012-11-17,labeled,15.1,21.3,18.2,10.4,7.0,57.0,50.0,1016.7,1015.1,17.4,19.8
2012-11-18,labeled,15.3,23.1,19.200000000000003,0.0,12.2,65.0,57.0,1012.9,1007.7,19.2,22.2
2012-11-19,labeled,12.8,21.1,16.950000000000003,0.0,6.9,44.0,45.0,1014.2,1015.6,18.1,19.9
2012-11-20,labeled,15.8,23.2,19.5,1.6,7.6,61.0,50.0,1022.2,1021.6,18.9,21.8
2012-11-21,labeled,13.4,24.5,18.95,0.4,10.6,60.0,59.0,1018.1,1012.2,19.8,22.3
2012-11-22,labeled,17.1,20.7,18.9,0.0,0.3,66.0,59.0,1017.1,1017.0,18.8,19.4
2012-11-23,labeled,15.7,22.0,18.85,0.0,5.2,59.0,55.0,1020.3,1018.5,18.7,20.5
2012-11-24,labeled,16.4,25.4,20.9,0.0,10.8,67.0,63.0,1018.8,1014.8,21.0,23.8
2012-11-25,labeled,18.5,31.0,24.75,0.0,12.7,60.0,56.0,1013.9,1012.6,25.3,27.2
2012-11-26,labeled,20.7,27.2,23.95,0.0,2.9,74.0,69.0,1015.9,1012.3,22.5,24.1
2012-11-27,labeled,19.8,24.1,21.950000000000003,3.6,1.0,80.0,74.0,1014.1,1014.7,22.4,22.4
2012-11-28,labeled,18.4,24.5,21.45,10.2,0.0,84.0,74.0,1018.4,1016.5,20.5,21.9
2012-11-29,labeled,19.9,27.0,23.45,1.2,8.3,71.0,63.0,1016.5,1013.6,23.6,26.2
2012-11-30,labeled,21.3,29.5,25.4,0.0,6.7,73.0,62.0,1013.6,1010.4,25.9,28.0
2013-01-01,labeled,20.2,26.2,23.2,0.0,10.9,70.0,68.0,1012.0,1008.6,23.2,24.1
2013-01-02,labeled,20.3,22.9,21.6,0.0,0.9,70.0,61.0,1013.8,1015.1,21.8,21.1
2013-01-03,labeled,18.4,24.8,21.6,0.0,12.4,54.0,54.0,1018.8,1016.6,21.8,23.5
2013-01-04,labeled,18.3,26.6,22.450000000000003,0.0,13.1,59.0,60.0,1016.7,1014.1,24.4,24.8
2013-01-05,labeled,20.9,28.3,24.6,0.0,12.7,56.0,56.0,1016.1,1014.3,25.2,27.2
2013-01-06,labeled,21.6,28.0,24.8,0.0,13.1,65.0,56.0,1021.0,1019.7,25.6,27.0
2013-01-07,labeled,21.4,27.5,24.45,0.0,9.0,74.0,65.0,1022.5,1018.4,23.2,25.9
2013-01-08,labeled,20.9,42.3,31.6,0.0,8.7,52.0,14.0,1005.8,999.1,27.3,39.8
2013-01-09,labeled,21.1,25.0,23.05,0.0,6.1,64.0,44.0,999.3,1002.1,22.5,21.7
2013-01-10,labeled,20.2,25.4,22.8,0.0,1.4,63.0,54.0,1009.7,1009.6,22.3,24.3
2013-01-11,labeled,21.2,29.6,25.4,0.0,10.0,62.0,59.0,1010.1,1005.5,25.0,27.3
2013-01-12,labeled,23.5,31.2,27.35,0.0,1.5,53.0,50.0,1005.8,1006.7,29.4,28.1
2013-01-13,labeled,20.7,23.8,22.25,0.0,0.0,71.0,77.0,1011.5,1008.5,22.4,22.2
2013-01-14,labeled,17.1,23.7,20.4,8.6,9.4,69.0,49.0,1015.2,1017.5,18.8,22.2
2013-01-15,labeled,16.8,24.9,20.85,0.2,10.8,62.0,53.0,1019.4,1016.7,20.5,23.1
2013-01-16,labeled,19.1,27.2,23.15,0.0,11.4,64.0,65.0,1014.6,1011.8,23.2,24.9
2013-01-17,labeled,21.4,29.0,25.2,0.0,12.1,75.0,67.0,1012.5,1007.9,24.3,26.5
2013-01-18,labeled,21.7,45.8,33.75,0.0,8.4,62.0,14.0,1002.9,997.9,28.9,44.7
2013-01-19,labeled,21.5,24.8,23.15,0.0,2.3,65.0,59.0,1013.2,1013.8,22.7,22.4
2013-01-20,labeled,20.2,24.3,22.25,0.2,0.0,67.0,59.0,1017.3,1016.1,22.3,23.6
2013-01-21,labeled,20.7,26.6,23.65,0.2,5.3,71.0,52.0,1015.8,1013.4,24.2,25.5
2013-01-22,labeled,20.9,29.6,25.25,0.0,7.3,63.0,63.0,1010.4,1007.4,26.5,26.5
2013-01-23,labeled,20.7,25.7,23.2,0.0,2.3,74.0,61.0,1015.3,1015.3,21.8,24.4
2013-01-24,labeled,20.4,29.8,25.1,0.0,10.5,70.0,52.0,1017.5,1015.3,22.7,29.3
2013-01-25,labeled,21.6,29.2,25.4,0.0,12.8,69.0,64.0,1012.9,1010.5,25.8,27.6
2013-01-26,labeled,23.7,28.2,25.95,0.0,8.3,73.0,70.0,1012.5,1011.1,26.5,27.0
2013-01-27,labeled,20.1,22.7,21.4,16.8,0.0,90.0,90.0,1009.2,1009.0,20.5,20.9
2013-01-28,labeled,20.5,23.0,21.75,15.8,0.0,88.0,92.0,1009.2,1008.1,22.7,21.6
2013-01-29,labeled,19.3,26.2,22.75,95.2,4.5,93.0,71.0,1001.7,1004.9,21.5,24.0
2013-01-30,labeled,19.8,26.0,22.9,0.8,8.5,70.0,58.0,1014.7,1014.0,22.2,24.9
2013-01-31,labeled,21.0,27.8,24.4,0.0,12.2,66.0,64.0,1013.2,1008.4,25.9,27.2
2013-03-01,labeled,16.5,20.1,18.3,31.8,0.0,86.0,85.0,1014.4,1016.2,19.5,18.7
2013-03-02,labeled,17.9,23.1,20.5,15.2,0.1,73.0,78.0,1021.0,1020.8,19.0,20.1
2013-03-03,labeled,17.7,25.5,21.6,7.4,6.8,63.0,56.0,1021.6,1020.4,23.1,24.8
2013-03-04,labeled,19.5,26.1,22.8,4.4,9.6,53.0,49.0,1021.9,1020.9,23.7,25.1
2013-03-05,labeled,20.5,26.8,23.65,0.2,9.1,70.0,48.0,1021.7,1020.0,23.1,25.8
2013-03-06,labeled,20.2,27.3,23.75,0.0,7.6,78.0,55.0,1020.9,1018.4,21.6,25.6
2013-03-07,labeled,18.6,27.1,22.85,0.0,11.4,67.0,52.0,1019.9,1017.4,22.8,26.3
2013-03-08,labeled,20.3,26.8,23.55,0.0,6.1,67.0,57.0,1022.1,1020.5,22.4,26.2
2013-03-09,labeled,21.2,27.2,24.2,0.6,6.6,75.0,53.0,1021.3,1019.0,22.5,26.0
2013-03-10,labeled,19.6,28.0,23.8,0.0,9.8,67.0,49.0,1020.1,1017.5,22.3,25.5
2013-03-11,labeled,20.7,27.4,24.05,0.0,9.3,72.0,64.0,1020.7,1019.6,23.2,25.4
2013-03-12,labeled,20.4,26.4,23.4,0.0,7.9,78.0,58.0,1021.0,1018.4,21.9,25.7
2013-03-13,labeled,18.3,28.3,23.3,0.0,11.1,72.0,52.0,1014.5,1010.9,21.5,26.3
2013-03-14,labeled,20.8,24.3,22.55,0.0,1.3,72.0,68.0,1012.0,1011.2,23.1,24.0
2013-03-15,labeled,19.7,25.0,22.35,1.0,2.0,78.0,70.0,1016.1,1015.7,20.8,22.5
2013-03-16,labeled,20.1,28.7,24.4,0.2,10.7,70.0,65.0,1013.6,1008.9,23.3,25.8
2013-03-17,labeled,18.7,24.0,21.35,0.0,10.8,48.0,35.0,1013.0,1015.0,19.2,23.2
2013-03-18,labeled,13.9,23.8,18.85,0.0,10.2,55.0,44.0,1021.1,1020.2,16.8,22.3
2013-03-19,labeled,14.3,24.7,19.5,0.0,10.7,66.0,48.0,1024.2,1022.8,16.3,23.0
2013-03-20,labeled,16.1,24.8,20.450000000000003,0.0,9.9,71.0,53.0,1025.4,1022.3,19.3,24.5
2013-03-21,labeled,18.5,26.3,22.4,0.0,8.0,60.0,50.0,1019.4,1014.3,21.1,25.0
2013-03-22,labeled,21.1,31.8,26.450000000000003,0.0,4.4,56.0,41.0,1013.5,1011.0,26.1,31.5
2013-03-23,labeled,21.6,27.0,24.3,1.0,8.5,73.0,73.0,1016.5,1013.7,24.2,24.0
2013-03-24,labeled,20.6,28.4,24.5,0.8,10.5,71.0,65.0,1015.9,1011.5,22.6,26.4
2013-03-25,labeled,17.9,30.0,23.95,0.0,11.0,57.0,49.0,1018.3,1017.5,21.8,29.5
2013-03-26,labeled,20.6,26.9,23.75,0.0,4.3,83.0,73.0,1019.4,1016.3,21.7,25.5
2013-03-27,labeled,20.8,27.7,24.25,0.0,10.8,75.0,64.0,1019.0,1015.7,23.4,26.7
2013-03-28,labeled,21.5,33.5,27.5,0.0,7.3,71.0,34.0,1016.8,1012.1,23.4,30.9
2013-03-29,labeled,16.7,22.3,19.5,3.0,8.3,48.0,48.0,1018.5,1017.7,19.2,20.9
2013-03-30,labeled,14.8,23.6,19.200000000000003,0.0,10.6,62.0,53.0,1017.6,1012.8,18.7,22.6
2013-03-31,labeled,17.9,25.4,21.65,0.0,7.3,78.0,38.0,1011.4,1010.8,18.3,24.4
2013-04-01,labeled,17.4,24.3,20.85,2.8,5.8,83.0,56.0,1017.9,1015.5,18.6,23.5
2013-04-02,labeled,16.3,26.2,21.25,0.0,10.9,67.0,41.0,1016.0,1013.8,19.0,25.4
2013-04-03,labeled,17.0,18.6,17.8,27.4,0.0,88.0,79.0,1020.9,1021.7,17.0,18.0
2013-04-04,labeled,15.7,20.9,18.3,61.4,0.4,93.0,89.0,1028.2,1027.8,16.6,17.7
2013-04-05,labeled,15.6,23.6,19.6,18.4,4.3,83.0,55.0,1030.4,1028.4,17.5,22.9
2013-04-06,labeled,15.6,20.6,18.1,2.4,1.6,93.0,75.0,1028.0,1025.2,17.0,18.8
2013-04-07,labeled,14.2,22.7,18.45,3.8,7.0,73.0,62.0,1024.5,1021.6,19.0,22.2
2013-04-08,labeled,14.6,24.2,19.4,2.0,8.3,72.0,61.0,1025.3,1023.9,18.4,22.5
2013-04-09,labeled,15.6,22.0,18.8,5.2,3.6,90.0,73.0,1026.7,1024.3,16.7,20.7
2013-04-10,labeled,14.4,24.1,19.25,2.0,10.4,72.0,57.0,1024.8,1021.3,18.9,23.0
2013-04-11,labeled,15.2,25.3,20.25,0.0,10.8,71.0,43.0,1023.5,1021.6,19.0,24.7
2013-04-12,labeled,15.6,26.0,20.8,0.0,10.3,73.0,47.0,1025.9,1022.8,19.7,24.2
2013-04-13,labeled,15.7,25.4,20.55,0.0,10.7,71.0,55.0,1021.5,1016.4,19.6,23.7
2013-04-14,labeled,16.1,27.7,21.9,0.0,10.6,72.0,54.0,1013.9,1010.9,19.0,25.2
2013-04-15,labeled,17.4,27.9,22.65,0.0,5.7,75.0,49.0,1010.1,1007.4,19.0,26.2
2013-04-16,labeled,16.9,22.0,19.45,7.0,4.4,88.0,69.0,1015.0,1013.5,17.2,21.4
2013-04-17,labeled,14.2,23.6,18.9,0.0,7.7,75.0,65.0,1016.7,1014.0,17.7,21.9
2013-04-18,labeled,15.4,24.5,19.95,0.2,9.1,76.0,69.0,1014.7,1012.5,18.5,21.4
2013-04-19,labeled,13.3,20.2,16.75,0.4,10.5,50.0,39.0,1014.7,1012.8,15.3,20.0
2013-04-20,labeled,12.2,19.0,15.6,33.6,1.2,92.0,68.0,1013.7,1014.1,14.6,17.5
2013-04-21,labeled,10.9,22.2,16.55,32.8,9.7,71.0,56.0,1016.1,1012.4,14.4,20.0
2013-04-22,labeled,13.9,24.7,19.3,0.2,8.1,85.0,39.0,1011.0,1006.9,14.6,24.2
2013-04-23,labeled,12.7,25.3,19.0,0.2,10.4,57.0,43.0,1012.7,1011.7,16.9,23.4
2013-04-24,labeled,12.3,23.8,18.05,0.0,10.8,62.0,27.0,1018.9,1015.9,15.5,23.4
2013-04-25,labeled,12.5,23.2,17.85,0.0,10.1,52.0,45.0,1021.8,1019.5,15.1,20.3
2013-04-26,labeled,14.0,27.2,20.6,0.0,10.7,56.0,30.0,1022.6,1019.1,17.3,25.9
2013-04-27,labeled,14.0,26.3,20.15,0.0,9.5,65.0,51.0,1022.0,1017.7,17.2,22.6
2013-04-28,labeled,14.4,28.7,21.55,0.0,10.1,59.0,29.0,1019.0,1016.0,18.6,28.1
2013-04-29,labeled,15.9,26.5,21.2,0.0,9.3,59.0,73.0,1022.4,1020.9,18.5,22.6
2013-04-30,labeled,18.4,22.7,20.55,0.0,4.0,80.0,71.0,1025.6,1022.4,19.7,20.5
2013-05-01,labeled,16.9,25.0,20.95,0.0,7.4,86.0,61.0,1018.7,1014.3,18.1,24.2
2013-05-02,labeled,14.4,20.3,17.35,0.0,7.4,53.0,51.0,1025.3,1025.2,15.1,18.7
2013-05-03,labeled,11.1,22.9,17.0,0.0,10.2,72.0,51.0,1026.7,1020.5,14.0,20.9
2013-05-04,labeled,14.0,26.4,20.2,0.0,6.2,50.0,56.0,1017.9,1018.5,17.4,20.2
2013-05-05,labeled,12.7,20.1,16.4,0.0,9.1,56.0,38.0,1025.1,1022.1,14.5,19.7
2013-05-06,labeled,10.8,20.1,15.45,0.0,8.2,68.0,60.0,1026.6,1024.5,14.3,19.2
2013-05-07,labeled,11.7,21.5,16.6,0.0,8.8,76.0,55.0,1028.7,1027.1,15.2,19.9
2013-05-08,labeled,12.4,21.6,17.0,0.0,5.3,80.0,51.0,1031.1,1028.1,15.2,21.2
2013-05-09,labeled,12.1,23.2,17.65,0.0,10.2,79.0,54.0,1030.7,1027.4,14.7,22.0
2013-05-10,labeled,12.5,23.5,18.0,0.0,10.0,77.0,53.0,1030.8,1028.4,14.3,22.9
2013-05-11,labeled,13.0,22.1,17.55,0.0,4.3,77.0,69.0,1030.2,1027.5,15.2,20.8
2013-05-12,labeled,14.0,22.1,18.05,0.0,7.0,93.0,59.0,1027.2,1022.7,14.3,21.4
2013-05-13,labeled,13.7,22.8,18.25,0.0,1.8,88.0,53.0,1018.9,1014.2,14.4,21.9
2013-05-14,labeled,14.2,21.3,17.75,0.0,6.9,60.0,31.0,1013.8,1011.1,14.2,20.0
2013-05-15,labeled,9.2,20.6,14.9,0.2,9.8,59.0,34.0,1013.2,1009.6,13.6,20.1
2013-05-16,labeled,13.6,20.6,17.1,0.0,8.3,55.0,36.0,1010.3,1007.3,16.9,19.4
2013-05-17,labeled,12.2,19.6,15.9,0.0,10.1,50.0,33.0,1011.9,1010.4,14.7,18.6
2013-05-18,labeled,11.1,20.6,15.85,0.0,10.1,53.0,31.0,1014.7,1011.8,13.2,19.1
2013-05-19,labeled,9.8,20.2,15.0,0.0,9.1,54.0,30.0,1016.8,1014.1,12.1,19.0
2013-05-20,labeled,10.1,20.7,15.4,0.0,8.5,61.0,37.0,1018.7,1014.7,11.3,19.6
2013-05-21,labeled,10.1,22.5,16.3,0.0,9.1,55.0,32.0,1015.3,1012.3,15.4,21.8
2013-05-22,labeled,9.4,16.0,12.7,0.0,1.3,71.0,79.0,1015.0,1010.1,11.2,14.5
2013-05-23,labeled,10.6,17.4,14.0,27.2,0.7,93.0,71.0,1013.7,1012.7,13.4,16.4
2013-05-24,labeled,12.7,20.6,16.65,30.6,5.8,89.0,47.0,1019.1,1017.9,13.0,20.1
2013-05-25,labeled,10.6,21.3,15.95,20.0,9.4,83.0,50.0,1023.7,1022.1,12.2,20.8
2013-05-26,labeled,9.5,21.3,15.4,0.0,10.1,70.0,45.0,1025.7,1023.0,11.3,20.2
2013-05-27,labeled,10.6,20.2,15.4,3.4,7.1,84.0,58.0,1029.4,1028.2,11.6,19.4
2013-05-28,labeled,11.6,19.3,15.45,28.6,3.2,94.0,75.0,1032.8,1030.2,12.9,17.8
2013-05-29,labeled,11.3,21.1,16.200000000000003,0.2,4.9,94.0,60.0,1031.4,1027.8,12.3,20.6
2013-05-30,labeled,11.7,21.4,16.549999999999997,0.0,5.7,90.0,67.0,1029.3,1025.9,12.8,20.0
2013-05-31,labeled,11.8,24.9,18.35,0.0,9.1,84.0,40.0,1028.0,1023.8,13.9,24.1
2013-06-01,labeled,13.9,21.2,17.55,0.0,3.0,62.0,61.0,1019.4,1014.1,18.7,19.9
2013-06-02,labeled,14.4,15.8,15.1,14.8,1.8,92.0,68.0,1006.1,1009.8,14.7,14.0
2013-06-03,labeled,9.9,19.5,14.7,34.4,9.7,57.0,44.0,1020.5,1018.9,11.7,19.1
2013-06-04,labeled,10.3,21.1,15.7,0.0,9.3,66.0,53.0,1026.3,1023.8,12.2,20.7
2013-06-05,labeled,10.5,19.3,14.9,0.0,2.3,87.0,70.0,1025.8,1021.6,11.7,18.3
2013-06-06,labeled,11.7,20.1,15.9,0.0,2.3,61.0,59.0,1022.8,1020.0,14.9,19.2
2013-06-07,labeled,14.9,22.2,18.55,0.0,1.8,70.0,55.0,1019.8,1018.5,18.5,21.6
2013-06-08,labeled,13.5,19.2,16.35,0.0,1.5,73.0,53.0,1030.7,1028.6,14.2,17.5
2013-06-09,labeled,11.0,18.9,14.95,0.0,6.9,80.0,63.0,1028.6,1024.3,12.6,18.4
2013-06-10,labeled,10.5,21.5,16.0,0.0,3.9,90.0,67.0,1021.6,1018.7,11.1,18.5
2013-06-11,labeled,10.5,19.6,15.05,0.8,8.5,94.0,54.0,1021.0,1017.6,11.3,18.4
2013-06-12,labeled,10.4,16.0,13.2,0.0,1.0,85.0,90.0,1015.1,1009.7,11.6,15.8
2013-06-13,labeled,10.6,20.9,15.75,8.4,8.6,89.0,45.0,1007.0,1004.3,13.4,20.1
2013-06-14,labeled,11.7,20.1,15.9,0.0,7.0,64.0,46.0,1005.2,1002.9,14.0,18.5
2013-06-15,labeled,13.0,17.6,15.3,0.0,5.0,58.0,46.0,1009.9,1009.9,13.8,17.3
2013-06-16,labeled,9.7,19.1,14.4,0.0,9.5,59.0,50.0,1014.4,1011.6,11.8,16.6
2013-06-17,labeled,8.5,17.7,13.1,0.0,3.8,65.0,56.0,1009.5,1008.3,11.0,15.7
2013-06-18,labeled,8.0,19.2,13.6,0.0,8.0,76.0,52.0,1013.5,1012.2,9.6,16.1
2013-06-19,labeled,8.7,16.1,12.4,15.6,0.0,80.0,65.0,1021.7,1021.3,10.5,14.3
2013-06-20,labeled,8.7,16.6,12.65,1.4,7.2,71.0,57.0,1024.2,1021.0,9.9,15.6
2013-06-21,labeled,8.0,17.3,12.65,0.0,8.1,79.0,58.0,1021.6,1019.1,9.6,16.1
2013-06-22,labeled,7.7,13.5,10.6,1.2,0.0,87.0,83.0,1024.9,1024.2,7.9,11.9
2013-06-23,labeled,7.6,13.9,10.75,56.2,0.2,93.0,90.0,1028.5,1026.7,11.0,11.9
2013-06-24,labeled,9.6,13.8,11.7,53.4,0.1,91.0,77.0,1021.7,1017.9,10.2,13.1
2013-06-25,labeled,10.0,16.7,13.35,5.0,0.2,93.0,90.0,1016.3,1014.8,10.6,13.8
2013-06-26,labeled,10.5,19.8,15.15,15.6,4.3,84.0,63.0,1019.8,1020.0,16.7,19.2
2013-06-27,labeled,12.8,18.8,15.8,0.8,2.4,93.0,64.0,1022.9,1020.7,13.4,17.6
2013-06-28,labeled,12.9,16.1,14.5,16.8,0.0,93.0,83.0,1023.7,1022.5,13.3,16.0
2013-06-29,labeled,12.7,14.2,13.45,41.0,0.0,90.0,87.0,1024.8,1023.0,13.6,13.2
2013-06-30,labeled,11.3,17.1,14.2,51.0,2.2,94.0,82.0,1025.7,1023.5,12.4,16.6
2013-07-01,labeled,8.8,20.1,14.45,9.8,9.8,89.0,56.0,1024.4,1021.9,10.3,18.5
2013-07-02,labeled,8.8,19.9,14.35,0.0,9.8,77.0,46.0,1024.9,1021.0,10.2,18.9
2013-07-03,labeled,8.1,19.8,13.95,0.0,9.5,82.0,53.0,1024.4,1020.8,9.5,19.2
2013-07-04,labeled,8.5,23.4,15.95,0.0,9.8,57.0,38.0,1016.3,1011.5,14.7,22.6
2013-07-05,labeled,14.7,19.5,17.1,0.0,9.7,54.0,30.0,1010.9,1010.8,16.0,18.5
2013-07-06,labeled,7.8,17.4,12.6,0.0,9.8,57.0,31.0,1020.1,1018.1,10.2,17.1
2013-07-07,labeled,7.4,19.1,13.25,0.0,9.5,62.0,35.0,1026.9,1025.6,10.0,17.7
2013-07-08,labeled,7.4,19.2,13.3,0.0,9.1,68.0,36.0,1031.7,1029.9,9.3,17.7
2013-07-09,labeled,8.7,13.6,11.15,1.6,1.0,83.0,84.0,1035.0,1033.6,9.3,11.8
2013-07-10,labeled,8.9,15.9,12.4,8.0,2.7,84.0,71.0,1033.5,1031.6,10.3,14.8
2013-07-11,labeled,8.2,18.4,13.3,0.0,8.2,91.0,62.0,1035.3,1032.2,9.1,17.0
2013-07-12,labeled,8.3,20.2,14.25,0.2,8.4,92.0,46.0,1031.1,1027.1,9.6,19.2
2013-07-13,labeled,8.3,17.4,12.85,0.0,5.0,85.0,61.0,1029.2,1027.3,10.9,17.3
2013-07-14,labeled,8.9,18.4,13.65,0.0,8.5,88.0,60.0,1028.4,1025.4,10.7,17.5
2013-07-15,labeled,10.7,22.0,16.35,0.2,1.7,78.0,58.0,1024.6,1021.9,15.4,19.4
2013-07-16,labeled,14.4,21.6,18.0,1.4,3.4,88.0,67.0,1024.7,1022.1,15.1,19.6
2013-07-17,labeled,13.0,24.3,18.65,4.8,8.7,85.0,48.0,1023.8,1020.6,14.5,23.0
2013-07-18,labeled,13.3,22.6,17.950000000000003,0.0,3.9,85.0,72.0,1022.9,1019.4,15.1,19.4
2013-07-19,labeled,15.0,20.4,17.7,0.0,1.6,66.0,73.0,1015.7,1011.7,18.1,17.5
2013-07-20,labeled,14.5,20.4,17.45,0.8,8.9,65.0,38.0,1009.3,1005.4,16.5,19.8
2013-07-21,labeled,8.5,16.3,12.4,0.2,10.1,49.0,29.0,1016.0,1013.2,11.0,16.0
2013-07-22,labeled,8.7,17.2,12.95,0.0,9.9,54.0,28.0,1019.4,1016.3,12.2,16.6
2013-07-23,labeled,7.1,17.7,12.4,0.0,8.0,60.0,42.0,1019.9,1018.5,11.0,15.9
2013-07-24,labeled,10.1,17.0,13.55,0.0,4.8,61.0,46.0,1026.6,1026.4,12.3,16.6
2013-07-25,labeled,7.4,19.6,13.5,0.0,8.6,72.0,38.0,1029.8,1026.6,8.8,17.9
2013-07-26,labeled,7.9,20.3,14.1,0.0,9.3,75.0,32.0,1025.9,1023.3,9.2,19.5
2013-07-27,labeled,7.4,18.7,13.05,0.0,9.9,62.0,56.0,1031.0,1028.2,9.4,17.8
2013-07-28,labeled,8.3,18.8,13.55,0.0,6.8,84.0,64.0,1029.8,1025.8,9.7,18.1
2013-07-29,labeled,9.7,24.0,16.85,0.0,10.2,53.0,35.0,1025.2,1020.8,17.6,23.3
2013-07-30,labeled,11.1,21.5,16.3,0.0,3.4,73.0,49.0,1019.9,1017.8,12.8,19.7
2013-07-31,labeled,12.6,18.4,15.5,5.6,8.1,82.0,61.0,1023.9,1022.7,13.9,17.0
2013-08-01,labeled,8.1,19.6,13.85,0.0,10.1,71.0,54.0,1023.3,1020.1,11.0,17.5
2013-08-02,labeled,9.1,20.3,14.7,0.0,6.8,83.0,31.0,1018.0,1012.7,10.9,19.7
2013-08-03,labeled,10.4,19.6,15.0,0.0,10.0,51.0,29.0,1016.0,1012.1,13.5,19.2
2013-08-04,labeled,10.9,19.9,15.4,0.0,8.5,54.0,29.0,1013.6,1012.2,14.0,18.0
2013-08-05,labeled,9.5,21.0,15.25,0.0,10.0,52.0,34.0,1017.6,1013.6,13.1,20.4
2013-08-06,labeled,11.9,23.9,17.9,0.0,8.7,48.0,30.0,1011.9,1008.0,16.4,22.1
2013-08-07,labeled,10.8,17.9,14.35,0.8,8.3,57.0,49.0,1013.6,1009.3,13.0,16.0
2013-08-08,labeled,9.3,13.1,11.2,9.6,1.3,85.0,74.0,1008.3,1009.8,9.3,12.6
2013-08-09,labeled,7.0,17.4,12.2,4.2,6.7,60.0,43.0,1018.9,1014.0,11.2,17.1
2013-08-10,labeled,10.5,23.5,17.0,0.0,10.6,46.0,33.0,1016.0,1013.4,13.4,23.5
2013-08-11,labeled,9.0,21.8,15.4,0.0,10.4,61.0,38.0,1018.2,1013.5,12.7,19.2
2013-08-12,labeled,12.0,24.4,18.2,0.2,5.4,40.0,40.0,1005.8,1004.2,19.6,18.9
2013-08-13,labeled,9.6,22.8,16.2,0.0,10.8,35.0,25.0,1013.7,1012.2,14.5,22.2
2013-08-14,labeled,12.5,24.1,18.3,0.0,10.7,39.0,22.0,1013.6,1007.7,15.9,23.9
2013-08-15,labeled,10.5,18.7,14.6,0.0,10.7,42.0,29.0,1019.0,1019.8,12.3,17.7
2013-08-16,labeled,7.3,20.6,13.95,0.0,10.7,61.0,36.0,1023.7,1016.9,10.8,19.1
2013-08-17,labeled,10.7,24.4,17.549999999999997,0.0,10.5,41.0,34.0,1010.1,1006.7,17.6,22.6
2013-08-18,labeled,11.3,23.3,17.3,0.0,10.7,38.0,28.0,1016.9,1011.9,16.2,22.8
2013-08-19,labeled,13.6,20.9,17.25,0.0,9.9,33.0,25.0,1009.7,1007.0,17.0,19.8
2013-08-20,labeled,8.4,16.6,12.5,0.0,10.8,43.0,26.0,1013.7,1011.9,10.7,15.4
2013-08-21,labeled,7.6,18.1,12.85,0.0,10.3,50.0,30.0,1016.3,1013.4,11.3,17.5
2013-08-22,labeled,7.6,18.1,12.85,0.0,6.7,48.0,32.0,1013.8,1010.2,12.5,17.7
2013-08-23,labeled,11.8,18.6,15.2,0.0,2.5,50.0,42.0,1010.2,1008.5,14.8,17.4
2013-08-24,labeled,12.2,22.7,17.45,0.0,10.8,52.0,42.0,1020.1,1020.0,15.9,21.8
2013-08-25,labeled,9.9,23.6,16.75,0.0,10.7,72.0,53.0,1024.0,1020.4,12.7,19.6
2013-08-26,labeled,10.3,22.0,16.15,0.0,9.6,54.0,30.0,1024.6,1020.4,14.2,21.6
2013-08-27,labeled,11.5,21.9,16.7,0.0,9.4,58.0,60.0,1022.0,1018.6,15.4,19.9
2013-08-28,labeled,11.8,23.3,17.55,0.0,10.8,72.0,38.0,1021.5,1020.2,14.9,22.1
2013-08-29,labeled,11.4,21.8,16.6,0.0,6.7,69.0,59.0,1024.4,1019.4,15.3,20.0
2013-08-30,labeled,15.2,24.7,19.95,0.0,10.2,46.0,53.0,1015.1,1011.4,21.7,23.5
2013-08-31,labeled,14.9,24.5,19.7,0.0,8.2,60.0,34.0,1021.5,1020.0,15.9,23.6
2013-09-01,labeled,11.4,22.2,16.8,0.0,10.1,57.0,62.0,1028.5,1026.6,15.8,20.6
2013-09-02,labeled,12.2,22.0,17.1,0.0,11.0,71.0,41.0,1031.2,1029.1,15.9,21.4
2013-09-03,labeled,12.0,21.9,16.95,0.0,10.4,66.0,56.0,1034.0,1031.3,16.4,21.2
2013-09-04,labeled,12.2,21.1,16.65,0.0,10.1,75.0,52.0,1033.6,1028.7,15.7,20.7
2013-09-05,labeled,12.2,28.8,20.5,0.0,10.1,62.0,29.0,1027.3,1023.0,17.7,28.5
2013-09-06,labeled,16.0,23.3,19.65,0.0,8.5,74.0,70.0,1026.9,1023.1,20.5,21.2
2013-09-07,labeled,15.4,31.1,23.25,0.0,9.1,74.0,23.0,1022.4,1018.1,19.2,29.9
2013-09-08,labeled,17.0,21.2,19.1,0.0,1.7,78.0,73.0,1026.2,1023.0,17.5,18.7
2013-09-09,labeled,15.3,26.1,20.700000000000003,0.0,5.1,70.0,69.0,1021.0,1014.0,21.1,22.5
2013-09-10,labeled,20.1,31.6,25.85,0.0,9.7,24.0,14.0,1005.5,1000.4,25.9,30.6
2013-09-11,labeled,14.7,25.0,19.85,0.0,6.8,38.0,22.0,1011.7,1008.7,16.9,24.5
2013-09-12,labeled,12.1,23.6,17.85,0.0,10.2,41.0,27.0,1015.2,1010.1,17.5,22.4
2013-09-13,labeled,10.0,18.5,14.25,0.0,6.1,67.0,56.0,1021.9,1018.1,14.9,16.9
2013-09-14,labeled,14.1,22.9,18.5,2.2,8.4,75.0,59.0,1011.2,1009.1,17.0,20.2
2013-09-15,labeled,12.8,18.8,15.8,0.0,6.2,74.0,66.0,1018.4,1016.3,16.4,17.9
2013-09-16,labeled,14.6,17.7,16.15,1.2,0.0,75.0,91.0,1016.0,1010.0,16.5,16.5
2013-09-17,labeled,15.2,23.9,19.55,32.2,5.7,73.0,42.0,1000.8,998.3,17.7,23.2
2013-09-18,labeled,15.2,25.3,20.25,0.0,10.7,53.0,28.0,1002.0,1000.0,20.7,24.7
2013-09-19,labeled,14.2,23.4,18.8,0.2,11.2,31.0,21.0,1005.7,1002.9,19.9,22.9
2013-09-20,labeled,11.4,21.6,16.5,0.0,10.3,34.0,30.0,1007.9,1006.2,18.6,18.9
2013-09-21,labeled,11.3,22.0,16.65,0.0,11.0,49.0,42.0,1014.8,1012.2,16.8,20.1
2013-09-22,labeled,11.0,25.2,18.1,0.0,10.5,57.0,51.0,1014.9,1011.6,16.9,21.6
2013-09-23,labeled,12.9,24.4,18.65,0.0,10.9,55.0,54.0,1012.0,1007.3,19.1,22.8
2013-09-24,labeled,17.5,28.4,22.95,0.0,5.3,32.0,32.0,1004.1,1000.4,22.4,26.9
2013-09-25,labeled,15.6,28.8,22.2,0.0,10.7,40.0,32.0,1009.8,1006.0,23.4,27.3
2013-09-26,labeled,16.2,31.8,24.0,0.0,11.4,30.0,20.0,1002.9,1005.8,26.9,26.3
2013-09-27,labeled,12.7,22.6,17.65,0.0,11.4,29.0,39.0,1019.9,1016.6,18.1,19.9
2013-09-28,labeled,11.7,29.3,20.5,0.0,11.5,47.0,13.0,1011.1,1005.2,18.9,27.9
2013-09-29,labeled,14.4,22.8,18.6,0.0,10.8,34.0,35.0,1017.4,1014.8,19.4,20.8
2013-09-30,labeled,12.4,27.4,19.9,0.0,10.6,46.0,35.0,1016.6,1010.7,20.3,26.2
2013-10-01,labeled,20.2,32.2,26.200000000000003,0.0,3.0,33.0,32.0,1003.8,1005.0,24.7,26.4
2013-10-02,labeled,13.0,26.6,19.8,0.0,11.2,31.0,26.0,1015.6,1007.6,20.8,26.0
2013-10-03,labeled,15.2,18.9,17.049999999999997,0.0,3.7,41.0,41.0,1010.9,1014.3,17.7,17.2
2013-10-04,labeled,9.7,20.4,15.05,5.0,10.6,45.0,37.0,1022.4,1019.1,16.1,19.3
2013-10-05,labeled,11.3,25.0,18.15,0.0,9.2,56.0,41.0,1016.5,1010.4,17.8,23.4
2013-10-06,labeled,14.1,29.8,21.95,0.0,11.2,41.0,24.0,1010.5,1005.0,20.1,28.9
2013-10-07,labeled,15.8,21.9,18.85,0.0,10.4,60.0,44.0,1011.2,1010.8,18.3,20.3
2013-10-08,labeled,14.3,21.9,18.1,0.0,11.2,58.0,49.0,1014.0,1015.8,17.7,19.8
2013-10-09,labeled,12.3,27.3,19.8,0.0,11.9,59.0,36.0,1019.0,1013.1,17.6,25.7
2013-10-10,labeled,17.6,37.3,27.45,0.0,10.0,22.0,10.0,1009.7,1003.1,27.3,37.1
2013-10-11,labeled,17.9,22.1,20.0,0.0,10.0,64.0,49.0,1013.1,1012.7,18.4,20.5
2013-10-12,labeled,14.3,24.7,19.5,0.0,11.2,63.0,62.0,1016.0,1009.5,18.5,23.3
2013-10-13,labeled,17.5,35.0,26.25,0.0,10.8,45.0,10.0,1002.2,996.3,24.7,34.2
2013-10-14,labeled,13.1,20.7,16.9,5.0,6.7,44.0,34.0,1014.5,1014.4,14.8,19.3
2013-10-15,labeled,10.7,24.3,17.5,0.0,12.1,40.0,32.0,1022.6,1018.7,15.4,21.5
2013-10-16,labeled,12.7,28.3,20.5,0.0,11.7,33.0,32.0,1018.9,1012.4,21.1,25.1
2013-10-17,labeled,19.6,33.6,26.6,0.0,5.2,23.0,10.0,1005.9,1003.3,27.5,31.5
2013-10-18,labeled,13.7,22.1,17.9,0.0,11.2,30.0,43.0,1025.8,1025.1,17.9,19.7
2013-10-19,labeled,12.6,22.4,17.5,0.0,12.1,57.0,43.0,1028.1,1024.4,17.6,21.3
2013-10-20,labeled,15.5,24.4,19.95,0.0,10.9,65.0,59.0,1021.5,1016.5,20.7,23.4
2013-10-21,labeled,16.6,28.9,22.75,0.0,10.3,56.0,48.0,1016.3,1011.9,21.4,26.7
2013-10-22,labeled,19.5,27.0,23.25,0.0,0.6,72.0,65.0,1016.2,1011.7,21.4,24.2
2013-10-23,labeled,20.1,33.6,26.85,3.6,11.9,47.0,16.0,1004.8,1002.3,27.0,32.9
2013-10-24,labeled,16.4,25.9,21.15,0.0,12.5,41.0,18.0,1011.7,1012.9,20.2,23.7
2013-10-25,labeled,12.2,23.4,17.799999999999997,0.0,10.4,28.0,31.0,1023.2,1019.2,16.0,20.7
2013-10-26,labeled,14.0,23.9,18.95,0.0,11.6,34.0,42.0,1020.9,1019.1,17.2,21.6
2013-10-27,labeled,14.6,22.3,18.45,0.0,9.1,51.0,55.0,1022.5,1020.4,20.5,20.5
2013-10-28,labeled,15.6,22.3,18.95,28.2,5.7,81.0,61.0,1019.5,1014.3,19.5,22.2
2013-10-29,labeled,16.4,26.3,21.35,0.0,5.0,78.0,68.0,1006.6,1008.7,19.5,18.9
2013-10-30,labeled,13.2,22.2,17.7,0.4,12.0,57.0,49.0,1019.6,1018.0,16.7,21.7
2013-10-31,labeled,15.4,22.2,18.8,0.0,9.8,62.0,56.0,1022.0,1019.3,18.2,21.1
2013-11-01,labeled,17.3,21.7,19.5,0.0,7.7,63.0,61.0,1023.8,1020.2,19.0,21.0
2013-11-02,labeled,15.9,26.1,21.0,0.0,7.1,71.0,63.0,1018.2,1012.5,19.3,23.5
2013-11-03,labeled,18.7,34.2,26.450000000000003,0.0,7.4,49.0,11.0,1010.3,1006.1,23.8,32.8
2013-11-04,labeled,14.8,20.5,17.65,0.0,11.7,34.0,38.0,1022.5,1024.0,17.0,19.0
2013-11-05,labeled,15.0,21.4,18.2,0.0,4.3,58.0,47.0,1028.0,1026.5,16.6,19.1
2013-11-06,labeled,11.8,21.4,16.6,0.0,12.2,58.0,51.0,1024.3,1019.2,17.4,20.7
2013-11-07,labeled,15.0,26.2,20.6,0.0,11.9,59.0,51.0,1017.1,1012.2,20.6,24.7
2013-11-08,labeled,17.9,28.1,23.0,0.0,8.3,43.0,44.0,1011.0,1006.4,24.5,27.6
2013-11-09,labeled,22.3,33.3,27.8,0.0,9.5,46.0,37.0,1006.4,1006.6,24.8,28.4
2013-11-10,labeled,15.7,18.9,17.299999999999997,11.6,0.7,87.0,62.0,1017.5,1017.2,15.8,18.7
2013-11-11,labeled,15.1,18.4,16.75,39.6,0.0,91.0,91.0,1018.1,1016.4,16.0,17.3
2013-11-12,labeled,15.6,22.8,19.2,20.2,4.9,92.0,66.0,1013.2,1011.8,17.4,21.9
2013-11-13,labeled,15.1,27.6,21.35,7.4,13.0,59.0,59.0,1014.4,1011.2,20.7,23.2
2013-11-14,labeled,16.9,27.0,21.95,0.0,13.2,32.0,45.0,1014.1,1011.3,22.5,23.7
2013-11-15,labeled,15.9,23.3,19.6,0.0,8.0,68.0,62.0,1015.8,1014.6,20.7,22.6
2013-11-16,labeled,15.7,21.7,18.7,23.0,5.6,74.0,75.0,1016.0,1014.5,18.0,18.8
2013-11-17,labeled,14.8,18.0,16.4,40.8,0.0,83.0,83.0,1015.5,1014.5,16.4,16.8
2013-11-18,labeled,15.2,20.0,17.6,11.2,0.0,80.0,91.0,1013.3,1010.5,17.9,18.4
2013-11-19,labeled,16.4,25.4,20.9,17.6,10.3,79.0,55.0,1011.4,1010.3,20.0,24.5
2013-11-20,labeled,16.6,24.9,20.75,0.2,12.0,71.0,66.0,1012.4,1010.7,20.8,24.2
2013-11-21,labeled,20.1,24.6,22.35,0.0,9.8,64.0,64.0,1012.8,1010.4,23.6,23.5
2013-11-22,labeled,19.9,24.3,22.1,3.0,2.9,79.0,67.0,1009.1,1006.6,21.1,22.6
2013-11-23,labeled,18.1,25.0,21.55,7.4,9.3,78.0,60.0,1005.8,1003.2,21.7,22.6
2013-11-24,labeled,16.8,23.8,20.3,3.6,13.0,58.0,51.0,1006.3,1005.2,20.8,22.7
2013-11-25,labeled,16.4,23.3,19.85,0.0,10.3,57.0,69.0,1008.1,1009.1,20.8,20.0
2013-11-26,labeled,14.7,22.9,18.8,4.2,7.7,61.0,46.0,1016.7,1016.4,17.0,22.2
2013-11-27,labeled,13.7,23.9,18.8,0.0,12.6,52.0,48.0,1018.3,1014.8,19.5,22.5
2013-11-28,labeled,16.6,26.5,21.55,0.0,11.2,56.0,60.0,1011.7,1005.0,23.3,25.6
2013-11-29,labeled,19.5,20.9,20.2,0.2,0.0,72.0,83.0,1005.8,1008.8,20.9,17.1
2013-11-30,labeled,14.9,22.9,18.9,2.8,7.3,59.0,49.0,1018.8,1019.5,18.5,21.9
2013-12-01,labeled,14.0,22.7,18.35,0.0,7.5,64.0,49.0,1025.1,1024.3,19.0,21.8
2013-12-02,labeled,15.2,24.1,19.65,0.0,12.1,52.0,44.0,1022.5,1019.6,21.3,23.3
2013-12-03,labeled,15.2,24.6,19.9,0.0,13.3,51.0,52.0,1017.6,1013.5,22.8,23.4
2013-12-04,labeled,17.8,27.8,22.8,0.0,7.9,61.0,63.0,1006.3,1000.5,23.5,24.9
2013-12-05,labeled,19.0,26.3,22.65,4.0,8.4,80.0,32.0,996.7,996.9,21.5,22.3
2013-12-06,labeled,12.7,22.9,17.799999999999997,0.0,13.6,37.0,39.0,1011.7,1013.3,17.1,22.0
2013-12-07,labeled,13.6,25.0,19.3,0.0,12.6,47.0,45.0,1020.4,1018.3,20.0,23.9
2013-12-08,labeled,16.2,25.6,20.9,0.0,11.4,58.0,45.0,1019.0,1013.5,22.6,25.3
2013-12-09,labeled,19.3,29.8,24.55,0.0,4.1,52.0,46.0,1009.1,1004.0,25.4,29.2
2013-12-10,labeled,23.0,33.0,28.0,0.0,12.0,34.0,33.0,1002.5,1002.6,28.6,30.4
2013-12-11,labeled,18.1,28.0,23.05,0.0,13.2,31.0,40.0,1009.7,1005.0,23.7,24.9
2013-12-12,labeled,19.9,24.8,22.35,0.0,9.7,69.0,59.0,1011.9,1009.8,20.6,24.0
2013-12-13,labeled,18.9,26.3,22.6,0.0,13.0,63.0,63.0,1012.5,1009.8,24.3,25.1
2013-12-14,labeled,20.6,26.7,23.65,0.0,9.8,65.0,56.0,1014.8,1015.0,23.7,23.6
2013-12-15,labeled,19.1,24.6,21.85,1.2,2.0,81.0,59.0,1018.6,1016.9,20.1,23.8
2013-12-16,labeled,18.7,24.8,21.75,2.2,6.4,83.0,60.0,1020.6,1019.2,20.1,23.9
2013-12-17,labeled,18.7,26.0,22.35,0.2,11.9,60.0,52.0,1021.8,1019.5,22.5,24.7
2013-12-18,labeled,20.6,26.0,23.3,0.0,12.9,57.0,54.0,1024.2,1022.9,24.5,24.5
2013-12-19,labeled,18.9,26.4,22.65,0.0,12.9,60.0,59.0,1022.5,1018.8,23.1,25.1
2013-12-20,labeled,20.3,33.5,26.9,0.0,10.1,59.0,40.0,1016.3,1011.6,26.2,31.4
2013-12-21,labeled,21.5,27.8,24.65,0.0,9.9,59.0,57.0,1016.8,1015.4,25.1,26.5
2013-12-22,labeled,21.7,28.7,25.2,0.0,6.9,67.0,66.0,1012.6,1008.3,25.5,26.8
2013-12-23,labeled,22.4,36.0,29.2,0.0,4.0,61.0,34.0,1007.2,1004.3,27.5,31.5
2013-12-24,labeled,19.2,22.9,21.05,0.0,0.0,58.0,56.0,1018.3,1018.5,21.8,22.1
2013-12-25,labeled,18.7,21.5,20.1,0.6,0.0,85.0,88.0,1019.3,1016.4,18.9,20.1
2013-12-26,labeled,18.7,26.6,22.65,21.0,9.5,82.0,51.0,1012.3,1010.5,21.5,25.2
2013-12-27,labeled,17.9,24.8,21.35,1.8,10.5,78.0,64.0,1012.5,1010.7,21.0,24.3
2013-12-28,labeled,19.4,25.5,22.45,0.0,12.4,62.0,63.0,1012.3,1007.6,23.6,24.9
2013-12-29,labeled,20.0,24.6,22.3,0.0,11.7,65.0,47.0,1009.5,1012.9,21.4,23.5
2013-12-30,labeled,18.8,24.2,21.5,0.0,10.2,47.0,49.0,1015.3,1011.7,22.1,23.4
2013-12-31,labeled,17.5,26.2,21.85,0.0,10.6,60.0,55.0,1013.2,1011.0,22.5,25.9
2014-01-01,labeled,20.5,27.1,23.8,0.0,5.9,58.0,62.0,1014.6,1011.3,24.4,24.9
2014-01-02,labeled,22.3,36.5,29.4,0.0,3.5,50.0,22.0,1003.6,1002.0,27.1,34.5
2014-01-03,labeled,21.0,26.2,23.6,0.2,5.6,62.0,52.0,1005.3,1000.0,22.2,24.8
2014-01-04,labeled,20.1,27.5,23.8,0.0,11.2,60.0,54.0,1003.4,1002.3,22.9,24.6
2014-01-05,labeled,20.8,26.0,23.4,0.0,12.2,63.0,70.0,1010.5,1005.7,24.2,24.9
2014-01-06,labeled,19.6,32.0,25.8,0.0,12.8,30.0,26.0,1008.9,1007.3,25.3,28.9
2014-01-07,labeled,18.3,21.6,19.950000000000003,0.0,1.7,55.0,63.0,1018.3,1019.4,20.9,19.5
2014-01-08,labeled,16.2,22.3,19.25,5.8,0.4,68.0,60.0,1023.7,1022.4,18.3,20.5
2014-01-09,labeled,18.1,23.2,20.65,0.0,2.0,49.0,53.0,1024.3,1023.1,21.1,22.4
2014-01-10,labeled,19.0,25.7,22.35,0.4,9.3,66.0,59.0,1022.2,1019.6,22.3,23.8
2014-01-11,labeled,19.1,29.1,24.1,0.0,10.9,65.0,49.0,1018.9,1014.6,23.5,27.4
2014-01-12,labeled,21.1,28.8,24.950000000000003,0.0,10.3,71.0,61.0,1017.7,1017.0,24.8,26.1
2014-01-13,labeled,19.7,26.8,23.25,0.0,11.5,66.0,53.0,1021.9,1020.2,21.9,24.7
2014-01-14,labeled,18.3,27.5,22.9,0.0,12.0,59.0,53.0,1022.3,1019.7,22.8,26.2
2014-01-15,labeled,21.2,28.8,25.0,0.0,12.8,62.0,53.0,1021.7,1018.2,25.6,28.2
2014-01-16,labeled,21.1,28.1,24.6,0.0,13.1,64.0,58.0,1019.2,1016.6,25.3,27.3
2014-01-17,labeled,21.3,27.7,24.5,0.0,12.8,67.0,57.0,1016.7,1014.0,24.2,27.2
2014-01-18,labeled,19.3,28.7,24.0,0.0,13.1,65.0,51.0,1012.6,1009.4,25.1,28.3
2014-01-19,labeled,21.2,29.4,25.3,0.0,6.1,65.0,60.0,1010.0,1008.9,24.9,26.4
2014-01-20,labeled,21.7,25.9,23.8,0.0,2.8,71.0,65.0,1009.2,1008.0,24.1,25.1
2014-01-21,labeled,19.8,25.0,22.4,5.0,0.6,79.0,68.0,1010.2,1008.0,21.6,23.9
2014-01-22,labeled,19.8,22.8,21.3,3.0,0.0,74.0,60.0,1017.7,1019.9,21.8,22.3
2014-01-23,labeled,20.2,24.7,22.45,0.2,4.6,60.0,54.0,1023.2,1021.0,22.4,23.5
2014-01-24,labeled,19.7,26.3,23.0,0.0,1.5,69.0,61.0,1014.0,1008.0,23.9,26.0
2014-01-25,labeled,19.3,25.3,22.3,2.4,8.0,63.0,45.0,1012.0,1014.8,22.5,23.3
2014-01-26,labeled,17.2,22.3,19.75,0.2,2.3,77.0,48.0,1023.8,1024.1,18.1,21.1
2014-01-27,labeled,16.0,25.5,20.75,0.2,12.7,56.0,52.0,1024.4,1022.3,20.6,24.7
2014-01-28,labeled,19.6,26.5,23.05,0.0,13.0,45.0,56.0,1021.5,1018.4,24.7,25.5
2014-01-29,labeled,20.3,29.1,24.700000000000003,0.0,13.0,54.0,45.0,1017.0,1014.0,24.5,29.0
2014-01-30,labeled,21.7,27.9,24.8,0.0,13.0,56.0,44.0,1019.9,1016.8,25.2,27.6
2014-01-31,labeled,20.3,28.3,24.3,0.0,13.0,51.0,45.0,1014.9,1012.0,24.7,27.2
2014-02-01,labeled,21.7,28.7,25.2,0.0,10.6,72.0,59.0,1015.2,1012.6,23.6,26.6
2014-02-02,labeled,22.3,27.4,24.85,0.0,12.7,67.0,55.0,1015.6,1014.3,24.6,26.4
2014-02-03,labeled,21.3,27.1,24.200000000000003,0.0,11.6,55.0,51.0,1015.7,1012.0,24.9,25.9
2014-02-04,labeled,20.7,25.2,22.95,0.0,1.2,62.0,83.0,1017.1,1019.4,25.1,19.5
2014-02-05,labeled,17.5,24.5,21.0,3.2,3.1,59.0,46.0,1023.9,1022.3,20.6,22.7
2014-02-06,labeled,17.1,23.3,20.200000000000003,1.2,3.2,67.0,48.0,1020.3,1017.7,19.2,23.2
2014-02-07,labeled,15.5,25.4,20.45,0.2,12.3,63.0,52.0,1017.7,1015.2,19.6,25.0
2014-02-08,labeled,19.4,27.3,23.35,0.0,12.1,59.0,53.0,1018.1,1016.3,24.3,25.9
2014-02-09,labeled,20.6,27.6,24.1,0.0,12.9,63.0,52.0,1018.9,1015.4,24.6,27.1
2014-02-10,labeled,20.6,27.2,23.9,0.0,0.2,83.0,54.0,1019.5,1017.5,20.8,25.5
2014-02-11,labeled,20.1,27.7,23.9,0.0,4.0,72.0,60.0,1017.6,1014.6,22.4,25.9
2014-02-12,labeled,22.1,26.3,24.200000000000003,0.2,4.3,78.0,68.0,1016.5,1015.6,23.5,25.8
2014-02-13,labeled,21.5,27.0,24.25,3.4,7.5,66.0,64.0,1015.1,1011.3,25.1,25.6
2014-02-14,labeled,20.8,23.5,22.15,1.0,0.0,81.0,79.0,1008.1,1006.4,21.6,22.8
2014-02-15,labeled,20.9,24.9,22.9,1.0,0.0,88.0,82.0,1003.7,999.5,21.5,23.1
2014-02-16,labeled,21.4,25.0,23.2,6.0,0.0,78.0,83.0,999.5,1001.6,24.7,21.5
2014-02-17,labeled,18.4,26.4,22.4,21.8,8.3,90.0,56.0,1013.5,1013.3,19.0,23.7
2014-02-18,labeled,18.9,24.7,21.8,0.0,2.7,77.0,68.0,1013.0,1009.9,20.6,23.9
2014-02-19,labeled,20.5,29.1,24.8,0.0,1.8,81.0,82.0,1004.8,1002.1,23.8,23.5
2014-02-20,labeled,20.4,29.1,24.75,13.2,11.2,52.0,40.0,1007.8,1007.9,22.2,25.6
2014-02-21,labeled,18.0,27.0,22.5,0.0,11.9,33.0,44.0,1016.0,1015.8,21.1,24.4
2014-02-22,labeled,19.5,24.7,22.1,0.0,9.2,63.0,56.0,1020.3,1019.2,22.0,23.1
2014-02-23,labeled,19.6,26.5,23.05,0.0,10.7,50.0,51.0,1023.4,1021.8,23.0,24.2
2014-02-24,labeled,19.1,26.4,22.75,0.2,11.0,68.0,59.0,1020.7,1018.2,21.7,24.9
2014-02-25,labeled,19.5,26.7,23.1,0.0,11.8,72.0,54.0,1017.9,1013.6,23.2,26.1
2014-02-26,labeled,19.7,32.4,26.05,0.0,6.2,59.0,44.0,1011.8,1010.1,25.1,30.3
2014-02-27,labeled,20.3,22.0,21.15,4.4,0.2,82.0,78.0,1017.3,1019.2,21.7,21.2
2014-02-28,labeled,19.3,21.6,20.450000000000003,2.4,0.0,86.0,68.0,1022.7,1022.5,19.7,21.0
2014-03-01,labeled,18.2,22.7,20.45,10.4,0.0,90.0,75.0,1020.5,1019.1,19.6,22.0
2014-03-02,labeled,17.9,22.8,20.35,6.6,1.2,85.0,86.0,1020.3,1020.6,19.3,19.8
2014-03-03,labeled,18.8,26.3,22.55,4.6,3.8,70.0,75.0,1024.8,1024.5,21.7,22.2
2014-03-04,labeled,19.0,25.4,22.2,1.4,3.3,83.0,58.0,1026.1,1023.7,20.9,24.7
2014-03-05,labeled,18.1,27.5,22.8,0.2,7.7,69.0,62.0,1018.6,1014.0,21.9,26.6
2014-03-06,labeled,21.0,26.8,23.9,1.6,5.8,75.0,58.0,1018.6,1018.3,22.3,25.8
2014-03-07,labeled,19.3,26.9,23.1,0.2,7.5,69.0,64.0,1020.3,1018.7,23.0,25.7
2014-03-08,labeled,21.6,27.2,24.4,0.0,8.9,63.0,64.0,1022.6,1021.5,23.8,24.7
2014-03-09,labeled,19.6,27.1,23.35,0.0,11.1,68.0,53.0,1023.6,1020.9,22.8,25.7
2014-03-10,labeled,21.9,27.5,24.7,0.2,11.0,60.0,55.0,1023.4,1021.5,25.6,26.4
2014-03-11,labeled,19.6,27.8,23.700000000000003,0.0,10.8,67.0,46.0,1023.6,1021.3,22.8,26.3
2014-03-12,labeled,19.2,29.2,24.2,0.0,6.2,69.0,52.0,1018.1,1015.4,22.1,27.6
2014-03-13,labeled,18.5,27.0,22.75,27.8,6.2,81.0,56.0,1020.4,1018.2,19.6,26.0
2014-03-14,labeled,19.3,26.3,22.8,0.2,7.9,70.0,55.0,1018.4,1014.7,22.7,25.2
2014-03-15,labeled,19.5,26.6,23.05,0.0,5.8,64.0,62.0,1013.0,1008.4,22.5,25.8
2014-03-16,labeled,19.2,29.3,24.25,5.4,5.8,57.0,74.0,1005.5,1004.7,24.2,22.5
2014-03-17,labeled,15.1,28.0,21.55,5.0,11.2,47.0,25.0,1016.9,1015.0,19.4,27.5
2014-03-18,labeled,16.1,29.7,22.9,0.2,10.4,58.0,33.0,1021.0,1018.7,19.9,28.7
2014-03-19,labeled,19.6,27.9,23.75,0.0,10.1,66.0,57.0,1023.9,1023.6,23.9,27.8
2014-03-20,labeled,21.7,27.0,24.35,0.0,9.2,58.0,54.0,1026.9,1024.2,25.5,26.4
2014-03-21,labeled,20.4,26.8,23.6,1.0,5.2,75.0,58.0,1022.5,1018.9,21.7,25.2
2014-03-22,labeled,18.7,26.7,22.7,0.0,9.5,68.0,60.0,1017.8,1014.5,23.6,25.7
2014-03-23,labeled,20.3,27.0,23.65,0.0,7.2,70.0,63.0,1017.6,1013.2,23.0,25.7
2014-03-24,labeled,20.1,23.2,21.65,0.4,0.0,79.0,89.0,1016.4,1015.3,20.3,17.5
2014-03-25,labeled,17.1,25.2,21.15,6.8,6.5,82.0,67.0,1020.0,1019.6,19.8,24.7
2014-03-26,labeled,19.7,24.9,22.3,0.6,0.0,89.0,72.0,1022.5,1021.2,21.2,24.4
2014-03-27,labeled,20.6,22.2,21.4,18.0,0.0,89.0,77.0,1022.3,1020.0,21.2,20.3
2014-03-28,labeled,18.0,24.7,21.35,7.4,0.0,84.0,66.0,1017.0,1013.3,18.7,24.3
2014-03-29,labeled,18.7,25.7,22.2,0.8,5.6,80.0,59.0,1015.3,1015.0,20.6,24.4
2014-03-30,labeled,19.4,27.0,23.2,0.2,10.1,69.0,55.0,1020.1,1019.2,22.4,27.0
2014-03-31,labeled,17.5,25.0,21.25,3.6,10.2,79.0,64.0,1022.4,1019.7,19.6,23.5
2014-04-01,labeled,17.5,26.4,21.95,0.0,6.2,78.0,66.0,1019.7,1017.5,20.5,24.6
2014-04-02,labeled,18.1,26.0,22.05,0.0,10.9,91.0,67.0,1017.9,1014.6,18.9,24.7
2014-04-03,labeled,18.9,26.3,22.6,0.0,8.8,82.0,70.0,1017.5,1015.0,21.3,25.1
2014-04-04,labeled,19.9,22.3,21.1,0.0,0.0,82.0,74.0,1018.5,1016.5,20.4,21.5
2014-04-05,labeled,18.0,26.0,22.0,5.6,6.4,80.0,63.0,1018.8,1016.9,20.6,23.8
2014-04-06,labeled,17.2,21.7,19.45,3.4,1.1,86.0,86.0,1020.9,1020.8,19.2,19.5
2014-04-07,labeled,15.3,22.4,18.85,16.0,3.3,83.0,63.0,1025.5,1023.6,16.9,21.1
2014-04-08,labeled,17.2,23.2,20.2,5.0,1.2,77.0,53.0,1023.9,1020.1,19.6,22.9
2014-04-09,labeled,15.9,24.1,20.0,0.0,4.6,68.0,58.0,1021.4,1017.9,20.4,23.2
2014-04-10,labeled,17.8,24.7,21.25,0.0,0.0,74.0,82.0,1016.9,1012.7,20.2,20.0
2014-04-11,labeled,18.9,28.0,23.45,5.6,3.7,64.0,55.0,1005.5,1002.9,24.1,25.7
2014-04-12,labeled,17.9,21.0,19.45,5.0,0.7,76.0,74.0,1011.1,1011.9,19.1,20.0
2014-04-13,labeled,16.0,20.6,18.3,3.8,1.0,86.0,88.0,1016.8,1016.1,17.8,18.5
2014-04-14,labeled,13.5,21.0,17.25,2.8,3.3,64.0,69.0,1020.4,1018.8,17.2,19.4
2014-04-15,labeled,13.4,21.9,17.65,4.2,3.5,58.0,64.0,1020.7,1018.4,17.3,20.8
2014-04-16,labeled,14.3,23.3,18.8,29.6,9.0,69.0,57.0,1019.8,1017.3,17.7,21.9
2014-04-17,labeled,13.1,23.7,18.4,0.0,9.0,65.0,39.0,1019.6,1017.4,17.2,23.1
2014-04-18,labeled,13.5,26.5,20.0,0.0,10.8,68.0,31.0,1016.3,1011.7,16.7,26.1
2014-04-19,labeled,15.0,22.7,18.85,0.0,10.7,60.0,42.0,1016.4,1014.8,19.2,20.8
2014-04-20,labeled,13.2,22.9,18.05,0.0,10.4,61.0,56.0,1018.4,1014.7,16.3,21.9
2014-04-21,labeled,13.2,25.3,19.25,0.0,9.7,48.0,31.0,1021.1,1018.5,15.9,24.4
2014-04-22,labeled,12.4,25.8,19.1,0.0,7.9,67.0,32.0,1018.7,1014.9,15.8,24.4
2014-04-23,labeled,13.4,26.1,19.75,0.0,9.0,59.0,36.0,1017.6,1014.9,17.6,24.0
2014-04-24,labeled,14.1,29.9,22.0,0.0,9.1,53.0,28.0,1013.7,1011.3,19.3,28.9
2014-04-25,labeled,17.6,20.9,19.25,6.8,3.2,84.0,67.0,1023.2,1019.2,17.7,20.7
2014-04-26,labeled,15.5,23.1,19.3,9.2,1.2,72.0,63.0,1015.0,1011.5,18.2,22.6
2014-04-27,labeled,16.9,17.9,17.4,0.4,0.0,83.0,87.0,1023.5,1023.1,17.9,17.0
2014-04-28,labeled,15.0,20.6,17.8,20.2,2.8,75.0,67.0,1025.9,1022.1,17.4,20.4
2014-04-29,labeled,14.9,25.7,20.3,0.0,8.5,71.0,61.0,1017.7,1013.3,18.4,23.6
2014-04-30,labeled,18.2,25.3,21.75,3.4,7.1,83.0,28.0,1012.5,1011.4,18.6,24.3
2014-05-01,labeled,11.3,23.0,17.15,0.0,10.2,59.0,44.0,1017.7,1013.8,14.7,19.6
2014-05-02,labeled,13.3,22.2,17.75,0.0,7.3,71.0,35.0,1006.9,1001.9,16.1,21.5
2014-05-03,labeled,11.7,15.7,13.7,1.2,1.1,81.0,46.0,996.5,994.8,12.7,14.8
2014-05-04,labeled,10.8,20.5,15.65,3.8,8.5,61.0,31.0,1001.9,1003.7,15.0,19.3
2014-05-05,labeled,10.3,20.9,15.6,0.0,10.4,54.0,32.0,1017.9,1016.8,12.8,20.2
2014-05-06,labeled,10.7,23.4,17.049999999999997,0.0,8.2,58.0,35.0,1021.2,1018.5,14.6,21.6
2014-05-07,labeled,11.2,20.7,15.95,0.0,9.7,59.0,41.0,1023.8,1022.9,13.9,19.3
2014-05-08,labeled,11.1,21.0,16.05,0.0,6.2,66.0,65.0,1026.2,1024.3,14.2,18.2
2014-05-09,labeled,11.8,21.9,16.85,7.4,3.0,84.0,62.0,1026.3,1023.6,13.9,18.8
2014-05-10,labeled,12.0,24.8,18.4,0.4,5.2,80.0,51.0,1023.9,1020.0,14.5,21.4
2014-05-11,labeled,14.4,22.9,18.65,0.8,8.3,76.0,59.0,1022.2,1022.1,16.7,19.9
2014-05-12,labeled,12.6,23.0,17.8,0.0,8.8,73.0,51.0,1030.1,1028.5,16.7,22.7
2014-05-13,labeled,13.7,23.0,18.35,11.2,8.8,74.0,52.0,1030.5,1027.2,15.6,21.0
2014-05-14,labeled,12.6,23.2,17.9,0.2,9.5,78.0,54.0,1029.3,1025.8,14.8,21.4
2014-05-15,labeled,11.7,22.9,17.299999999999997,0.0,10.0,82.0,51.0,1028.7,1025.3,13.7,21.5
2014-05-16,labeled,12.0,25.3,18.65,0.0,9.9,75.0,40.0,1029.4,1027.0,14.6,23.3
2014-05-17,labeled,12.0,24.2,18.1,0.0,9.1,72.0,55.0,1030.4,1026.7,14.3,22.4
2014-05-18,labeled,13.0,24.8,18.9,0.0,2.8,69.0,41.0,1028.3,1025.2,14.8,24.4
2014-05-19,labeled,13.1,26.1,19.6,0.0,7.5,72.0,33.0,1026.0,1022.4,15.8,25.8
2014-05-20,labeled,14.4,25.5,19.95,0.0,4.7,69.0,41.0,1022.9,1019.6,16.2,25.2
2014-05-21,labeled,14.8,23.5,19.15,0.0,9.8,66.0,58.0,1024.4,1022.6,17.5,22.6
2014-05-22,labeled,13.1,27.1,20.1,0.0,9.4,82.0,30.0,1023.5,1018.7,14.9,26.8
2014-05-23,labeled,13.9,25.1,19.5,0.0,8.0,64.0,41.0,1017.9,1013.0,16.5,23.8
2014-05-24,labeled,15.7,25.2,20.45,0.0,7.4,62.0,45.0,1015.4,1014.0,17.7,22.6
2014-05-25,labeled,15.5,26.9,21.2,0.0,7.1,75.0,43.0,1018.3,1017.1,17.2,24.9
2014-05-26,labeled,14.1,23.6,18.85,0.0,9.4,81.0,59.0,1023.4,1020.9,16.3,23.3
2014-05-27,labeled,16.0,24.0,20.0,0.0,3.0,68.0,46.0,1018.0,1010.8,19.4,23.8
2014-05-28,labeled,17.1,24.1,20.6,0.0,9.6,54.0,31.0,1013.8,1013.5,19.3,23.2
2014-05-29,labeled,12.8,21.3,17.05,0.0,7.7,59.0,61.0,1023.1,1022.1,15.3,19.7
2014-05-30,labeled,14.5,21.4,17.95,0.0,5.2,71.0,58.0,1026.8,1024.5,15.9,20.7
2014-05-31,labeled,14.3,20.7,17.5,2.4,7.5,86.0,61.0,1026.9,1022.8,15.2,20.0
2014-06-01,labeled,14.8,20.7,17.75,11.2,0.4,87.0,70.0,1020.5,1018.0,17.0,17.8
2014-06-02,labeled,12.4,22.3,17.35,1.0,5.9,85.0,54.0,1017.2,1014.9,14.5,19.9
2014-06-03,labeled,10.5,20.3,15.4,0.0,9.9,70.0,42.0,1018.4,1016.2,13.2,19.5
2014-06-04,labeled,11.2,22.3,16.75,0.0,9.6,69.0,53.0,1024.1,1022.9,13.6,22.0
2014-06-05,labeled,13.6,19.8,16.7,8.6,0.4,91.0,80.0,1025.7,1024.1,15.3,18.0
2014-06-06,labeled,14.5,15.5,15.0,13.2,0.5,86.0,85.0,1026.3,1024.8,15.3,14.9
2014-06-07,labeled,10.1,19.4,14.75,6.8,7.8,67.0,60.0,1027.2,1025.0,12.2,17.8
2014-06-08,labeled,10.5,17.7,14.1,0.0,6.3,65.0,59.0,1026.9,1025.8,11.9,16.0
2014-06-09,labeled,8.6,18.4,13.5,2.2,5.1,71.0,73.0,1028.4,1027.3,10.4,16.9
2014-06-10,labeled,10.4,19.2,14.8,13.8,3.6,91.0,49.0,1030.5,1027.4,13.0,18.8
2014-06-11,labeled,10.4,19.6,15.0,5.6,5.6,86.0,62.0,1026.6,1022.8,11.9,17.7
2014-06-12,labeled,11.1,20.4,15.75,0.0,5.8,86.0,52.0,1022.0,1018.9,12.1,19.5
2014-06-13,labeled,10.7,20.9,15.8,0.0,3.3,85.0,48.0,1019.4,1015.0,11.8,20.4
2014-06-14,labeled,11.8,19.9,15.85,5.0,3.9,89.0,53.0,1012.1,1009.2,14.3,19.2
2014-06-15,labeled,10.3,17.2,13.75,0.2,1.2,65.0,49.0,1008.9,1008.3,13.0,16.9
2014-06-16,labeled,9.3,19.5,14.4,0.4,9.7,78.0,36.0,1020.8,1018.4,11.3,19.4
2014-06-17,labeled,10.0,19.8,14.9,0.0,9.1,63.0,46.0,1023.4,1024.0,13.5,17.8
2014-06-18,labeled,11.4,20.4,15.9,0.0,9.4,67.0,51.0,1030.1,1027.9,12.5,18.7
2014-06-19,labeled,10.6,21.5,16.05,0.0,8.5,81.0,57.0,1027.8,1022.9,12.0,19.8
2014-06-20,labeled,12.0,21.3,16.65,0.0,6.3,66.0,54.0,1019.9,1015.9,15.5,19.6
2014-06-21,labeled,10.5,21.9,16.2,0.0,9.5,79.0,31.0,1020.4,1018.5,11.8,21.4
2014-06-22,labeled,11.1,19.7,15.4,0.0,4.4,79.0,49.0,1023.0,1020.0,11.9,19.6
2014-06-23,labeled,10.0,16.6,13.3,0.0,1.8,76.0,57.0,1014.9,1008.6,13.5,15.8
2014-06-24,labeled,11.5,16.7,14.1,0.0,9.7,47.0,35.0,1007.1,1003.4,12.1,16.1
2014-06-25,labeled,11.1,18.1,14.6,0.0,9.7,45.0,35.0,1012.2,1012.8,14.8,17.7
2014-06-26,labeled,10.7,22.2,16.45,0.0,9.8,47.0,31.0,1018.8,1017.9,15.1,21.1
2014-06-27,labeled,10.4,21.2,15.8,0.0,8.1,68.0,39.0,1021.0,1015.1,12.1,20.4
2014-06-28,labeled,12.0,22.8,17.4,0.0,6.9,36.0,34.0,1007.2,999.9,15.8,20.3
2014-06-29,labeled,10.0,16.4,13.2,0.0,9.6,45.0,37.0,1004.5,1004.8,12.1,15.5
2014-06-30,labeled,9.4,16.1,12.75,0.0,9.4,53.0,29.0,1015.1,1015.7,11.4,16.0
2014-07-01,labeled,8.9,19.1,14.0,0.0,9.3,64.0,36.0,1025.0,1024.0,10.1,18.3
2014-07-02,labeled,7.4,20.2,13.8,0.0,9.6,67.0,36.0,1027.6,1025.2,9.6,19.2
2014-07-03,labeled,6.7,18.3,12.5,0.0,9.6,71.0,54.0,1027.3,1023.3,9.1,17.2
2014-07-04,labeled,6.7,20.4,13.55,0.0,9.9,71.0,33.0,1021.3,1016.6,9.3,19.6
2014-07-05,labeled,8.2,18.0,13.1,0.0,9.6,62.0,33.0,1016.2,1012.0,10.1,17.3
2014-07-06,labeled,8.2,18.1,13.15,0.0,9.9,59.0,36.0,1013.6,1010.8,11.6,16.2
2014-07-07,labeled,8.3,19.5,13.9,0.0,9.2,59.0,35.0,1014.4,1011.9,10.7,18.8
2014-07-08,labeled,7.9,18.7,13.3,0.0,9.7,66.0,51.0,1016.6,1012.2,9.0,16.2
2014-07-09,labeled,6.6,21.3,13.95,0.0,9.4,49.0,22.0,1007.6,999.6,11.9,20.7
2014-07-10,labeled,8.8,17.3,13.05,0.2,9.8,52.0,32.0,1005.8,1005.1,11.9,16.8
2014-07-11,labeled,9.0,18.5,13.75,0.0,9.9,58.0,32.0,1017.4,1016.0,11.8,18.2
2014-07-12,labeled,6.4,18.5,12.45,0.2,9.5,64.0,33.0,1019.6,1017.1,8.9,17.7
2014-07-13,labeled,6.5,16.3,11.4,0.0,9.6,54.0,47.0,1027.4,1027.3,8.2,15.1
2014-07-14,labeled,6.6,17.9,12.25,0.0,5.1,62.0,64.0,1032.0,1029.0,9.2,15.7
2014-07-15,labeled,9.2,15.6,12.4,1.6,0.0,88.0,74.0,1025.8,1021.3,11.5,15.3
2014-07-16,labeled,11.4,18.5,14.95,1.8,3.9,86.0,52.0,1013.7,1010.7,13.2,17.9
2014-07-17,labeled,9.5,19.9,14.7,0.0,9.4,56.0,33.0,1012.6,1008.6,13.1,19.1
2014-07-18,labeled,8.6,15.9,12.25,0.0,7.9,47.0,35.0,1011.2,1011.1,9.6,14.1
2014-07-19,labeled,8.5,14.9,11.7,0.0,3.2,50.0,57.0,1021.2,1021.4,10.1,13.6
2014-07-20,labeled,9.8,15.3,12.55,0.2,1.1,66.0,60.0,1025.7,1024.9,11.2,15.2
2014-07-21,labeled,8.9,18.3,13.6,0.0,7.5,69.0,64.0,1026.9,1023.3,9.9,15.7
2014-07-22,labeled,8.7,19.0,13.85,0.0,9.6,81.0,59.0,1024.6,1022.3,10.8,16.5
2014-07-23,labeled,8.9,18.9,13.9,0.0,6.7,87.0,57.0,1025.5,1021.6,10.7,17.1
2014-07-24,labeled,8.5,19.8,14.15,0.0,2.4,83.0,48.0,1022.5,1019.2,10.9,19.7
2014-07-25,labeled,9.6,18.8,14.2,0.0,2.6,82.0,59.0,1023.0,1019.9,11.5,18.3
2014-07-26,labeled,11.3,18.7,15.0,8.2,4.2,90.0,42.0,1024.9,1020.4,13.0,17.2
2014-07-27,labeled,9.4,21.0,15.2,4.2,10.2,65.0,38.0,1024.6,1021.5,11.9,18.7
2014-07-28,labeled,8.8,18.5,13.65,0.0,6.7,62.0,41.0,1021.3,1018.1,11.9,17.4
2014-07-29,labeled,11.8,23.3,17.55,0.0,5.1,49.0,27.0,1018.0,1013.2,14.9,22.9
2014-07-30,labeled,13.0,24.0,18.5,0.0,10.2,44.0,31.0,1018.0,1014.5,17.3,23.3
2014-07-31,labeled,13.9,25.0,19.45,0.0,10.1,40.0,21.0,1014.2,1007.3,17.7,24.5
2014-08-01,labeled,15.9,18.2,17.05,0.0,10.0,41.0,23.0,1007.2,1008.7,16.8,16.7
2014-08-02,labeled,7.2,16.1,11.65,0.0,10.0,45.0,36.0,1024.6,1026.8,9.6,15.0
2014-08-03,labeled,5.5,17.6,11.55,0.0,9.5,60.0,45.0,1034.1,1032.2,8.4,16.5
2014-08-04,labeled,6.4,17.2,11.8,0.0,10.1,69.0,58.0,1034.4,1030.4,9.9,16.0
2014-08-05,labeled,7.9,20.6,14.25,0.0,10.2,75.0,40.0,1032.0,1030.1,10.0,17.5
2014-08-06,labeled,6.5,22.4,14.45,0.0,10.1,64.0,43.0,1032.6,1026.2,9.7,20.1
2014-08-07,labeled,9.6,20.4,15.0,0.0,6.8,53.0,36.0,1029.6,1027.5,11.4,18.8
2014-08-08,labeled,9.1,18.1,13.6,0.0,4.0,76.0,64.0,1032.1,1029.6,10.9,16.9
2014-08-09,labeled,8.9,19.2,14.05,0.0,6.8,94.0,62.0,1029.9,1024.7,10.2,18.6
2014-08-10,labeled,9.9,23.2,16.55,0.0,3.5,46.0,27.0,1022.4,1017.6,12.7,22.7
2014-08-11,labeled,8.1,14.4,11.25,0.0,4.5,62.0,45.0,1025.4,1025.1,10.3,13.7
2014-08-12,labeled,6.3,15.4,10.85,21.4,3.9,84.0,78.0,1030.0,1028.2,8.9,12.3
2014-08-13,labeled,7.9,17.0,12.45,19.4,10.1,77.0,46.0,1033.3,1031.9,10.5,16.2
2014-08-14,labeled,6.4,19.3,12.85,0.2,10.3,64.0,49.0,1035.0,1032.5,9.5,18.1
2014-08-15,labeled,7.9,19.0,13.45,0.0,9.3,81.0,53.0,1031.6,1026.5,10.5,17.8
2014-08-16,labeled,8.7,16.8,12.75,0.0,0.3,86.0,70.0,1023.8,1019.0,10.3,16.4
2014-08-17,labeled,10.3,17.5,13.9,28.6,2.2,90.0,74.0,1010.3,1004.2,14.4,17.0
2014-08-18,labeled,11.0,15.7,13.35,21.8,0.0,94.0,90.0,1001.8,1005.0,13.8,13.3
2014-08-19,labeled,12.8,17.7,15.25,38.4,3.0,69.0,80.0,1015.3,1016.6,15.5,14.5
2014-08-20,labeled,9.5,17.1,13.3,8.2,5.0,68.0,54.0,1024.7,1024.5,12.5,15.7
2014-08-21,labeled,9.4,18.1,13.75,10.8,7.1,86.0,65.0,1029.2,1027.0,11.7,17.1
2014-08-22,labeled,11.2,19.6,15.4,10.2,10.1,88.0,61.0,1031.8,1029.0,13.2,18.5
2014-08-23,labeled,9.9,19.3,14.6,3.2,2.9,92.0,85.0,1031.6,1029.3,11.8,14.8
2014-08-24,labeled,11.1,19.4,15.25,3.8,7.3,88.0,64.0,1029.7,1026.4,13.0,18.4
2014-08-25,labeled,10.5,19.3,14.9,0.0,8.9,81.0,61.0,1025.7,1022.4,13.7,18.8
2014-08-26,labeled,11.6,15.6,13.6,12.6,0.0,93.0,87.0,1024.3,1022.7,13.6,14.9
2014-08-27,labeled,13.4,19.8,16.6,13.2,5.3,80.0,54.0,1025.3,1023.9,15.3,18.7
2014-08-28,labeled,12.3,19.7,16.0,15.2,8.8,81.0,51.0,1026.8,1025.9,15.3,17.8
2014-08-29,labeled,9.4,18.0,13.7,2.0,5.4,85.0,65.0,1026.7,1024.0,12.1,15.8
2014-08-30,labeled,12.0,16.1,14.05,3.2,2.7,89.0,84.0,1023.9,1021.7,12.5,14.9
2014-08-31,labeled,11.7,20.8,16.25,3.0,9.5,67.0,55.0,1021.1,1017.2,14.8,20.5
2014-09-01,labeled,10.7,23.6,17.15,0.0,8.7,77.0,51.0,1016.9,1010.9,14.6,20.7
2014-09-02,labeled,14.1,18.4,16.25,0.2,1.5,59.0,66.0,1009.1,1007.9,15.8,13.7
2014-09-03,labeled,8.9,16.7,12.8,5.0,7.7,52.0,45.0,1013.3,1012.3,13.1,16.2
2014-09-04,labeled,9.8,17.6,13.7,0.2,8.3,53.0,52.0,1015.9,1015.1,13.4,14.7
2014-09-05,labeled,8.8,18.2,13.5,4.4,8.7,72.0,57.0,1021.8,1021.7,13.2,16.7
2014-09-06,labeled,10.3,19.1,14.7,11.0,2.3,92.0,73.0,1029.7,1028.5,12.3,15.7
2014-09-07,labeled,11.2,19.0,15.1,18.4,6.9,90.0,65.0,1032.0,1028.2,12.5,17.7
2014-09-08,labeled,10.9,19.5,15.2,1.0,10.5,93.0,60.0,1029.5,1024.2,12.2,18.2
2014-09-09,labeled,12.2,23.1,17.65,0.0,10.3,56.0,56.0,1019.4,1012.8,19.3,20.6
2014-09-10,labeled,14.0,24.4,19.2,5.0,8.3,84.0,28.0,1008.2,1008.9,14.8,23.2
2014-09-11,labeled,12.1,25.8,18.95,0.2,10.9,36.0,32.0,1016.7,1013.7,18.1,23.7
2014-09-12,labeled,13.9,18.4,16.15,0.2,1.8,67.0,52.0,1025.7,1024.1,14.7,16.9
2014-09-13,labeled,12.9,17.6,15.25,0.8,3.8,80.0,72.0,1026.9,1023.5,14.4,16.8
2014-09-14,labeled,12.9,22.6,17.75,0.4,9.5,69.0,66.0,1020.6,1016.0,17.3,20.5
2014-09-15,labeled,13.1,20.1,16.6,0.0,10.1,68.0,55.0,1018.6,1015.1,17.7,19.2
2014-09-16,labeled,15.2,21.7,18.45,0.0,5.1,76.0,66.0,1009.9,1005.5,18.6,20.6
2014-09-17,labeled,13.3,22.2,17.75,0.0,10.7,36.0,25.0,1012.2,1010.1,17.7,20.9
2014-09-18,labeled,12.2,20.5,16.35,0.0,10.8,33.0,31.0,1018.6,1017.1,15.6,18.4
2014-09-19,labeled,9.2,22.2,15.7,0.0,9.7,50.0,33.0,1022.3,1018.5,14.7,18.2
2014-09-20,labeled,9.1,20.3,14.7,0.0,11.0,50.0,41.0,1024.5,1023.7,15.4,19.4
2014-09-21,labeled,10.9,20.9,15.9,1.0,8.0,71.0,49.0,1030.5,1027.3,15.4,18.3
2014-09-22,labeled,12.3,20.2,16.25,0.2,10.6,55.0,51.0,1032.1,1028.9,16.9,18.9
2014-09-23,labeled,10.9,21.2,16.05,0.0,10.9,58.0,53.0,1030.2,1026.2,17.2,19.6
2014-09-24,labeled,11.7,22.2,16.95,0.0,10.7,66.0,66.0,1022.7,1016.6,18.5,20.8
2014-09-25,labeled,17.4,24.6,21.0,0.0,1.2,60.0,65.0,1011.9,1009.8,20.0,20.2
2014-09-26,labeled,14.3,21.7,18.0,2.0,8.3,59.0,51.0,1017.9,1015.9,18.8,20.1
2014-09-27,labeled,13.0,22.8,17.9,0.2,11.1,53.0,45.0,1021.1,1019.3,18.8,20.2
2014-09-28,labeled,11.6,25.4,18.5,0.2,11.2,54.0,50.0,1021.9,1016.2,20.4,21.2
2014-09-29,labeled,16.5,32.9,24.7,0.0,10.6,29.0,17.0,1014.6,1011.2,25.2,32.3
2014-09-30,labeled,16.6,33.5,25.05,0.0,6.8,42.0,16.0,1013.7,1007.2,23.7,32.7
2014-10-01,labeled,15.6,22.1,18.85,0.0,11.3,19.0,28.0,1017.7,1018.5,18.2,19.6
2014-10-02,labeled,10.4,24.9,17.65,0.0,11.1,45.0,45.0,1022.1,1017.2,17.6,21.3
2014-10-03,labeled,12.8,21.1,16.950000000000003,0.0,6.3,63.0,58.0,1021.1,1019.6,19.0,19.1
2014-10-04,labeled,16.4,21.9,19.15,0.0,8.5,73.0,68.0,1020.2,1015.5,19.2,21.5
2014-10-05,labeled,14.0,33.8,23.9,0.0,10.6,65.0,23.0,1016.0,1012.9,18.4,30.8
2014-10-06,labeled,17.3,26.0,21.65,0.0,8.3,67.0,64.0,1019.2,1012.4,19.7,21.8
2014-10-07,labeled,19.7,27.9,23.8,0.0,7.7,44.0,30.0,1007.8,1008.3,24.1,25.2
2014-10-08,labeled,15.1,21.1,18.1,5.4,3.7,80.0,54.0,1018.7,1018.0,16.7,18.8
2014-10-09,labeled,14.4,21.2,17.8,0.0,8.5,61.0,49.0,1023.2,1020.2,18.6,21.0
2014-10-10,labeled,14.0,22.8,18.4,0.2,7.9,53.0,58.0,1019.5,1015.5,20.2,21.9
2014-10-11,labeled,14.4,26.8,20.6,0.0,11.1,61.0,61.0,1016.8,1014.2,19.9,23.6
2014-10-12,labeled,17.0,24.7,20.85,0.0,11.2,66.0,61.0,1017.5,1013.4,20.3,23.3
2014-10-13,labeled,17.9,26.2,22.05,0.0,5.0,60.0,69.0,1007.6,1005.7,22.5,21.5
2014-10-14,labeled,13.2,17.6,15.4,9.4,3.0,49.0,42.0,1008.5,1008.5,14.9,17.1
2014-10-15,labeled,10.6,16.0,13.3,70.8,0.1,79.0,52.0,1011.7,1013.4,11.6,15.1
2014-10-16,labeled,9.0,23.4,16.2,0.2,11.7,61.0,43.0,1018.4,1015.8,14.3,20.1
2014-10-17,labeled,12.2,20.8,16.5,0.0,8.8,75.0,45.0,1024.6,1024.9,15.2,19.9
2014-10-18,labeled,12.9,20.4,16.65,0.0,6.2,66.0,46.0,1029.8,1027.4,15.3,19.6
2014-10-19,labeled,12.4,23.9,18.15,0.0,12.0,57.0,49.0,1027.5,1022.6,18.6,23.1
2014-10-20,labeled,15.8,20.8,18.3,0.0,4.0,59.0,74.0,1028.7,1029.8,19.8,17.0
2014-10-21,labeled,15.0,18.7,16.85,0.4,0.0,50.0,49.0,1032.5,1030.7,17.4,18.5
2014-10-22,labeled,15.0,21.3,18.15,0.0,9.2,54.0,54.0,1027.1,1022.0,17.8,20.4
2014-10-23,labeled,14.5,28.0,21.25,0.0,10.7,64.0,56.0,1018.0,1015.9,19.7,25.1
2014-10-24,labeled,18.6,26.4,22.5,0.0,7.1,78.0,70.0,1020.1,1014.9,22.0,23.1
2014-10-25,labeled,18.5,29.9,24.2,0.2,8.4,81.0,59.0,1015.3,1013.6,21.0,25.9
2014-10-26,labeled,18.5,32.5,25.5,0.0,11.2,64.0,55.0,1010.2,1007.9,23.5,25.8
2014-10-27,labeled,19.4,31.6,25.5,0.0,8.9,60.0,26.0,1007.8,1002.7,23.2,29.6
2014-10-28,labeled,15.9,28.9,22.4,0.0,10.4,36.0,18.0,1012.2,1008.3,21.7,28.0
2014-10-29,labeled,16.6,24.6,20.6,0.0,11.4,35.0,63.0,1017.2,1015.8,22.6,21.8
2014-10-30,labeled,15.5,30.8,23.15,0.0,12.6,61.0,32.0,1015.6,1011.6,21.1,28.4
2014-10-31,labeled,16.3,30.2,23.25,0.0,11.7,55.0,43.0,1013.4,1008.2,22.4,26.3
2014-11-01,labeled,21.3,36.5,28.9,0.0,10.6,35.0,31.0,1003.9,998.2,29.1,32.4
2014-11-02,labeled,13.7,23.5,18.6,2.4,12.9,26.0,23.0,1017.9,1017.9,16.8,21.8
2014-11-03,labeled,13.8,21.5,17.65,0.2,6.8,52.0,57.0,1025.4,1023.7,17.0,19.5
2014-11-04,labeled,16.1,21.8,18.950000000000003,0.0,8.8,60.0,64.0,1024.0,1019.4,20.4,21.0
2014-11-05,labeled,17.7,23.5,20.6,0.0,3.8,67.0,75.0,1017.1,1012.6,20.7,21.0
2014-11-06,labeled,15.5,23.2,19.35,2.0,9.5,64.0,57.0,1014.8,1013.9,20.1,20.9
2014-11-07,labeled,16.5,22.1,19.3,0.0,11.9,54.0,56.0,1019.4,1019.5,20.6,21.8
2014-11-08,labeled,14.4,23.1,18.75,0.0,12.3,61.0,60.0,1022.4,1018.9,21.4,21.9
2014-11-09,labeled,16.5,26.2,21.35,0.0,10.9,60.0,53.0,1018.8,1017.6,23.1,25.2
2014-11-10,labeled,18.7,23.6,21.15,0.0,3.2,73.0,61.0,1018.2,1016.8,20.7,22.2
2014-11-11,labeled,16.6,23.2,19.9,0.0,5.1,51.0,66.0,1020.1,1019.6,21.3,19.0
2014-11-12,labeled,16.4,22.2,19.3,0.0,6.1,66.0,51.0,1019.7,1016.0,18.8,21.6
2014-11-13,labeled,18.5,23.5,21.0,0.0,6.6,64.0,68.0,1019.2,1015.7,20.0,22.1
2014-11-14,labeled,17.7,32.2,24.950000000000003,0.0,11.2,69.0,39.0,1011.8,1006.7,23.3,31.7
2014-11-15,labeled,18.9,24.1,21.5,0.0,2.3,60.0,50.0,1009.9,1010.0,20.1,22.6
2014-11-16,labeled,18.1,28.5,23.3,5.6,7.3,87.0,27.0,1005.6,1001.5,18.2,28.1
2014-11-17,labeled,15.2,25.5,20.35,0.4,12.6,38.0,48.0,1013.8,1011.8,21.3,22.9
2014-11-18,labeled,18.6,26.7,22.65,0.0,11.7,60.0,45.0,1016.7,1016.4,22.3,25.2
2014-11-19,labeled,18.1,24.9,21.5,0.0,10.1,65.0,59.0,1021.8,1018.6,21.9,22.7
2014-11-20,labeled,18.8,31.1,24.950000000000003,0.0,10.6,56.0,57.0,1014.3,1008.7,24.8,26.0
2014-11-21,labeled,22.1,33.9,28.0,0.0,11.0,36.0,46.0,1007.4,1004.6,31.0,30.3
2014-11-22,labeled,19.1,26.3,22.700000000000003,0.0,9.3,50.0,60.0,1015.9,1011.5,23.6,23.4
2014-11-23,labeled,19.6,30.1,24.85,0.0,10.6,62.0,54.0,1011.5,1007.4,24.9,28.9
2014-11-24,labeled,21.1,30.2,25.65,0.0,6.4,71.0,76.0,1015.0,1007.4,23.5,23.6
2014-11-25,labeled,21.8,24.7,23.25,5.0,5.6,65.0,56.0,1013.0,1016.4,24.0,21.6
2014-11-26,labeled,19.3,23.3,21.3,0.0,7.3,58.0,66.0,1019.7,1016.6,21.5,21.9
2014-11-27,labeled,18.9,20.9,19.9,0.4,0.0,71.0,61.0,1022.0,1022.4,19.8,20.3
2014-11-28,labeled,14.9,23.3,19.1,0.4,11.9,71.0,46.0,1022.0,1021.3,19.8,22.3
2014-11-29,labeled,16.6,25.3,20.950000000000003,0.4,11.8,66.0,62.0,1019.7,1015.1,20.9,24.3
2014-11-30,labeled,19.1,26.8,22.950000000000003,0.0,8.4,64.0,63.0,1014.2,1011.2,23.8,24.6
2014-12-01,labeled,19.6,26.8,23.200000000000003,3.2,8.0,59.0,69.0,1011.0,1007.9,25.1,23.6
2014-12-02,labeled,19.0,28.9,23.95,8.2,10.7,71.0,56.0,1011.9,1008.8,23.7,27.8
2014-12-03,labeled,21.6,29.3,25.450000000000003,1.0,7.6,68.0,55.0,1013.2,1009.4,26.2,28.4
2014-12-04,labeled,20.0,26.9,23.45,23.8,0.0,80.0,74.0,1012.5,1009.4,22.7,25.3
2014-12-05,labeled,19.6,27.2,23.4,6.2,6.9,64.0,59.0,1008.3,1005.6,24.3,26.3
2014-12-06,labeled,20.5,26.7,23.6,1.8,6.6,70.0,61.0,1007.7,1004.1,23.4,25.5
2014-12-07,labeled,18.7,27.2,22.95,5.4,8.9,68.0,81.0,1006.0,1003.9,24.5,23.6
2014-12-08,labeled,18.9,32.0,25.45,15.8,7.5,81.0,42.0,1006.8,1006.3,22.0,29.2
2014-12-09,labeled,21.1,23.8,22.450000000000003,0.4,2.1,71.0,70.0,1015.0,1014.3,22.5,23.0
2014-12-10,labeled,20.4,25.3,22.85,0.0,2.6,73.0,69.0,1014.8,1011.4,22.5,24.7
2014-12-11,labeled,20.7,22.0,21.35,9.8,0.7,92.0,85.0,1005.5,1008.8,21.7,18.6
2014-12-12,labeled,16.6,23.0,19.8,12.2,0.7,55.0,54.0,1017.5,1018.2,20.1,22.4
2014-12-13,labeled,16.7,24.1,20.4,0.0,9.7,53.0,54.0,1018.6,1016.9,20.6,21.2
2014-12-14,labeled,15.3,24.4,19.85,0.0,10.8,69.0,48.0,1014.4,1010.7,20.0,23.2
2014-12-15,labeled,17.8,25.9,21.85,0.0,13.0,54.0,48.0,1012.2,1010.8,24.3,24.6
2014-12-16,labeled,20.0,25.0,22.5,0.0,8.7,60.0,67.0,1007.9,999.6,22.1,24.3
2014-12-17,labeled,19.2,23.8,21.5,0.0,5.8,61.0,51.0,1006.3,1007.8,21.2,22.3
2014-12-18,labeled,18.3,25.3,21.8,0.0,5.6,80.0,70.0,1010.3,1005.5,19.1,24.4
2014-12-19,labeled,18.2,24.1,21.15,0.0,10.8,53.0,44.0,1012.4,1013.0,21.2,23.2
2014-12-20,labeled,18.0,23.1,20.55,0.0,9.5,51.0,50.0,1018.5,1016.6,20.7,22.2
2014-12-21,labeled,16.8,25.7,21.25,0.0,12.6,65.0,61.0,1018.6,1016.0,22.5,24.1
2014-12-22,labeled,20.5,26.4,23.45,0.0,8.8,63.0,69.0,1016.9,1014.8,24.8,25.1
2014-12-23,labeled,20.7,26.1,23.4,0.0,4.6,84.0,81.0,1015.4,1012.8,21.1,23.8
2014-12-24,labeled,21.0,24.3,22.65,1.6,3.3,82.0,71.0,1013.7,1013.9,22.4,22.7
2014-12-25,labeled,19.8,26.8,23.3,0.0,5.3,77.0,71.0,1011.5,1005.7,23.2,25.6
2014-12-26,labeled,19.9,30.4,25.15,28.6,8.9,67.0,66.0,1007.8,1011.3,24.1,22.7
2014-12-27,labeled,18.8,21.7,20.25,0.0,0.0,50.0,53.0,1021.0,1020.6,20.6,20.7
2014-12-28,labeled,18.9,24.2,21.55,0.0,2.0,75.0,61.0,1019.2,1015.9,20.2,23.5
2014-12-29,labeled,17.7,27.3,22.5,0.0,12.6,62.0,66.0,1009.7,1004.1,23.6,25.4
2014-12-30,labeled,19.4,28.1,23.75,0.0,12.7,59.0,50.0,1007.4,1004.0,23.4,26.9
2014-12-31,labeled,19.3,25.2,22.25,0.0,8.0,64.0,57.0,1015.6,1014.4,22.2,23.9
2015-01-01,labeled,21.4,28.4,24.9,0.0,11.0,68.0,69.0,1014.5,1011.4,25.2,27.5
2015-01-02,labeled,21.2,28.5,24.85,0.0,3.6,78.0,76.0,1018.8,1017.7,23.2,26.3
2015-01-03,labeled,22.0,28.8,25.4,0.0,12.0,76.0,70.0,1020.2,1017.5,26.3,27.7
2015-01-04,labeled,22.4,30.4,26.4,0.0,8.9,69.0,66.0,1015.9,1012.8,26.9,27.1
2015-01-05,labeled,20.5,26.3,23.4,0.2,3.4,82.0,66.0,1019.4,1018.7,21.8,25.9
2015-01-06,labeled,21.3,28.2,24.75,0.2,11.8,80.0,64.0,1020.7,1019.9,24.4,26.8
2015-01-07,labeled,22.8,29.3,26.05,0.0,12.4,64.0,50.0,1020.6,1018.3,27.1,27.9
2015-01-08,labeled,21.2,28.0,24.6,0.0,13.0,55.0,55.0,1016.1,1011.7,25.8,27.4
2015-01-09,labeled,21.8,29.9,25.85,0.0,8.7,72.0,64.0,1010.6,1007.8,25.7,26.9
2015-01-10,labeled,22.0,28.7,25.35,0.0,1.0,81.0,78.0,1010.8,1009.1,24.3,25.2
2015-01-11,labeled,20.6,22.9,21.75,21.0,0.0,96.0,92.0,1013.6,1012.6,21.1,21.1
2015-01-12,labeled,20.4,24.4,22.4,9.6,3.3,76.0,78.0,1014.7,1013.3,22.9,22.9
2015-01-13,labeled,18.9,28.8,23.85,4.8,7.5,94.0,77.0,1010.2,1005.6,21.2,24.5
2015-01-14,labeled,21.1,34.2,27.65,0.0,12.7,55.0,32.0,999.1,997.2,28.6,33.4
2015-01-15,labeled,22.0,29.0,25.5,0.0,11.7,45.0,57.0,1004.0,1004.2,26.1,24.8
2015-01-16,labeled,21.2,27.6,24.4,0.0,12.9,67.0,63.0,1008.6,1005.8,24.7,26.6
2015-01-17,labeled,20.7,35.7,28.200000000000003,0.0,13.4,35.0,23.0,1008.0,1005.2,27.0,33.5
2015-01-18,labeled,20.7,29.1,24.9,0.0,11.8,73.0,43.0,1011.7,1010.0,24.5,28.6
2015-01-19,labeled,20.9,22.7,21.8,0.0,0.1,66.0,61.0,1014.9,1015.2,21.7,21.7
2015-01-20,labeled,18.1,24.8,21.450000000000003,6.2,7.3,88.0,64.0,1014.3,1011.9,20.3,23.9
2015-01-21,labeled,19.7,28.0,23.85,18.0,10.5,78.0,61.0,1011.0,1010.6,24.4,27.1
2015-01-22,labeled,22.5,28.3,25.4,0.2,11.7,68.0,58.0,1014.5,1012.1,26.4,27.5
2015-01-23,labeled,22.4,29.1,25.75,0.0,10.5,74.0,61.0,1010.1,1007.0,25.8,28.7
2015-01-24,labeled,22.7,29.1,25.9,0.0,9.8,69.0,54.0,1008.1,1004.9,26.7,28.3
2015-01-25,labeled,21.6,34.4,28.0,1.0,11.2,77.0,44.0,1003.1,1001.6,25.0,31.2
2015-01-26,labeled,20.2,20.4,20.3,0.6,0.0,84.0,88.0,1013.2,1013.3,20.4,19.7
2015-01-27,labeled,18.9,20.4,19.65,33.0,0.0,96.0,93.0,1013.3,1012.5,19.2,20.2
2015-01-28,labeled,17.3,20.5,18.9,57.0,2.3,95.0,92.0,1013.3,1013.5,17.9,18.2
2015-01-29,labeled,14.6,24.3,19.45,14.0,12.2,54.0,47.0,1012.9,1011.0,19.0,22.1
2015-01-30,labeled,15.2,27.3,21.25,0.0,11.2,43.0,28.0,1009.4,1005.4,19.6,26.8
2015-01-31,labeled,17.0,26.1,21.55,0.0,11.7,59.0,42.0,1008.1,1005.8,21.4,24.2
2015-02-01,labeled,19.3,26.6,22.950000000000003,0.0,7.0,75.0,55.0,1009.5,1009.3,22.0,24.2
2015-02-02,labeled,18.0,25.0,21.5,3.4,8.7,81.0,59.0,1015.5,1015.9,19.6,23.4
2015-02-03,labeled,18.5,26.5,22.5,1.0,9.8,72.0,45.0,1020.1,1017.5,20.1,25.7
2015-02-04,labeled,17.3,25.6,21.450000000000003,1.2,6.6,70.0,58.0,1015.7,1015.7,20.1,22.9
2015-02-05,labeled,18.6,24.3,21.450000000000003,7.4,0.5,59.0,54.0,1023.2,1024.1,21.9,22.5
2015-02-06,labeled,17.6,25.6,21.6,0.2,7.8,80.0,53.0,1027.7,1026.2,20.5,23.6
2015-02-07,labeled,18.8,26.5,22.65,0.0,6.9,77.0,50.0,1025.2,1021.8,20.3,26.0
2015-02-08,labeled,18.9,32.1,25.5,0.0,12.2,71.0,58.0,1018.9,1017.0,23.3,28.3
2015-02-09,labeled,22.7,25.9,24.3,0.0,1.2,76.0,66.0,1023.8,1023.9,23.7,25.3
2015-02-10,labeled,21.5,28.2,24.85,0.0,7.7,82.0,65.0,1024.6,1023.1,24.0,27.7
2015-02-11,labeled,22.8,28.6,25.700000000000003,0.2,11.3,72.0,59.0,1023.6,1021.0,25.8,27.1
2015-02-12,labeled,21.0,28.8,24.9,0.0,10.0,62.0,61.0,1021.8,1021.0,26.1,27.6
2015-02-13,labeled,20.4,28.1,24.25,6.8,4.6,94.0,61.0,1024.2,1023.3,22.1,25.1
2015-02-14,labeled,20.4,27.2,23.8,4.4,6.7,82.0,55.0,1023.1,1019.9,23.1,26.9
2015-02-15,labeled,20.3,29.4,24.85,0.6,8.8,85.0,59.0,1017.0,1014.8,22.4,26.4
2015-02-16,labeled,22.1,28.0,25.05,0.0,11.1,62.0,57.0,1016.9,1015.7,25.4,26.8
2015-02-17,labeled,21.9,27.8,24.85,0.0,12.2,59.0,56.0,1019.0,1017.6,25.7,26.1
2015-02-18,labeled,22.2,27.6,24.9,0.0,12.2,59.0,60.0,1019.9,1019.0,26.4,26.7
2015-02-19,labeled,22.2,27.6,24.9,0.2,5.1,88.0,63.0,1021.8,1019.4,23.0,25.8
2015-02-20,labeled,21.7,26.8,24.25,0.0,1.8,82.0,67.0,1018.0,1016.2,23.8,25.6
2015-02-21,labeled,20.5,25.6,23.05,1.0,0.0,88.0,74.0,1017.1,1016.0,22.9,24.5
2015-02-22,labeled,20.7,27.4,24.05,1.2,10.7,82.0,62.0,1017.7,1016.9,23.8,26.8
2015-02-23,labeled,22.4,27.6,25.0,0.0,5.5,76.0,63.0,1016.9,1014.6,24.1,26.9
2015-02-24,labeled,22.2,25.6,23.9,0.2,6.2,89.0,66.0,1014.8,1015.1,23.3,24.8
2015-02-25,labeled,20.1,23.8,21.950000000000003,0.0,9.1,76.0,77.0,1015.6,1015.2,22.2,22.9
2015-02-26,labeled,19.9,25.8,22.85,4.2,4.7,86.0,72.0,1010.9,1007.2,21.5,24.9
2015-02-27,labeled,20.0,27.5,23.75,26.8,8.4,97.0,60.0,1010.8,1009.5,21.1,26.4
2015-02-28,labeled,20.1,27.0,23.55,0.2,6.0,78.0,62.0,1010.8,1008.5,23.3,26.5
2015-03-01,labeled,22.0,36.4,29.2,0.0,7.0,69.0,57.0,1005.9,1002.9,26.2,29.3
2015-03-02,labeled,18.2,24.6,21.4,11.4,3.3,70.0,57.0,1018.7,1017.3,20.1,23.7
2015-03-03,labeled,16.8,27.7,22.25,0.2,8.0,60.0,54.0,1015.9,1013.1,22.5,25.8
2015-03-04,labeled,21.5,27.9,24.7,0.0,7.4,79.0,63.0,1013.4,1010.2,23.7,26.9
2015-03-05,labeled,20.4,28.6,24.5,0.0,9.8,28.0,56.0,1005.9,1008.5,25.2,23.1
2015-03-06,labeled,16.2,30.9,23.55,0.0,11.3,44.0,22.0,1007.6,1003.7,21.1,29.6
2015-03-07,labeled,19.3,25.4,22.35,0.0,7.3,89.0,57.0,1012.8,1009.9,19.8,24.6
2015-03-08,labeled,19.6,27.6,23.6,0.0,6.7,87.0,62.0,1011.1,1009.5,21.0,25.6
2015-03-09,labeled,20.3,31.2,25.75,0.0,11.0,75.0,57.0,1011.9,1009.9,23.7,27.7
2015-03-10,labeled,21.1,24.5,22.8,0.0,0.9,79.0,79.0,1017.7,1016.5,22.8,24.0
2015-03-11,labeled,21.3,27.9,24.6,0.0,7.6,85.0,65.0,1016.9,1013.3,22.5,27.0
2015-03-12,labeled,20.0,28.7,24.35,0.2,9.8,76.0,52.0,1014.9,1013.3,25.0,27.3
2015-03-13,labeled,20.1,21.9,21.0,0.6,0.3,70.0,65.0,1019.9,1019.5,20.8,21.4
2015-03-14,labeled,15.8,24.5,20.15,1.2,8.9,73.0,49.0,1018.7,1014.6,20.1,23.7
2015-03-15,labeled,17.7,24.9,21.3,0.0,5.1,75.0,51.0,1010.0,1012.5,21.8,23.0
2015-03-16,labeled,16.3,23.6,19.950000000000003,8.8,6.1,77.0,45.0,1017.2,1015.7,17.9,23.4
2015-03-17,labeled,15.3,24.4,19.85,0.0,3.9,63.0,55.0,1015.9,1012.0,20.4,22.5
2015-03-18,labeled,19.7,29.9,24.8,0.0,7.8,76.0,49.0,1007.2,1003.7,22.5,27.2
2015-03-19,labeled,19.6,28.9,24.25,0.2,10.5,72.0,54.0,1011.5,1010.5,22.8,27.2
2015-03-20,labeled,20.0,31.4,25.7,0.0,8.0,75.0,65.0,1010.5,1012.0,23.8,24.9
2015-03-21,labeled,18.3,23.1,20.700000000000003,2.0,0.9,75.0,55.0,1024.7,1025.3,19.6,21.7
2015-03-22,labeled,18.6,24.4,21.5,2.2,1.6,71.0,59.0,1024.4,1022.0,22.2,24.1
2015-03-23,labeled,18.4,26.5,22.45,1.4,8.7,81.0,64.0,1018.9,1013.6,22.8,26.4
2015-03-24,labeled,20.6,27.6,24.1,0.2,2.2,86.0,93.0,1012.1,1010.4,22.2,22.5
2015-03-25,labeled,15.0,24.8,19.9,22.4,9.7,72.0,53.0,1017.2,1016.5,18.0,24.2
2015-03-26,labeled,16.9,28.7,22.8,0.2,10.4,70.0,24.0,1017.8,1015.1,20.4,27.8
2015-03-27,labeled,14.7,27.6,21.15,0.0,11.2,34.0,20.0,1020.5,1017.1,17.2,26.4
2015-03-28,labeled,14.7,24.5,19.6,0.0,10.9,39.0,45.0,1023.4,1021.9,18.5,22.2
2015-03-29,labeled,15.2,24.7,19.95,0.0,6.4,78.0,59.0,1023.4,1021.1,17.3,23.2
2015-03-30,labeled,17.3,23.9,20.6,0.0,2.7,84.0,64.0,1024.3,1022.9,19.1,23.1
2015-03-31,labeled,17.3,24.1,20.700000000000003,14.2,3.8,93.0,58.0,1026.2,1024.8,19.7,22.7
2015-04-01,labeled,17.8,25.3,21.55,6.0,9.9,95.0,72.0,1025.0,1021.0,18.8,23.6
2015-04-02,labeled,18.5,27.9,23.2,0.0,3.9,86.0,57.0,1018.9,1016.3,20.3,27.1
2015-04-03,labeled,17.9,19.0,18.45,0.6,0.0,91.0,89.0,1023.9,1022.9,18.1,18.5
2015-04-04,labeled,17.7,20.1,18.9,24.0,0.0,95.0,93.0,1020.3,1017.4,18.0,17.4
2015-04-05,labeled,15.5,25.9,20.7,21.4,9.7,76.0,54.0,1010.5,1005.7,19.9,25.6
2015-04-06,labeled,15.8,24.9,20.35,0.0,5.1,81.0,62.0,1008.0,1006.6,19.9,20.2
2015-04-07,labeled,15.1,23.0,19.05,0.4,9.8,67.0,42.0,1007.9,1007.2,20.0,21.2
2015-04-08,labeled,14.2,22.3,18.25,5.8,4.6,43.0,39.0,1010.7,1013.1,18.3,21.0
2015-04-09,labeled,15.3,22.2,18.75,0.2,6.1,49.0,42.0,1020.6,1020.2,18.6,21.2
2015-04-10,labeled,14.7,22.4,18.55,0.4,6.0,82.0,58.0,1024.8,1022.8,16.8,21.7
2015-04-11,labeled,15.6,22.7,19.15,7.8,4.6,94.0,69.0,1023.3,1019.6,17.5,20.4
2015-04-12,labeled,14.8,23.5,19.15,0.2,8.8,80.0,63.0,1018.7,1018.0,18.7,21.4
2015-04-13,labeled,14.8,22.2,18.5,0.0,10.2,65.0,50.0,1023.7,1021.3,19.1,22.2
2015-04-14,labeled,14.5,22.4,18.45,0.0,8.5,63.0,54.0,1023.9,1021.4,18.2,20.8
2015-04-15,labeled,15.0,24.2,19.6,0.0,8.7,72.0,66.0,1025.1,1021.6,18.6,23.2
2015-04-16,labeled,17.7,31.7,24.7,0.6,10.4,67.0,44.0,1022.4,1019.3,21.6,29.2
2015-04-17,labeled,19.9,23.7,21.8,1.6,0.0,86.0,89.0,1024.6,1021.3,21.0,21.0
2015-04-18,labeled,19.7,28.6,24.15,0.4,5.0,71.0,51.0,1017.8,1013.9,23.7,26.1
2015-04-19,labeled,18.0,22.5,20.25,2.4,6.6,50.0,69.0,1018.5,1019.6,19.4,20.0
2015-04-20,labeled,13.6,17.2,15.4,13.2,0.0,96.0,94.0,1023.6,1020.7,15.0,17.1
2015-04-21,labeled,14.5,17.7,16.1,119.4,0.0,87.0,96.0,1019.6,1016.8,14.9,14.6
2015-04-22,labeled,14.1,17.9,16.0,105.8,0.6,98.0,94.0,1013.4,1010.5,16.1,17.2
2015-04-23,labeled,14.3,23.8,19.05,29.0,8.6,98.0,56.0,1012.3,1009.6,16.4,23.1
2015-04-24,labeled,15.0,25.1,20.05,0.0,8.5,89.0,59.0,1008.0,1004.4,17.3,23.9
2015-04-25,labeled,14.4,25.9,20.15,0.2,8.1,78.0,49.0,1008.8,1004.7,17.2,22.5
2015-04-26,labeled,12.7,17.1,14.9,13.0,1.3,81.0,81.0,1008.0,1010.4,13.8,16.2
2015-04-27,labeled,12.5,20.9,16.7,4.0,10.5,59.0,41.0,1018.9,1019.0,15.3,20.7
2015-04-28,labeled,10.3,20.9,15.6,0.2,10.4,63.0,50.0,1026.1,1024.5,14.0,20.1
2015-04-29,labeled,10.6,18.9,14.75,0.0,0.9,81.0,77.0,1030.6,1028.9,14.0,17.5
2015-04-30,labeled,14.0,20.9,17.45,10.2,3.0,92.0,65.0,1031.3,1028.4,16.0,20.4
2015-05-01,labeled,14.1,21.7,17.9,28.4,1.0,98.0,83.0,1028.2,1024.5,16.7,19.8
2015-05-02,labeled,16.6,23.0,19.8,8.6,2.3,79.0,95.0,1020.6,1016.5,21.7,19.0
2015-05-03,labeled,18.9,20.9,19.9,31.6,0.4,98.0,86.0,1014.8,1012.8,19.0,20.8
2015-05-04,labeled,17.3,21.8,19.55,0.4,0.3,83.0,66.0,1016.0,1013.2,18.3,21.6
2015-05-05,labeled,14.7,27.5,21.1,0.0,9.8,84.0,33.0,1008.3,1003.9,19.0,27.0
2015-05-06,labeled,13.4,21.0,17.2,0.2,10.0,41.0,29.0,1014.0,1012.5,15.3,20.4
2015-05-07,labeled,11.5,20.3,15.9,0.0,10.3,51.0,31.0,1018.2,1015.4,15.1,19.8
2015-05-08,labeled,11.1,21.0,16.05,0.0,10.3,51.0,31.0,1019.4,1016.1,13.8,20.5
2015-05-09,labeled,11.4,21.0,16.2,0.0,10.3,52.0,36.0,1017.1,1013.9,14.5,20.7
2015-05-10,labeled,11.3,21.2,16.25,0.0,7.8,49.0,33.0,1011.3,1006.0,15.4,20.8
2015-05-11,labeled,15.4,21.9,18.65,0.0,10.2,48.0,35.0,1010.2,1009.6,16.8,21.1
2015-05-12,labeled,12.2,22.5,17.35,0.0,10.3,56.0,34.0,1014.3,1010.2,16.2,21.9
2015-05-13,labeled,13.2,17.3,15.25,0.0,7.7,42.0,32.0,1015.3,1016.3,13.9,16.4
2015-05-14,labeled,7.9,19.3,13.6,2.2,10.1,49.0,34.0,1024.7,1024.2,11.3,18.4
2015-05-15,labeled,10.2,20.0,15.1,0.2,7.8,59.0,61.0,1031.4,1031.1,14.2,17.8
2015-05-16,labeled,13.0,20.8,16.9,0.8,9.3,87.0,50.0,1035.4,1033.7,15.1,19.6
2015-05-17,labeled,11.1,20.5,15.8,0.6,3.0,89.0,66.0,1035.5,1032.2,13.0,18.4
2015-05-18,labeled,11.5,19.3,15.4,0.0,0.5,91.0,84.0,1031.8,1027.3,13.8,18.2
2015-05-19,labeled,13.8,21.5,17.65,0.2,1.8,84.0,66.0,1020.6,1015.5,16.9,20.9
2015-05-20,labeled,16.2,25.4,20.8,0.4,5.8,79.0,58.0,1015.9,1013.4,17.4,21.6
2015-05-21,labeled,14.5,21.8,18.15,0.2,5.8,67.0,58.0,1018.6,1016.9,16.5,19.2
2015-05-22,labeled,13.0,17.7,15.35,11.2,1.4,94.0,56.0,1016.9,1020.4,15.2,16.9
2015-05-23,labeled,10.2,19.0,14.6,24.4,8.6,69.0,50.0,1029.1,1028.1,11.8,17.9
2015-05-24,labeled,8.3,20.3,14.3,0.2,8.1,87.0,44.0,1032.3,1030.7,10.1,18.9
2015-05-25,labeled,9.4,19.5,14.45,0.0,6.0,84.0,52.0,1032.2,1028.5,11.4,18.2
2015-05-26,labeled,8.5,19.0,13.75,0.0,5.9,77.0,55.0,1030.0,1026.6,10.4,17.9
2015-05-27,labeled,10.4,21.6,16.0,0.0,8.3,69.0,40.0,1025.4,1021.6,13.1,20.5
2015-05-28,labeled,11.7,21.0,16.35,0.0,7.6,82.0,60.0,1023.6,1020.2,13.6,20.3
2015-05-29,labeled,13.6,19.2,16.4,0.0,0.6,79.0,65.0,1020.6,1020.1,17.3,18.7
2015-05-30,labeled,11.1,18.3,14.7,0.2,1.1,84.0,52.0,1022.0,1017.8,13.1,17.0
2015-05-31,labeled,11.5,15.0,13.25,0.0,0.0,78.0,59.0,1016.5,1012.3,12.1,14.5
2015-06-01,labeled,10.1,15.9,13.0,0.0,8.6,47.0,25.0,1014.7,1016.7,13.4,14.8
2015-06-02,labeled,6.1,16.6,11.35,0.2,9.1,47.0,41.0,1023.8,1022.4,9.5,15.6
2015-06-03,labeled,6.1,18.4,12.25,0.0,8.8,64.0,56.0,1023.2,1020.7,8.8,15.6
2015-06-04,labeled,7.4,19.0,13.2,0.0,9.0,82.0,53.0,1022.0,1017.8,8.9,17.5
2015-06-05,labeled,8.9,17.7,13.3,0.0,6.9,69.0,42.0,1019.3,1019.3,10.2,16.8
2015-06-06,labeled,10.1,21.0,15.55,1.0,6.1,66.0,45.0,1028.3,1027.0,11.9,20.6
2015-06-07,labeled,9.3,22.6,15.95,0.0,9.5,89.0,43.0,1029.0,1024.1,10.8,21.3
2015-06-08,labeled,10.8,22.9,16.85,0.0,8.1,67.0,36.0,1024.5,1019.5,14.8,22.5
2015-06-09,labeled,13.6,22.6,18.1,0.0,6.5,57.0,29.0,1020.7,1019.5,17.1,21.9
2015-06-10,labeled,12.8,14.6,13.7,2.0,0.0,94.0,92.0,1031.1,1031.2,12.9,14.2
2015-06-11,labeled,11.7,16.1,13.9,6.6,0.2,83.0,69.0,1036.8,1034.4,13.3,15.9
2015-06-12,labeled,12.6,19.4,16.0,0.4,0.7,88.0,57.0,1034.6,1031.5,13.5,19.2
2015-06-13,labeled,13.1,19.7,16.4,0.0,4.5,85.0,46.0,1031.3,1027.1,13.8,19.0
2015-06-14,labeled,9.5,19.9,14.7,0.0,8.3,88.0,52.0,1028.5,1025.7,11.2,18.6
2015-06-15,labeled,10.9,16.9,13.9,0.2,0.6,85.0,79.0,1027.8,1025.2,12.9,16.4
2015-06-16,labeled,12.9,17.9,15.4,2.6,0.3,85.0,94.0,1022.8,1018.3,16.5,15.8
2015-06-17,labeled,14.7,17.6,16.15,10.8,0.0,95.0,92.0,1012.5,1009.1,16.0,16.4
2015-06-18,labeled,11.4,17.4,14.4,2.2,0.8,80.0,84.0,1014.4,1013.6,13.5,15.8
2015-06-19,labeled,9.6,14.5,12.05,67.0,2.5,98.0,88.0,1017.2,1017.5,9.9,12.5
2015-06-20,labeled,8.3,16.6,12.45,7.2,8.6,76.0,59.0,1024.1,1023.4,9.8,14.1
2015-06-21,labeled,8.5,14.1,11.3,1.2,0.0,90.0,88.0,1028.7,1027.6,9.1,13.7
2015-06-22,labeled,8.0,19.2,13.6,3.0,7.7,94.0,45.0,1029.6,1026.1,9.3,17.5
2015-06-23,labeled,8.0,20.3,14.15,0.0,8.1,85.0,47.0,1026.5,1023.3,10.2,18.7
2015-06-24,labeled,10.2,21.3,15.75,0.0,6.5,82.0,41.0,1023.2,1019.9,13.2,20.0
2015-06-25,labeled,12.7,19.4,16.049999999999997,0.0,4.2,77.0,74.0,1023.3,1023.5,15.2,17.6
2015-06-26,labeled,10.1,19.2,14.65,6.2,7.2,85.0,40.0,1032.9,1031.1,11.7,18.7
2015-06-27,labeled,8.3,19.4,13.85,0.0,9.7,87.0,44.0,1032.6,1029.2,9.7,19.0
2015-06-28,labeled,7.4,19.6,13.5,0.0,9.5,73.0,53.0,1032.9,1030.9,9.3,18.5
2015-06-29,labeled,9.3,19.5,14.4,0.0,5.1,84.0,54.0,1033.4,1030.0,11.0,17.8
2015-06-30,labeled,9.0,19.1,14.05,0.0,4.3,94.0,56.0,1029.4,1025.0,10.7,17.9
2015-07-01,labeled,10.7,17.5,14.1,1.0,8.7,85.0,37.0,1026.2,1022.6,12.0,17.4
2015-07-02,labeled,7.0,16.4,11.7,0.0,8.1,70.0,40.0,1020.0,1016.8,8.4,16.1
2015-07-03,labeled,6.2,16.2,11.2,0.0,9.3,55.0,46.0,1026.5,1024.6,8.1,15.9
2015-07-04,labeled,5.8,16.1,10.95,0.0,6.8,82.0,31.0,1022.7,1020.3,7.6,15.5
2015-07-05,labeled,6.0,18.6,12.3,0.0,9.3,66.0,35.0,1022.2,1018.0,7.7,16.6
2015-07-06,labeled,6.0,17.3,11.65,0.0,9.5,58.0,34.0,1016.3,1013.3,8.6,17.1
2015-07-07,labeled,7.8,14.7,11.25,0.0,2.7,58.0,85.0,1019.8,1021.7,11.2,11.8
2015-07-08,labeled,7.9,16.5,12.2,5.6,6.3,86.0,64.0,1028.7,1027.6,8.4,13.7
2015-07-09,labeled,6.6,17.6,12.1,0.0,9.6,92.0,46.0,1030.8,1026.9,8.3,16.4
2015-07-10,labeled,7.3,16.9,12.1,0.0,3.2,92.0,61.0,1022.6,1019.0,9.4,16.0
2015-07-11,labeled,6.6,19.9,13.25,0.8,9.3,100.0,48.0,1015.4,1009.4,7.2,19.2
2015-07-12,labeled,7.1,15.1,11.1,2.2,4.0,60.0,42.0,1003.6,1001.5,9.8,13.1
2015-07-13,labeled,8.1,16.9,12.5,4.8,5.5,96.0,41.0,1000.9,1002.9,8.6,16.5
2015-07-14,labeled,8.6,17.6,13.1,0.6,8.3,62.0,31.0,1011.5,1010.4,11.5,17.6
2015-07-15,labeled,6.2,16.8,11.5,0.2,9.6,62.0,42.0,1018.1,1016.1,8.7,14.9
2015-07-16,labeled,8.3,13.4,10.85,0.2,2.6,91.0,68.0,1016.8,1013.7,10.3,12.9
2015-07-17,labeled,6.2,14.3,10.25,17.2,1.7,95.0,51.0,1010.1,1012.9,6.7,13.5
2015-07-18,labeled,6.6,14.6,10.6,9.0,4.3,58.0,78.0,1025.6,1027.2,10.4,11.8
2015-07-19,labeled,7.8,16.7,12.25,0.6,9.0,84.0,55.0,1032.6,1031.1,10.3,15.8
2015-07-20,labeled,7.8,17.9,12.85,0.0,4.2,84.0,64.0,1034.6,1032.1,10.0,15.9
2015-07-21,labeled,8.2,19.3,13.75,3.0,9.9,93.0,54.0,1033.1,1029.3,9.9,18.3
2015-07-22,labeled,9.9,16.9,13.4,0.0,0.9,71.0,57.0,1027.4,1025.0,13.4,16.5
2015-07-23,labeled,11.2,19.1,15.15,1.8,2.2,96.0,70.0,1026.1,1023.4,12.0,16.4
2015-07-24,labeled,11.6,20.0,15.8,0.0,3.7,95.0,58.0,1020.0,1014.5,12.9,18.6
2015-07-25,labeled,10.8,20.8,15.8,0.0,10.1,50.0,29.0,1017.5,1015.8,14.3,20.5
2015-07-26,labeled,11.0,20.2,15.6,0.0,9.3,53.0,31.0,1017.0,1012.4,13.8,19.5
2015-07-27,labeled,7.3,15.7,11.5,0.0,10.1,41.0,28.0,1025.0,1024.5,10.2,15.2
2015-07-28,labeled,6.4,17.3,11.85,0.0,9.6,56.0,40.0,1032.9,1030.8,9.6,16.6
2015-07-29,labeled,8.1,18.4,13.25,0.0,8.5,70.0,50.0,1035.0,1030.2,9.3,16.4
2015-07-30,labeled,8.2,20.5,14.35,0.0,7.6,80.0,30.0,1026.3,1020.1,10.7,19.2
2015-07-31,labeled,10.7,21.0,15.85,0.0,9.5,49.0,31.0,1021.4,1019.5,14.7,20.4
2015-08-01,labeled,9.4,22.3,15.85,0.0,9.2,54.0,28.0,1018.6,1015.6,14.3,20.7
2015-08-02,labeled,14.3,24.7,19.5,0.0,7.8,51.0,30.0,1015.1,1010.4,16.9,23.8
2015-08-03,labeled,8.4,19.4,13.9,0.0,10.1,48.0,29.0,1015.2,1013.7,11.7,19.0
2015-08-04,labeled,8.3,15.1,11.7,0.0,4.6,57.0,42.0,1023.0,1018.9,8.9,14.4
2015-08-05,labeled,5.0,14.2,9.6,0.0,4.8,46.0,46.0,1014.5,1010.3,9.4,13.0
2015-08-06,labeled,6.8,16.4,11.6,0.0,8.5,53.0,39.0,1016.5,1016.7,9.5,14.3
2015-08-07,labeled,6.7,18.5,12.6,0.0,10.1,60.0,40.0,1024.0,1021.0,10.0,16.1
2015-08-08,labeled,7.9,17.5,12.7,0.0,8.9,63.0,44.0,1024.7,1022.5,11.0,16.3
2015-08-09,labeled,6.2,17.6,11.9,0.0,9.5,68.0,56.0,1024.8,1019.6,9.1,16.3
2015-08-10,labeled,8.6,20.6,14.6,0.0,10.2,66.0,41.0,1017.7,1012.9,11.8,18.8
2015-08-11,labeled,9.8,21.0,15.4,0.0,10.5,52.0,27.0,1014.6,1011.1,13.3,20.4
2015-08-12,labeled,8.4,17.5,12.95,0.0,8.7,54.0,37.0,1007.9,1004.0,11.1,16.2
2015-08-13,labeled,9.4,19.8,14.6,0.0,10.5,50.0,23.0,1014.9,1014.7,12.3,19.3
2015-08-14,labeled,7.9,20.4,14.15,0.0,10.5,55.0,38.0,1025.1,1023.4,11.8,18.0
2015-08-15,labeled,8.2,18.1,13.15,0.0,7.3,63.0,61.0,1030.5,1028.8,12.4,17.0
2015-08-16,labeled,10.5,19.8,15.15,0.0,9.2,70.0,63.0,1027.4,1021.4,14.0,17.4
2015-08-17,labeled,9.3,20.5,14.9,5.6,10.4,53.0,29.0,1017.1,1013.3,13.4,20.4
2015-08-18,labeled,10.9,16.2,13.55,0.0,10.4,40.0,46.0,1020.8,1021.0,12.6,14.7
2015-08-19,labeled,9.0,17.0,13.0,0.0,6.6,58.0,54.0,1027.2,1025.0,12.5,16.4
2015-08-20,labeled,8.2,18.9,13.55,0.0,9.8,71.0,59.0,1028.3,1025.0,12.1,18.7
2015-08-21,labeled,9.4,21.0,15.2,0.0,9.4,73.0,63.0,1025.8,1021.2,13.0,19.8
2015-08-22,labeled,12.9,28.3,20.6,0.0,9.4,45.0,32.0,1021.0,1016.2,19.8,26.9
2015-08-23,labeled,15.4,18.5,16.95,2.4,0.2,85.0,73.0,1021.8,1018.4,15.6,17.9
2015-08-24,labeled,15.1,17.4,16.25,4.2,0.6,90.0,95.0,1018.4,1015.0,16.3,16.4
2015-08-25,labeled,12.5,19.9,16.2,54.4,4.4,66.0,53.0,1013.4,1012.8,16.1,18.7
2015-08-26,labeled,12.3,20.2,16.25,5.2,6.3,80.0,59.0,1018.1,1017.8,16.3,18.9
2015-08-27,labeled,11.6,20.5,16.05,0.0,4.3,87.0,44.0,1019.7,1015.1,15.1,20.1
2015-08-28,labeled,10.6,20.8,15.7,0.0,9.2,48.0,43.0,1019.8,1018.9,14.6,18.5
2015-08-29,labeled,9.0,20.3,14.65,0.0,10.8,60.0,31.0,1022.7,1017.9,13.0,20.1
2015-08-30,labeled,8.3,18.7,13.5,0.0,10.8,52.0,44.0,1020.3,1017.5,12.1,18.1
2015-08-31,labeled,9.6,19.7,14.65,0.0,10.9,48.0,39.0,1017.3,1013.8,13.9,18.4
2015-09-01,labeled,9.0,19.7,14.35,0.0,10.8,50.0,39.0,1015.8,1013.3,12.7,17.0
2015-09-02,labeled,8.0,18.8,13.4,0.0,10.4,61.0,46.0,1018.0,1012.0,11.9,18.6
2015-09-03,labeled,11.2,20.8,16.0,2.8,8.0,69.0,28.0,1006.0,1005.6,14.4,20.6
2015-09-04,labeled,12.5,19.5,16.0,20.4,5.7,92.0,54.0,1021.5,1020.5,13.7,18.3
2015-09-05,labeled,11.5,21.7,16.6,0.0,9.3,68.0,53.0,1022.3,1019.6,15.2,18.7
2015-09-06,labeled,12.7,17.5,15.1,0.4,1.0,84.0,68.0,1024.9,1021.9,14.6,16.0
2015-09-07,labeled,11.1,24.9,18.0,0.2,9.3,62.0,32.0,1018.3,1013.3,17.4,22.7
2015-09-08,labeled,10.0,20.0,15.0,0.0,11.0,42.0,32.0,1018.8,1015.7,13.3,19.7
2015-09-09,labeled,9.8,20.2,15.0,0.0,10.9,48.0,39.0,1023.1,1022.0,15.4,18.9
2015-09-10,labeled,11.3,19.6,15.45,0.0,6.5,59.0,41.0,1030.9,1029.8,15.5,18.9
2015-09-11,labeled,14.0,21.3,17.65,0.0,9.1,56.0,44.0,1032.1,1027.6,17.6,20.5
2015-09-12,labeled,10.9,25.4,18.15,0.0,10.4,61.0,51.0,1028.5,1024.7,17.2,21.3
2015-09-13,labeled,12.4,22.3,17.35,0.0,10.6,61.0,60.0,1028.5,1025.0,18.3,21.4
2015-09-14,labeled,15.3,23.6,19.450000000000003,0.0,10.7,58.0,59.0,1025.9,1020.5,20.7,21.4
2015-09-15,labeled,15.8,29.8,22.8,0.0,11.0,33.0,25.0,1015.4,1009.0,23.5,29.2
2015-09-16,labeled,12.4,21.1,16.75,0.0,10.2,42.0,60.0,1017.7,1015.0,17.2,19.3
2015-09-17,labeled,12.2,19.9,16.049999999999997,0.0,8.2,53.0,57.0,1018.4,1018.3,18.0,17.7
2015-09-18,labeled,13.6,20.0,16.8,2.2,7.7,65.0,44.0,1026.2,1025.5,15.8,18.9
2015-09-19,labeled,12.5,19.5,16.0,10.8,7.3,88.0,54.0,1026.5,1023.9,14.7,18.1
2015-09-20,labeled,12.5,18.6,15.55,0.4,3.4,62.0,72.0,1024.5,1021.7,16.6,17.4
2015-09-21,labeled,12.4,22.5,17.45,0.2,10.4,74.0,60.0,1019.9,1015.2,16.3,21.3
2015-09-22,labeled,14.6,19.5,17.05,0.2,9.2,36.0,47.0,1016.8,1017.5,18.7,17.8
2015-09-23,labeled,10.0,16.2,13.1,0.2,6.5,55.0,74.0,1025.5,1025.4,13.3,11.7
2015-09-24,labeled,8.3,16.3,12.3,3.2,6.1,63.0,62.0,1025.6,1024.6,13.0,13.6
2015-09-25,labeled,10.1,16.4,13.25,31.8,4.3,91.0,63.0,1029.3,1027.8,13.4,15.9
2015-09-26,labeled,11.1,20.1,15.6,3.4,7.7,86.0,48.0,1028.5,1025.4,14.4,18.4
2015-09-27,labeled,12.3,19.2,15.75,3.6,6.2,70.0,51.0,1023.7,1021.1,15.3,18.3
2015-09-28,labeled,10.9,20.8,15.85,0.2,11.0,56.0,49.0,1021.1,1017.8,17.3,19.1
2015-09-29,labeled,11.9,23.4,17.65,0.0,3.4,58.0,55.0,1019.5,1015.8,19.1,21.7
2015-09-30,labeled,16.7,21.4,19.05,0.0,6.4,57.0,62.0,1022.1,1021.4,21.0,18.7
2015-10-01,labeled,16.8,22.9,19.85,0.0,9.6,68.0,65.0,1026.4,1022.8,19.9,21.7
2015-10-02,labeled,16.5,23.0,19.75,0.0,10.5,57.0,57.0,1033.4,1031.8,21.3,21.1
2015-10-03,labeled,14.2,27.5,20.85,0.0,11.1,62.0,47.0,1030.6,1024.7,21.5,27.3
2015-10-04,labeled,19.8,33.8,26.8,0.0,8.2,28.0,13.0,1023.4,1021.8,26.4,32.6
2015-10-05,labeled,16.1,37.0,26.55,0.0,11.4,42.0,16.0,1024.0,1021.1,21.1,35.6
2015-10-06,labeled,20.3,32.3,26.3,0.0,11.4,37.0,26.0,1023.2,1019.7,23.8,30.6
2015-10-07,labeled,19.7,21.5,20.6,0.0,1.3,61.0,56.0,1029.6,1033.6,20.3,19.0
2015-10-08,labeled,17.0,21.1,19.05,0.0,2.2,53.0,57.0,1038.8,1036.0,18.5,19.9
2015-10-09,labeled,16.8,22.7,19.75,0.0,8.7,51.0,51.0,1034.4,1029.7,20.1,22.0
2015-10-10,labeled,15.7,24.3,20.0,0.0,9.5,62.0,60.0,1028.9,1025.8,21.2,22.3
2015-10-11,labeled,15.0,24.3,19.65,0.0,6.4,77.0,65.0,1022.7,1018.6,18.7,21.4
2015-10-12,labeled,16.5,29.5,23.0,3.6,9.6,50.0,55.0,1016.7,1012.4,22.7,23.4
2015-10-13,labeled,17.5,20.4,18.95,1.6,0.8,82.0,77.0,1022.3,1022.3,18.3,19.8
2015-10-14,labeled,16.9,23.3,20.1,3.4,8.3,75.0,60.0,1026.8,1025.2,20.1,22.7
2015-10-15,labeled,16.3,24.0,20.15,0.0,12.0,65.0,63.0,1026.2,1022.0,21.6,23.1
2015-10-16,labeled,17.3,27.5,22.4,0.0,11.9,60.0,52.0,1021.7,1018.7,23.3,27.3
2015-10-17,labeled,19.1,26.0,22.55,0.0,9.7,66.0,64.0,1023.1,1021.4,21.5,23.0
2015-10-18,labeled,18.8,23.2,21.0,1.4,3.8,69.0,56.0,1029.2,1027.9,19.5,22.1
2015-10-19,labeled,19.4,24.6,22.0,0.2,8.2,81.0,54.0,1026.6,1022.4,21.8,24.4
2015-10-20,labeled,18.7,26.8,22.75,0.4,7.7,60.0,55.0,1020.6,1016.3,23.7,26.0
2015-10-21,labeled,19.7,27.9,23.8,1.0,3.4,58.0,43.0,1013.8,1011.5,24.5,26.3
2015-10-22,labeled,18.6,20.5,19.55,8.4,0.7,89.0,74.0,1011.4,1010.3,19.6,20.1
2015-10-23,labeled,14.5,21.4,17.95,14.8,3.4,70.0,55.0,1022.1,1021.6,16.6,19.4
2015-10-24,labeled,12.9,22.3,17.6,0.2,12.0,62.0,54.0,1024.4,1020.9,17.8,20.7
2015-10-25,labeled,15.2,24.9,20.05,0.0,10.2,62.0,59.0,1022.1,1017.8,21.1,22.3
2015-10-26,labeled,17.5,29.4,23.45,0.0,5.2,54.0,53.0,1014.4,1015.1,24.6,22.2
2015-10-27,labeled,15.5,19.6,17.55,7.6,2.0,65.0,47.0,1025.8,1025.8,16.5,19.3
2015-10-28,labeled,13.4,21.2,17.3,0.4,8.2,70.0,45.0,1025.3,1022.5,16.4,20.6
2015-10-29,labeled,15.7,23.0,19.35,0.0,11.4,55.0,40.0,1023.6,1022.1,18.2,21.9
2015-10-30,labeled,14.1,23.1,18.6,0.0,9.3,59.0,48.0,1023.8,1020.8,19.0,21.8
2015-10-31,labeled,17.1,24.2,20.65,0.0,5.7,59.0,61.0,1021.8,1018.6,22.2,22.5
2015-11-01,labeled,17.5,26.8,22.15,0.0,9.0,67.0,59.0,1015.2,1010.6,21.9,25.4
2015-11-02,labeled,18.2,30.7,24.45,26.0,9.1,75.0,53.0,1011.2,1009.0,21.6,26.4
2015-11-03,labeled,18.6,20.0,19.3,1.4,0.0,91.0,89.0,1017.0,1016.5,19.0,19.2
2015-11-04,labeled,17.1,19.6,18.35,3.8,0.0,91.0,83.0,1017.6,1016.3,19.5,19.4
2015-11-05,labeled,16.0,23.4,19.7,13.0,0.7,94.0,80.0,1014.8,1010.5,18.2,20.5
2015-11-06,labeled,18.2,28.3,23.25,11.6,5.2,77.0,87.0,1007.7,1006.3,23.3,20.5
2015-11-07,labeled,18.4,24.6,21.5,10.0,5.3,69.0,69.0,1012.3,1012.3,22.5,21.8
2015-11-08,labeled,16.2,21.7,18.95,0.4,4.6,67.0,65.0,1020.7,1020.0,18.0,20.4
2015-11-09,labeled,13.7,23.3,18.5,0.0,12.3,59.0,48.0,1021.3,1017.5,19.5,21.8
2015-11-10,labeled,15.2,25.6,20.4,0.0,11.3,61.0,45.0,1016.0,1013.5,20.6,24.8
2015-11-11,labeled,18.9,23.9,21.4,0.0,0.0,82.0,66.0,1020.3,1020.3,20.0,22.1
2015-11-12,labeled,18.3,25.5,21.9,2.4,4.2,53.0,69.0,1020.4,1018.0,23.5,22.2
2015-11-13,labeled,18.0,28.8,23.4,0.4,7.4,63.0,60.0,1013.1,1009.8,22.7,23.3
2015-11-14,labeled,17.7,20.1,18.9,18.2,0.0,81.0,70.0,1014.4,1013.4,18.7,18.9
2015-11-15,labeled,14.9,20.9,17.9,29.6,0.8,64.0,70.0,1017.7,1017.4,18.2,18.5
2015-11-16,labeled,14.3,22.6,18.450000000000003,5.0,13.0,56.0,43.0,1020.0,1018.0,19.1,21.7
2015-11-17,labeled,14.4,25.1,19.75,0.0,12.6,55.0,46.0,1019.1,1016.0,20.2,23.7
2015-11-18,labeled,17.4,36.5,26.95,0.0,13.0,45.0,17.0,1013.6,1009.7,25.1,35.6
2015-11-19,labeled,18.8,31.2,25.0,0.0,12.5,62.0,54.0,1015.0,1011.7,23.1,28.6
2015-11-20,labeled,21.4,40.9,31.15,0.0,12.4,63.0,13.0,1012.5,1006.3,25.2,40.7
2015-11-21,labeled,20.3,22.1,21.200000000000003,0.0,0.3,65.0,56.0,1015.6,1017.3,20.8,20.7
2015-11-22,labeled,19.0,22.4,20.7,0.0,2.7,59.0,58.0,1019.7,1016.7,19.8,20.8
2015-11-23,labeled,17.1,26.5,21.8,0.0,11.5,60.0,52.0,1011.9,1010.8,22.4,25.4
2015-11-24,labeled,18.7,25.2,21.95,0.0,11.4,57.0,55.0,1017.4,1014.1,23.6,23.0
2015-11-25,labeled,17.3,32.7,25.0,0.0,11.4,62.0,44.0,1013.1,1007.4,22.4,28.7
2015-11-26,labeled,22.4,37.8,30.1,0.0,9.6,31.0,14.0,999.8,1000.0,32.4,36.0
2015-11-27,labeled,16.5,22.6,19.55,0.6,7.1,54.0,60.0,1016.1,1013.8,21.1,21.6
2015-11-28,labeled,19.1,23.8,21.450000000000003,0.0,0.3,69.0,55.0,1016.7,1016.0,21.5,22.5
2015-11-29,labeled,19.9,26.0,22.95,0.0,7.1,80.0,65.0,1013.7,1009.7,21.1,25.1
2015-11-30,labeled,18.2,26.3,22.25,0.2,11.1,65.0,65.0,1012.4,1008.7,21.1,23.8
2015-12-01,labeled,19.0,33.3,26.15,0.0,10.4,58.0,34.0,1010.3,1006.7,26.3,32.0
2015-12-02,labeled,19.2,22.8,21.0,0.0,5.3,66.0,59.0,1015.1,1017.0,21.0,19.4
2015-12-03,labeled,17.1,21.7,19.4,0.0,8.1,52.0,49.0,1027.1,1026.0,19.4,20.3
2015-12-04,labeled,14.6,23.6,19.1,0.0,9.3,53.0,44.0,1026.3,1024.1,20.3,22.8
2015-12-05,labeled,15.5,24.9,20.2,0.0,9.3,56.0,52.0,1022.6,1018.9,21.0,24.1
2015-12-06,labeled,16.6,25.8,21.200000000000003,0.0,12.7,58.0,46.0,1020.5,1017.8,23.0,24.9
2015-12-07,labeled,18.8,25.5,22.15,0.0,7.9,61.0,57.0,1021.4,1019.9,23.2,24.1
2015-12-08,labeled,20.9,25.0,22.95,0.0,0.3,68.0,64.0,1018.6,1015.8,22.7,24.4
2015-12-09,labeled,21.3,33.3,27.3,0.8,8.6,70.0,58.0,1014.2,1012.1,24.6,27.5
2015-12-10,labeled,20.2,25.5,22.85,15.2,6.4,80.0,63.0,1015.9,1011.7,21.3,25.0
2015-12-11,labeled,21.2,35.3,28.25,0.2,8.8,66.0,13.0,1005.8,1001.1,24.4,34.7
2015-12-12,labeled,18.4,22.6,20.5,0.0,5.8,57.0,50.0,1014.7,1015.1,20.8,21.4
2015-12-13,labeled,18.2,24.4,21.3,0.0,6.5,58.0,56.0,1019.3,1016.1,21.4,23.2
2015-12-14,labeled,18.3,29.6,23.950000000000003,0.0,13.1,63.0,59.0,1015.4,1013.4,23.4,25.5
2015-12-15,labeled,20.6,26.9,23.75,0.0,5.7,72.0,65.0,1015.3,1012.5,23.1,25.0
2015-12-16,labeled,21.1,23.4,22.25,0.6,1.8,87.0,82.0,1014.8,1016.7,22.9,18.2
2015-12-17,labeled,16.6,26.1,21.35,9.8,12.0,70.0,60.0,1018.5,1016.9,21.6,24.6
2015-12-18,labeled,19.0,27.5,23.25,0.0,12.3,58.0,53.0,1016.8,1014.0,24.5,27.1
2015-12-19,labeled,20.3,29.0,24.65,0.0,13.2,59.0,53.0,1014.6,1012.8,26.3,27.5
2015-12-20,labeled,19.9,30.3,25.1,0.0,13.2,61.0,52.0,1013.4,1008.7,24.6,28.5
2015-12-21,labeled,23.6,29.1,26.35,0.0,3.6,56.0,79.0,1014.8,1017.2,27.1,21.5
2015-12-22,labeled,17.7,21.8,19.75,29.8,0.0,89.0,90.0,1023.2,1021.5,17.8,17.7
2015-12-23,labeled,17.3,23.0,20.15,34.0,4.5,65.0,59.0,1019.4,1017.7,21.8,22.0
2015-12-24,labeled,16.9,24.6,20.75,1.0,9.5,60.0,52.0,1019.9,1018.7,21.6,23.9
2015-12-25,labeled,17.5,25.2,21.35,0.0,9.6,55.0,48.0,1018.7,1015.4,21.8,24.5
2015-12-26,labeled,18.8,26.1,22.450000000000003,0.6,6.1,74.0,77.0,1009.7,1006.0,22.7,23.4
2015-12-27,labeled,17.1,23.0,20.05,1.8,5.7,74.0,47.0,1016.7,1018.4,17.1,22.3
2015-12-28,labeled,15.3,22.6,18.950000000000003,2.6,4.8,78.0,50.0,1023.7,1023.0,16.7,21.6
2015-12-29,labeled,15.4,24.9,20.15,0.2,12.5,51.0,38.0,1022.4,1020.7,21.2,24.1
2015-12-30,labeled,15.0,25.6,20.3,0.0,13.1,60.0,50.0,1019.9,1018.7,20.2,23.7
2015-12-31,labeled,17.4,26.7,22.05,0.0,12.7,62.0,52.0,1019.4,1016.8,21.3,24.2
2016-01-01,labeled,17.9,25.6,21.75,0.0,12.3,57.0,52.0,1016.4,1013.7,22.9,24.2
2016-01-02,labeled,18.0,25.4,21.7,0.0,3.3,60.0,51.0,1013.4,1012.3,22.3,23.5
2016-01-03,labeled,20.2,24.6,22.4,0.0,0.0,63.0,84.0,1015.2,1014.7,22.2,19.9
2016-01-04,labeled,18.6,23.6,21.1,15.0,0.7,86.0,89.0,1016.8,1016.3,18.8,19.1
2016-01-05,labeled,17.8,20.3,19.05,34.2,0.0,87.0,87.0,1016.5,1014.6,19.1,19.5
2016-01-06,labeled,17.4,18.6,18.0,51.4,0.0,92.0,91.0,1012.3,1011.6,18.2,17.9
2016-01-07,labeled,16.5,24.4,20.45,41.4,7.6,91.0,66.0,1014.0,1015.8,18.1,21.0
2016-01-08,labeled,15.5,25.4,20.45,0.4,12.1,58.0,53.0,1020.1,1019.0,20.6,24.1
2016-01-09,labeled,18.5,25.5,22.0,0.0,8.6,71.0,52.0,1021.9,1018.8,21.2,24.5
2016-01-10,labeled,18.5,27.1,22.8,0.0,12.2,67.0,53.0,1020.4,1017.5,22.9,26.2
2016-01-11,labeled,20.5,31.6,26.05,0.0,12.1,69.0,52.0,1013.3,1009.1,24.5,31.1
2016-01-12,labeled,23.5,34.0,28.75,0.0,4.4,56.0,70.0,1010.4,1012.1,26.5,25.9
2016-01-13,labeled,21.3,31.0,26.15,0.0,11.0,69.0,59.0,1019.7,1016.2,23.2,26.7
2016-01-14,labeled,22.7,39.2,30.950000000000003,0.0,11.0,50.0,43.0,1011.7,1008.1,30.8,32.4
2016-01-15,labeled,14.3,21.7,18.0,34.0,2.7,92.0,71.0,1024.4,1024.0,14.5,19.4
2016-01-16,labeled,14.3,23.8,19.05,5.4,7.2,66.0,45.0,1026.9,1026.1,19.7,22.8
2016-01-17,labeled,16.0,26.1,21.05,0.0,11.8,71.0,49.0,1025.1,1022.6,20.4,25.1
2016-01-18,labeled,16.7,27.0,21.85,0.0,13.5,64.0,55.0,1020.6,1017.7,22.1,25.1
2016-01-19,labeled,19.2,30.2,24.7,0.0,13.0,60.0,54.0,1017.4,1013.3,24.2,29.2
2016-01-20,labeled,21.9,37.5,29.7,0.0,10.0,39.0,39.0,1012.6,1009.8,27.9,32.1
2016-01-21,labeled,23.6,33.5,28.55,0.0,6.9,66.0,48.0,1010.5,1007.4,26.2,32.3
2016-01-22,labeled,22.8,29.2,26.0,30.6,1.4,85.0,76.0,1011.0,1006.4,24.9,25.7
2016-01-23,labeled,22.3,26.0,24.15,13.0,9.5,60.0,59.0,1006.7,1008.6,25.6,25.5
2016-01-24,labeled,20.8,25.0,22.9,0.0,0.6,73.0,62.0,1013.4,1012.1,21.9,24.1
2016-01-25,labeled,21.6,25.2,23.4,0.0,0.0,73.0,64.0,1014.5,1013.3,23.2,24.7
2016-01-26,labeled,21.6,27.8,24.700000000000003,0.0,8.7,73.0,54.0,1017.7,1017.3,22.9,26.4
2016-01-27,labeled,20.8,24.9,22.85,2.2,0.5,66.0,63.0,1016.2,1014.0,24.0,24.3
2016-01-28,labeled,21.4,27.6,24.5,0.4,6.7,74.0,64.0,1008.2,1004.7,23.5,27.2
2016-01-29,labeled,22.4,28.1,25.25,0.0,8.2,72.0,86.0,1003.3,1001.9,26.3,23.2
2016-01-30,labeled,19.5,28.7,24.1,9.0,3.0,84.0,62.0,1004.9,1002.7,22.4,28.1
2016-01-31,labeled,19.7,31.1,25.4,12.8,10.0,83.0,26.0,1004.4,1003.3,22.6,31.0
2016-02-01,labeled,21.8,26.5,24.15,0.2,7.4,42.0,52.0,1004.2,1001.1,26.0,25.5
2016-02-02,labeled,17.0,27.9,22.45,2.0,12.9,62.0,45.0,1006.3,1004.0,20.9,26.6
2016-02-03,labeled,19.3,28.3,23.8,0.0,10.7,67.0,59.0,1003.6,1002.2,23.4,27.7
2016-02-04,labeled,19.1,24.8,21.950000000000003,10.8,0.8,87.0,55.0,1012.0,1012.8,19.7,23.5
2016-02-05,labeled,19.6,26.1,22.85,3.6,6.8,59.0,56.0,1017.4,1017.6,22.0,23.9
2016-02-06,labeled,19.9,27.0,23.45,1.8,8.1,75.0,49.0,1018.0,1016.9,22.8,26.4
2016-02-07,labeled,19.1,27.4,23.25,0.0,10.1,76.0,54.0,1018.0,1016.6,22.5,25.7
2016-02-08,labeled,19.0,28.0,23.5,0.0,12.6,68.0,54.0,1019.1,1017.9,23.0,27.0
2016-02-09,labeled,21.0,27.7,24.35,0.0,10.3,70.0,47.0,1020.7,1019.6,25.0,27.3
2016-02-10,labeled,19.6,28.5,24.05,0.2,12.7,68.0,46.0,1016.7,1012.9,23.2,27.6
2016-02-11,labeled,20.7,28.4,24.55,0.0,9.6,65.0,58.0,1015.8,1014.2,24.6,26.7
2016-02-12,labeled,21.5,28.8,25.15,0.0,12.0,63.0,58.0,1017.0,1015.1,25.4,27.5
2016-02-13,labeled,20.7,28.9,24.8,0.0,12.1,60.0,54.0,1014.6,1011.5,25.3,27.7
2016-02-14,labeled,21.1,32.5,26.8,0.0,10.4,58.0,53.0,1008.4,1005.3,26.2,31.5
2016-02-15,labeled,22.3,29.3,25.8,0.0,6.9,75.0,62.0,1011.8,1007.7,24.1,27.4
2016-02-16,labeled,21.5,27.9,24.7,0.0,10.8,36.0,51.0,1009.1,1008.8,25.3,25.6
2016-02-17,labeled,19.5,26.0,22.75,0.0,10.4,57.0,34.0,1011.4,1008.4,20.5,25.5
2016-02-18,labeled,18.3,26.4,22.35,0.0,11.7,59.0,47.0,1009.8,1008.7,22.9,26.1
2016-02-19,labeled,20.5,29.4,24.95,0.0,11.1,70.0,60.0,1012.4,1009.8,23.7,28.6
2016-02-20,labeled,23.1,29.3,26.200000000000003,0.0,5.9,75.0,52.0,1017.7,1018.2,24.6,28.8
2016-02-21,labeled,21.4,27.0,24.2,6.0,4.8,89.0,67.0,1025.4,1024.6,21.9,26.6
2016-02-22,labeled,20.8,28.8,24.8,1.2,11.6,71.0,59.0,1025.4,1022.0,24.3,28.0
2016-02-23,labeled,21.8,29.7,25.75,0.0,12.4,62.0,51.0,1021.3,1017.7,25.4,28.2
2016-02-24,labeled,20.9,29.5,25.2,0.0,12.3,60.0,58.0,1016.1,1012.9,26.1,28.4
2016-02-25,labeled,21.9,32.8,27.35,0.0,12.2,62.0,45.0,1012.4,1009.3,26.1,32.2
2016-02-26,labeled,23.2,27.8,25.5,0.0,5.2,67.0,60.0,1014.9,1015.5,25.4,26.7
2016-02-27,labeled,22.5,27.5,25.0,0.0,10.0,60.0,55.0,1019.3,1019.0,26.0,25.2
2016-02-28,labeled,20.7,28.1,24.4,0.0,10.1,62.0,53.0,1018.8,1017.2,23.7,26.3
2016-02-29,labeled,20.5,27.7,24.1,0.0,5.7,73.0,60.0,1021.2,1020.4,23.0,27.5
2016-03-01,labeled,21.3,28.2,24.75,0.0,7.7,72.0,47.0,1022.0,1019.9,23.6,27.6
2016-03-02,labeled,20.3,28.8,24.55,0.0,10.7,59.0,52.0,1021.1,1018.9,25.1,28.1
2016-03-03,labeled,22.2,28.7,25.45,0.0,10.2,71.0,58.0,1021.3,1019.4,25.2,28.4
2016-03-04,labeled,22.8,28.3,25.55,0.0,10.1,70.0,53.0,1022.0,1020.1,24.9,26.9
2016-03-05,labeled,20.6,27.6,24.1,0.0,10.6,64.0,55.0,1021.7,1019.4,24.6,27.2
2016-03-06,labeled,20.8,27.9,24.35,0.0,10.5,64.0,59.0,1022.9,1021.2,24.9,26.3
2016-03-07,labeled,21.0,28.3,24.65,0.0,11.8,71.0,57.0,1021.6,1018.8,24.5,26.8
2016-03-08,labeled,22.4,28.1,25.25,0.0,10.8,61.0,57.0,1023.4,1022.6,26.2,27.0
2016-03-09,labeled,22.9,29.3,26.1,0.0,10.1,71.0,55.0,1021.6,1017.9,24.8,29.1
2016-03-10,labeled,22.0,30.6,26.3,0.0,6.5,84.0,59.0,1019.7,1018.9,24.0,28.5
2016-03-11,labeled,22.8,27.8,25.3,0.0,2.3,79.0,66.0,1020.1,1017.9,23.8,26.8
2016-03-12,labeled,21.8,28.7,25.25,0.0,10.7,73.0,60.0,1019.6,1018.0,24.6,27.6
2016-03-13,labeled,22.6,27.7,25.15,0.0,7.7,63.0,63.0,1020.5,1017.9,25.8,26.2
2016-03-14,labeled,21.8,30.7,26.25,0.0,4.9,84.0,54.0,1016.3,1014.3,22.9,29.9
2016-03-15,labeled,19.9,25.6,22.75,16.8,4.5,89.0,66.0,1019.5,1018.6,20.2,24.3
2016-03-16,labeled,19.7,26.2,22.95,23.0,7.6,88.0,58.0,1019.7,1018.0,20.7,25.4
2016-03-17,labeled,19.0,26.1,22.55,13.6,7.5,92.0,59.0,1017.0,1012.9,19.6,25.5
2016-03-18,labeled,19.6,28.2,23.9,3.4,4.4,71.0,67.0,1003.6,997.6,23.4,26.4
2016-03-19,labeled,16.2,24.4,20.3,4.8,11.0,43.0,36.0,1010.9,1011.2,18.4,23.8
2016-03-20,labeled,17.4,22.0,19.7,0.2,3.4,63.0,81.0,1017.5,1016.8,18.6,18.1
2016-03-21,labeled,15.4,21.2,18.3,61.2,2.7,91.0,65.0,1018.8,1016.5,15.6,20.7
2016-03-22,labeled,14.3,23.8,19.05,25.4,6.9,74.0,63.0,1017.5,1015.5,17.1,21.5
2016-03-23,labeled,14.9,25.3,20.1,1.6,9.5,66.0,51.0,1018.2,1016.9,18.3,23.9
2016-03-24,labeled,16.5,27.4,21.95,0.0,9.3,73.0,51.0,1020.7,1019.0,19.4,25.8
2016-03-25,labeled,19.3,25.2,22.25,0.0,0.3,78.0,62.0,1018.9,1016.3,20.4,22.9
2016-03-26,labeled,17.1,26.0,21.55,0.0,10.2,71.0,59.0,1018.6,1016.0,20.0,24.5
2016-03-27,labeled,19.3,24.2,21.75,0.2,5.7,83.0,63.0,1018.2,1017.0,22.2,23.0
2016-03-28,labeled,19.4,26.0,22.7,34.8,4.1,88.0,64.0,1018.7,1015.7,20.6,26.0
2016-03-29,labeled,20.6,23.3,21.950000000000003,0.0,0.0,84.0,84.0,1017.5,1016.0,21.2,21.1
2016-03-30,labeled,19.0,28.7,23.85,7.0,7.5,81.0,31.0,1015.0,1012.0,20.5,26.8
2016-03-31,labeled,16.5,25.6,21.05,1.2,10.6,51.0,42.0,1017.1,1016.2,19.9,24.7
2016-04-01,labeled,16.6,25.6,21.1,0.0,10.2,69.0,58.0,1019.1,1015.1,20.2,24.9
2016-04-02,labeled,18.3,31.2,24.75,0.0,10.3,63.0,19.0,1016.4,1014.6,19.9,29.7
2016-04-03,labeled,19.5,25.2,22.35,0.0,6.7,74.0,64.0,1024.6,1022.1,21.2,23.3
2016-04-04,labeled,18.7,23.5,21.1,94.4,0.8,91.0,71.0,1023.2,1019.6,19.5,23.3
2016-04-05,labeled,18.6,26.2,22.4,6.4,10.4,64.0,58.0,1020.1,1015.2,23.5,25.6
2016-04-06,labeled,19.9,34.2,27.05,0.0,10.6,54.0,46.0,1015.9,1011.6,25.0,29.3
2016-04-07,labeled,19.9,20.5,20.2,0.2,0.0,59.0,54.0,1023.2,1022.3,20.1,19.9
2016-04-08,labeled,17.7,20.6,19.15,0.0,0.0,71.0,70.0,1023.5,1021.2,18.8,20.5
2016-04-09,labeled,16.0,25.0,20.5,0.4,9.5,65.0,57.0,1022.0,1018.8,19.3,24.0
2016-04-10,labeled,16.1,27.3,21.700000000000003,0.0,9.6,70.0,51.0,1019.8,1015.5,19.3,23.7
2016-04-11,labeled,16.1,26.5,21.3,0.0,9.4,51.0,46.0,1017.5,1016.4,19.6,24.1
2016-04-12,labeled,17.4,22.9,20.15,8.2,5.7,85.0,68.0,1023.1,1021.8,18.3,20.5
2016-04-13,labeled,15.5,24.2,19.85,0.6,8.3,72.0,57.0,1027.4,1026.3,19.7,22.5
2016-04-14,labeled,15.7,22.9,19.3,0.6,2.4,88.0,62.0,1030.2,1027.5,18.6,22.3
2016-04-15,labeled,16.5,24.6,20.55,1.0,9.9,66.0,51.0,1026.4,1021.8,21.3,24.2
2016-04-16,labeled,16.6,25.5,21.05,0.0,9.3,69.0,49.0,1021.2,1017.8,19.8,24.7
2016-04-17,labeled,19.1,23.2,21.15,0.0,3.2,73.0,77.0,1022.1,1020.4,20.1,20.5
2016-04-18,labeled,15.1,24.2,19.65,2.0,7.6,75.0,68.0,1021.8,1019.2,18.9,21.2
2016-04-19,labeled,16.9,23.9,20.4,15.0,6.9,83.0,68.0,1021.7,1020.1,19.5,22.2
2016-04-20,labeled,16.7,25.5,21.1,15.8,10.3,82.0,66.0,1024.6,1022.0,19.3,23.2
2016-04-21,labeled,17.3,24.5,20.9,0.0,10.5,79.0,69.0,1023.1,1019.1,20.2,24.1
2016-04-22,labeled,17.1,25.9,21.5,0.0,7.1,70.0,69.0,1020.1,1019.1,20.2,21.8
2016-04-23,labeled,16.2,20.2,18.2,6.6,1.3,83.0,85.0,1024.2,1024.5,16.8,16.5
2016-04-24,labeled,15.3,23.1,19.200000000000003,3.8,9.9,61.0,49.0,1029.8,1029.3,20.1,21.5
2016-04-25,labeled,13.1,22.8,17.95,0.0,10.4,76.0,53.0,1032.0,1029.4,16.3,21.7
2016-04-26,labeled,14.2,23.7,18.95,0.0,9.6,75.0,56.0,1030.9,1027.6,17.2,22.2
2016-04-27,labeled,15.3,23.7,19.5,0.0,10.7,78.0,54.0,1028.1,1023.7,17.8,23.0
2016-04-28,labeled,15.7,25.1,20.4,0.0,7.7,84.0,61.0,1024.9,1021.5,18.4,23.7
2016-04-29,labeled,16.0,24.2,20.1,0.0,4.6,75.0,65.0,1022.8,1018.5,18.8,23.3
2016-04-30,labeled,18.8,26.5,22.65,0.0,4.5,74.0,54.0,1018.7,1015.6,20.5,26.0
2016-05-01,labeled,18.1,26.1,22.1,2.8,4.7,86.0,55.0,1013.6,1009.6,19.4,25.4
2016-05-02,labeled,13.9,21.3,17.6,0.0,6.1,56.0,60.0,1017.3,1012.2,16.3,21.2
2016-05-03,labeled,12.8,26.4,19.6,0.0,10.4,61.0,27.0,1012.6,1006.4,16.0,25.8
2016-05-04,labeled,16.0,26.2,21.1,0.0,10.2,49.0,41.0,1015.2,1014.2,19.1,23.1
2016-05-05,labeled,13.5,22.4,17.95,0.0,10.1,55.0,54.0,1020.7,1016.9,16.2,21.3
2016-05-06,labeled,14.0,26.7,20.35,0.0,9.9,69.0,42.0,1019.6,1017.2,16.4,23.2
2016-05-07,labeled,12.4,22.9,17.65,0.0,8.7,75.0,60.0,1021.3,1018.4,15.4,21.6
2016-05-08,labeled,15.3,20.8,18.05,0.0,0.0,86.0,74.0,1018.5,1013.8,18.2,20.5
2016-05-09,labeled,18.0,22.2,20.1,1.6,0.0,76.0,72.0,1008.8,1003.7,20.1,21.8
2016-05-10,labeled,17.3,24.6,20.950000000000003,0.0,9.7,51.0,35.0,1006.5,1004.3,19.8,23.8
2016-05-11,labeled,12.6,23.1,17.85,0.0,7.5,51.0,21.0,1015.5,1012.2,15.3,21.3
2016-05-12,labeled,13.7,24.5,19.1,0.0,9.1,52.0,35.0,1014.7,1013.9,17.5,23.3
2016-05-13,labeled,13.9,25.9,19.9,0.0,10.0,60.0,32.0,1021.8,1019.6,17.3,25.6
2016-05-14,labeled,12.4,26.6,19.5,0.0,10.2,62.0,50.0,1023.7,1019.9,14.7,22.3
2016-05-15,labeled,13.2,24.4,18.8,0.0,5.2,42.0,41.0,1017.4,1013.7,17.8,22.4
2016-05-16,labeled,13.6,22.9,18.25,0.0,9.1,66.0,59.0,1021.4,1017.7,16.4,22.4
2016-05-17,labeled,16.3,28.2,22.25,0.0,8.9,55.0,26.0,1017.0,1014.3,18.3,27.7
2016-05-18,labeled,12.7,21.9,17.299999999999997,0.0,3.0,49.0,34.0,1018.8,1015.2,14.6,21.4
2016-05-19,labeled,11.9,23.2,17.55,0.0,9.9,54.0,29.0,1017.9,1013.4,14.5,23.0
2016-05-20,labeled,12.8,24.9,18.85,0.0,9.2,53.0,51.0,1020.3,1019.3,17.3,22.2
2016-05-21,labeled,13.6,21.5,17.55,0.0,4.4,72.0,56.0,1027.3,1024.0,15.5,20.8
2016-05-22,labeled,14.5,22.0,18.25,0.0,9.1,82.0,66.0,1024.4,1020.2,16.0,21.8
2016-05-23,labeled,15.2,26.8,21.0,0.0,9.2,53.0,32.0,1013.9,1012.4,21.5,23.8
2016-05-24,labeled,12.1,22.3,17.2,0.0,9.9,50.0,21.0,1018.1,1013.6,14.1,20.8
2016-05-25,labeled,10.4,21.2,15.8,0.0,8.7,54.0,29.0,1017.8,1013.5,12.9,20.8
2016-05-26,labeled,12.9,20.2,16.55,0.2,4.8,52.0,48.0,1006.9,1000.4,15.0,19.9
2016-05-27,labeled,12.8,18.6,15.7,0.2,9.9,42.0,27.0,1003.5,1001.7,14.0,17.9
2016-05-28,labeled,9.8,14.8,12.3,0.0,2.1,63.0,70.0,1007.2,1006.0,12.9,14.3
2016-05-29,labeled,9.2,19.3,14.25,2.2,9.8,59.0,29.0,1017.2,1016.5,11.0,18.7
2016-05-30,labeled,7.3,19.9,13.6,0.2,9.5,62.0,30.0,1025.5,1024.1,9.5,19.1
2016-05-31,labeled,8.7,17.5,13.1,0.0,1.7,76.0,87.0,1029.6,1027.2,11.0,15.8
2016-06-01,labeled,10.9,17.9,14.4,29.4,1.4,89.0,74.0,1029.1,1026.6,13.1,16.0
2016-06-02,labeled,11.1,19.1,15.1,1.0,8.7,85.0,60.0,1027.0,1024.3,12.3,18.6
2016-06-03,labeled,11.7,18.3,15.0,0.2,1.3,78.0,73.0,1025.4,1021.6,13.3,18.3
2016-06-04,labeled,13.3,21.1,17.200000000000003,64.4,0.0,91.0,82.0,1015.4,1009.5,17.0,18.8
2016-06-05,labeled,16.3,19.7,18.0,93.8,0.0,89.0,85.0,1002.5,995.9,18.8,19.7
2016-06-06,labeled,13.7,18.4,16.049999999999997,68.4,2.2,59.0,43.0,999.8,998.4,14.9,17.9
2016-06-07,labeled,11.3,19.9,15.6,0.0,3.6,59.0,40.0,1004.1,1002.7,13.8,17.9
2016-06-08,labeled,10.9,20.7,15.8,0.0,9.3,65.0,40.0,1011.4,1009.2,13.8,20.2
2016-06-09,labeled,13.8,22.0,17.9,0.2,6.0,62.0,32.0,1006.8,1005.9,17.4,21.6
2016-06-10,labeled,13.1,21.4,17.25,0.2,9.1,64.0,41.0,1017.4,1016.8,15.3,20.8
2016-06-11,labeled,10.1,19.8,14.95,0.0,8.7,53.0,34.0,1022.5,1020.7,13.4,19.3
2016-06-12,labeled,7.9,18.1,13.0,0.0,8.3,62.0,34.0,1036.2,1034.9,9.4,17.6
2016-06-13,labeled,8.5,20.3,14.4,0.0,6.5,65.0,51.0,1039.0,1035.5,10.3,17.7
2016-06-14,labeled,9.9,21.2,15.55,0.0,9.6,80.0,42.0,1035.8,1031.6,11.6,20.9
2016-06-15,labeled,9.1,20.5,14.8,0.0,8.2,72.0,45.0,1033.4,1029.8,10.6,19.2
2016-06-16,labeled,10.2,22.2,16.2,0.0,9.6,81.0,42.0,1025.5,1019.3,12.9,21.2
2016-06-17,labeled,12.7,19.3,16.0,0.0,1.4,53.0,60.0,1017.7,1014.6,17.4,18.7
2016-06-18,labeled,14.7,21.1,17.9,5.0,3.4,90.0,64.0,1017.4,1015.4,15.4,20.7
2016-06-19,labeled,14.5,19.5,17.0,0.4,0.0,81.0,89.0,1017.2,1010.4,15.2,16.7
2016-06-20,labeled,15.0,20.4,17.7,38.8,3.5,76.0,52.0,999.5,994.2,16.2,17.9
2016-06-21,labeled,14.9,18.4,16.65,0.0,5.5,56.0,38.0,1003.3,1002.0,15.8,17.8
2016-06-22,labeled,12.8,19.7,16.25,0.0,9.0,60.0,34.0,1004.8,1005.0,15.0,19.3
2016-06-23,labeled,9.4,18.5,13.95,0.0,8.2,58.0,43.0,1012.6,1007.4,12.8,17.4
2016-06-24,labeled,12.7,16.3,14.5,0.0,6.5,52.0,33.0,1003.8,1003.2,15.8,14.4
2016-06-25,labeled,7.3,15.1,11.2,0.6,9.6,49.0,31.0,1018.1,1018.1,8.4,14.3
2016-06-26,labeled,5.6,15.3,10.45,0.0,5.2,61.0,45.0,1021.1,1017.0,7.4,13.7
2016-06-27,labeled,7.4,11.7,9.55,0.0,0.0,74.0,74.0,1015.3,1013.6,9.3,11.0
2016-06-28,labeled,7.7,17.3,12.5,2.4,8.9,57.0,36.0,1022.9,1023.1,9.6,16.9
2016-06-29,labeled,6.7,18.8,12.75,0.2,9.6,66.0,33.0,1028.4,1025.4,8.8,18.6
2016-06-30,labeled,5.4,16.5,10.95,0.0,9.6,78.0,33.0,1021.2,1015.1,7.7,14.5
2016-07-01,labeled,7.7,16.7,12.2,0.0,9.6,58.0,33.0,1015.7,1016.2,11.0,16.4
2016-07-02,labeled,8.2,18.2,13.2,0.0,9.5,62.0,36.0,1025.5,1023.2,10.1,17.8
2016-07-03,labeled,6.5,18.1,12.3,0.0,9.5,72.0,42.0,1026.6,1022.6,9.2,16.5
2016-07-04,labeled,6.4,15.6,11.0,0.0,7.5,77.0,58.0,1020.8,1016.2,7.6,14.4
2016-07-05,labeled,7.5,18.8,13.15,4.8,5.8,90.0,55.0,1011.9,1006.1,9.6,17.7
2016-07-06,labeled,9.5,17.7,13.6,0.2,4.8,54.0,47.0,1004.0,1003.0,12.9,15.9
2016-07-07,labeled,12.9,17.2,15.05,29.4,1.6,85.0,86.0,1015.4,1016.5,14.9,14.6
2016-07-08,labeled,12.4,15.6,14.0,22.4,0.0,92.0,80.0,1019.8,1018.4,12.7,15.5
2016-07-09,labeled,8.7,18.0,13.35,2.2,5.2,88.0,64.0,1023.5,1022.4,10.5,16.4
2016-07-10,labeled,10.5,17.9,14.2,1.0,7.3,90.0,69.0,1025.1,1021.3,11.9,16.7
2016-07-11,labeled,11.8,18.6,15.2,0.0,0.3,63.0,54.0,1015.2,1009.7,15.5,18.3
2016-07-12,labeled,14.8,20.2,17.5,0.2,7.8,41.0,26.0,1010.3,1007.1,16.6,18.7
2016-07-13,labeled,9.6,14.0,11.8,0.0,9.8,40.0,26.0,1017.3,1019.8,10.5,13.3
2016-07-14,labeled,6.7,17.0,11.85,0.0,9.6,54.0,27.0,1029.4,1025.9,8.6,16.4
2016-07-15,labeled,6.4,17.7,12.05,0.0,9.5,60.0,35.0,1030.3,1027.3,8.8,16.9
2016-07-16,labeled,6.9,18.9,12.9,0.0,4.7,71.0,65.0,1033.3,1030.2,9.3,17.1
2016-07-17,labeled,9.2,18.8,14.0,0.8,3.2,91.0,73.0,1031.2,1027.1,13.3,17.8
2016-07-18,labeled,11.0,24.2,17.6,0.0,8.9,92.0,45.0,1024.6,1019.8,11.5,23.9
2016-07-19,labeled,11.4,24.9,18.15,0.2,6.2,71.0,58.0,1021.7,1019.1,18.0,23.0
2016-07-20,labeled,16.5,16.9,16.7,17.0,0.0,91.0,90.0,1019.7,1018.4,16.7,16.2
2016-07-21,labeled,13.9,19.3,16.6,20.4,2.6,92.0,79.0,1019.9,1016.1,14.6,17.6
2016-07-22,labeled,13.1,25.7,19.4,0.0,7.4,66.0,44.0,1009.1,1001.0,19.3,25.1
2016-07-23,labeled,14.5,17.4,15.95,6.0,10.0,35.0,31.0,1004.3,1003.8,14.5,17.0
2016-07-24,labeled,7.8,14.3,11.05,0.0,5.4,50.0,39.0,1015.8,1012.1,8.7,13.6
2016-07-25,labeled,8.4,17.9,13.15,0.0,9.9,50.0,31.0,1012.7,1011.3,12.2,17.1
2016-07-26,labeled,10.2,17.9,14.05,0.0,9.9,52.0,47.0,1014.7,1012.8,14.0,17.7
2016-07-27,labeled,10.8,18.6,14.7,0.0,10.1,53.0,32.0,1012.2,1013.3,14.7,18.5
2016-07-28,labeled,8.8,19.4,14.1,0.0,10.1,57.0,34.0,1024.3,1020.5,11.1,19.0
2016-07-29,labeled,7.3,18.5,12.9,0.0,10.1,61.0,34.0,1023.0,1018.0,9.8,17.6
2016-07-30,labeled,8.7,19.8,14.25,0.0,10.0,63.0,50.0,1023.3,1020.2,10.4,17.9
2016-07-31,labeled,10.4,20.9,15.65,0.0,3.2,75.0,37.0,1018.0,1015.3,11.9,20.5
2016-08-01,labeled,10.9,18.4,14.65,0.0,0.7,66.0,54.0,1017.2,1013.0,13.3,17.0
2016-08-02,labeled,11.5,15.8,13.65,0.4,0.9,76.0,77.0,1013.7,1013.9,12.8,13.2
2016-08-03,labeled,10.7,14.6,12.65,24.8,0.2,77.0,89.0,1018.0,1017.7,13.6,12.6
2016-08-04,labeled,10.8,18.1,14.45,61.0,0.2,90.0,60.0,1024.3,1025.1,11.6,15.5
2016-08-05,labeled,9.7,16.2,12.95,4.0,2.7,90.0,67.0,1030.4,1028.3,11.2,14.7
2016-08-06,labeled,9.2,15.5,12.35,1.8,2.2,78.0,71.0,1029.0,1026.8,10.8,14.7
2016-08-07,labeled,10.3,16.4,13.35,0.6,2.6,80.0,64.0,1027.4,1024.7,12.4,15.9
2016-08-08,labeled,8.7,19.7,14.2,0.0,10.8,75.0,52.0,1026.4,1022.9,11.0,17.9
2016-08-09,labeled,8.1,19.1,13.6,0.0,6.9,73.0,52.0,1023.1,1017.9,11.0,18.8
2016-08-10,labeled,10.9,25.2,18.05,0.0,9.2,52.0,33.0,1015.6,1011.4,17.6,24.6
2016-08-11,labeled,11.2,20.3,15.75,0.0,10.6,48.0,30.0,1018.4,1017.0,14.0,19.6
2016-08-12,labeled,7.1,19.4,13.25,0.0,8.6,56.0,37.0,1024.4,1019.8,9.7,17.3
2016-08-13,labeled,8.3,20.3,14.3,0.0,10.6,49.0,31.0,1022.5,1020.2,12.4,19.8
2016-08-14,labeled,9.5,20.0,14.75,0.0,10.5,52.0,46.0,1027.7,1027.2,14.2,17.6
2016-08-15,labeled,8.9,19.6,14.25,0.0,10.1,72.0,54.0,1032.7,1029.7,12.0,19.2
2016-08-16,labeled,9.8,20.3,15.05,0.0,10.5,75.0,59.0,1031.0,1025.8,12.8,19.6
2016-08-17,labeled,10.6,24.2,17.4,0.0,10.2,63.0,35.0,1026.3,1022.1,14.2,22.7
2016-08-18,labeled,11.6,22.9,17.25,0.0,10.5,62.0,40.0,1024.5,1020.7,14.2,20.7
2016-08-19,labeled,11.2,24.3,17.75,0.0,10.0,66.0,37.0,1020.1,1013.9,14.2,22.4
2016-08-20,labeled,11.0,17.9,14.45,0.4,10.7,51.0,35.0,1015.3,1013.8,13.2,15.7
2016-08-21,labeled,8.2,20.4,14.3,0.0,10.7,48.0,32.0,1019.8,1016.4,12.5,19.9
2016-08-22,labeled,9.5,13.8,11.65,0.0,0.2,66.0,67.0,1016.8,1015.0,11.4,12.2
2016-08-23,labeled,8.5,18.4,13.45,1.8,6.8,69.0,57.0,1014.4,1013.5,11.9,15.4
2016-08-24,labeled,11.8,14.7,13.25,2.4,0.0,79.0,90.0,1013.3,1007.5,13.4,13.7
2016-08-25,labeled,9.0,17.3,13.15,52.8,6.7,67.0,48.0,1010.2,1010.6,11.4,15.7
2016-08-26,labeled,7.3,17.3,12.3,0.0,7.8,57.0,50.0,1018.7,1017.6,10.4,16.4
2016-08-27,labeled,7.4,19.9,13.65,1.4,10.7,57.0,45.0,1023.6,1020.3,11.3,17.7
2016-08-28,labeled,8.4,20.5,14.45,0.0,10.7,50.0,36.0,1022.9,1020.9,12.2,18.0
2016-08-29,labeled,8.4,19.6,14.0,0.0,6.1,57.0,38.0,1027.4,1025.0,12.9,18.1
2016-08-30,labeled,10.7,19.9,15.3,0.0,4.4,71.0,62.0,1026.9,1023.1,13.8,19.6
2016-08-31,labeled,13.6,23.6,18.6,0.0,2.3,61.0,53.0,1018.7,1013.9,18.8,21.2
2016-09-01,labeled,12.1,22.5,17.3,0.0,9.2,63.0,46.0,1020.3,1015.3,16.9,20.7
2016-09-02,labeled,14.5,18.0,16.25,14.4,0.0,90.0,91.0,1011.6,1006.0,15.7,15.9
2016-09-03,labeled,15.4,20.5,17.95,23.4,9.1,50.0,39.0,998.3,1004.3,17.6,20.1
2016-09-04,labeled,10.1,21.3,15.7,0.0,10.9,48.0,33.0,1021.6,1022.0,15.5,19.2
2016-09-05,labeled,10.0,21.2,15.6,0.0,11.1,55.0,54.0,1030.4,1027.1,14.1,19.0
2016-09-06,labeled,10.0,20.5,15.25,0.0,10.8,66.0,58.0,1030.4,1026.3,15.0,20.2
2016-09-07,labeled,12.2,22.0,17.1,0.0,8.2,82.0,55.0,1031.7,1029.3,16.0,21.0
2016-09-08,labeled,15.4,21.2,18.3,0.0,7.1,69.0,67.0,1029.7,1024.8,18.7,20.1
2016-09-09,labeled,14.7,22.7,18.7,0.0,8.9,61.0,60.0,1021.9,1015.9,19.5,21.2
2016-09-10,labeled,14.1,22.7,18.4,1.2,9.3,54.0,31.0,1012.7,1010.9,17.9,21.8
2016-09-11,labeled,13.0,21.0,17.0,0.0,8.7,44.0,53.0,1019.0,1017.1,16.8,17.6
2016-09-12,labeled,12.4,20.9,16.65,0.0,9.7,47.0,53.0,1021.5,1018.5,16.6,18.3
2016-09-13,labeled,16.0,20.2,18.1,0.0,1.5,73.0,69.0,1021.4,1017.8,17.5,18.9
2016-09-14,labeled,16.0,24.6,20.3,5.8,3.9,86.0,55.0,1014.1,1008.4,17.4,23.1
2016-09-15,labeled,14.1,22.1,18.1,0.0,8.1,35.0,31.0,1009.8,1007.5,17.4,20.9
2016-09-16,labeled,13.5,22.5,18.0,0.0,8.5,55.0,29.0,1016.5,1015.5,16.9,21.7
2016-09-17,labeled,10.7,22.4,16.549999999999997,0.0,8.8,52.0,44.0,1022.0,1018.0,17.5,19.2
2016-09-18,labeled,14.2,17.8,16.0,0.0,0.0,66.0,79.0,1012.6,1005.7,14.9,15.1
2016-09-19,labeled,13.1,21.4,17.25,13.4,10.1,53.0,38.0,1008.5,1008.7,17.7,20.6
2016-09-20,labeled,10.0,20.6,15.3,0.0,8.7,48.0,47.0,1018.9,1016.0,15.1,18.5
2016-09-21,labeled,14.0,21.2,17.6,0.0,2.9,61.0,78.0,1012.5,1007.5,16.0,16.8
2016-09-22,labeled,13.5,20.1,16.8,2.0,4.1,54.0,63.0,1006.9,1005.9,18.4,17.0
2016-09-23,labeled,15.2,22.0,18.6,0.6,8.2,55.0,48.0,1011.7,1010.7,17.3,21.5
2016-09-24,labeled,12.5,22.3,17.4,0.0,10.1,55.0,63.0,1012.6,1007.9,18.4,20.6
2016-09-25,labeled,13.6,22.1,17.85,3.4,2.1,74.0,75.0,1006.7,1006.1,15.5,16.3
2016-09-26,labeled,12.0,21.8,16.9,4.0,10.1,41.0,44.0,1013.0,1009.0,16.5,18.9
2016-09-27,labeled,10.9,23.2,17.05,0.0,9.7,37.0,22.0,1009.7,1006.8,18.6,20.6
2016-09-28,labeled,10.2,21.3,15.75,0.0,11.4,46.0,42.0,1014.7,1011.3,16.2,19.6
2016-09-29,labeled,14.2,22.8,18.5,1.4,4.2,76.0,50.0,1000.5,994.0,14.8,22.3
2016-09-30,labeled,12.3,20.1,16.200000000000003,0.4,8.6,42.0,40.0,999.1,998.3,16.1,17.3
2016-10-01,labeled,12.4,22.1,17.25,0.0,10.4,40.0,34.0,1005.0,1005.5,19.5,20.2
2016-10-02,labeled,12.5,24.7,18.6,0.0,11.1,44.0,45.0,1012.9,1008.3,18.4,22.7
2016-10-03,labeled,18.4,25.6,22.0,0.0,8.3,41.0,14.0,999.4,997.8,21.5,22.9
2016-10-04,labeled,12.7,23.4,18.05,0.0,11.1,34.0,25.0,1007.8,1003.7,17.5,23.0
2016-10-05,labeled,11.7,23.7,17.7,0.0,11.0,34.0,16.0,1016.4,1013.2,14.7,22.9
2016-10-06,labeled,13.0,27.8,20.4,0.0,11.1,34.0,20.0,1019.1,1017.0,19.9,27.2
2016-10-07,labeled,16.0,31.0,23.5,0.0,9.3,40.0,16.0,1021.0,1015.6,22.5,30.8
2016-10-08,labeled,20.1,22.2,21.15,0.2,7.4,63.0,50.0,1016.3,1017.6,21.0,20.1
2016-10-09,labeled,13.8,25.5,19.65,0.0,8.4,51.0,40.0,1022.9,1018.1,17.5,20.3
2016-10-10,labeled,16.8,33.6,25.200000000000003,0.0,6.6,37.0,24.0,1007.7,1004.1,25.3,31.8
2016-10-11,labeled,12.3,21.3,16.8,3.8,11.4,33.0,26.0,1013.2,1012.9,14.9,20.1
2016-10-12,labeled,10.7,23.6,17.15,0.0,9.3,45.0,32.0,1016.5,1012.5,14.3,20.7
2016-10-13,labeled,11.8,18.3,15.05,4.4,7.9,56.0,57.0,1021.2,1022.4,15.9,15.6
2016-10-14,labeled,9.0,21.3,15.15,0.2,11.6,50.0,37.0,1025.9,1023.2,15.1,19.4
2016-10-15,labeled,11.1,23.9,17.5,0.0,12.2,57.0,36.0,1023.1,1017.5,15.9,23.0
2016-10-16,labeled,15.9,29.0,22.45,0.0,11.0,31.0,37.0,1014.9,1008.7,23.1,25.4
2016-10-17,labeled,21.7,22.4,22.05,0.0,2.4,43.0,78.0,1005.8,1008.3,22.4,14.5
2016-10-18,labeled,11.5,25.8,18.65,3.0,12.2,39.0,23.0,1014.5,1010.8,18.3,25.5
2016-10-19,labeled,16.2,24.5,20.35,0.2,11.1,30.0,20.0,1017.9,1017.0,19.1,22.9
2016-10-20,labeled,16.4,21.6,19.0,0.0,10.3,47.0,47.0,1024.4,1021.4,19.0,20.4
2016-10-21,labeled,15.3,25.2,20.25,0.0,8.4,55.0,55.0,1018.9,1012.8,21.5,23.3
2016-10-22,labeled,16.1,18.0,17.05,11.8,4.1,84.0,69.0,1010.0,1010.1,17.0,16.4
2016-10-23,labeled,10.2,19.8,15.0,0.6,10.4,53.0,42.0,1018.3,1017.7,13.1,17.5
2016-10-24,labeled,10.2,21.5,15.85,0.8,12.4,45.0,33.0,1019.6,1016.7,15.0,19.8
2016-10-25,labeled,11.4,23.3,17.35,0.0,12.3,56.0,46.0,1018.9,1014.4,17.6,22.8
2016-10-26,labeled,14.3,27.0,20.65,0.0,8.5,52.0,34.0,1016.6,1013.0,18.7,25.8
2016-10-27,labeled,18.4,21.7,20.05,0.0,6.2,65.0,63.0,1015.9,1015.7,20.8,19.9
2016-10-28,labeled,14.7,19.6,17.15,1.4,0.5,73.0,57.0,1020.6,1018.5,15.4,19.1
2016-10-29,labeled,15.3,24.3,19.8,3.2,7.9,86.0,66.0,1020.1,1017.7,18.3,22.0
2016-10-30,labeled,18.2,25.5,21.85,0.2,4.6,65.0,61.0,1013.7,1006.5,23.0,25.3
2016-10-31,labeled,16.1,23.3,19.700000000000003,1.6,12.9,24.0,28.0,1011.0,1010.8,18.3,21.7
2016-11-01,labeled,12.1,24.5,18.3,0.0,12.1,31.0,37.0,1014.4,1010.0,16.8,20.9
2016-11-02,labeled,13.0,24.1,18.55,0.0,12.8,34.0,32.0,1014.6,1013.0,19.1,21.6
2016-11-03,labeled,13.6,25.2,19.4,0.0,12.2,57.0,50.0,1018.9,1014.8,19.7,23.7
2016-11-04,labeled,15.3,30.6,22.950000000000003,0.0,12.8,58.0,33.0,1014.8,1009.2,21.0,27.1
2016-11-05,labeled,21.0,25.7,23.35,0.0,12.4,21.0,16.0,1002.9,1006.2,25.7,24.9
2016-11-06,labeled,15.7,26.0,20.85,0.0,12.3,25.0,27.0,1009.1,1007.8,19.6,23.2
2016-11-07,labeled,14.8,28.1,21.450000000000003,0.0,12.4,34.0,46.0,1011.1,1006.4,22.6,25.5
2016-11-08,labeled,21.2,28.3,24.75,0.0,4.1,25.0,57.0,1007.3,1007.1,26.8,24.7
2016-11-09,labeled,17.8,22.7,20.25,2.0,2.5,72.0,67.0,1013.3,1009.8,20.1,21.3
2016-11-10,labeled,16.9,24.6,20.75,10.2,10.7,71.0,62.0,1009.4,1007.0,20.0,23.4
2016-11-11,labeled,17.8,24.3,21.05,0.0,11.1,68.0,59.0,1012.9,1009.9,20.2,22.6
2016-11-12,labeled,18.4,32.5,25.45,9.0,9.1,72.0,59.0,1002.5,996.9,22.1,26.4
2016-11-13,labeled,18.9,30.3,24.6,0.0,13.0,29.0,21.0,998.6,995.4,24.9,28.0
2016-11-14,labeled,17.4,24.4,20.9,0.0,7.0,40.0,52.0,1002.0,1004.5,20.5,20.3
2016-11-15,labeled,15.4,23.2,19.3,0.6,9.4,61.0,45.0,1016.1,1015.0,17.9,20.5
2016-11-16,labeled,14.3,25.2,19.75,0.0,12.7,54.0,52.0,1020.0,1021.3,19.9,22.0
2016-11-17,labeled,17.3,23.9,20.6,0.0,12.8,57.0,53.0,1025.6,1021.9,21.1,23.1
2016-11-18,labeled,16.4,31.4,23.9,0.0,12.1,52.0,36.0,1017.4,1013.5,23.0,30.0
2016-11-19,labeled,19.3,24.8,22.05,0.0,3.7,67.0,58.0,1018.3,1018.4,21.7,22.1
2016-11-20,labeled,19.1,25.1,22.1,0.0,8.5,58.0,55.0,1021.3,1018.2,22.3,23.2
2016-11-21,labeled,19.7,28.4,24.05,0.0,6.0,67.0,64.0,1018.4,1015.1,24.6,25.5
2016-11-22,labeled,21.0,31.0,26.0,0.0,9.7,51.0,54.0,1014.8,1012.1,26.6,26.2
2016-11-23,labeled,19.8,26.2,23.0,0.0,5.9,69.0,72.0,1010.2,1012.1,22.6,22.5
2016-11-24,labeled,13.5,23.4,18.45,5.4,13.1,42.0,39.0,1013.0,1011.8,18.3,21.8
2016-11-25,labeled,14.7,25.5,20.1,0.0,13.1,33.0,46.0,1012.8,1012.5,20.6,23.4
2016-11-26,labeled,18.1,24.4,21.25,0.0,12.3,55.0,53.0,1017.4,1013.7,22.3,23.9
2016-11-27,labeled,19.6,23.5,21.55,0.0,1.7,71.0,66.0,1017.8,1016.9,20.5,21.6
2016-11-28,labeled,20.3,26.1,23.200000000000003,0.0,8.1,71.0,63.0,1015.0,1010.4,22.8,25.5
2016-11-29,labeled,19.3,25.3,22.3,0.0,7.0,65.0,57.0,1011.8,1010.8,22.4,24.1
2016-11-30,labeled,18.2,25.2,21.7,0.0,4.4,61.0,57.0,1012.4,1008.8,22.4,24.2
2016-12-01,labeled,18.1,28.5,23.3,0.0,8.1,68.0,51.0,1008.0,1005.3,21.2,25.4
2016-12-02,labeled,18.7,35.7,27.200000000000003,0.2,9.8,44.0,24.0,1008.4,1007.7,25.6,30.9
2016-12-03,labeled,21.0,26.8,23.9,0.0,9.7,64.0,55.0,1016.0,1015.0,22.6,23.8
2016-12-04,labeled,19.7,26.9,23.3,0.0,9.3,64.0,60.0,1016.0,1013.1,23.0,25.1
2016-12-05,labeled,22.1,29.9,26.0,0.4,2.9,71.0,65.0,1009.6,1005.9,26.1,27.1
2016-12-06,labeled,20.4,23.6,22.0,3.2,0.0,86.0,83.0,1012.4,1010.6,20.6,22.2
2016-12-07,labeled,18.6,25.1,21.85,7.8,9.3,86.0,56.0,1015.2,1014.4,20.7,24.4
2016-12-08,labeled,20.2,27.9,24.05,0.2,12.2,60.0,61.0,1008.7,999.4,24.6,26.9
2016-12-09,labeled,18.1,27.8,22.950000000000003,0.4,13.4,35.0,14.0,1007.9,1009.9,20.2,26.4
2016-12-10,labeled,16.9,23.7,20.3,0.0,9.8,54.0,52.0,1022.5,1020.5,20.8,22.1
2016-12-11,labeled,20.0,26.3,23.15,0.0,11.4,57.0,56.0,1022.2,1020.4,23.6,24.3
2016-12-12,labeled,20.9,27.6,24.25,0.0,12.4,59.0,53.0,1022.6,1018.1,23.8,25.5
2016-12-13,labeled,20.7,37.8,29.25,0.0,11.4,49.0,36.0,1015.5,1011.1,27.5,31.1
2016-12-14,labeled,27.1,37.2,32.150000000000006,0.0,2.5,23.0,16.0,1008.5,1007.0,32.4,34.1
2016-12-15,labeled,17.4,19.1,18.25,8.2,0.0,88.0,81.0,1017.2,1017.4,17.7,17.7
2016-12-16,labeled,17.2,25.4,21.3,32.6,0.0,89.0,86.0,1013.3,1009.3,18.8,20.2
2016-12-17,labeled,18.5,33.7,26.1,10.4,12.7,67.0,27.0,1007.4,1005.2,25.4,32.4
2016-12-18,labeled,18.3,21.3,19.8,0.0,0.7,61.0,55.0,1018.8,1020.0,19.8,19.9
2016-12-19,labeled,17.7,22.9,20.3,0.0,7.1,49.0,47.0,1021.0,1017.5,20.8,21.4
2016-12-20,labeled,16.7,27.1,21.9,0.0,12.0,52.0,52.0,1010.4,1005.3,22.8,26.9
2016-12-21,labeled,18.6,26.7,22.65,0.0,10.4,64.0,50.0,1012.3,1012.2,22.8,25.0
2016-12-22,labeled,20.3,24.3,22.3,0.0,3.7,60.0,52.0,1019.4,1018.1,21.1,23.0
2016-12-23,labeled,20.8,24.4,22.6,0.0,7.9,56.0,56.0,1019.3,1016.6,23.0,23.8
2016-12-24,labeled,19.8,27.2,23.5,0.0,4.3,66.0,55.0,1015.7,1013.8,23.2,26.3
2016-12-25,labeled,19.1,27.4,23.25,1.6,12.8,64.0,55.0,1017.1,1015.5,23.9,26.8
2016-12-26,labeled,20.9,29.3,25.1,0.0,10.9,59.0,51.0,1014.7,1011.4,25.8,27.9
2016-12-27,labeled,21.8,29.6,25.700000000000003,0.0,6.0,66.0,60.0,1014.5,1013.3,25.7,27.5
2016-12-28,labeled,21.1,28.9,25.0,0.0,9.4,63.0,48.0,1013.0,1009.7,24.9,27.5
2016-12-29,labeled,22.6,36.6,29.6,0.0,4.8,49.0,30.0,1007.2,1004.4,28.1,31.8
2016-12-30,labeled,23.9,33.3,28.6,0.0,0.5,58.0,34.0,1003.6,1001.7,27.3,32.1
2016-12-31,labeled,24.1,30.0,27.05,0.0,4.8,57.0,62.0,1003.7,1003.4,27.7,26.4
2017-01-01,labeled,22.7,26.6,24.65,0.0,0.0,70.0,70.0,1007.4,1005.5,24.6,24.9
2017-01-02,labeled,21.2,26.3,23.75,0.4,3.5,71.0,54.0,1009.9,1011.8,22.1,24.8
2017-01-03,labeled,18.5,26.6,22.55,2.6,8.8,66.0,60.0,1018.5,1018.3,21.9,25.4
2017-01-04,labeled,20.1,25.9,23.0,1.2,5.6,53.0,45.0,1021.4,1020.0,24.0,23.7
2017-01-05,labeled,19.6,24.3,21.950000000000003,5.0,0.5,89.0,69.0,1019.0,1017.2,20.5,22.6
2017-01-06,labeled,19.9,26.5,23.2,8.8,4.8,86.0,57.0,1018.3,1017.5,20.0,25.3
2017-01-07,labeled,19.2,26.8,23.0,4.4,11.5,61.0,57.0,1018.4,1015.0,24.8,25.2
2017-01-08,labeled,19.7,28.5,24.1,0.0,11.7,52.0,52.0,1013.5,1010.0,25.1,27.5
2017-01-09,labeled,21.3,29.9,25.6,0.0,9.2,57.0,57.0,1011.5,1009.2,27.0,26.7
2017-01-10,labeled,22.6,31.3,26.950000000000003,0.4,8.8,73.0,49.0,1012.0,1008.1,24.8,30.5
2017-01-11,labeled,24.0,37.7,30.85,0.0,10.9,53.0,47.0,1007.6,1003.4,29.2,31.4
2017-01-12,labeled,22.3,28.4,25.35,0.0,7.2,68.0,52.0,1012.4,1010.7,24.7,26.8
2017-01-13,labeled,23.0,30.5,26.75,0.0,8.9,68.0,57.0,1008.9,1001.3,24.6,29.0
2017-01-14,labeled,24.6,32.5,28.55,0.0,7.1,59.0,52.0,1003.4,1003.2,28.7,29.2
2017-01-15,labeled,22.8,27.0,24.9,0.0,6.9,56.0,57.0,1015.1,1015.7,25.6,25.5
2017-01-16,labeled,21.7,27.2,24.45,0.0,12.1,55.0,57.0,1017.1,1013.9,26.2,26.3
2017-01-17,labeled,20.8,36.6,28.700000000000003,0.0,11.9,64.0,44.0,1013.6,1008.3,25.3,32.6
2017-01-18,labeled,25.1,38.1,31.6,0.0,11.1,26.0,52.0,1005.4,1006.8,36.5,30.1
2017-01-19,labeled,20.1,24.5,22.3,0.0,0.0,61.0,53.0,1015.3,1013.7,21.5,22.7
2017-01-20,labeled,19.0,29.2,24.1,0.0,2.6,62.0,68.0,1001.1,994.3,24.1,28.3
2017-01-21,labeled,20.8,27.4,24.1,7.8,9.7,49.0,42.0,1010.5,1012.2,22.2,26.6
2017-01-22,labeled,20.4,26.5,23.45,0.0,10.7,50.0,50.0,1017.9,1015.8,23.8,26.0
2017-01-23,labeled,21.5,32.6,27.05,0.0,12.1,60.0,51.0,1014.9,1010.1,25.5,28.6
2017-01-24,labeled,24.5,37.0,30.75,0.0,2.6,34.0,33.0,1007.4,1008.4,32.6,35.0
2017-01-25,labeled,20.6,24.3,22.450000000000003,17.8,0.3,68.0,62.0,1020.5,1018.0,21.7,23.3
2017-01-26,labeled,20.7,25.5,23.1,0.0,0.4,70.0,64.0,1015.9,1014.9,22.6,24.9
2017-01-27,labeled,20.4,27.1,23.75,0.0,6.0,67.0,57.0,1018.5,1016.9,21.7,25.7
2017-01-28,labeled,20.4,29.7,25.05,0.0,12.2,63.0,59.0,1015.9,1012.2,26.4,28.1
2017-01-29,labeled,22.3,30.2,26.25,0.0,6.8,74.0,56.0,1016.8,1015.4,24.5,28.9
2017-01-30,labeled,23.1,34.3,28.7,0.0,12.0,67.0,54.0,1012.5,1008.0,27.9,30.3
2017-01-31,labeled,25.4,39.4,32.4,0.0,4.8,36.0,58.0,1008.1,1009.7,33.2,29.2
2017-02-01,labeled,20.3,23.6,21.950000000000003,1.2,0.0,83.0,79.0,1016.1,1012.7,21.1,22.4
2017-02-02,labeled,20.8,27.1,23.950000000000003,4.4,6.0,70.0,56.0,1013.2,1013.9,23.1,25.4
2017-02-03,labeled,22.3,26.4,24.35,0.0,0.1,79.0,63.0,1015.5,1013.5,22.8,26.1
2017-02-04,labeled,22.7,30.4,26.55,0.0,7.2,78.0,65.0,1013.9,1010.4,26.0,28.1
2017-02-05,labeled,25.8,34.9,30.35,0.0,7.0,50.0,41.0,1010.4,1007.3,29.5,34.1
2017-02-06,labeled,26.2,34.7,30.450000000000003,0.0,10.9,55.0,44.0,1011.3,1009.3,29.6,33.9
2017-02-07,labeled,22.1,24.9,23.5,6.4,1.3,88.0,89.0,1017.6,1018.7,22.2,21.0
2017-02-08,labeled,20.7,27.0,23.85,85.0,5.9,79.0,85.0,1022.1,1021.8,24.6,23.1
2017-02-09,labeled,22.5,30.9,26.7,5.4,11.8,72.0,55.0,1018.6,1013.0,25.7,29.7
2017-02-10,labeled,23.7,37.5,30.6,0.0,12.0,61.0,35.0,1010.4,1006.4,27.4,36.2
2017-02-11,labeled,23.9,36.2,30.05,0.0,11.4,72.0,51.0,1007.8,1002.7,26.4,33.1
2017-02-12,labeled,24.5,31.9,28.2,0.0,7.8,67.0,59.0,1000.5,998.0,28.1,28.1
2017-02-13,labeled,17.8,27.3,22.55,0.0,12.8,29.0,32.0,1008.1,1007.3,21.9,26.9
2017-02-14,labeled,21.6,24.0,22.8,0.0,1.9,68.0,73.0,1015.0,1015.9,22.3,21.2
2017-02-15,labeled,18.0,26.1,22.05,25.6,10.1,66.0,52.0,1017.4,1013.6,21.3,26.1
2017-02-16,labeled,19.5,30.0,24.75,0.0,11.1,63.0,51.0,1012.1,1009.0,23.4,28.8
2017-02-17,labeled,22.6,29.9,26.25,0.0,6.6,66.0,59.0,1009.8,1005.7,26.6,26.8
2017-02-18,labeled,21.8,29.4,25.6,8.0,7.0,79.0,58.0,1007.1,1004.9,22.9,28.8
2017-02-19,labeled,18.6,26.1,22.35,3.2,7.9,69.0,48.0,1008.7,1006.1,19.7,25.0
2017-02-20,labeled,17.5,28.3,22.9,0.6,12.5,32.0,18.0,1010.5,1009.6,19.9,27.5
2017-02-21,labeled,16.9,27.6,22.25,0.0,11.7,41.0,36.0,1019.7,1018.5,19.4,26.3
2017-02-22,labeled,19.3,27.7,23.5,0.0,12.2,50.0,47.0,1021.6,1018.5,25.8,26.2
2017-02-23,labeled,21.6,28.1,24.85,0.0,11.5,55.0,52.0,1019.8,1017.2,25.4,27.3
2017-02-24,labeled,21.8,28.0,24.9,0.0,5.7,69.0,56.0,1020.8,1018.6,24.5,27.3
2017-02-25,labeled,18.6,20.8,19.700000000000003,7.8,0.0,89.0,87.0,1020.5,1020.1,18.7,19.0
2017-02-26,labeled,18.3,25.5,21.9,28.6,5.3,67.0,54.0,1021.8,1021.8,20.7,24.3
2017-02-27,labeled,18.7,26.6,22.65,26.4,7.5,60.0,47.0,1024.0,1022.8,23.3,25.6
2017-02-28,labeled,20.7,26.7,23.7,2.6,9.2,63.0,61.0,1022.7,1021.4,25.1,26.4
2017-03-01,labeled,20.6,27.2,23.9,26.4,2.2,87.0,67.0,1021.0,1019.4,21.4,25.0
2017-03-02,labeled,20.5,26.3,23.4,3.2,7.6,81.0,69.0,1018.1,1016.0,23.0,25.0
2017-03-03,labeled,20.7,24.8,22.75,37.8,1.4,89.0,85.0,1016.9,1016.0,21.7,22.2
2017-03-04,labeled,19.9,23.3,21.6,27.6,0.2,87.0,86.0,1015.2,1013.1,21.5,20.9
2017-03-05,labeled,20.1,23.0,21.55,7.6,0.0,78.0,76.0,1010.2,1009.6,20.4,22.1
2017-03-06,labeled,19.6,25.7,22.65,2.4,7.7,63.0,49.0,1012.8,1013.2,20.5,25.5
2017-03-07,labeled,18.8,23.2,21.0,0.0,3.6,73.0,62.0,1017.6,1017.7,19.3,21.7
2017-03-08,labeled,16.9,23.5,20.2,5.0,1.4,67.0,56.0,1018.5,1017.4,19.9,22.0
2017-03-09,labeled,17.9,25.1,21.5,1.0,2.7,69.0,54.0,1017.0,1016.0,20.3,23.3
2017-03-10,labeled,17.3,25.8,21.55,0.6,7.4,73.0,51.0,1015.1,1014.0,19.3,25.1
2017-03-11,labeled,16.9,26.1,21.5,0.2,10.7,61.0,47.0,1014.2,1012.3,20.1,25.5
2017-03-12,labeled,17.4,26.4,21.9,0.0,10.6,62.0,50.0,1010.6,1007.7,22.3,26.0
2017-03-13,labeled,22.2,27.4,24.8,0.0,6.2,68.0,63.0,1011.1,1012.4,23.7,27.0
2017-03-14,labeled,22.6,25.9,24.25,0.4,0.5,71.0,67.0,1019.2,1020.2,23.9,21.4
2017-03-15,labeled,19.8,25.9,22.85,38.0,5.5,76.0,67.0,1020.6,1018.7,22.9,24.8
2017-03-16,labeled,21.9,24.9,23.4,2.6,1.0,84.0,85.0,1013.2,1009.0,23.1,24.5
2017-03-17,labeled,20.0,22.7,21.35,20.0,1.3,83.0,81.0,1018.4,1020.6,20.3,20.5
2017-03-18,labeled,19.3,25.8,22.55,45.8,3.6,88.0,79.0,1022.9,1022.2,21.8,24.1
2017-03-19,labeled,21.6,26.2,23.9,4.2,5.5,86.0,76.0,1020.3,1017.9,23.7,25.3
2017-03-20,labeled,23.7,27.9,25.8,0.2,4.4,74.0,66.0,1018.5,1015.6,25.8,26.9
2017-03-21,labeled,23.3,27.1,25.200000000000003,0.0,1.5,77.0,72.0,1015.7,1012.6,24.5,26.0
2017-03-22,labeled,22.3,31.9,27.1,25.6,4.4,82.0,57.0,1012.6,1010.7,23.9,29.8
2017-03-23,labeled,20.7,23.3,22.0,18.2,0.2,72.0,71.0,1018.5,1017.4,21.5,22.2
2017-03-24,labeled,18.5,24.1,21.3,10.2,5.5,85.0,70.0,1019.9,1019.1,20.4,21.7
2017-03-25,labeled,19.2,24.5,21.85,4.8,4.9,81.0,58.0,1017.8,1014.1,20.2,24.2
2017-03-26,labeled,18.9,26.5,22.7,0.0,11.0,74.0,66.0,1015.9,1014.7,21.3,26.0
2017-03-27,labeled,19.2,27.0,23.1,0.0,11.0,76.0,62.0,1017.1,1012.3,21.8,26.0
2017-03-28,labeled,21.2,23.8,22.5,0.0,0.0,76.0,69.0,1013.9,1012.4,21.8,23.6
2017-03-29,labeled,21.4,28.8,25.1,0.0,8.4,84.0,71.0,1012.3,1007.4,22.5,27.0
2017-03-30,labeled,22.5,26.0,24.25,2.4,0.0,70.0,88.0,1007.0,1007.7,25.2,19.2
2017-03-31,labeled,15.3,22.6,18.950000000000003,42.4,9.9,56.0,53.0,1016.4,1015.6,16.9,21.6
2017-04-01,labeled,14.5,25.6,20.05,0.0,10.7,63.0,48.0,1018.2,1016.6,17.1,22.5
2017-04-02,labeled,17.0,22.0,19.5,0.0,5.8,66.0,59.0,1025.1,1024.7,19.8,20.1
2017-04-03,labeled,14.8,22.0,18.4,33.8,1.5,90.0,49.0,1028.4,1026.3,15.7,21.8
2017-04-04,labeled,14.9,22.8,18.85,7.8,6.4,78.0,60.0,1028.1,1026.3,17.9,20.7
2017-04-05,labeled,14.1,23.3,18.7,0.4,10.2,72.0,45.0,1026.1,1023.3,18.1,22.9
2017-04-06,labeled,13.2,23.4,18.3,0.2,8.7,69.0,42.0,1026.2,1023.9,17.1,23.2
2017-04-07,labeled,14.1,23.8,18.95,0.0,10.6,69.0,41.0,1028.4,1025.7,18.7,23.7
2017-04-08,labeled,14.9,24.9,19.9,0.0,9.8,68.0,49.0,1026.2,1021.4,18.4,23.1
2017-04-09,labeled,15.5,28.7,22.1,0.0,9.6,62.0,35.0,1015.3,1007.1,20.1,27.9
2017-04-10,labeled,11.7,17.9,14.8,8.8,6.1,51.0,56.0,1009.3,1008.5,13.9,15.7
2017-04-11,labeled,13.8,23.0,18.4,0.0,2.1,56.0,48.0,1017.2,1017.3,17.9,22.2
2017-04-12,labeled,15.0,22.7,18.85,9.4,2.8,71.0,75.0,1023.7,1022.2,17.4,20.2
2017-04-13,labeled,15.3,23.6,19.450000000000003,19.8,9.2,80.0,51.0,1023.8,1020.9,17.3,22.6
2017-04-14,labeled,13.9,24.7,19.3,0.0,10.8,69.0,41.0,1022.1,1019.3,17.2,23.5
2017-04-15,labeled,13.2,23.8,18.5,0.0,9.8,72.0,55.0,1021.0,1018.7,16.5,22.0
2017-04-16,labeled,15.2,26.9,21.05,0.0,8.1,75.0,30.0,1020.0,1017.4,18.2,26.2
2017-04-17,labeled,14.2,24.1,19.15,0.0,8.9,68.0,55.0,1024.4,1022.1,17.4,22.3
2017-04-18,labeled,16.0,24.3,20.15,0.0,9.3,73.0,55.0,1027.0,1025.3,19.2,23.0
2017-04-19,labeled,15.2,24.9,20.05,0.0,6.1,72.0,63.0,1030.6,1028.1,17.7,22.3
2017-04-20,labeled,16.2,24.0,20.1,0.2,9.9,83.0,48.0,1030.3,1027.5,19.0,23.0
2017-04-21,labeled,14.4,23.9,19.15,0.0,7.2,68.0,58.0,1028.4,1024.8,17.9,22.4
2017-04-22,labeled,17.7,24.1,20.9,0.0,3.5,68.0,60.0,1025.9,1022.2,19.9,22.5
2017-04-23,labeled,15.9,26.7,21.3,0.0,9.5,74.0,58.0,1024.1,1020.9,18.5,23.6
2017-04-24,labeled,15.7,23.9,19.8,0.0,10.0,74.0,61.0,1022.7,1018.4,18.2,22.7
2017-04-25,labeled,18.2,26.7,22.45,0.0,3.0,69.0,65.0,1014.0,1008.8,20.6,21.9
2017-04-26,labeled,16.9,24.8,20.85,1.8,7.9,55.0,43.0,1014.0,1003.9,20.2,18.1
2017-04-27,labeled,12.1,20.0,16.05,0.4,8.2,46.0,45.0,1015.8,1015.2,13.1,18.5
2017-04-28,labeled,10.2,21.8,16.0,0.0,10.4,51.0,39.0,1022.7,1020.3,13.5,20.1
2017-04-29,labeled,10.8,22.7,16.75,0.0,10.5,60.0,51.0,1020.8,1018.2,14.0,21.2
2017-04-30,labeled,14.0,22.6,18.3,0.0,7.8,66.0,59.0,1023.0,1020.9,17.2,20.5
2017-05-01,labeled,13.2,25.6,19.4,0.0,9.5,78.0,40.0,1019.5,1014.9,15.9,24.2
2017-05-02,labeled,14.6,23.9,19.25,0.0,8.4,65.0,33.0,1017.5,1016.0,17.2,23.2
2017-05-03,labeled,14.9,18.4,16.65,1.4,3.4,61.0,67.0,1027.0,1027.3,16.9,16.3
2017-05-04,labeled,11.8,20.0,15.9,3.8,3.3,78.0,45.0,1031.6,1029.4,14.7,19.5
2017-05-05,labeled,12.7,21.6,17.15,0.4,8.5,74.0,54.0,1031.2,1027.8,15.1,20.5
2017-05-06,labeled,12.7,26.2,19.45,0.0,8.4,77.0,39.0,1025.9,1021.1,14.8,25.2
2017-05-07,labeled,14.6,22.2,18.4,0.2,10.0,47.0,25.0,1023.6,1023.2,17.2,21.1
2017-05-08,labeled,10.2,20.1,15.15,0.0,9.9,49.0,41.0,1027.9,1025.1,12.2,18.9
2017-05-09,labeled,10.7,21.0,15.85,0.0,7.5,67.0,45.0,1026.9,1024.0,13.3,19.8
2017-05-10,labeled,10.5,21.7,16.1,0.0,10.0,70.0,52.0,1025.1,1021.9,13.3,20.3
2017-05-11,labeled,10.9,22.1,16.5,0.0,8.5,73.0,56.0,1024.7,1022.9,13.4,19.7
2017-05-12,labeled,12.5,19.6,16.05,0.4,1.7,78.0,71.0,1027.0,1024.5,14.1,18.5
2017-05-13,labeled,14.0,21.3,17.65,3.2,7.3,86.0,67.0,1024.9,1021.7,15.8,20.1
2017-05-14,labeled,14.7,18.7,16.7,0.0,0.3,89.0,74.0,1021.9,1019.2,16.3,18.1
2017-05-15,labeled,13.1,20.8,16.95,5.2,5.5,75.0,49.0,1017.1,1014.0,14.6,20.2
2017-05-16,labeled,11.1,21.9,16.5,0.0,9.9,59.0,39.0,1017.9,1016.5,14.4,20.3
2017-05-17,labeled,9.8,20.2,15.0,0.0,9.5,72.0,52.0,1023.4,1021.3,12.7,19.6
2017-05-18,labeled,12.6,21.5,17.05,0.0,6.4,79.0,62.0,1027.0,1024.7,14.8,20.2
2017-05-19,labeled,14.8,20.4,17.6,0.0,0.5,78.0,72.0,1025.3,1020.9,19.5,20.2
2017-05-20,labeled,16.7,23.2,19.95,14.6,5.4,86.0,58.0,1017.9,1015.4,17.5,22.8
2017-05-21,labeled,13.8,23.5,18.65,0.0,9.2,69.0,49.0,1021.0,1019.3,15.7,21.9
2017-05-22,labeled,13.0,21.0,17.0,0.0,6.9,84.0,65.0,1024.7,1021.9,14.7,20.1
2017-05-23,labeled,14.7,22.6,18.65,0.0,8.8,82.0,65.0,1022.1,1017.2,16.6,22.4
2017-05-24,labeled,14.8,22.7,18.75,0.8,9.0,77.0,31.0,1014.7,1012.7,16.7,22.5
2017-05-25,labeled,11.6,21.4,16.5,0.0,9.6,60.0,43.0,1021.3,1018.9,14.0,19.7
2017-05-26,labeled,10.6,20.8,15.7,0.0,9.8,58.0,56.0,1021.7,1019.7,14.0,19.6
2017-05-27,labeled,12.6,20.6,16.6,0.0,7.0,77.0,65.0,1021.8,1017.6,14.2,19.4
2017-05-28,labeled,11.9,23.7,17.8,0.0,8.4,83.0,37.0,1013.2,1009.0,13.3,23.2
2017-05-29,labeled,11.4,18.3,14.85,0.0,9.4,44.0,30.0,1017.8,1018.6,13.5,17.5
2017-05-30,labeled,7.1,17.1,12.1,0.0,9.7,60.0,37.0,1023.1,1020.1,9.7,16.7
2017-05-31,labeled,9.7,16.3,13.0,0.0,7.8,58.0,43.0,1025.4,1026.0,13.4,15.9
2017-06-01,labeled,8.0,18.3,13.15,0.0,9.7,54.0,39.0,1032.8,1031.2,10.3,17.8
2017-06-02,labeled,8.5,18.1,13.3,0.0,4.8,61.0,50.0,1032.7,1030.8,10.7,16.4
2017-06-03,labeled,10.7,17.4,14.05,0.0,2.1,64.0,66.0,1031.1,1028.8,13.4,16.4
2017-06-04,labeled,10.5,19.7,15.1,1.4,6.8,77.0,57.0,1028.3,1024.5,12.2,19.0
2017-06-05,labeled,9.4,19.6,14.5,0.0,9.4,78.0,41.0,1025.0,1021.5,11.5,19.2
2017-06-06,labeled,9.1,17.9,13.5,0.0,7.2,58.0,43.0,1019.7,1017.7,11.2,14.7
2017-06-07,labeled,8.8,15.5,12.15,54.6,0.0,82.0,85.0,1020.2,1019.6,13.3,14.2
2017-06-08,labeled,12.4,18.1,15.25,61.0,1.3,91.0,84.0,1024.2,1023.4,13.3,16.9
2017-06-09,labeled,10.4,18.9,14.65,3.4,4.8,90.0,64.0,1027.6,1026.7,12.5,18.2
2017-06-10,labeled,12.5,18.1,15.3,38.8,0.2,85.0,70.0,1031.9,1030.2,15.8,17.5
2017-06-11,leaderboard,,,,,,,,,,,
2017-06-12,leaderboard,,,,,,,,,,,
2017-06-13,leaderboard,,,,,,,,,,,
2017-06-14,leaderboard,,,,,,,,,,,
2017-06-15,leaderboard,,,,,,,,,,,
2017-06-16,leaderboard,,,,,,,,,,,
2017-06-17,leaderboard,,,,,,,,,,,
2017-06-18,leaderboard,,,,,,,,,,,
2017-06-19,leaderboard,,,,,,,,,,,
2017-06-20,leaderboard,,,,,,,,,,,
2017-06-21,leaderboard,,,,,,,,,,,
2017-06-22,leaderboard,,,,,,,,,,,
2017-06-23,leaderboard,,,,,,,,,,,
2017-06-24,leaderboard,,,,,,,,,,,
2017-06-25,leaderboard,,,,,,,,,,,
