Price,Year,Kms,Miles,Fuel,Transmission,Owner,Seller,Drivetrain,Length,Width,Height,Seating
5656,2017,87150,54152.48265,Petrol,Manual,First,Corporate,FWD,3990,1680,1505,5
5040,2014,75000,46602.825,Diesel,Manual,Second,Individual,FWD,3995,1695,1555,5
2464,2011,67000,41631.857,Petrol,Manual,First,Individual,FWD,3585,1595,1550,5
8948.8,2019,37500,23301.4125,Petrol,Manual,First,Individual,FWD,3995,1745,1510,5
21840,2018,69000,42874.599,Diesel,Manual,First,Individual,RWD,4735,1830,1795,7
7560,2017,73315,45555.814865,Petrol,Manual,First,Individual,FWD,4490,1730,1485,5
29680,2017,75000,46602.825,Diesel,Automatic,Second,Individual,AWD,4439,1821,1612,5
15568,2017,56000,34796.776,Petrol,Automatic,First,Individual,FWD,4670,1814,1476,5
6440,2015,85000,52816.535,Diesel,Manual,First,Individual,FWD,4331,1822,1671,5
6619.2,2017,20281,12602.025251,Petrol,Manual,First,Individual,FWD,3985,1734,1505,5
5151.9888,2018,22541,14006.323711,Petrol,Manual,First,Individual,FWD,3679,1579,1478,5
12040,2019,30672,19058.691312,Petrol,Automatic,First,Individual,FWD,4490,1730,1485,5
18984,2019,20856,12959.313576,Diesel,Manual,First,Individual,FWD,4598,1894,1706,5
10583.9888,2017,41417,25735.322707,Petrol,Automatic,First,Individual,FWD,3971,1682,1469,5
6372.8,2016,11471,7127.746741,Petrol,Automatic,First,Individual,FWD,3695,1600,1560,5
5028.8,2019,3583,2226.372293,Petrol,Manual,First,Individual,FWD,3445,1515,1475,5
10023.9888,2018,21365,13275.591415,Petrol,Automatic,First,Individual,FWD,3995,1745,1510,5
7828.8,2020,30777,19123.935267,Petrol,Automatic,First,Individual,FWD,3655,1620,1675,5
8288,2016,60125,37359.931375,Petrol,Manual,First,Individual,FWD,4270,1780,1630,5
5264,2020,2169,1347.753699,Petrol,Automatic,First,Individual,FWD,3565,1520,1564,5
8568,2015,60240,37431.38904,Petrol,Automatic,First,Individual,FWD,4384,1699,1466,5
6596.8,2018,13772,8557.521412,Petrol,Automatic,First,Individual,FWD,3610,1645,1560,5
11188.8,2019,27464,17065.333144,Petrol,Manual,First,Individual,FWD,3995,1770,1605,5
4144,2019,47377,29438.693867,CNG,Manual,First,Individual,FWD,3545,1490,1475,4
3640,2013,23086,14344.970906,Petrol,Manual,First,Individual,FWD,3775,1680,1620,5
13160,2019,36313,22563.845123,Petrol,Manual,First,Individual,FWD,4270,1780,1630,5
3931.2,2014,39276,24404.967396,Petrol,Manual,First,Individual,FWD,3610,1680,1500,5
6171.2,2015,47752,29671.707992,Petrol,Manual,First,Individual,FWD,3985,1734,1505,5
9183.9888,2018,27963,17375.397273,Petrol,Manual,First,Individual,FWD,3999,1734,1601,5
11088,2020,24013,14920.981823,Petrol,Manual,First,Individual,FWD,3995,1770,1605,5
10360,2016,66000,41010.486,Diesel,Automatic,First,Individual,FWD,4270,1780,1630,5
5992,2015,28000,17398.388,Petrol,Manual,First,Individual,FWD,3999,1765,1708,5
1624,2009,72000,44738.712,CNG,Manual,Second,Individual,FWD,3565,1525,1590,5
4580.8,2018,27069,16819.891599,Petrol,Manual,First,Individual,FWD,3746,1647,1535,5
5488,2018,43000,26718.953,Diesel,Manual,First,Individual,FWD,3992,1677,1537,5
21280,2019,71000,44117.341,Diesel,Manual,First,Individual,RWD,4735,1830,1795,8
43120,2017,45600,28334.5176,Diesel,Automatic,Second,Individual,AWD,4656,1890,1639,5
12600,2018,60000,37282.26,Diesel,Manual,First,Individual,FWD,4270,1780,1665,5
25760,2014,105101,65306.713471,Diesel,Automatic,First,Individual,AWD,4804,2141,1796,5
12264,2016,45000,27961.695,Petrol,Automatic,First,Individual,FWD,4620,1775,1475,5
17640,2013,66000,41010.486,Diesel,Automatic,First,Individual,FWD,4701,1826,1427,5
26880,2010,34105,21191.857955,Petrol,Automatic,First,Individual,RWD,4082,1777,1297,2
5880,2015,68397,42499.912287,Petrol,Manual,First,Individual,FWD,3985,1734,1505,5
7000,2015,65000,40389.115,Diesel,Manual,Second,Individual,AWD,3920,1726,1930,6
6776,2019,27469,17068.439999,Petrol,Manual,First,Individual,FWD,3995,1745,1500,5
4614.4,2016,41058,25512.250518,Petrol,Automatic,First,Individual,FWD,3600,1600,1560,5
7000,2016,51330,31894.97343,Diesel,Manual,First,Individual,FWD,4490,1730,1485,5
5723.2,2015,45969,28563.803499,Petrol,Manual,First,Individual,FWD,4490,1730,1485,5
12880,2017,66602,41384.551342,Diesel,Automatic,First,Individual,FWD,4270,1780,1630,5
9912,2016,57983,36028.954693,Petrol,Manual,First,Individual,FWD,4270,1780,1630,5
5264,2019,11183,6948.791893,Petrol,Automatic,First,Individual,FWD,3679,1579,1478,5
18043.2,2019,46301,28770.098671,Diesel,Manual,First,Individual,FWD,4655,1835,1760,5
5320,2017,34867,21665.342657,Petrol,Automatic,Second,Individual,FWD,3746,1647,1535,5
9688,2015,43634,27112.902214,Diesel,Manual,First,Individual,RWD,4585,1765,1760,7
42560,2018,9512,5910.480952,Diesel,Automatic,First,Corporate,AWD,4657,1881,1678,5
27720,2020,11293,7017.142703,Diesel,Automatic,First,Individual,AWD,4395,1818,1640,5
4480,2014,78000,48466.938,Diesel,Manual,Second,Individual,RWD,4430,1817,1975,8
4928,2016,50374,31300.942754,Petrol,Manual,First,Individual,FWD,3610,1680,1500,5
31360,2017,15900,9879.7989,Petrol,Automatic,First,Individual,RWD,4633,1811,1429,5
7224,2017,64000,39767.744,Petrol,Manual,First,Individual,FWD,4440,1695,1495,5
4088,2013,78000,48466.938,Diesel,Manual,First,Individual,FWD,3970,1682,1453,5
11703.9888,2021,24000,14912.904,Petrol,Manual,First,Individual,FWD,3995,1790,1640,5
5768,2019,40310,25047.46501,Petrol,Manual,Second,Individual,RWD,3675,1475,1800,7
5096,2015,69700,43309.5587,Petrol,Automatic,First,Individual,FWD,3765,1660,1520,5
20160,2012,74073,46026.814083,Diesel,Automatic,First,Individual,AWD,4648,1881,1661,5
39188.8,2019,73000,45360.083,Diesel,Automatic,First,Individual,RWD,4795,1855,1835,7
2128,2006,130000,80778.23,Petrol,Manual,Third,Individual,FWD,4545,1750,1450,5
8680,2021,24000,14912.904,Petrol,Automatic,First,Individual,FWD,3845,1735,1530,5
9240,2021,43000,26718.953,Diesel,Manual,First,Individual,FWD,3995,1775,1505,5
25200,2016,40500,25165.5255,Diesel,Automatic,First,Individual,FWD,4456,1796,1416,5
9688,2017,49013,30455.256823,Petrol,Automatic,First,Individual,FWD,4440,1695,1495,5
3348.8,2013,64983,40378.551693,Diesel,Manual,First,Individual,FWD,3795,1680,1427,5
6384,2017,92270,57333.90217,Petrol,Manual,First,Individual,FWD,3955,1694,1544,5
4312,2013,65000,40389.115,Petrol,Manual,First,Individual,FWD,3970,1682,1453,5
3920,2014,110000,68350.81,Diesel,Manual,First,Individual,FWD,3990,1680,1505,5
26264,2017,47000,29204.437,Petrol,Automatic,First,Individual,FWD,4825,1825,1480,5
18480,2022,10000,6213.71,Petrol,Automatic,First,Individual,AWD,3985,1820,1844,4
12320,2011,51500,32000.6065,Diesel,Automatic,Second,Individual,RWD,4596,1770,1447,5
32480,2018,35000,21747.985,Diesel,Automatic,First,Individual,AWD,4385,1831,1608,5
6104,2017,61518,38225.501178,Petrol,Manual,First,Individual,FWD,3995,1745,1500,5
33488,2018,34000,21126.614,Diesel,Automatic,First,Corporate,RWD,4454,2044,1545,5
6888,2017,36058,22405.395518,Petrol,Manual,First,Individual,FWD,3995,1745,1500,5
9968,2016,88000,54680.648,Diesel,Automatic,First,Individual,FWD,4270,1780,1630,5
4816,2015,98112,60963.951552,Petrol,Manual,First,Individual,FWD,4384,1699,1466,5
18480,2013,58000,36039.518,Diesel,Automatic,First,Individual,RWD,4596,1770,1447,5
17908.8,2015,92355,57386.718705,Petrol,Automatic,First,Individual,FWD,4825,1825,1480,5
7739.2,2019,16652,10347.069892,Petrol,Manual,First,Individual,FWD,3995,1735,1515,5
7280,2016,76584,47587.076664,Diesel,Manual,First,Individual,FWD,4331,1822,1671,5
4648,2015,42500,26408.2675,CNG,Manual,First,Individual,FWD,3599,1495,1700,5
7492.8,2016,70000,43495.97,Diesel,Manual,First,Individual,FWD,3995,1790,1640,5
5880,2015,68766,42729.198186,Petrol,Manual,First,Individual,FWD,3985,1734,1505,5
8400,2018,16339,10152.580769,Petrol,Manual,First,Individual,FWD,4375,1700,1475,5
4984,2016,63882,39694.422222,Petrol,Manual,First,Individual,FWD,3990,1680,1505,5
5521.6,2012,28732,17853.231572,Petrol,Manual,First,Individual,FWD,4540,1760,1480,5
6843.2,2017,51349,31906.779479,Petrol,Manual,First,Individual,FWD,3985,1734,1505,5
5320,2014,61866,38441.738286,Petrol,Automatic,First,Individual,FWD,3765,1660,1520,5
10360,2017,29401,18268.928771,Petrol,Manual,First,Individual,FWD,4270,1780,1630,5
14840,2012,98580,61254.75318,Diesel,Automatic,First,Individual,FWD,4915,1874,1455,5
43680,2021,8000,4970.968,Diesel,Automatic,First,Individual,RWD,4454,2044,1545,5
14548.8,2020,31348,19478.738108,Diesel,Manual,First,Individual,FWD,3995,1821,1627,5
6496,2018,28851,17927.174721,Diesel,Manual,First,Corporate,FWD,3840,1735,1530,5
17640,2021,8519,5293.459549,Petrol,Manual,First,Individual,AWD,3985,1820,1844,4
4200,2011,78000,48466.938,Petrol,Manual,First,Individual,FWD,4420,1695,1480,5
25200,2015,48000,29825.808,Diesel,Automatic,First,Individual,RWD,4879,1854,1474,5
15680,2014,143000,88856.053,Diesel,Automatic,Second,,RWD,4705,1840,1850,7
4760,2014,24000,14912.904,Petrol,Automatic,Second,Individual,FWD,4386,1699,1466,5
2800,2015,62000,38525.002,Petrol,Manual,Second,Individual,FWD,3395,1490,1475,5
4760,2012,78000,48466.938,Diesel,Manual,Second,Individual,FWD,4265,1695,1685,7
2632,2014,82000,50952.422,Diesel,Manual,Second,Individual,FWD,3795,1680,1427,5
34160,2020,40910,25420.28761,Diesel,Automatic,First,Individual,FWD,4456,1796,1416,5
24024,2020,10290,6393.90759,Diesel,Manual,First,Individual,FWD,4598,1894,1706,5
13944,2021,10530,6543.03663,Petrol,Automatic,First,Individual,FWD,3995,1775,1505,5
6148.8,2015,61900,38462.8649,Petrol,Manual,First,Individual,FWD,3985,1734,1505,5
5431.9888,2013,78000,48466.938,Diesel,Manual,Second,Individual,FWD,3970,1682,1453,5
4648,2014,57402,35667.938142,Petrol,Manual,First,Individual,FWD,3995,1695,1555,5
2240,2013,57000,35418.147,CNG,Manual,First,Individual,FWD,3565,1525,1590,5
4200,2015,87500,54369.9625,Petrol,Manual,First,Individual,FWD,3765,1660,1520,5
21000,2022,18000,11184.678,Petrol,Automatic,First,Individual,FWD,4300,1790,1635,5
33040,2020,10700,6648.6697,Petrol,Automatic,First,Individual,AWD,4318,1805,1548,5
11760,2020,16282,10117.162622,Petrol,Automatic,First,Individual,FWD,3995,1775,1505,5
5264,2013,66000,41010.486,Diesel,Manual,Third,Individual,FWD,4370,1700,1475,5
3864,2017,72019,44750.518049,Petrol,Manual,Second,Individual,FWD,3599,1495,1700,5
6160,2007,92170,57271.76507,Diesel,Manual,Second,Individual,RWD,4495,1817,1975,7
5431.9888,2018,55221,34312.727991,Petrol,Manual,First,Individual,FWD,3765,1660,1520,5
37520,2018,25000,15534.275,Diesel,Automatic,First,Individual,RWD,4795,1855,1835,7
9968,2020,23500,14602.2185,Petrol,Manual,First,Individual,FWD,4360,1822,1695,5
3640,2012,68000,42253.228,Petrol,Manual,Second,Individual,FWD,3995,1695,1555,5
15568,2019,29096,18079.410616,Petrol,Automatic,First,Individual,FWD,4270,1780,1665,5
5151.9888,2016,61223,38042.196733,Petrol,Manual,First,Individual,FWD,3765,1660,1520,5
12040,2017,86000,53437.906,Diesel,Manual,First,Individual,FWD,4395,1818,1640,5
5431.9888,2013,87000,54059.277,Diesel,Manual,First,Individual,FWD,4440,1729,1475,5
4312,2013,79287,49266.642477,Petrol,Manual,First,Individual,FWD,3995,1710,1505,5
43680,2018,48945,30413.003595,Diesel,Automatic,First,Corporate,FWD,4933,1874,1455,5
11760,2019,17000,10563.307,Diesel,Manual,First,Individual,FWD,4585,1866,1774,8
17640,2019,55000,34175.405,Diesel,Manual,First,Individual,FWD,4315,1800,1645,5
7336,2016,38779,24096.146009,Petrol,Manual,First,Individual,FWD,3995,1745,1500,5
9688,2016,67000,41631.857,Diesel,Manual,First,Individual,FWD,4296,1695,1685,7
7828.8,2017,67000,41631.857,Petrol,Manual,First,Individual,FWD,4370,1700,1475,5
4760,2012,70000,43495.97,Diesel,Manual,Second,Individual,FWD,4370,1700,1475,5
32480,2017,46000,28583.066,Diesel,Automatic,First,Individual,RWD,4795,1855,1835,7
5488,2015,23103,14355.534213,Petrol,Manual,First,Individual,FWD,3995,1660,1520,5
16520,2019,9576,5950.248696,Petrol,Automatic,First,Individual,FWD,4270,1780,1665,5
19767.9888,2021,1942,1206.702482,Petrol,Automatic,First,Individual,FWD,4323,1809,1650,5
2800,2006,119300,74129.5603,Petrol,Automatic,Third,Individual,AWD,4630,1780,1710,5
2744,2016,55000,34175.405,Petrol,Manual,First,Individual,FWD,3395,1490,1475,5
5488,2015,98000,60894.358,Diesel,Manual,Second,Individual,FWD,4315,1822,1695,5
6160,2017,61400,38152.1794,Petrol,Manual,First,Individual,FWD,3765,1660,1520,5
7560,2016,87693,54489.887103,Petrol,Manual,First,Individual,FWD,4440,1695,1495,5
24920,2015,31000,19262.501,Petrol,Automatic,First,Individual,RWD,4686,1810,1442,5
6272,2016,75210,46733.31291,Diesel,Manual,First,Individual,FWD,3985,1734,1505,5
2520,2012,69000,42874.599,Petrol,Manual,First,Individual,FWD,4000,1642,1522,5
5588.8,2014,88000,54680.648,Diesel,Automatic,Second,Individual,FWD,4386,1699,1466,5
11816,2020,15000,9320.565,Petrol,Automatic,First,Individual,FWD,3995,1790,1647,5
22948.7888,2020,45350,28179.17485,Diesel,Automatic,First,Individual,FWD,4585,1890,1785,7
31080,2018,68189,42370.667119,Diesel,Automatic,First,Individual,RWD,4633,1811,1429,5
18480,2015,75000,46602.825,Diesel,Automatic,First,Individual,FWD,4417,1804,1494,5
16240,2014,33000,20505.243,Diesel,Automatic,Second,Individual,FWD,4915,1874,1455,5
6720,2014,83000,51573.793,Diesel,Manual,Second,Individual,RWD,4430,1817,1975,8
18760,2014,211000,131109.281,Diesel,Manual,First,Individual,AWD,4705,1840,1850,7
6440,2015,67000,41631.857,Petrol,Manual,First,Individual,FWD,3985,1734,1505,5
7828.8,2017,75000,46602.825,Diesel,Manual,First,Individual,FWD,3999,1765,1708,5
27440,2014,48600,30198.6306,Diesel,Automatic,Second,Individual,AWD,5089,1983,1737,6
31080,2016,48000,29825.808,Diesel,Automatic,First,Individual,RWD,4686,1810,1442,5
4816,2020,5790,3597.73809,Petrol,Manual,First,Individual,FWD,3565,1520,1564,5
13048,2018,32000,19883.872,Diesel,Manual,First,Individual,RWD,4456,1820,1995,7
19936,2020,65433,40658.168643,Diesel,Manual,First,Individual,FWD,4655,1835,1760,5
3304,2011,87230,54202.19233,Diesel,Manual,First,Individual,FWD,3760,1690,1530,5
5544,2017,38258,23772.411718,Diesel,Manual,Second,Individual,FWD,3840,1735,1530,5
10920,2019,56881,35344.203851,Petrol,Manual,First,Individual,FWD,4440,1695,1495,5
4760,2014,72000,44738.712,Diesel,Manual,Second,Individual,FWD,4315,1822,1695,5
15120,2012,72000,44738.712,Diesel,Automatic,UnRegistered Car,Individual,AWD,4385,1831,1608,5
35840,2014,60514,37601.644694,Diesel,Automatic,First,Individual,AWD,4781,1911,1774,5
14000,2013,71141,44204.954311,Diesel,Automatic,First,Individual,FWD,4370,1783,1458,5
6272,2013,37000,22990.727,Diesel,Manual,First,Individual,FWD,3995,1695,1555,5
13675.2,2019,46000,28583.066,Diesel,Manual,First,Individual,RWD,4456,1820,1995,7
3304,2009,70200,43620.2442,Petrol,Automatic,Second,Individual,FWD,4420,1695,1480,5
14560,2012,64800,40264.8408,Petrol,Automatic,First,Individual,RWD,4596,1770,1447,5
10640,2016,73000,45360.083,Diesel,Automatic,First,Individual,FWD,4270,1780,1630,5
15120,2012,72000,44738.712,Diesel,Automatic,Second,Individual,RWD,4868,1854,1471,5
30038.4,2015,76345,47438.568995,Diesel,Automatic,First,Individual,AWD,4804,2141,1796,5
3203.2,2017,40564,25205.293244,Petrol,Manual,First,Individual,FWD,3395,1490,1475,5
3808,2013,98500,61205.0435,Diesel,Manual,First,Individual,FWD,3995,1710,1505,5
12600,2020,46807,29084.512397,Petrol,Automatic,First,Individual,FWD,4413,1699,1466,5
6496,2018,81000,50331.051,Petrol,Automatic,First,Individual,FWD,3994,1811,1607,5
5544,2015,13716,8522.724636,Petrol,Manual,First,Individual,FWD,3995,1695,1555,5
6160,2014,89000,55302.019,Diesel,Manual,First,Individual,FWD,3995,1695,1555,5
16632,2021,13000,8077.823,Diesel,Automatic,First,Individual,FWD,3995,1790,1647,5
9912,2018,38000,23612.098,Petrol,Manual,First,Individual,FWD,4413,1699,1466,5
40880,2012,25500,15844.9605,Petrol,Automatic,Second,Corporate,AWD,4649,1860,1366,5
8008,2020,17000,10563.307,Petrol,Automatic,First,Individual,FWD,3805,1680,1520,5
27832,2012,44724,27790.196604,Petrol,Automatic,First,Individual,AWD,5157,2183,1659,7
25200,2020,24549,15254.036679,Diesel,Manual,Second,Individual,RWD,4735,1830,1795,7
11760,2017,97000,60272.987,Diesel,Automatic,First,Corporate,FWD,4270,1780,1630,5
40320,2018,7800,4846.6938,Diesel,Automatic,First,Individual,RWD,4795,1855,1835,7
3304,2010,78000,48466.938,Petrol,Manual,First,Corporate,FWD,4420,1695,1480,5
4200,2019,55000,34175.405,Petrol,Manual,First,Individual,FWD,3679,1579,1478,5
26824,2021,13594,8446.917374,Diesel,Automatic,First,Individual,FWD,4661,1894,1786,6
19880,2014,75000,46602.825,Diesel,Automatic,First,Individual,FWD,4915,1874,1455,5
3640,2014,43037,26741.943727,Petrol,Manual,First,Individual,FWD,3610,1680,1500,5
4760,2013,26000,16155.646,Diesel,Manual,First,Individual,FWD,3850,1695,1530,5
16520,2020,78000,48466.938,Diesel,Manual,First,Individual,RWD,4456,1820,1995,7
17696,2018,115000,71457.665,Diesel,Automatic,First,Individual,RWD,4735,1830,1795,7
9732.8,2021,8700,5405.9277,Petrol,Automatic,First,Individual,FWD,3995,1695,1501,5
21280,2020,41736,25933.540056,Diesel,Automatic,First,Individual,AWD,4395,1818,1640,5
39760,2020,55000,34175.405,Diesel,Automatic,First,Corporate,RWD,4795,1855,1835,7
39200,2014,160000,99419.36,Petrol,Automatic,First,Individual,AWD,4846,1939,1702,5
27160,2022,11000,6835.081,Diesel,Automatic,First,Individual,RWD,4735,1830,1795,7
8400,2011,117000,72700.407,Diesel,Manual,Second,Individual,AWD,4695,1840,1850,7
24640,2014,95000,59030.245,Diesel,Automatic,First,Individual,AWD,5089,1983,1737,7
5824,2019,76000,47224.196,CNG,Manual,First,Individual,FWD,3655,1620,1675,5
4368,2018,18000,11184.678,Petrol,Manual,First,Individual,FWD,3545,1490,1475,5
6048,2015,38000,23612.098,Petrol,Manual,First,Individual,FWD,4490,1730,1485,5
7828.8,2018,43000,26718.953,Diesel,Automatic,First,Individual,FWD,3840,1735,1530,5
5431.9888,2013,107000,66486.697,Diesel,Manual,First,Individual,FWD,4370,1700,1475,5
9520,2011,85000,52816.535,Diesel,Automatic,Second,Individual,RWD,4868,1854,1471,5
12152,2018,8922,5543.872062,Petrol,Automatic,First,Individual,FWD,3994,1811,1607,5
3572.8,2013,47800,29701.5338,Petrol,Manual,First,Individual,FWD,3395,1490,1475,5
6148.8,2012,143000,88856.053,Diesel,Manual,First,Individual,FWD,4585,1890,1785,7
19320,2019,68758,42724.227218,Diesel,Manual,First,Individual,FWD,4598,1894,1706,5
5320,2015,72000,44738.712,Diesel,Manual,Second,Individual,FWD,4386,1683,1603,7
9968,2022,7500,4660.2825,Petrol,Manual,First,Individual,FWD,3827,1742,1615,5
4984,2016,22402,13919.953142,Petrol,Manual,First,Individual,FWD,3765,1660,1520,5
11872,2019,12382,7693.815722,Petrol,Manual,First,Corporate,FWD,4440,1695,1495,5
7728,2017,61000,37903.631,Diesel,Manual,First,Individual,FWD,3995,1745,1500,5
47040,2018,90868,56462.740028,Diesel,Automatic,First,Individual,AWD,4731,2071,1651,5
19600,2015,72000,44738.712,Diesel,Automatic,Second,Individual,AWD,4705,1840,1850,7
4424,2018,75500,46913.5105,Petrol,Manual,First,Individual,FWD,3679,1579,1478,5
31248,2018,25000,15534.275,Diesel,Automatic,First,Individual,FWD,4439,1821,1612,5
27720,2018,38000,23612.098,Diesel,Automatic,First,Individual,AWD,4385,1831,1608,5
1624,2009,39586,24597.592406,Petrol,Manual,First,Individual,FWD,3520,1475,1690,5
8400,2018,33647,20907.270037,Petrol,Automatic,First,Individual,FWD,3985,1734,1505,5
10640,2016,86000,53437.906,Diesel,Manual,First,Individual,FWD,4585,1890,1785,7
6372.8,2018,57847,35944.448237,Petrol,Manual,First,Individual,FWD,3765,1660,1520,5
5264,2016,74000,45981.454,Petrol,Manual,First,Individual,FWD,3995,1695,1555,5
5040,2014,85000,52816.535,Diesel,Manual,Second,Individual,FWD,4331,1822,1671,5
3348.8,2016,26000,16155.646,Petrol,Manual,First,Individual,FWD,3679,1579,1478,5
21000,2020,18000,11184.678,Petrol,Automatic,First,Individual,FWD,4300,1790,1635,5
20440,2022,11000,6835.081,Diesel,Automatic,First,Individual,AWD,3985,1820,1844,4
49940.8,2018,57300,35604.5583,Diesel,Automatic,First,Individual,AWD,4600,2069,1724,7
8848,2019,25000,15534.275,Petrol,Automatic,First,Individual,FWD,3995,1745,1510,5
12264,2017,39000,24233.469,Petrol,Automatic,Second,Individual,FWD,4270,1780,1630,5
21840,2020,45000,27961.695,Diesel,Manual,First,Individual,RWD,4735,1830,1795,7
5880,2015,80852,50239.088092,Petrol,Automatic,Second,Individual,FWD,3970,1682,1453,5
23520,2018,75592,46970.676632,Diesel,Automatic,First,Individual,RWD,4825,1860,1840,7
3024,2014,54420,33815.00982,Petrol,Manual,First,Individual,FWD,3620,1475,1460,5
10023.9888,2015,39780,24718.13838,Petrol,Automatic,First,Individual,FWD,4620,1775,1475,5
3752,2013,78301,48653.970671,Petrol,Automatic,Second,Individual,FWD,3585,1595,1550,5
11200,2018,38000,23612.098,Diesel,Manual,First,Individual,RWD,4788,1903,1791,7
2464,2009,126535,78625.179485,Petrol,Manual,First,Individual,FWD,3565,1595,1550,5
10752,2016,37079,23039.815309,Petrol,Automatic,First,Individual,FWD,4270,1780,1630,5
14560,2014,51000,31689.921,Diesel,Automatic,Second,Individual,AWD,4385,1831,1608,5
4200,2013,39000,24233.469,Petrol,Manual,First,Individual,FWD,3970,1682,1453,5
36948.8,2017,29999,18640.508629,Diesel,Automatic,First,Individual,RWD,4795,1967,1416,5
20148.7888,2016,84700,52630.1237,Diesel,Automatic,First,Individual,AWD,4385,1831,1608,5
6104,2014,56000,34796.776,Petrol,Manual,First,Individual,FWD,4370,1700,1475,5
12152,2022,3383,2102.098093,Petrol,Manual,First,Individual,FWD,3995,1770,1605,5
8120,2018,42000,26097.582,Diesel,Manual,First,Individual,FWD,3995,1790,1640,5
12208,2012,65000,40389.115,Diesel,Automatic,Second,Individual,AWD,4648,1881,1661,5
10080,2019,17000,10563.307,Petrol,Manual,First,Individual,FWD,3999,1734,1601,5
38080,2016,38000,23612.098,Diesel,Automatic,Second,Individual,RWD,4936,1868,1479,5
3304,2014,62500,38835.6875,Diesel,Manual,First,Individual,FWD,3990,1680,1505,5
25211.2,2021,30229,18783.423959,Diesel,Automatic,First,Individual,FWD,4598,1894,1706,5
4816,2016,26600,16528.4686,CNG,Manual,First,Individual,FWD,3599,1495,1700,5
6720,2017,86000,53437.906,Diesel,Manual,Second,Individual,FWD,4490,1730,1485,5
17864,2017,86000,53437.906,Petrol,Automatic,First,Individual,FWD,4475,1850,1660,5
4200,2013,29135,18103.644085,Petrol,Manual,First,Individual,FWD,3995,1710,1505,5
13440,2015,50965,31668.173015,Diesel,Automatic,First,Corporate,FWD,4370,1783,1458,5
17080,2014,72000,44738.712,Diesel,Automatic,First,Individual,RWD,4705,1840,1850,7
29960,2016,28000,17398.388,Petrol,Automatic,First,Individual,RWD,4686,1810,1442,5
6104,2015,42000,26097.582,Petrol,Automatic,First,Individual,FWD,3955,1694,1544,5
2184,2010,32000,19883.872,Petrol,Manual,First,Individual,FWD,3900,1695,1535,5
27988.8,2015,50623,31455.664133,Diesel,Automatic,Second,Individual,AWD,4465,1900,1635,5
12286.4,2022,1700,1056.3307,Diesel,Manual,First,Individual,FWD,3995,1770,1605,5
12264,2020,43260,26880.50946,Petrol,Automatic,First,Individual,FWD,3971,1682,1469,5
3640,2015,67738,42090.428798,CNG,Manual,Second,Individual,FWD,3599,1495,1700,5
15400,2019,69000,42874.599,Diesel,Manual,First,Individual,AWD,4456,1820,1995,7
8344,2021,14722,9147.823862,Petrol,Manual,First,Individual,FWD,3845,1735,1530,5
24360,2017,29000,18019.759,Diesel,Manual,First,Individual,RWD,4735,1830,1795,7
14000,2017,60200,37406.5342,Petrol,Automatic,First,Corporate,FWD,4395,1818,1640,5
5600,2017,140000,86991.94,Diesel,Manual,First,Individual,FWD,3850,1695,1530,5
7000,2017,23798,14787.387058,Petrol,Manual,First,Individual,FWD,3999,1734,1601,5
2800,2011,55000,34175.405,Petrol,Manual,First,Individual,FWD,4420,1695,1480,5
7280,2017,51000,31689.921,Petrol,Automatic,First,Individual,FWD,4384,1699,1466,5
3472,2014,49000,30447.179,Petrol,Manual,Second,Individual,FWD,3610,1680,1500,5
6720,2017,48000,29825.808,Petrol,Manual,First,Individual,FWD,4315,1822,1695,5
3304,2013,74000,45981.454,Diesel,Manual,First,Individual,FWD,4291,1722,1496,5
5431.9888,2012,102000,63379.842,Diesel,Manual,Second,Individual,FWD,4585,1890,1785,7
47600,2018,32000,19883.872,Petrol,Automatic,First,Individual,RWD,4936,1868,1479,5
4200,2013,97000,60272.987,Diesel,Manual,First,Individual,RWD,4655,1965,1922,7
18200,2021,16000,9941.936,Petrol,Automatic,First,Individual,FWD,4315,1800,1645,5
47600,2017,80000,49709.68,Diesel,Automatic,First,Individual,AWD,4922,2004,1745,5
5376,2014,115000,71457.665,Diesel,Manual,First,Individual,FWD,3999,1765,1708,5
6608,2020,74000,45981.454,Petrol,Manual,First,Individual,FWD,3805,1680,1520,5
6283.2,2015,61000,37903.631,Diesel,Manual,First,Individual,FWD,3985,1734,1505,5
8120,2014,104814,65128.379994,Petrol,Manual,First,Individual,FWD,4540,1760,1480,5
7224,2013,17000,10563.307,Petrol,Manual,First,Individual,FWD,4530,1775,1470,5
18984,2015,60000,37282.26,Diesel,Automatic,Second,Individual,AWD,4385,1831,1608,5
5040,2016,45000,27961.695,Petrol,Manual,First,Individual,FWD,3850,1695,1530,5
15400,2016,75811,47106.756881,Diesel,Manual,First,Individual,FWD,4585,1890,1785,7
19040,2021,3813,2369.287623,Petrol,Manual,First,Individual,AWD,3985,1820,1855,4
5880,2016,64928,40344.376288,Petrol,Manual,First,Individual,FWD,3850,1695,1530,5
6608,2018,68500,42563.9135,Diesel,Manual,First,Individual,FWD,3995,1735,1515,5
16744,2014,85000,52816.535,Diesel,Automatic,First,Individual,RWD,4705,1840,1850,7
36960,2017,41296,25660.136816,Diesel,Automatic,First,Individual,RWD,4899,2094,1464,5
4312,2013,72567,45091.029357,Diesel,Manual,First,Individual,FWD,3990,1680,1505,5
5992,2020,4295,2668.788445,Petrol,Manual,First,Individual,FWD,3636,1475,1670,5
9800,2018,82000,50952.422,Diesel,Manual,First,Individual,FWD,3995,1790,1640,5
3304,2010,33000,20505.243,Petrol,Manual,First,Individual,FWD,4160,1690,1530,5
10863.9888,2018,68000,42253.228,Diesel,Manual,First,Individual,FWD,4270,1780,1665,5
19040,2022,8530,5300.29463,Petrol,Automatic,UnRegistered Car,Individual,FWD,4549,1748,1489,5
20047.9888,2018,46000,28583.066,Petrol,Automatic,First,Individual,FWD,4475,1850,1660,5
22007.9888,2020,26000,16155.646,Petrol,Manual,First,Individual,RWD,4735,1830,1795,7
44800,2014,39394,24478.289174,Petrol,Automatic,Second,Individual,AWD,4198,1842,1353,2
5431.9888,2018,35000,21747.985,Petrol,Automatic,First,Individual,FWD,3746,1647,1535,5
6496,2019,17881,11110.734851,Petrol,Manual,First,Individual,FWD,3850,1695,1530,5
5040,2014,48409,30079.948739,Petrol,Manual,Second,Individual,FWD,4440,1695,1495,5
3976,2020,40000,24854.84,Petrol,Manual,First,Individual,FWD,3395,1490,1475,5
26600,2017,61643,38303.172553,Diesel,Automatic,First,Individual,AWD,4385,1831,1608,5
11760,2022,1500,932.0565,Petrol,Manual,First,Individual,FWD,3993,1811,1606,5
4984,2014,38985,24224.148435,Diesel,Manual,First,Individual,FWD,3998,1765,1647,5
5544,2015,52000,32311.292,Petrol,Manual,First,Individual,FWD,3955,1694,1544,5
3080,2011,42000,26097.582,Petrol,Manual,First,Individual,FWD,3585,1595,1550,5
5208,2014,29442,18294.404982,Petrol,Automatic,First,Individual,FWD,3990,1680,1505,5
11760,2017,71800,44614.4378,Diesel,Manual,First,Individual,FWD,4395,1818,1640,5
7784,2020,18000,11184.678,CNG,Manual,First,Individual,FWD,3805,1680,1520,5
35952,2018,37000,22990.727,Diesel,Automatic,First,Individual,RWD,4795,1855,1835,7
3012.8,2009,85000,52816.535,Petrol,Manual,Second,Individual,FWD,4420,1695,1480,5
4984,2018,65555,40733.975905,Diesel,Manual,Second,Individual,FWD,3995,1660,1520,5
42560,2018,87000,54059.277,Diesel,Automatic,First,Individual,AWD,4657,1881,1678,5
11200,2018,42000,26097.582,Petrol,Automatic,First,Individual,FWD,4270,1780,1630,5
16688,2018,68000,42253.228,Diesel,Manual,Second,Individual,AWD,4456,1820,1995,7
17360,2022,600,372.8226,Petrol,Manual,First,Individual,FWD,4323,1809,1650,5
5431.9888,2017,86006,53441.634226,Diesel,Manual,First,Individual,FWD,3884,1695,1510,5
4760,2014,75000,46602.825,Diesel,Manual,First,Individual,FWD,4440,1695,1495,5
12880,2014,99000,61515.729,Diesel,Manual,First,Individual,RWD,4456,1820,1995,8
35784,2021,21651,13453.303521,Petrol,Automatic,First,Individual,FWD,4861,1864,1483,5
8120,2016,84000,52195.164,Diesel,Manual,First,Individual,FWD,3995,1760,1555,5
27440,2014,65000,40389.115,Diesel,Automatic,Second,Individual,AWD,4804,2141,1796,5
8299.2,2017,31000,19262.501,Petrol,Automatic,First,Individual,FWD,4490,1730,1485,5
17360,2020,28000,17398.388,Diesel,Manual,First,Individual,AWD,3985,1820,1920,6
7224,2015,64000,39767.744,Diesel,Manual,First,Individual,FWD,4440,1695,1495,5
6160,2014,85000,52816.535,Diesel,Manual,First,Individual,FWD,4440,1695,1495,5
6664,2017,35000,21747.985,Petrol,Automatic,Third,Individual,FWD,3995,1745,1500,5
17864,2015,44000,27340.324,Diesel,Automatic,First,Individual,FWD,4370,1783,1458,5
5600,2017,32000,19883.872,Petrol,Automatic,Second,Individual,FWD,3715,1635,1565,5
3864,2016,49857,30979.693947,Petrol,Manual,First,Individual,FWD,3599,1495,1700,5
3348.8,2013,46000,28583.066,Petrol,Manual,First,Individual,FWD,3636,1475,1670,5
1792,2008,50000,31068.55,Petrol,Manual,Second,Individual,FWD,3520,1475,1690,5
6384,2017,36000,22369.356,Petrol,Automatic,First,Individual,FWD,3995,1745,1500,5
8960,2021,13000,8077.823,Petrol,Automatic,First,Individual,FWD,3991,1750,1605,5
3528,2013,45000,27961.695,Petrol,Manual,First,Individual,FWD,3515,1500,1510,5
20720,2011,26000,16155.646,Petrol,Automatic,First,Individual,RWD,5226,2120,1479,5
6832,2022,3800,2361.2098,CNG,Manual,First,Individual,FWD,3565,1520,1564,4
22344,2018,35123,21824.413633,Diesel,Manual,First,Individual,RWD,4735,1830,1795,8
21000,2021,21000,13048.791,Diesel,Automatic,First,Individual,FWD,4315,1800,1645,5
19588.7888,2022,2670,1659.06057,Petrol,Automatic,First,Individual,FWD,4300,1790,1635,5
7168,2016,124000,77050.004,Diesel,Manual,First,Individual,FWD,4386,1699,1466,5
8724.8,2016,9889,6144.737819,Petrol,Manual,First,Individual,FWD,3985,1734,1505,5
16240,2021,13000,8077.823,Petrol,Automatic,First,Individual,FWD,4440,1695,1495,5
9968,2018,35000,21747.985,Petrol,Automatic,First,Individual,FWD,3994,1811,1607,5
7000,2017,51145,31780.019795,Petrol,Manual,First,Individual,FWD,3995,1745,1500,5
32480,2011,56000,34796.776,Petrol,Automatic,Third,Individual,AWD,4649,1860,1366,5
28000,2017,82900,51511.6559,Diesel,Automatic,First,Individual,FWD,4861,1864,1483,5
3024,2015,64000,39767.744,Petrol,Manual,First,Individual,FWD,3795,1680,1427,5
9240,2019,9644,5992.501924,Petrol,Automatic,First,Individual,FWD,3995,1735,1515,5
4760,2017,41624,25863.946504,Petrol,Automatic,Second,Individual,FWD,3695,1600,1560,5
5151.9888,2016,82844,51476.859124,Diesel,Manual,First,Individual,FWD,3765,1660,1520,5
10976,2011,78000,48466.938,Petrol,Automatic,Second,Individual,RWD,4868,1854,1471,5
8836.8,2017,60444,37558.148724,Petrol,Manual,First,Individual,FWD,4315,1822,1695,5
8680,2014,125000,77671.375,Diesel,Manual,First,Individual,RWD,4456,1820,1995,8
15680,2019,13000,8077.823,Petrol,Automatic,First,Individual,FWD,4270,1780,1630,5
8624,2015,112000,69593.552,Diesel,Manual,First,Individual,FWD,4265,1695,1685,7
5040,2016,53300,33119.0743,Petrol,Manual,First,Individual,FWD,3765,1660,1520,5
9408,2019,34000,21126.614,Petrol,Manual,First,Individual,FWD,4440,1695,1495,5
44800,2017,25500,15844.9605,Diesel,Automatic,Second,Individual,AWD,4360,2120,1635,5
7728,2015,157662,97966.594602,Diesel,Manual,Second,Individual,FWD,4585,1890,1785,7
31360,2018,20000,12427.42,Diesel,Automatic,First,Individual,FWD,4630,1777,1432,5
5880,2018,78900,49026.1719,Diesel,Manual,First,Individual,FWD,3995,1660,1520,5
13440,2017,95785,59518.021235,Diesel,Automatic,First,Individual,RWD,4788,1903,1791,7
6944,2017,92000,57166.132,Diesel,Manual,First,Individual,FWD,3998,1765,1647,5
22388.7888,2017,39328,24437.278688,Diesel,Automatic,First,Individual,FWD,4630,1777,1432,5
30520,2020,18625,11573.034875,Diesel,Automatic,First,Individual,RWD,4735,1830,1795,7
6608,2019,26000,16155.646,Petrol,Manual,First,Individual,FWD,3850,1695,1530,5
16676.8,2014,81000,50331.051,Diesel,Automatic,Second,Individual,FWD,4097,1789,1561,5
7672,2018,92000,57166.132,Diesel,Automatic,First,Individual,FWD,3995,1735,1515,5
12555.2,2019,38000,23612.098,Diesel,Manual,First,Individual,RWD,4456,1820,1930,7
6104,2019,10340,6424.97614,Petrol,Manual,First,Individual,FWD,3599,1495,1700,5
15120,2015,47706,29643.124926,Diesel,Automatic,First,Individual,AWD,4385,1831,1608,5
14548.8,2021,13400,8326.3714,Petrol,Manual,First,Individual,FWD,4445,1775,1700,6
5040,2016,44613,27721.224423,Diesel,Manual,First,Individual,FWD,3995,1695,1525,5
6160,2019,29000,18019.759,Petrol,Manual,First,Individual,FWD,3850,1695,1530,5
49168,2020,23000,14291.533,Diesel,Automatic,First,Corporate,RWD,4633,1811,1429,5
4984,2015,67580,41992.25218,CNG,Manual,First,Individual,FWD,3599,1495,1700,5
5544,2015,42000,26097.582,Petrol,Manual,First,Individual,FWD,4375,1700,1475,5
4032,2015,16205,10069.317055,Petrol,Manual,First,Individual,FWD,3515,1550,1510,5
3864,2007,92000,57166.132,Petrol,Automatic,Third,Individual,AWD,4470,1810,1695,5
6328,2016,29000,18019.759,Petrol,Automatic,First,Individual,FWD,3765,1660,1520,5
6888,2017,69000,42874.599,Diesel,Automatic,First,Individual,RWD,3995,1835,1839,7
5880,2015,114635,71230.864585,Diesel,Manual,First,Individual,FWD,4440,1695,1495,5
29680,2018,50000,31068.55,Diesel,Automatic,Second,Individual,RWD,4454,2044,1545,5
42392,2019,29221,18157.081991,Diesel,Automatic,First,Individual,RWD,4454,2044,1545,5
13160,2012,77000,47845.567,Diesel,Automatic,Second,Individual,FWD,4915,1874,1455,5
16240,2013,70000,43495.97,Diesel,Automatic,Second,Individual,RWD,4624,2031,1429,5
15568,2022,32000,19883.872,Petrol,Automatic,First,Individual,FWD,4549,1748,1489,5
33488,2020,17904,11125.026384,Diesel,Automatic,First,Individual,AWD,4486,1839,1672,5
24080,2012,95000,59030.245,Diesel,Automatic,First,Individual,AWD,4355,2120,1635,5
4480,2016,67850,42160.02235,CNG,Manual,First,Individual,FWD,3599,1495,1700,5
548.8,2010,60000,37282.26,Petrol,Manual,First,Individual,RWD,3099,1495,1652,4
6832,2017,105000,65243.955,Diesel,Manual,First,Corporate,FWD,3850,1695,1530,5
12040,2019,45000,27961.695,Petrol,Automatic,First,Individual,FWD,4270,1780,1665,5
14795.2,2018,38000,23612.098,Petrol,Automatic,First,Corporate,FWD,4620,1775,1475,5
10640,2020,55055,34209.580405,Diesel,Manual,First,Individual,FWD,4300,1785,1595,5
9240,2021,22000,13670.162,Petrol,Manual,First,Individual,FWD,3995,1745,1500,5
14560,2013,95000,59030.245,Diesel,Manual,Second,Individual,AWD,4695,1815,1840,7
5208,2014,25704,15971.720184,Petrol,Manual,First,Individual,FWD,3850,1695,1530,5
5320,2016,55353,34394.748963,Diesel,Manual,Second,Individual,FWD,3995,1695,1555,5
19880,2015,80000,49709.68,Diesel,Automatic,First,Individual,AWD,4385,1831,1608,5
9240,2018,62000,38525.002,Petrol,Automatic,First,Corporate,FWD,4390,1699,1467,5
38640,2019,41526,25803.052146,Diesel,Automatic,First,Individual,AWD,4892,1860,1837,7
4244.8,2018,29434,18289.434014,Petrol,Manual,Second,Individual,FWD,3746,1647,1535,5
2688,2017,42000,26097.582,Petrol,Manual,First,Individual,FWD,3785,1635,1485,5
17080,2021,14000,8699.194,Petrol,Manual,First,Individual,FWD,4315,1800,1645,5
15680,2014,35000,21747.985,Diesel,Automatic,First,Individual,RWD,4624,2031,1429,5
27440,2018,61000,37903.631,Diesel,Automatic,Second,Individual,FWD,4424,1804,1494,5
20047.9888,2015,45000,27961.695,Diesel,Automatic,First,Individual,FWD,4417,1804,1494,5
47880,2019,31000,19262.501,Diesel,Automatic,First,Individual,RWD,4686,1810,1442,5
8680,2020,39000,24233.469,Petrol,Manual,First,Individual,FWD,3995,1775,1505,5
2575.9888,2012,52000,32311.292,Petrol,Manual,First,Individual,FWD,3600,1495,1595,5
3360,2018,51000,31689.921,Petrol,Manual,First,Individual,FWD,3495,1550,1500,5
1792,2011,72000,44738.712,Petrol,Manual,First,Individual,FWD,3545,1490,1475,5
18872,2016,80251,49865.644121,Diesel,Automatic,Second,Individual,AWD,4385,1831,1608,5
3024,2010,86000,53437.906,Petrol,Manual,Second,Individual,FWD,3565,1595,1550,5
2352,2014,42505,26411.374355,Petrol,Manual,First,Individual,FWD,3395,1490,1475,5
7000,2017,42000,26097.582,Petrol,Manual,First,Individual,FWD,3985,1734,1505,5
16688,2019,57600,35790.9696,Petrol,Automatic,First,Individual,FWD,4315,1800,1645,5
12264,2018,57000,35418.147,Diesel,Manual,First,Individual,FWD,4585,1890,1785,7
9520,2014,85000,52816.535,Diesel,Automatic,First,Individual,AWD,5060,1788,1826,7
17920,2016,128000,79535.488,Diesel,Automatic,Second,Corporate,FWD,4475,1850,1660,5
2968,2011,66000,41010.486,Petrol,Manual,First,Individual,FWD,4265,1695,1510,5
4032,2013,58000,36039.518,Petrol,Manual,First,Individual,FWD,4384,1699,1466,5
16632,2015,64120,39842.30852,Diesel,Manual,Second,Individual,RWD,4705,1840,1850,7
8960,2017,82300,51138.8333,Petrol,Manual,First,Individual,FWD,4490,1730,1485,5
7952,2017,73000,45360.083,Diesel,Manual,First,Individual,FWD,3995,1790,1640,5
7952,2018,72000,44738.712,Diesel,Manual,First,Individual,FWD,4300,1765,1590,5
8064,2018,50197,31190.960087,Petrol,Manual,First,Individual,FWD,3971,1682,1469,5
4424,2014,44527,27667.786517,Petrol,Manual,First,Individual,FWD,3990,1680,1505,5
31348.8,2017,72400,44987.2604,Diesel,Automatic,First,Individual,FWD,4726,1842,1427,5
5096,2014,50000,31068.55,Petrol,Manual,Second,Individual,FWD,3999,1765,1708,5
7728,2014,37000,22990.727,Petrol,Manual,First,Individual,FWD,4440,1695,1495,5
22344,2020,8000,4970.968,Diesel,Automatic,First,Individual,FWD,4598,1894,1706,5
19600,2014,69000,42874.599,Diesel,Automatic,Second,Individual,RWD,4899,2094,1464,5
32480,2019,25000,15534.275,Diesel,Automatic,First,Individual,RWD,4454,2044,1545,5
5040,2013,61000,37903.631,Petrol,Manual,First,Individual,FWD,4440,1695,1485,5
24068.8,2015,69000,42874.599,Diesel,Automatic,First,Individual,RWD,4936,1868,1479,5
47040,2015,77000,47845.567,Diesel,Automatic,Second,Individual,AWD,5120,1934,1850,7
9632,2018,82200,51076.6962,Diesel,Manual,First,Individual,FWD,3994,1811,1607,5
9800,2018,28000,17398.388,Petrol,Manual,First,Individual,FWD,4440,1695,1495,5
6496,2011,117000,72700.407,Diesel,Manual,Second,Individual,AWD,4430,1817,1975,7
39200,2021,7900,4908.8309,Diesel,Automatic,First,Individual,AWD,4985,1926,1867,6
2575.9888,2010,72000,44738.712,Petrol,Manual,First,Individual,FWD,4160,1690,1530,5
16945.6,2015,79000,49088.309,Diesel,Automatic,Second,Individual,AWD,4385,1831,1608,5
2620.8,2013,72600,45111.5346,Petrol,Manual,First,Individual,FWD,3620,1475,1460,5
3584,2018,42313,26292.071123,Petrol,Automatic,Second,Individual,FWD,3429,1560,1541,5
11480,2019,90000,55923.39,Diesel,Manual,First,Individual,FWD,3995,1790,1640,5
7056,2017,36000,22369.356,Diesel,Manual,First,Individual,FWD,3995,1735,1515,5
12208,2020,26200,16279.9202,Petrol,Automatic,First,Individual,FWD,3995,1770,1605,5
7840,2019,11000,6835.081,Petrol,Manual,Second,Individual,FWD,3840,1735,1530,5
7403.2,2021,14366,8926.615786,Petrol,Manual,First,Individual,FWD,3845,1735,1530,5
6328,2017,65000,40389.115,Diesel,Manual,Second,Individual,RWD,3995,1835,1839,7
8400,2014,126000,78292.746,Diesel,Manual,First,Individual,RWD,4585,1760,1760,7
20720,2015,71700,44552.3007,Diesel,Automatic,Second,Individual,AWD,4385,1831,1608,5
9520,2016,114000,70836.294,Diesel,Manual,First,Individual,FWD,4585,1890,1785,7
5992,2016,58339,36250.162769,Diesel,Manual,First,Individual,FWD,3985,1734,1505,5
8624,2019,72040,44763.56684,Diesel,Automatic,First,Individual,FWD,3995,1735,1515,5
40880,2019,6000,3728.226,Petrol,Automatic,First,Individual,RWD,4633,1811,1429,5
13384,2022,6200,3852.5002,Petrol,Manual,First,Individual,FWD,3995,1790,1647,5
18480,2012,44000,27340.324,Petrol,Automatic,Third,Individual,RWD,5226,2120,1479,5
35828.8,2021,6900,4287.4599,Petrol,Automatic,First,Individual,FWD,4861,1864,1483,5
7000,2016,68000,42253.228,Petrol,Automatic,First,Individual,FWD,3971,1682,1469,5
8344,2018,36000,22369.356,Diesel,Manual,First,Individual,FWD,3995,1790,1640,5
6171.2,2021,19000,11806.049,Petrol,Manual,First,Individual,FWD,3610,1645,1560,5
36960,2019,6400,3976.7744,Diesel,Automatic,First,Individual,FWD,3821,1727,1414,5
36400,2019,34000,21126.614,Diesel,Automatic,First,Individual,AWD,4903,1869,1837,7
7728,2016,35000,21747.985,Diesel,Automatic,Second,Individual,FWD,4315,1822,1695,5
10023.9888,2019,46000,28583.066,Diesel,Automatic,First,Individual,FWD,3995,1790,1640,5
6160,2016,83000,51573.793,Diesel,Manual,First,Individual,FWD,4386,1699,1466,5
4468.8,2013,54000,33554.034,Diesel,Manual,Third,Individual,FWD,3999,1765,1708,5
14280,2020,42000,26097.582,Petrol,Manual,First,Individual,FWD,4315,1800,1645,5
5992,2020,41441,25750.235611,Petrol,Manual,First,Individual,RWD,3675,1475,1800,5
9240,2018,48174,29933.926554,Diesel,Manual,First,Individual,FWD,3995,1790,1640,5
6552,2016,62591,38892.232261,Diesel,Manual,First,Individual,FWD,3998,1765,1647,5
7560,2017,48650,30229.69915,Petrol,Automatic,First,Individual,FWD,3955,1694,1544,5
8904,2017,52245,32463.527895,Diesel,Manual,First,Individual,FWD,4300,1785,1595,5
6843.2,2017,65000,40389.115,Diesel,Manual,First,Individual,FWD,3985,1734,1505,5
4368,2015,43297,26903.500187,Petrol,Manual,First,Individual,FWD,3599,1495,1700,5
7280,2019,44710,27781.49741,Petrol,Manual,First,Individual,FWD,3850,1695,1530,5
4368,2013,62000,38525.002,Diesel,Manual,First,Individual,FWD,4618,1813,1488,5
26880,2017,59267,36826.795057,Diesel,Automatic,First,Individual,FWD,4726,1842,1427,5
4312,2011,69000,42874.599,Petrol,Manual,First,Individual,FWD,3850,1695,1530,5
7268.8,2020,52236,32457.935556,Petrol,Manual,First,Individual,FWD,3765,1660,1520,5
32480,2019,15530,9649.89163,Diesel,Automatic,First,Individual,FWD,4456,1796,1416,5
4480,2014,64000,39767.744,Diesel,Manual,First,Individual,FWD,3995,1695,1555,5
6708.8,2020,35000,21747.985,Petrol,Automatic,First,Individual,FWD,3805,1680,1520,5
33376,2019,92000,57166.132,Diesel,Manual,First,Individual,RWD,4795,1855,1835,7
39200,2018,18000,11184.678,Petrol,Automatic,First,Individual,FWD,4726,1842,1427,5
4480,2016,50000,31068.55,Petrol,Manual,First,Individual,FWD,3955,1694,1544,5
41440,2015,103890,64554.23319,Diesel,Automatic,Second,Individual,AWD,5120,1934,1850,7
4984,2018,71000,44117.341,Petrol,Manual,First,Individual,FWD,3600,1600,1560,5
16520,2021,12000,7456.452,Diesel,Manual,First,Individual,AWD,3985,1820,1844,4
31360,2016,93000,57787.503,Diesel,Automatic,First,Individual,RWD,4795,1855,1835,7
6720,2020,10000,6213.71,Petrol,Manual,First,Individual,FWD,3850,1695,1530,5
20552,2020,33828,21019.738188,Diesel,Automatic,First,Individual,FWD,4315,1800,1645,5
6160,2019,48000,29825.808,CNG,Manual,First,Individual,FWD,3655,1620,1675,5
8008,2017,71000,44117.341,Diesel,Manual,First,Individual,FWD,3995,1790,1640,5
28448,2022,18000,11184.678,Diesel,Automatic,First,Individual,FWD,4695,1890,1755,7
5880,2019,50000,31068.55,CNG,Manual,First,Individual,FWD,3655,1620,1675,5
4760,2015,48000,29825.808,Petrol,Manual,First,Individual,FWD,3765,1660,1520,5
8904,2022,4000,2485.484,Petrol,Automatic,First,Individual,FWD,3995,1775,1505,5
3012.8,2010,73000,45360.083,Petrol,Manual,Second,Individual,FWD,4420,1695,1480,5
6328,2014,68000,42253.228,Diesel,Manual,First,Individual,FWD,4370,1700,1475,5
28560,2015,70000,43495.97,Diesel,Automatic,Second,Individual,RWD,4899,2094,1464,5
5924.8,2015,57654,35824.523634,Petrol,Manual,First,Individual,FWD,3995,1760,1555,5
4480,2019,22000,13670.162,Petrol,Manual,First,Individual,FWD,3545,1490,1475,5
10920,2019,41792,25968.336832,Petrol,Manual,First,Individual,FWD,4445,1775,1700,6
29120,2017,41000,25476.211,Diesel,Automatic,First,Individual,FWD,4439,1821,1612,5
26768,2013,107021,66499.745791,Diesel,Automatic,Second,Individual,AWD,5120,1934,1850,7
17360,2019,17000,10563.307,Petrol,Manual,First,Individual,FWD,4315,1800,1645,5
4816,2019,57993,36035.168403,Petrol,Automatic,First,Individual,FWD,3545,1490,1475,5
6720,2018,32000,19883.872,Petrol,Manual,First,Individual,FWD,3995,1745,1500,5
18480,2018,25914,16102.208094,Petrol,Automatic,First,Corporate,FWD,4620,1775,1475,5
2800,2014,114000,70836.294,Petrol,Manual,Second,Individual,FWD,3620,1475,1460,5
11143.9888,2016,105000,65243.955,Diesel,Automatic,Second,Individual,FWD,4585,1890,1785,7
7560,2016,45000,27961.695,Diesel,Manual,First,Individual,FWD,3995,1790,1640,5
5096,2014,30183,18754.840893,Petrol,Manual,First,Individual,FWD,3995,1695,1555,5
3864,2016,73190,45478.14349,Petrol,Manual,Second,Individual,FWD,3599,1495,1700,5
7840,2014,64000,39767.744,Petrol,Manual,First,Individual,FWD,4530,1775,1470,5
5588.8,2014,140000,86991.94,Diesel,Manual,First,Individual,FWD,4440,1695,1495,5
6608,2015,39000,24233.469,Petrol,Manual,First,Individual,FWD,4490,1730,1485,5
5488,2014,56918,35367.194578,Petrol,Automatic,Second,Individual,FWD,3825,1665,1530,5
7784,2018,55000,34175.405,Diesel,Automatic,First,Individual,FWD,3995,1735,1515,5
11480,2019,42000,26097.582,Diesel,Manual,First,Individual,FWD,3995,1770,1605,5
37800,2021,25000,15534.275,Petrol,Automatic,First,Individual,AWD,4701,1839,1674,7
25200,2019,28000,17398.388,Diesel,Manual,First,Individual,RWD,4735,1830,1795,8
29680,2018,43000,26718.953,Diesel,Automatic,Second,Individual,FWD,4424,1804,1494,5
8008,2021,16000,9941.936,Petrol,Manual,First,Individual,FWD,3995,1745,1500,5
13440,2019,27657,17185.257747,Diesel,Automatic,Second,Individual,FWD,4270,1780,1665,5
3080,2012,30000,18641.13,Petrol,Manual,First,Individual,FWD,3515,1500,1510,5
4984,2012,111000,68972.181,Petrol,Manual,First,Individual,FWD,4440,1695,1485,5
20720,2016,37600,23363.5496,Diesel,Automatic,First,Individual,FWD,4299,1780,1433,4
7448,2017,48000,29825.808,Diesel,Manual,First,Individual,FWD,3995,1745,1500,5
12208,2019,37000,22990.727,Diesel,Manual,First,Individual,FWD,4270,1780,1665,5
26880,2017,81802,50829.390542,Diesel,Automatic,Second,Individual,FWD,4933,1874,1455,5
12152,2018,45915,28530.249465,Diesel,Automatic,First,Individual,FWD,4440,1729,1475,5
23968,2021,24000,14912.904,Petrol,Automatic,First,Individual,FWD,4500,1790,1675,6
8904,2019,22224,13809.349104,Petrol,Automatic,First,Individual,FWD,3995,1695,1501,5
12096,2021,38000,23612.098,CNG,Manual,First,Individual,FWD,4296,1695,1685,7
7033.6,2018,53848,33459.585608,Petrol,Manual,First,Individual,FWD,3995,1695,1501,5
17360,2013,104264,64786.625944,Diesel,Automatic,Second,Individual,RWD,4633,1811,1429,5
26880,2016,61159,38002.428989,Petrol,Automatic,Second,Individual,RWD,4879,1854,1474,5
6664,2015,72000,44738.712,Petrol,Manual,First,Individual,FWD,4440,1695,1495,5
38640,2016,29000,18019.759,Diesel,Automatic,First,Individual,AWD,4465,1900,1635,5
9183.9888,2018,42000,26097.582,Petrol,Manual,First,Individual,FWD,3999,1734,1601,5
16688,2012,40000,24854.84,Diesel,Automatic,First,Individual,AWD,4629,1898,1653,5
10640,2020,57400,35666.6954,Diesel,Manual,First,Individual,FWD,3995,1821,1627,5
42000,2019,13500,8388.5085,Diesel,Automatic,Second,Individual,RWD,5067,2091,1457,5
33040,2021,38000,23612.098,Diesel,Automatic,First,Individual,AWD,4405,1818,1640,5
14448,2012,121000,75185.891,Diesel,Manual,Second,Individual,AWD,4705,1840,1850,7
7000,2015,76000,47224.196,Diesel,Manual,First,Individual,FWD,3775,1695,1510,5
16688,2018,50000,31068.55,Diesel,Manual,First,Individual,FWD,4585,1890,1785,7
3640,2013,46721,29031.074491,Petrol,Automatic,Second,Individual,FWD,3565,1595,1550,5
13328,2017,41470,25768.25537,Diesel,Automatic,First,Individual,FWD,4585,1890,1785,7
7000,2013,170000,105633.07,Diesel,Manual,Third,Individual,RWD,4430,1817,1975,8
12745.6,2018,6000,3728.226,Petrol,Automatic,First,Corporate,FWD,4440,1695,1495,5
47600,2021,17000,10563.307,Petrol,Automatic,First,Individual,FWD,4701,1826,1427,5
4088,2014,31000,19262.501,Petrol,Manual,First,Individual,FWD,3610,1680,1500,5
5320,2014,73265,45524.746315,Diesel,Automatic,Second,Individual,FWD,4597,1788,1477,5
13720,2019,47000,29204.437,Diesel,Manual,First,Individual,FWD,4270,1780,1665,5
8120,2017,42000,26097.582,Diesel,Manual,First,Individual,FWD,4296,1695,1685,7
27440,2017,25000,15534.275,Diesel,Automatic,Second,Individual,FWD,4417,1804,1494,5
2520,2009,140000,86991.94,Diesel,Manual,Third,Individual,FWD,4800,1832,1485,5
7784,2018,68818,42761.509478,Petrol,Automatic,First,Individual,FWD,3995,1735,1515,5
24640,2018,57000,35418.147,Diesel,Automatic,First,Individual,RWD,4735,1830,1795,7
10640,2020,39000,24233.469,Diesel,Automatic,First,Individual,FWD,3995,1695,1501,5
29097.6,2022,12050,7487.52055,Petrol,Automatic,First,Individual,RWD,4735,1830,1795,7
6552,2017,24100,14975.0411,Petrol,Manual,First,Individual,FWD,3955,1694,1544,5
4871.9888,2017,23000,14291.533,Petrol,Manual,First,Individual,FWD,3995,1695,1525,5
3304,2009,185000,114953.635,Diesel,Manual,First,Individual,FWD,3760,1690,1530,5
10192,2019,76000,47224.196,Diesel,Manual,First,Individual,FWD,4490,1730,1485,5
6328,2020,47000,29204.437,Petrol,Manual,First,Individual,FWD,3695,1600,1560,5
11760,2021,1910,1186.81861,Petrol,Automatic,First,Individual,FWD,3995,1790,1640,5
11088,2019,23000,14291.533,Diesel,Manual,First,Individual,FWD,4270,1780,1630,5
29008,2020,36978,22977.056838,Diesel,Automatic,Second,Individual,FWD,4456,1796,1416,5
11200,2016,33000,20505.243,Diesel,Manual,First,Individual,AWD,4585,1890,1785,7
2855.9888,2012,18954,11777.465934,Petrol,Manual,First,Individual,FWD,3585,1595,1550,5
6697.6,2015,58200,36163.7922,Petrol,Automatic,First,Individual,FWD,4370,1700,1475,5
6272,2016,80000,49709.68,Diesel,Manual,Second,Individual,FWD,3985,1734,1505,5
10920,2011,75000,46602.825,Diesel,Automatic,First,Individual,FWD,4701,1826,1427,5
29120,2017,64000,39767.744,Diesel,Automatic,First,Individual,FWD,4456,1796,1416,5
8344,2016,117048,72730.232808,Diesel,Manual,First,Individual,FWD,4386,1699,1466,5
5544,2017,47000,29204.437,Petrol,Manual,First,Individual,FWD,3765,1660,1520,5
27440,2018,43290,26899.15059,Petrol,Automatic,First,Individual,FWD,4456,1796,1416,5
31920,2016,7000,4349.597,Diesel,Automatic,First,Individual,RWD,4686,1810,1442,5
10360,2016,150000,93205.65,Diesel,Manual,First,Individual,RWD,4456,1820,1995,8
12040,2013,125000,77671.375,Diesel,Automatic,First,Individual,RWD,4705,1840,1850,7
16800,2014,69000,42874.599,Diesel,Automatic,First,Individual,FWD,4915,1874,1455,5
7000,2011,40000,24854.84,Diesel,Manual,Second,Individual,AWD,4755,1775,1900,5
3640,2011,101347,62974.086737,Petrol,Manual,Third,Individual,FWD,4265,1695,1510,5
16632,2021,36700,22804.3157,Diesel,Manual,First,Individual,FWD,4585,1866,1774,8
18480,2012,240000,149129.04,Diesel,Automatic,First,Individual,AWD,4915,1874,1455,5
20160,2014,76529,47552.901259,Diesel,Automatic,First,Individual,FWD,4456,1796,1416,5
14448,2014,85000,52816.535,Diesel,Manual,Second,Individual,RWD,4585,1760,1760,7
6720,2016,99000,61515.729,Diesel,Manual,First,Individual,FWD,4331,1822,1671,5
4883.2,2014,37959,23586.621789,Petrol,Automatic,Second,Individual,FWD,3765,1660,1520,5
48160,2021,60000,37282.26,Diesel,Automatic,First,Individual,AWD,4795,1855,1835,7
3024,2017,27000,16777.017,Petrol,Manual,First,Individual,FWD,3785,1635,1485,5
21403.2,2022,1300,807.7823,Petrol,Automatic,First,Individual,FWD,4300,1790,1635,5
43680,2019,33000,20505.243,Diesel,Automatic,First,Individual,RWD,4686,1810,1442,5
22400,2016,6000,3728.226,Diesel,Automatic,First,Individual,FWD,4370,1783,1458,5
5208,2019,19000,11806.049,Petrol,Automatic,First,Individual,FWD,3610,1645,1560,5
9800,2019,58618,36423.525278,Petrol,Manual,First,Individual,FWD,4440,1695,1495,5
4782.3888,2020,41669,25891.908199,Petrol,Automatic,First,Individual,FWD,3679,1579,1478,5
11592,2018,36000,22369.356,Diesel,Manual,First,Individual,FWD,4270,1780,1630,5
7784,2018,31000,19262.501,Petrol,Manual,First,Individual,FWD,3995,1735,1515,5
41160,2020,37180,23102.57378,Diesel,Automatic,First,Individual,RWD,4454,2044,1545,5
19040,2021,14000,8699.194,Diesel,Automatic,First,Individual,AWD,3985,1820,1844,4
5028.8,2018,53512,33250.804952,Petrol,Manual,Second,Individual,FWD,3746,1647,1535,5
44240,2021,40000,24854.84,Diesel,Automatic,First,Individual,AWD,4985,1926,1867,6
6328,2015,65000,40389.115,Diesel,Manual,Second,Individual,FWD,3985,1734,1505,5
42280,2019,32963,20482.252273,Diesel,Automatic,First,Individual,RWD,4454,2044,1545,5
14280,2012,101000,62758.471,Diesel,Automatic,Second,Individual,RWD,4868,1854,1470,5
4200,2018,14000,8699.194,Petrol,Manual,First,Individual,FWD,3679,1579,1478,5
10628.8,2018,50500,31379.2355,Diesel,Manual,First,Individual,FWD,3995,1790,1640,5
8680,2019,80849,50237.223979,Diesel,Manual,First,Individual,FWD,3840,1735,1530,5
20160,2014,19868,12345.399028,Diesel,Automatic,First,Individual,FWD,4915,1874,1455,5
9240,2016,45000,27961.695,Petrol,Automatic,First,Individual,FWD,4440,1695,1495,5
5711.9888,2019,30858,19174.266318,Petrol,Manual,First,Individual,FWD,3610,1645,1560,5
15120,2018,56500,35107.4615,Diesel,Manual,First,Individual,RWD,4456,1820,1995,7
7280,2020,37003,22992.591113,Petrol,Manual,First,Individual,FWD,3765,1660,1520,5
16688,2021,11000,6835.081,Diesel,Manual,First,Individual,FWD,4440,1695,1495,5
6104,2016,53000,32932.663,Petrol,Manual,First,Individual,FWD,3995,1745,1500,5
33040,2018,75000,46602.825,Diesel,Automatic,First,Individual,RWD,4633,1811,1429,5
12880,2010,120000,74564.52,Diesel,Automatic,First,Individual,RWD,4868,1854,1471,5
20720,2013,44087,27394.383277,Diesel,Automatic,First,Individual,AWD,4385,1831,1608,5
19600,2014,59000,36660.889,Diesel,Automatic,First,Individual,RWD,4879,1854,1474,5
4032,2013,92000,57166.132,Diesel,Manual,Second,Individual,FWD,4425,1695,1505,5
7000,2019,48422,30088.026562,Petrol,Manual,First,Individual,FWD,3998,1765,1647,5
46480,2019,29000,18019.759,Diesel,Automatic,First,Individual,RWD,4633,1811,1429,5
19028.7888,2021,37500,23301.4125,Diesel,Manual,First,Individual,AWD,3985,1820,1844,4
5431.9888,2018,62000,38525.002,Petrol,Manual,Second,Individual,FWD,3995,1745,1500,5
47600,2020,17000,10563.307,Petrol,Automatic,First,Individual,FWD,4726,1842,1427,5
8960,2017,76642,47623.116182,CNG,Manual,First,Individual,FWD,4296,1695,1685,7
14280,2019,44000,27340.324,Petrol,Manual,First,Individual,FWD,4270,1780,1665,5
15400,2013,102000,63379.842,Diesel,Automatic,Second,Individual,RWD,4633,1811,1429,5
19040,2022,9000,5592.339,Diesel,Manual,First,Individual,FWD,4300,1790,1635,5
5600,2013,135000,83885.085,Diesel,Manual,First,Individual,FWD,4585,1890,1785,7
8008,2019,31552,19605.497792,Petrol,Automatic,First,Individual,FWD,3995,1735,1515,5
4256,2016,70000,43495.97,Petrol,Automatic,First,Individual,FWD,3636,1475,1670,5
4200,2016,35134,21831.248714,Petrol,Manual,First,Individual,FWD,3610,1680,1500,5
7784,2018,8000,4970.968,Petrol,Automatic,First,Individual,FWD,3840,1735,1530,5
9800,2016,62125,38602.673375,Diesel,Manual,First,Individual,FWD,4270,1780,1630,5
39200,2016,78000,48466.938,Diesel,Automatic,First,Individual,AWD,4600,2069,1690,7
7672,2018,64300,39954.1553,Petrol,Manual,First,Individual,FWD,3995,1760,1555,5
21000,2021,28000,17398.388,Diesel,Manual,First,Individual,FWD,4661,1894,1786,7
18872,2017,28600,17771.2106,Petrol,Automatic,First,Individual,FWD,4659,1814,1476,5
28560,2015,69500,43185.2845,Diesel,Automatic,Second,Individual,FWD,4933,1874,1455,5
9743.9888,2017,70000,43495.97,Diesel,Manual,First,Individual,FWD,4270,1780,1630,5
9800,2018,24000,14912.904,Diesel,Manual,First,Individual,AWD,3920,1726,1930,6
15568,2012,69500,43185.2845,Diesel,Automatic,First,Individual,AWD,4385,1831,1608,5
9240,2019,25500,15844.9605,Diesel,Manual,First,Individual,FWD,3995,1790,1640,5
8792,2017,20000,12427.42,Petrol,Automatic,First,Individual,FWD,4490,1730,1485,5
24024,2016,55000,34175.405,Diesel,Automatic,Second,Individual,FWD,4417,1804,1494,5
6608,2021,8640,5368.64544,CNG,Manual,First,Individual,RWD,3675,1475,1800,5
28560,2013,65000,40389.115,Petrol,Automatic,Second,Individual,RWD,5247,2110,1448,5
5488,2015,50000,31068.55,Petrol,Manual,First,Individual,FWD,3971,1682,1469,5
4704,2017,43000,26718.953,Petrol,Manual,UnRegistered Car,Individual,FWD,3679,1579,1478,5
26824,2019,44876,27884.644996,Diesel,Automatic,First,Individual,FWD,4475,1850,1660,5
4032,2013,95610,59409.28131,Diesel,Manual,Second,Individual,FWD,3995,1710,1505,5
3640,2013,51000,31689.921,Diesel,Manual,First,Individual,FWD,4425,1695,1505,5
25760,2013,110000,68350.81,Diesel,Automatic,Second,Individual,AWD,4355,2120,1635,5
7190.4,2014,53693,33363.273103,CNG,Manual,First,Individual,FWD,4265,1695,1685,7
3248,2018,70000,43495.97,Petrol,Manual,First,Individual,FWD,3495,1550,1500,5
4368,2014,57000,35418.147,Petrol,Manual,First,Individual,FWD,3765,1660,1520,5
9968,2014,63000,39146.373,Petrol,Automatic,First,Individual,FWD,4540,1760,1480,5
4928,2016,53807,33434.109397,Petrol,Manual,First,Individual,FWD,3850,1695,1530,5
8075.2,2018,46000,28583.066,Petrol,Manual,First,Individual,FWD,4490,1730,1485,5
16968,2018,67546,41971.125566,Petrol,Automatic,Second,Individual,FWD,4670,1814,1476,5
10628.8,2018,37100,23052.8641,Petrol,Manual,First,Individual,FWD,4440,1695,1495,5
3572.8,2018,89059,55338.679889,Petrol,Manual,First,Individual,FWD,3679,1579,1478,5
5151.9888,2013,77000,47845.567,Diesel,Manual,Second,Individual,FWD,4265,1695,1685,7
23520,2018,42000,26097.582,Diesel,Automatic,First,Individual,FWD,4370,1783,1458,5
7672,2017,58146,36130.238166,Petrol,Manual,First,Individual,FWD,3995,1745,1500,5
3360,2013,75000,46602.825,Diesel,Manual,Second,Individual,FWD,4265,1695,1510,5
45920,2022,3826,2377.365446,Diesel,Automatic,UnRegistered Car,Individual,FWD,4549,1796,1446,5
12488,2018,37000,22990.727,Petrol,Manual,Second,Individual,FWD,4270,1780,1665,5
8523.2,2017,38000,23612.098,Petrol,Automatic,Second,Individual,FWD,4440,1695,1495,5
9240,2021,8499,5281.032129,Petrol,Manual,First,Individual,FWD,3995,1745,1500,5
7280,2016,61181,38016.099151,Diesel,Manual,First,Individual,FWD,3985,1734,1505,5
6328,2017,45000,27961.695,Petrol,Manual,First,Individual,FWD,3955,1694,1544,5
8400,2007,102000,63379.842,Petrol,Automatic,First,Individual,RWD,5076,1871,1473,5
7672,2021,9232,5736.497072,Petrol,Automatic,First,Individual,FWD,3805,1680,1520,5
6820.8,2018,42601,26471.025971,Petrol,Manual,First,Individual,FWD,3985,1734,1505,5
4088,2009,90000,55923.39,Diesel,Manual,Second,Individual,RWD,4430,1817,1975,8
24360,2018,40000,24854.84,Diesel,Automatic,First,Individual,RWD,4735,1830,1795,7
7560,2013,106223,66003.891733,Diesel,Automatic,Second,Individual,AWD,4755,1900,1785,7
15680,2009,115000,71457.665,Diesel,Automatic,Second,Individual,AWD,4854,1933,1776,5
5376,2016,50000,31068.55,Petrol,Manual,First,Individual,FWD,3990,1680,1505,5
7000,2014,80000,49709.68,Diesel,Automatic,First,Individual,FWD,4530,1775,1470,5
20059.2,2017,96095,59710.646245,Diesel,Automatic,First,Individual,RWD,4825,1860,1840,7
4726.4,2018,12768,7933.664928,Petrol,Manual,First,Individual,RWD,3675,1475,1800,5
47040,2021,12321,7655.912091,Petrol,Automatic,UnRegistered Car,Individual,FWD,4762,1847,1433,5
14504,2018,65100,40451.2521,Petrol,Automatic,First,Corporate,FWD,4620,1775,1475,5
5544,2017,30000,18641.13,Petrol,Manual,First,Individual,FWD,3765,1660,1520,5
6552,2019,12000,7456.452,Petrol,Automatic,First,Individual,FWD,3746,1647,1535,5
44240,2019,33000,20505.243,Diesel,Automatic,First,Individual,RWD,4686,1810,1442,5
4760,2013,57000,35418.147,Petrol,Automatic,Second,Individual,FWD,4386,1699,1466,5
46480,2017,48000,29825.808,Diesel,Automatic,Second,Individual,RWD,5063,1860,1494,5
27720,2012,118000,73321.778,Diesel,Automatic,First,Individual,AWD,5089,1983,1737,7
33488,2017,44000,27340.324,Diesel,Automatic,Second,Individual,RWD,4936,1868,1479,5
3136,2013,99000,61515.729,Diesel,Manual,Second,Individual,FWD,4315,1822,1695,5
16800,2009,75000,46602.825,Petrol,Automatic,Second,Individual,RWD,5076,1871,1473,5
9240,2010,114000,70836.294,Diesel,Manual,Second,Individual,AWD,4695,1840,1850,7
3472,2014,82000,50952.422,CNG,Manual,First,Individual,FWD,3599,1495,1700,5
6664,2016,80000,49709.68,Petrol,Automatic,First,Individual,FWD,3955,1694,1544,5
13888,2017,57000,35418.147,Diesel,Manual,First,Individual,FWD,4395,1818,1640,5
3673.6,2018,26807,16657.092397,Petrol,Manual,Second,Individual,RWD,3675,1475,1800,5
7000,2018,23000,14291.533,Petrol,Manual,First,Individual,FWD,3985,1734,1505,5
4591.9888,2015,112000,69593.552,Diesel,Manual,First,Individual,FWD,3850,1695,1530,5
6104,2015,70000,43495.97,Petrol,Manual,First,Individual,FWD,3995,1695,1555,5
7828.8,2019,53929,33509.916659,Petrol,Manual,First,Individual,FWD,3971,1682,1469,5
4368,2014,49580,30807.57418,Petrol,Manual,First,Individual,FWD,3600,1600,1560,5
7616,2014,85000,52816.535,Diesel,Manual,Second,Individual,FWD,4620,1775,1475,5
7000,2015,61000,37903.631,Diesel,Manual,First,Individual,FWD,4490,1730,1485,5
10651.2,2016,42000,26097.582,Diesel,Manual,First,Individual,RWD,4456,1820,1930,8
6160,2011,69000,42874.599,Petrol,Automatic,Second,Individual,FWD,4420,1695,1480,5
15120,2017,70000,43495.97,Petrol,Automatic,First,Individual,FWD,4395,1818,1640,5
3640,2013,15780,9805.23438,Petrol,Manual,First,Individual,FWD,3585,1595,1550,5
29120,2015,46000,28583.066,Diesel,Automatic,First,Individual,AWD,5089,1983,1737,7
7168,2016,50800,31565.6468,Petrol,Manual,First,Individual,FWD,4490,1730,1485,5
5040,2011,95000,59030.245,Petrol,Automatic,First,Individual,FWD,4540,1760,1480,5
8400,2010,112000,69593.552,Diesel,Automatic,Second,Individual,RWD,4841,1846,1468,5
8971.2,2018,30000,18641.13,Diesel,Manual,First,Individual,FWD,3995,1790,1640,5
12208,2017,19000,11806.049,Diesel,Manual,First,Individual,RWD,4456,1820,1995,8
2744,2014,31100,19324.6381,Petrol,Manual,Second,Individual,FWD,3620,1475,1460,5
5320,2014,65000,40389.115,Petrol,Manual,Second,Individual,FWD,3990,1680,1505,5
31360,2017,49000,30447.179,Diesel,Automatic,Second,Individual,AWD,4795,1855,1835,7
33040,2020,11000,6835.081,Diesel,Automatic,First,Individual,FWD,4456,1796,1416,5
6104,2019,28000,17398.388,Petrol,Manual,First,Individual,FWD,3765,1660,1520,5
44520,2021,9400,5840.8874,Diesel,Automatic,First,Individual,RWD,4903,1869,1837,7
47040,2017,77000,47845.567,Diesel,Automatic,First,Individual,AWD,4656,1890,1639,5
4871.9888,2017,27000,16777.017,Diesel,Manual,Second,Individual,FWD,3995,1660,1520,5
3528,2017,15507,9635.600097,Petrol,Manual,First,Individual,FWD,3679,1579,1478,5
10080,2016,70000,43495.97,Diesel,Manual,Second,Individual,AWD,4755,1900,1785,7
6160,2015,44000,27340.324,Petrol,Manual,First,Individual,FWD,4440,1695,1495,5
49280,2018,70000,43495.97,Diesel,Automatic,First,Individual,AWD,4657,1881,1678,5
17920,2015,145000,90098.795,Diesel,Automatic,Second,Individual,RWD,4705,1840,1850,7
2217.6,2017,24000,14912.904,Petrol,Manual,First,Individual,FWD,3429,1560,1541,5
3528,2017,15507,9635.600097,Petrol,Manual,First,Individual,FWD,3679,1579,1478,5
8680,2018,39000,24233.469,Petrol,Manual,Second,Individual,FWD,4440,1695,1495,5
7000,2017,58000,36039.518,Petrol,Automatic,First,Individual,FWD,3995,1735,1515,5
8680,2015,82000,50952.422,Diesel,Manual,Second,Individual,FWD,4270,1780,1630,5
17348.8,2018,95315,59225.976865,Diesel,Manual,Second,Individual,RWD,4735,1830,1795,7
18804.8,2016,46000,28583.066,Diesel,Automatic,Second,Individual,RWD,4633,1811,1429,5
8120,2019,11874,7378.159254,Petrol,Automatic,First,Individual,FWD,3840,1735,1530,5
6048,2014,86000,53437.906,Diesel,Manual,First,Individual,FWD,4370,1700,1475,5
3920,2014,111000,68972.181,Diesel,Manual,Second,Individual,FWD,3970,1682,1453,5
18927.9888,2015,50000,31068.55,Diesel,Automatic,Second,Individual,FWD,4370,1783,1458,5
7000,2021,28000,17398.388,Petrol,Manual,First,Corporate,FWD,3994,1758,1572,5
5320,2019,25000,15534.275,Petrol,Manual,First,Individual,FWD,3695,1600,1560,5
18480,2021,12000,7456.452,Diesel,Manual,First,Individual,FWD,4315,1800,1637,5
4591.9888,2019,32000,19883.872,Petrol,Manual,First,Individual,FWD,3610,1645,1560,5
23520,2017,112000,69593.552,Diesel,Manual,First,Individual,RWD,4735,1830,1795,7
30800,2017,51800,32187.0178,Diesel,Automatic,Second,Individual,RWD,4936,1868,1479,5
6104,2017,22000,13670.162,Petrol,Automatic,First,Individual,FWD,3700,1690,1595,5
8288,2015,155000,96312.505,Diesel,Manual,First,Individual,RWD,4655,1965,1922,7
26880,2016,60000,37282.26,Petrol,Automatic,Second,Individual,RWD,4879,1854,1474,5
5208,2014,75000,46602.825,Petrol,Manual,First,Individual,FWD,3850,1695,1530,5
4200,2014,71000,44117.341,Diesel,Manual,First,Individual,FWD,3987,1687,1495,5
32480,2017,64000,39767.744,Diesel,Automatic,First,Individual,FWD,4385,1831,1608,5
8904,2018,45326,28164.261946,Petrol,Manual,First,Individual,FWD,3999,1734,1601,5
32480,2019,15529,9649.270259,Diesel,Automatic,First,Individual,FWD,4456,1796,1416,5
25200,2015,43200,26843.2272,Petrol,Automatic,First,Corporate,FWD,4424,1804,1494,5
11760,2017,29386,18259.608206,Petrol,Automatic,Second,Individual,FWD,4440,1695,1495,5
8568,2021,18105,11249.921955,Petrol,Manual,First,Individual,FWD,3765,1660,1520,5
7560,2017,125372,77902.525012,Diesel,Manual,First,Individual,FWD,4300,1765,1590,5
26880,2015,100000,62137.1,Diesel,Automatic,First,Individual,FWD,4933,1874,1455,5
5711.9888,2019,40000,24854.84,Petrol,Manual,First,Individual,RWD,3675,1475,1800,7
30800,2022,31000,19262.501,Diesel,Automatic,First,Individual,AWD,4695,1890,1755,7
29120,2012,42000,26097.582,Diesel,Automatic,First,Individual,AWD,4969,2139,1420,5
5544,2012,65001,40389.736371,Petrol,Automatic,First,Individual,FWD,4440,1695,1485,5
26880,2014,42533,26428.772743,Diesel,Automatic,First,Individual,AWD,5089,1983,1737,7
5544,2018,45000,27961.695,Petrol,Manual,First,Individual,FWD,3765,1660,1520,5
47040,2018,36000,22369.356,Diesel,Automatic,Second,Individual,AWD,4600,2069,1724,7
28560,2017,44000,27340.324,Diesel,Automatic,Second,Individual,RWD,4795,1855,1835,7
5376,2016,85000,52816.535,Diesel,Manual,First,Individual,FWD,3995,1695,1555,5
19600,2021,17000,10563.307,Diesel,Manual,First,Individual,FWD,4270,1780,1630,5
9520,2019,72000,44738.712,Diesel,Manual,First,Individual,FWD,4296,1695,1685,7
4871.9888,2019,34400,21375.1624,Petrol,Automatic,First,Individual,FWD,3610,1645,1560,5
11984,2021,8800,5468.0648,Petrol,Manual,First,Individual,FWD,3995,1770,1605,5
17136,2022,2000,1242.742,Petrol,Automatic,First,Individual,FWD,4549,1748,1489,5
17897.6,2020,19700,12241.0087,Diesel,Manual,First,Individual,FWD,4300,1790,1635,5
7224,2016,45000,27961.695,Petrol,Manual,First,Individual,FWD,4375,1700,1475,5
7280,2017,76000,47224.196,Diesel,Automatic,First,Individual,FWD,3995,1695,1555,5
6104,2013,110000,68350.81,Diesel,Manual,First,Individual,FWD,4384,1699,1466,5
12264,2022,2700,1677.7017,Petrol,Manual,First,Individual,FWD,4440,1695,1495,5
22120,2018,75000,46602.825,Diesel,Automatic,First,Individual,RWD,4735,1830,1795,7
20596.8,2017,110000,68350.81,Diesel,Automatic,First,Individual,AWD,4385,1831,1608,5
16800,2016,70000,43495.97,Petrol,Automatic,Second,Individual,FWD,4861,1864,1483,5
23520,2017,42000,26097.582,Diesel,Automatic,First,Individual,AWD,4385,1831,1608,5
3864,2015,70000,43495.97,Diesel,Manual,First,Individual,FWD,3971,1682,1469,5
9520,2018,52890,32864.31219,Petrol,Manual,First,Individual,FWD,4440,1695,1495,5
15960,2018,72870,45279.30477,Diesel,Automatic,First,Corporate,FWD,4270,1780,1665,5
7560,2017,48591,30193.038261,Petrol,Manual,First,Individual,FWD,3985,1734,1505,5
10360,2019,60888,37834.037448,Diesel,Manual,First,Individual,FWD,3995,1821,1627,5
2352,2014,48000,29825.808,Petrol,Manual,First,Individual,FWD,3495,1550,1500,5
8512,2018,20251,12583.384121,Petrol,Manual,First,Individual,FWD,3994,1811,1607,5
7168,2015,49000,30447.179,Diesel,Manual,First,Individual,FWD,4375,1700,1475,5
3808,2013,66000,41010.486,Petrol,Manual,First,Individual,FWD,3850,1695,1530,5
7784,2017,51292,31871.361332,Petrol,Manual,First,Individual,FWD,4440,1695,1495,5
5208,2015,89000,55302.019,Diesel,Manual,Second,Individual,FWD,3886,1695,1525,5
8232,2019,55000,34175.405,Petrol,Manual,First,Individual,FWD,3995,1745,1510,5
14560,1988,71000,44117.341,Petrol,Automatic,Third,Individual,RWD,5063,1860,1494,5
20708.7888,2021,20000,12427.42,Diesel,Manual,First,Individual,FWD,4500,1790,1675,7
7672,2016,68500,42563.9135,Petrol,Manual,First,Individual,FWD,4440,1695,1495,5
9800,2014,99000,61515.729,Diesel,Automatic,First,Corporate,AWD,4690,1880,1690,7
22847.9888,2018,110000,68350.81,Diesel,Automatic,First,Corporate,RWD,4735,1830,1795,7
7840,2019,19244,11957.663524,Petrol,Manual,First,Individual,FWD,3995,1745,1510,5
6160,2020,19000,11806.049,Petrol,Manual,First,Individual,FWD,3655,1620,1675,5
9240,2015,75000,46602.825,Diesel,Automatic,Second,Individual,AWD,4690,1880,1690,7
34720,2021,29000,18019.759,Diesel,Manual,First,Individual,RWD,4735,1830,1795,7
15680,2013,60000,37282.26,Diesel,Automatic,Second,Individual,FWD,4915,1874,1455,5
4760,2015,80000,49709.68,Petrol,Manual,Second,Individual,FWD,3850,1695,1530,5
49000,2018,54500,33864.7195,Petrol,Automatic,Second,Individual,AWD,4640,1845,1645,5
33600,2021,38000,23612.098,Diesel,Automatic,First,Individual,RWD,4735,1830,1795,7
7168,2016,52000,32311.292,Diesel,Manual,Second,Individual,FWD,3995,1790,1640,5
3080,2013,76000,47224.196,CNG,Manual,First,Individual,FWD,3565,1525,1590,5
7784,2019,42678,26518.871538,Petrol,Manual,First,Individual,FWD,3985,1734,1505,5
2744,2010,95000,59030.245,Petrol,Automatic,Second,Individual,FWD,4420,1695,1480,5
7728,2016,65000,40389.115,Diesel,Manual,Second,Individual,FWD,4315,1822,1695,5
16800,2021,31000,19262.501,Petrol,Automatic,First,Individual,FWD,4221,1760,1612,5
3024,2014,82682,51376.197022,Petrol,Manual,First,Individual,FWD,3620,1475,1460,5
6104,2016,70500,43806.6555,Diesel,Manual,First,Individual,FWD,3995,1760,1555,5
21000,2021,10000,6213.71,Petrol,Automatic,First,Individual,FWD,4720,1835,1760,6
2855.9888,2016,57159,35516.944989,Petrol,Manual,First,Individual,FWD,3679,1579,1478,5
31192,2016,120000,74564.52,Diesel,Automatic,First,Individual,AWD,4838,1915,1837,7
20160,2021,17000,10563.307,Diesel,Manual,First,Individual,AWD,3985,1820,1844,4
5320,2012,40000,24854.84,Petrol,Automatic,Second,Individual,FWD,4440,1695,1485,5
7280,2020,58100,36101.6551,Petrol,Manual,First,Individual,FWD,3985,1734,1505,5
13428.8,2012,12749,7921.858879,Diesel,Manual,First,Individual,AWD,4705,1840,1850,7
7280,2013,83466,51863.351886,Diesel,Automatic,First,Individual,AWD,4660,1890,1760,7
8904,2015,86000,53437.906,Diesel,Manual,Second,Individual,RWD,4456,1820,1930,8
26712,2015,60921,37854.542691,Petrol,Automatic,Second,Individual,RWD,4686,1810,1442,5
19040,2014,78000,48466.938,Diesel,Automatic,First,Individual,AWD,4629,1898,1653,5
4256,2012,53000,32932.663,Petrol,Manual,First,Corporate,FWD,4370,1700,1475,5
3304,2016,34736,21583.943056,Petrol,Manual,First,Individual,FWD,3679,1579,1478,5
19600,2020,14400,8947.7424,Diesel,Manual,First,Individual,FWD,4598,1894,1706,5
5880,2015,85000,52816.535,Diesel,Manual,Second,Individual,AWD,3920,1710,1930,7
24416,2018,77590,48212.17589,Petrol,Automatic,First,Individual,FWD,4456,1796,1416,5
48440,2018,40545,25193.487195,Diesel,Automatic,First,Individual,AWD,4731,2071,1651,5
1736,2009,56852,35326.184092,CNG,Manual,Second,Individual,FWD,3495,1475,1460,5
8232,2018,42000,26097.582,Petrol,Automatic,First,Individual,FWD,3995,1735,1515,5
10080,2018,55000,34175.405,Petrol,Automatic,Second,Individual,FWD,4413,1699,1466,5
8904,2014,53000,32932.663,Petrol,Automatic,Second,Individual,FWD,4838,1817,1482,5
36960,2018,17000,10563.307,Diesel,Automatic,First,Individual,FWD,3821,1727,1414,5
42280,2020,50000,31068.55,Diesel,Automatic,First,Individual,RWD,4795,1855,1835,7
8120,2017,75793,47095.572203,Diesel,Manual,First,Individual,FWD,3995,1790,1640,5
11143.9888,2012,89311,55495.265381,Diesel,Automatic,First,Individual,FWD,4635,1865,1484,5
8792,2018,80000,49709.68,Diesel,Manual,First,Individual,FWD,3995,1790,1640,5
31348.8,2019,69500,43185.2845,Diesel,Automatic,Second,Individual,RWD,4795,1855,1835,7
4368,2018,66794,41503.854574,Petrol,Manual,First,Individual,FWD,3599,1495,1700,5
7560,2017,35616,22130.749536,Petrol,Automatic,First,Individual,FWD,3995,1745,1500,5
3584,2015,64000,39767.744,Petrol,Manual,First,Individual,RWD,3675,1475,1800,5
9408,2020,7000,4349.597,Petrol,Automatic,First,Individual,FWD,3995,1745,1500,5
3472,2015,45000,27961.695,Petrol,Manual,First,Individual,FWD,3599,1495,1700,5
8904,2017,9000,5592.339,Petrol,Manual,First,Individual,FWD,4296,1695,1685,7
3472,2015,67738,42090.428798,CNG,Manual,Second,Individual,FWD,3599,1495,1700,5
9632,2021,11030,6853.72213,Petrol,Manual,First,Individual,FWD,3995,1745,1510,5
4368,2015,49123,30523.607633,Petrol,Manual,First,Individual,FWD,3585,1595,1550,5
5824,2018,46000,28583.066,Diesel,Manual,First,Individual,FWD,3995,1695,1555,5
7560,2018,64000,39767.744,Diesel,Manual,First,Individual,FWD,3995,1790,1640,5
5320,2021,7942,4934.928482,Petrol,Manual,First,Individual,FWD,3565,1520,1564,5
2968,2017,52100,32373.4291,Petrol,Manual,First,Individual,FWD,3395,1490,1475,5
10640,2019,32809,20386.561139,Diesel,Manual,First,Individual,FWD,4386,1699,1466,5
19600,2014,101000,62758.471,Diesel,Automatic,First,Individual,RWD,4705,1840,1850,7
24920,2016,40500,25165.5255,Diesel,Automatic,First,Individual,FWD,4456,1796,1416,5
19588.7888,2021,25700,15969.2347,Petrol,Manual,First,Corporate,FWD,4395,1818,1640,5
25200,2014,85000,52816.535,Diesel,Automatic,Second,Individual,AWD,4804,2141,1796,5
7728,2017,17268,10729.834428,Petrol,Manual,First,Individual,FWD,3985,1734,1505,5
6283.2,2017,68000,42253.228,Petrol,Manual,First,Individual,FWD,3995,1745,1500,5
6664,2017,44100,27402.4611,Petrol,Automatic,First,Corporate,FWD,3995,1695,1555,5
5040,2014,23000,14291.533,Petrol,Manual,First,Individual,FWD,3995,1710,1505,5
24080,2016,95401,59279.414771,Diesel,Automatic,First,Individual,AWD,4385,1831,1608,5
20720,2020,7000,4349.597,Petrol,Automatic,First,Individual,FWD,4315,1800,1645,5
13160,2017,24000,14912.904,Petrol,Automatic,First,Individual,FWD,4620,1800,1465,5
4480,2015,41273,25645.845283,Petrol,Manual,First,Individual,FWD,4250,1670,1370,5
12320,2018,65954,40981.902934,Diesel,Manual,First,Individual,FWD,4270,1780,1665,5
4424,2016,28000,17398.388,Petrol,Manual,First,Individual,FWD,3585,1595,1550,5
4760,2021,38848,24139.020608,Petrol,Manual,First,Individual,FWD,3565,1520,1564,5
24528,2017,30000,18641.13,Diesel,Manual,First,Individual,RWD,4735,1830,1795,7
4715.2,2017,69000,42874.599,Petrol,Manual,First,Individual,FWD,3995,1695,1555,5
6272,2016,22700,14105.1217,Petrol,Manual,First,Individual,FWD,3995,1760,1555,5
36400,2019,41000,25476.211,Diesel,Automatic,Second,Individual,AWD,4385,1831,1608,5
9800,2014,100000,62137.1,Diesel,Manual,Second,Individual,RWD,4456,1820,1995,8
10068.8,2018,13066,8118.833486,Petrol,Manual,First,Individual,FWD,4490,1730,1485,5
4760,2015,75000,46602.825,Diesel,Manual,First,Individual,FWD,4315,1822,1695,5
4760,2019,53241,33082.413411,Petrol,Manual,First,Individual,FWD,3565,1520,1564,5
43400,2021,12000,7456.452,Petrol,Automatic,First,Individual,FWD,4299,1822,1557,5
5600,2013,65000,40389.115,Petrol,Manual,First,Individual,FWD,4440,1695,1485,5
13720,2012,97000,60272.987,Diesel,Manual,Second,Individual,RWD,4705,1840,1850,7
20047.9888,2017,49000,30447.179,Petrol,Automatic,Second,Individual,RWD,4735,1830,1795,7
2688,2013,64000,39767.744,Petrol,Manual,First,Individual,FWD,3515,1500,1510,5
10472,2019,56000,34796.776,Diesel,Manual,First,Individual,FWD,3990,1680,1505,5
8680,2018,39000,24233.469,Petrol,Automatic,First,Individual,FWD,3995,1745,1510,5
10640,2017,55000,34175.405,Diesel,Manual,Second,Individual,RWD,4456,1820,1995,8
6148.8,2018,53000,32932.663,Petrol,Automatic,Second,Individual,FWD,3765,1660,1520,5
7224,2021,1374,853.763754,CNG,Manual,First,Individual,RWD,3675,1475,1800,5
38080,2018,68000,42253.228,Diesel,Automatic,First,Individual,RWD,4686,1810,1442,5
7224,2019,35000,21747.985,Petrol,Manual,First,Individual,FWD,3985,1734,1505,5
29120,2016,39000,24233.469,Diesel,Automatic,First,Individual,RWD,4899,2094,1464,5
15400,2011,62000,38525.002,Diesel,Automatic,First,Individual,FWD,4701,1826,1427,5
15008,2021,11000,6835.081,Petrol,Automatic,First,Individual,FWD,4440,1695,1495,5
9408,2020,11000,6835.081,Petrol,Manual,First,Individual,FWD,3840,1735,1530,5
5880,2014,102000,63379.842,Petrol,Manual,Second,Individual,FWD,3995,1695,1555,5
7000,2022,7000,4349.597,Petrol,Manual,First,Individual,RWD,3675,1475,1825,7
2408,2012,20000,12427.42,Petrol,Manual,First,Individual,FWD,3495,1550,1500,5
6664,2019,25000,15534.275,Petrol,Manual,First,Individual,FWD,3765,1660,1520,5
46480,2022,22000,13670.162,Petrol,Automatic,First,Individual,FWD,4762,1847,1433,5
8400,2018,65000,40389.115,Diesel,Manual,First,Individual,FWD,3840,1735,1530,5
6160,2013,47000,29204.437,Petrol,Manual,First,Individual,FWD,3999,1765,1708,5
-1,2016,-1,-1,Diesel,Manual,First,Individual,FWD,4315,1822,1695,5
30240,2018,45545,28300.342195,Diesel,Automatic,Second,Individual,RWD,4795,1967,1416,5
6328,2014,72782,45224.624122,Petrol,Manual,First,Individual,FWD,3970,1682,1453,5
4132.8,2017,16800,10439.0328,Petrol,Manual,First,Individual,FWD,3545,1490,1475,5
12208,2019,40900,25414.0739,Petrol,Automatic,First,Corporate,FWD,4425,1730,1495,5
6496,2017,39000,24233.469,Petrol,Manual,First,Corporate,FWD,3999,1734,1601,5
24628.8,2016,77000,47845.567,Diesel,Automatic,First,Individual,RWD,4454,2044,1545,5
14011.2,2018,120000,74564.52,Diesel,Manual,Second,Individual,RWD,4456,1820,1995,7
6048,2017,38700,24047.0577,Petrol,Manual,First,Individual,FWD,3990,1680,1505,5
13944,2021,7239,4498.104669,Petrol,Manual,First,Individual,FWD,4445,1775,1700,6
4088,2014,76000,47224.196,Petrol,Manual,First,Individual,FWD,3765,1660,1520,5
48160,2020,11000,6835.081,Diesel,Automatic,First,Individual,FWD,4526,1800,1420,5
9240,2019,81300,50517.4623,Diesel,Manual,First,Individual,FWD,3995,1790,1640,5
3640,2013,76000,47224.196,Diesel,Manual,First,Individual,FWD,3970,1682,1453,5
4480,2018,91460,56830.59166,Petrol,Manual,First,Individual,FWD,3746,1647,1535,5
40320,2018,45000,27961.695,Diesel,Automatic,First,Individual,AWD,4360,2120,1635,5
7515.2,2013,47000,29204.437,Diesel,Manual,First,Individual,RWD,4430,1817,1975,8
38080,2018,50000,31068.55,Diesel,Automatic,First,Individual,AWD,4656,1890,1639,5
8680,2017,60500,37592.9455,Petrol,Automatic,First,Individual,FWD,4390,1699,1467,5
24080,2014,81000,50331.051,Diesel,Automatic,First,Individual,AWD,4781,1911,1774,5
40208,2020,19759,12277.669589,Diesel,Automatic,First,Individual,FWD,3982,1727,1425,5
4200,2011,77000,47845.567,Petrol,Manual,First,Individual,FWD,4540,1760,1480,5
7224,2015,58200,36163.7922,Petrol,Automatic,First,Individual,FWD,4370,1700,1475,5
5711.9888,2015,42000,26097.582,Petrol,Manual,First,Individual,FWD,3600,1600,1560,5
6104,2013,63000,39146.373,Petrol,Automatic,First,Individual,FWD,4530,1775,1470,5
9352,2018,42855,26628.854205,Petrol,Manual,First,Individual,FWD,4440,1695,1495,5
10752,2018,24000,14912.904,Diesel,Manual,First,Individual,FWD,4315,1822,1695,5
6048,2019,34000,21126.614,Petrol,Manual,First,Individual,FWD,3695,1600,1560,5
16520,2022,9500,5903.0245,Petrol,Manual,First,Individual,FWD,4315,1800,1637,5
40320,2014,32000,19883.872,Diesel,Automatic,Second,Individual,RWD,5252,1899,1457,5
13160,2018,97000,60272.987,Diesel,Manual,First,Individual,FWD,4375,1700,1475,5
5320,2014,72900,45297.9459,Petrol,Automatic,Second,Individual,FWD,4370,1700,1475,5
7280,2022,6000,3728.226,Petrol,Manual,First,Individual,FWD,3845,1735,1530,5
4144,2013,41000,25476.211,Petrol,Automatic,First,Individual,FWD,3585,1595,1550,5
9800,2018,50000,31068.55,Petrol,Manual,First,Individual,FWD,4440,1695,1495,5
7784,2018,66000,41010.486,Diesel,Automatic,First,Individual,FWD,3995,1735,1515,5
25480,2022,38000,23612.098,Diesel,Automatic,First,Individual,FWD,4598,1894,1706,5
30240,2021,17000,10563.307,Petrol,Automatic,First,Individual,FWD,4405,1818,1640,5
6104,2014,74000,45981.454,Diesel,Manual,First,Individual,FWD,4370,1700,1475,5
12308.8,2018,20690,12856.16599,Petrol,Automatic,First,Individual,FWD,4413,1699,1466,5
12600,2019,40000,24854.84,Diesel,Manual,First,Individual,FWD,4375,1700,1475,5
14548.8,2018,50000,31068.55,Petrol,Automatic,First,Individual,FWD,4270,1780,1630,5
13328,2020,47248,29358.537008,Petrol,Automatic,First,Individual,FWD,4445,1775,1700,6
8904,2021,9000,5592.339,Petrol,Automatic,First,Individual,FWD,3993,1677,1532,5
5151.9888,2013,78000,48466.938,Diesel,Manual,Second,Individual,FWD,4370,1700,1475,5
38080,2018,51000,31689.921,Diesel,Automatic,First,Individual,FWD,4933,1874,1455,5
11760,2018,34841,21649.187011,Petrol,Manual,First,Individual,FWD,4270,1780,1665,5
4312,2014,46000,28583.066,Petrol,Manual,First,Individual,FWD,3995,1710,1505,5
6552,2015,61000,37903.631,Diesel,Manual,First,Individual,FWD,4440,1695,1495,5
18480,2014,55000,34175.405,Diesel,Automatic,First,Individual,FWD,4456,1796,1416,5
7000,2020,58736,36496.847056,Petrol,Manual,First,Individual,FWD,3850,1695,1530,5
10192,2019,34000,21126.614,Petrol,Manual,First,Individual,FWD,4490,1730,1485,5
14280,2018,47000,29204.437,Diesel,Manual,First,Individual,FWD,4585,1890,1785,7
6552,2017,47000,29204.437,Petrol,Manual,First,Individual,FWD,3985,1734,1505,5
11592,2017,79000,49088.309,Diesel,Manual,First,Individual,AWD,3920,1710,1930,7
12040,2021,12020,7468.87942,Petrol,Automatic,First,Individual,FWD,3995,1775,1505,5
18480,2020,7000,4349.597,Diesel,Manual,First,Individual,FWD,4300,1790,1635,5
17640,2014,15000,9320.565,Diesel,Automatic,First,Individual,FWD,4701,1826,1427,5
21840,2014,82000,50952.422,Diesel,Automatic,Second,Individual,AWD,4648,1881,1661,5
12096,2019,68000,42253.228,Diesel,Manual,First,Individual,FWD,4270,1780,1630,5
12096,2020,56000,34796.776,Diesel,Manual,First,Individual,FWD,3995,1770,1605,5
8960,2015,25000,15534.275,Diesel,Manual,First,Corporate,FWD,4585,1890,1785,7
3752,2017,34000,21126.614,Petrol,Manual,First,Individual,FWD,3995,1635,1490,7
13272,2021,10700,6648.6697,Petrol,Manual,First,Individual,FWD,3995,1770,1605,5
10023.9888,2021,25000,15534.275,Petrol,Automatic,First,Individual,FWD,3995,1775,1505,5
7280,2019,54000,33554.034,Petrol,Automatic,Second,Individual,FWD,3995,1695,1501,5
6160,2016,88000,54680.648,Diesel,Manual,First,Individual,FWD,3995,1745,1500,5
18480,2016,139000,86370.569,Diesel,Automatic,Second,Individual,AWD,4385,1831,1608,5
17920,2022,1300,807.7823,Petrol,Manual,First,Individual,FWD,4225,1760,1612,5
13160,2019,20000,12427.42,Petrol,Manual,First,Individual,FWD,4375,1700,1475,5
22344,2018,122000,75807.262,Diesel,Automatic,First,Individual,RWD,4695,1815,1840,7
6440,2016,38000,23612.098,Diesel,Manual,First,Individual,FWD,3985,1734,1505,5
22120,2021,18500,11495.3635,Diesel,Manual,First,Individual,FWD,4655,1835,1760,5
18200,2022,27800,17274.1138,Diesel,Manual,First,Individual,FWD,4300,1790,1635,5
7784,2019,46027,28599.843017,Petrol,Manual,First,Individual,FWD,3850,1695,1530,5
9800,2018,23148,14383.495908,Petrol,Automatic,First,Individual,FWD,4425,1730,1495,5
16744,2017,28000,17398.388,Petrol,Automatic,First,Individual,FWD,4670,1814,1476,5
8120,2019,11874,7378.159254,Petrol,Automatic,First,Individual,FWD,3840,1735,1530,5
9800,2017,50000,31068.55,Petrol,Manual,First,Individual,FWD,4270,1780,1630,5
26320,2016,75000,46602.825,Diesel,Automatic,Second,Individual,RWD,4892,1860,1837,7
30128,2019,15500,9631.2505,Diesel,Automatic,First,Individual,RWD,4633,1811,1429,5
7784,2016,82445,51228.932095,Diesel,Manual,Second,Individual,FWD,4490,1730,1485,5
6720,2014,75574,46959.491954,Petrol,Manual,Second,Individual,FWD,4440,1695,1495,5
4200,2015,64000,39767.744,CNG,Manual,First,Individual,FWD,3599,1495,1700,5
3528,2012,75000,46602.825,Petrol,Manual,First,Individual,FWD,3585,1595,1550,5
8680,2019,14095,8758.224245,Petrol,Manual,First,Individual,FWD,3999,1765,1708,5
34440,2017,17000,10563.307,Diesel,Automatic,First,Individual,FWD,4933,1874,1455,5
4648,2014,70000,43495.97,Diesel,Manual,First,Individual,FWD,4315,1822,1695,5
8568,2017,68000,42253.228,Diesel,Manual,First,Individual,FWD,4296,1695,1685,7
5824,2018,40000,24854.84,Petrol,Manual,Second,Individual,FWD,3850,1695,1530,5
43680,2015,39000,24233.469,Diesel,Automatic,First,Individual,RWD,5252,1899,1457,5
9520,2016,72000,44738.712,Diesel,Manual,First,Individual,FWD,4270,1780,1630,5
10863.9888,2016,39000,24233.469,Diesel,Manual,First,Individual,FWD,4296,1695,1685,7
6440,2016,62000,38525.002,Diesel,Manual,First,Individual,FWD,3995,1745,1500,5
43680,2021,41086,25529.648906,Diesel,Automatic,Second,Individual,AWD,4903,1869,1837,7
15624,2013,65000,40389.115,Diesel,Automatic,Second,Individual,RWD,4633,1811,1429,5
18200,2021,7900,4908.8309,Petrol,Automatic,First,Individual,FWD,4225,1760,1612,5
16788.8,2021,22000,13670.162,Diesel,Automatic,First,Individual,FWD,3995,1790,1647,5
22960,2018,73000,45360.083,Diesel,Automatic,Second,Individual,AWD,4486,1839,1672,5
14560,2016,55000,34175.405,Petrol,Automatic,Second,Individual,FWD,4670,1814,1476,5
35828.8,2019,6900,4287.4599,Diesel,Automatic,First,Individual,FWD,4861,1864,1483,5
5040,2017,65000,40389.115,Petrol,Manual,First,Individual,FWD,3850,1695,1530,5
7560,2015,48000,29825.808,Diesel,Manual,First,Individual,FWD,4386,1683,1603,7
3136,2018,48000,29825.808,Petrol,Manual,Second,Individual,FWD,3395,1490,1475,5
4760,2018,18000,11184.678,Petrol,Manual,First,Individual,FWD,3599,1495,1700,5
14000,2012,78000,48466.938,Diesel,Automatic,First,Individual,RWD,4596,1770,1447,5
13160,2014,87938,54642.122998,Diesel,Automatic,Second,Individual,AWD,4690,1880,1690,7
6104,2019,43000,26718.953,CNG,Manual,First,Individual,FWD,3610,1645,1560,5
5544,2008,95200,59154.5192,Diesel,Automatic,First,Corporate,RWD,4581,1770,1447,5
5600,2016,26000,16155.646,Petrol,Manual,First,Individual,FWD,3995,1695,1555,5
4368,2015,70000,43495.97,Petrol,Automatic,First,Individual,FWD,3600,1600,1560,5
6440,2019,31000,19262.501,CNG,Manual,First,Individual,FWD,3655,1620,1675,5
2800,2012,54556,33899.516276,Petrol,Manual,First,Individual,FWD,3585,1595,1550,5
7672,2019,74000,45981.454,Petrol,Manual,First,Individual,FWD,3995,1735,1515,5
3584,2016,64000,39767.744,Petrol,Manual,First,Individual,FWD,3679,1579,1478,5
6944,2016,85000,52816.535,Diesel,Manual,Second,Individual,FWD,4300,1765,1590,5
6720,2018,54000,33554.034,Petrol,Manual,First,Individual,FWD,3850,1695,1530,5
19600,2019,57000,35418.147,Petrol,Automatic,First,Individual,FWD,4395,1818,1640,5
11368,2015,68566,42604.923986,Diesel,Automatic,First,Individual,FWD,4270,1780,1630,5
4368,2009,68195,42374.395345,Petrol,Manual,First,Individual,FWD,4540,1760,1480,5
8456,2017,57000,35418.147,Petrol,Manual,First,Individual,FWD,4490,1730,1485,5
20440,2021,45000,27961.695,Petrol,Automatic,First,Individual,FWD,4300,1790,1635,5
4659.2,2014,60116,37354.339036,Petrol,Automatic,First,Individual,FWD,3600,1600,1560,5
3640,2010,82202,51077.938942,Diesel,Manual,Second,Individual,FWD,4160,1690,1530,5
2441.6,2008,51000,31689.921,Petrol,Manual,Second,Individual,FWD,3520,1475,1690,5
7280,2017,86000,53437.906,Diesel,Manual,First,Individual,FWD,4490,1730,1485,5
8848,2018,41000,25476.211,Diesel,Manual,First,Individual,FWD,3999,1734,1601,5
6048,2015,76000,47224.196,Diesel,Manual,First,Individual,FWD,4440,1695,1495,5
4200,2011,120000,74564.52,Diesel,Manual,First,Individual,FWD,3850,1695,1530,5
44688,2021,12500,7767.1375,Petrol,Automatic,First,Individual,FWD,4447,1821,1598,5
2744,2009,114000,70836.294,Petrol,Manual,First,Individual,FWD,4160,1690,1530,5
2912,2015,25862,16069.896802,Petrol,Manual,First,Individual,FWD,3600,1600,1560,5
2688,2010,72000,44738.712,Diesel,Manual,First,Individual,FWD,3795,1680,1427,5
8960,2015,90000,55923.39,Diesel,Manual,First,Individual,FWD,4270,1780,1630,5
8344,2016,38000,23612.098,Petrol,Manual,First,Individual,FWD,4440,1695,1495,5
7560,2019,74237,46128.718927,Petrol,Manual,First,Individual,FWD,3995,1695,1501,5
29680,2018,53000,32932.663,Diesel,Automatic,Second,Individual,RWD,4454,2044,1545,5
6944,2019,42356,26318.790076,Petrol,Manual,First,Individual,FWD,3995,1745,1500,5
3326.4,2013,84000,52195.164,Diesel,Manual,First,Individual,FWD,4490,1735,1560,5
5600,2016,114000,70836.294,Diesel,Manual,First,Individual,FWD,3775,1695,1510,5
12868.8,2019,26894,16711.151674,Petrol,Automatic,First,Individual,FWD,4440,1729,1475,5
29680,2017,70000,43495.97,Diesel,Automatic,Second,Individual,RWD,4686,1810,1442,5
15400,2012,98352,61113.080592,Diesel,Manual,First,Individual,RWD,4705,1840,1850,7
2632,2009,107000,66486.697,Petrol,Manual,Third,Individual,FWD,3565,1595,1550,5
34608,2017,52000,32311.292,Diesel,Automatic,First,Individual,RWD,4795,1855,1835,7
49000,2017,31059,19299.161889,Petrol,Automatic,First,Individual,RWD,4915,1820,1450,5
8388.8,2017,114000,70836.294,Diesel,Manual,First,Individual,FWD,4300,1765,1590,5
8792,2017,44000,27340.324,Diesel,Manual,First,Individual,RWD,3995,1835,1839,7
8400,2017,72000,44738.712,Diesel,Manual,First,Individual,FWD,3995,1760,1555,5
46480,2019,8000,4970.968,Diesel,Automatic,First,Individual,RWD,4686,1810,1442,5
3584,2014,54000,33554.034,Petrol,Manual,First,Individual,FWD,3620,1475,1460,5
19600,2015,99000,61515.729,Diesel,Automatic,Second,Individual,FWD,4417,1804,1494,5
10583.9888,2019,88000,54680.648,Diesel,Manual,First,Individual,RWD,3995,1795,1817,7
45920,2021,19000,11806.049,Diesel,Automatic,First,Individual,AWD,4903,1869,1837,7
19600,2021,33000,20505.243,Petrol,Automatic,First,Individual,FWD,4655,1835,1760,5
9083.2,2018,44153,27435.393763,Diesel,Manual,First,Individual,FWD,4395,1735,1690,7
8120,2016,42000,26097.582,Diesel,Manual,First,Individual,FWD,4375,1700,1475,5
7280,2017,49422,30709.397562,Petrol,Automatic,First,Individual,FWD,3765,1660,1520,5
21560,2021,19000,11806.049,Petrol,Automatic,First,Corporate,FWD,4720,1835,1760,6
6608,2015,75258,46763.138718,Petrol,Automatic,First,Individual,FWD,4440,1695,1495,5
5544,2019,46000,28583.066,CNG,Manual,First,Individual,FWD,3610,1645,1560,5
7784,2016,68921,42825.510691,Diesel,Manual,First,Individual,FWD,3995,1745,1500,5
8948.8,2018,79800,49585.4058,Diesel,Manual,First,Individual,FWD,4375,1700,1475,5
3640,2013,53000,32932.663,Petrol,Manual,Second,Individual,FWD,3970,1682,1453,5
13328,2018,59000,36660.889,Diesel,Manual,First,Individual,RWD,4456,1820,1995,7
8400,2021,58000,36039.518,Petrol,Manual,First,Individual,FWD,3995,1745,1500,5
29120,2014,94000,58408.874,Diesel,Automatic,First,Individual,AWD,4804,2141,1796,5
3348.8,2017,45000,27961.695,CNG,Manual,First,Individual,FWD,3395,1490,1475,5
38864,2018,62152,38619.450392,Diesel,Automatic,First,Individual,AWD,4795,1855,1835,7
12040,2019,28000,17398.388,Petrol,Automatic,First,Individual,FWD,3995,1770,1605,5
7280,2019,15000,9320.565,Petrol,Automatic,First,Individual,FWD,3765,1660,1520,5
4760,2014,53610,33311.69931,Petrol,Manual,Second,Individual,FWD,3990,1680,1505,5
4984,2014,75000,46602.825,Diesel,Manual,First,Individual,FWD,4331,1822,1671,5
13720,2022,16000,9941.936,Petrol,Manual,First,Individual,FWD,4445,1775,1700,6
15120,2015,60000,37282.26,Diesel,Automatic,First,Individual,FWD,4456,1796,1416,5
16240,2014,45000,27961.695,Diesel,Automatic,First,Individual,RWD,4596,1770,1447,5
30788.8,2017,120000,74564.52,Diesel,Automatic,First,Individual,AWD,4795,1855,1835,7
1579.2,2009,56400,35045.3244,Petrol,Manual,Third,Individual,FWD,3565,1525,1590,5
15400,2017,70000,43495.97,Diesel,Automatic,First,Individual,FWD,4270,1780,1630,5
20440,2016,82567,51304.739357,Diesel,Manual,First,Individual,RWD,4735,1830,1795,7
5880,2015,68244,42404.842524,Diesel,Manual,Second,Individual,FWD,3955,1694,1544,5
36960,2014,25000,15534.275,Diesel,Automatic,Second,Individual,AWD,5089,1983,1737,6
4536,2018,34000,21126.614,Petrol,Manual,First,Individual,FWD,3495,1550,1500,5
28560,2017,36000,22369.356,Diesel,Automatic,First,Individual,AWD,4385,1831,1608,5
9800,2019,36000,22369.356,Petrol,Manual,First,Individual,FWD,4440,1695,1495,5
3976,2014,68005,42256.334855,Petrol,Manual,First,Individual,FWD,3850,1695,1530,5
10360,2018,74797,46476.686687,Diesel,Manual,First,Individual,FWD,3998,1765,1647,5
7000,2019,31000,19262.501,Petrol,Manual,First,Individual,FWD,3985,1734,1505,5
4760,2020,7520,4672.70992,Petrol,Manual,First,Individual,FWD,3429,1560,1541,5
6160,2015,58078,36087.984938,Petrol,Manual,Second,Individual,FWD,3765,1660,1520,5
4871.9888,2014,79081,49138.640051,Diesel,Manual,First,Individual,FWD,4384,1699,1466,5
39200,2017,72000,44738.712,Diesel,Automatic,First,Individual,AWD,4656,1890,1639,5
19600,2022,23000,14291.533,Petrol,Automatic,First,Individual,FWD,4300,1790,1635,5
4760,2015,11628,7225.301988,Petrol,Manual,First,Individual,FWD,3995,1660,1520,5
7560,2017,81323,50531.753833,Diesel,Manual,First,Individual,FWD,3998,1765,1647,5
7560,2016,50000,31068.55,Diesel,Manual,First,Individual,FWD,3995,1790,1640,5
19320,2016,145000,90098.795,Diesel,Manual,First,Individual,RWD,4735,1830,1795,7
19712,2017,48000,29825.808,Petrol,Automatic,First,Individual,FWD,4456,1796,1416,5
8176,2017,80000,49709.68,Diesel,Manual,First,Individual,FWD,3995,1790,1640,5
3371.2,2011,28513,17717.151323,Petrol,Manual,First,Individual,FWD,3850,1695,1530,5
2520,2013,87000,54059.277,Diesel,Manual,First,Individual,FWD,3795,1680,1427,5
3192,2017,45600,28334.5176,Petrol,Manual,First,Individual,FWD,3395,1490,1475,5
3920,2013,78000,48466.938,Diesel,Manual,Second,Individual,FWD,4384,1699,1466,5
18480,2017,52458,32595.879918,Petrol,Automatic,First,Individual,FWD,4861,1864,1483,5
2968,2017,30000,18641.13,CNG,Manual,First,Individual,FWD,3395,1490,1475,5
4424,2017,46992,29199.466032,Petrol,Manual,First,Individual,FWD,3746,1647,1535,5
5600,2016,54440,33827.43724,Petrol,Manual,First,Individual,FWD,3955,1694,1544,5
31024,2019,32000,19883.872,Diesel,Automatic,First,Individual,AWD,4850,1960,1845,7
27440,2015,103000,64001.213,Diesel,Automatic,First,Individual,AWD,4804,2141,1796,5
35000,2020,28600,17771.2106,Petrol,Automatic,First,Individual,FWD,4701,1826,1427,5
33040,2020,72000,44738.712,Diesel,Automatic,First,Individual,FWD,5115,1985,1755,7
6944,2016,64906,40330.706126,Diesel,Manual,First,Individual,FWD,4296,1695,1685,7
25200,2016,79000,49088.309,Diesel,Automatic,First,Individual,AWD,4417,1804,1494,5
6328,2017,64000,39767.744,Petrol,Manual,First,Individual,FWD,4490,1730,1485,5
6160,2018,56000,34796.776,Petrol,Manual,First,Individual,FWD,3765,1660,1520,5
17360,2022,12000,7456.452,Diesel,Manual,First,Individual,RWD,4456,1820,1995,7
7963.2,2018,67900,42191.0909,Diesel,Manual,First,Individual,FWD,3995,1790,1640,5
4200,2018,48144,29915.285424,Petrol,Manual,First,Individual,FWD,3992,1677,1537,5
2744,2016,64000,39767.744,Petrol,Manual,First,Individual,FWD,3545,1490,1475,5
7728,2016,38000,23612.098,Diesel,Manual,First,Individual,FWD,4440,1695,1495,5
10583.9888,2016,65321,40588.575091,Diesel,Manual,First,Individual,RWD,4585,1765,1760,8
15120,2014,80000,49709.68,Petrol,Automatic,Third,Individual,FWD,4292,1780,1433,4
9520,2018,37093,23048.514503,Diesel,Manual,First,Individual,FWD,3995,1790,1640,5
13440,2021,37230,23133.64233,Petrol,Manual,First,Individual,FWD,4390,1699,1467,5
3684.8,2014,76116,47296.275036,Petrol,Automatic,First,Individual,FWD,3600,1600,1560,5
3360,2010,83359,51796.865189,Petrol,Manual,First,Individual,FWD,4545,1750,1450,5
5208,2019,28000,17398.388,CNG,Manual,First,Individual,FWD,3610,1645,1560,5
26320,2018,14120,8773.75852,Petrol,Automatic,First,Individual,FWD,4861,1864,1483,5
2800,2014,25000,15534.275,Petrol,Manual,First,Individual,FWD,3495,1550,1500,5
21840,2020,28584,17761.268664,Petrol,Automatic,First,Individual,FWD,4720,1835,1760,6
42560,2017,50000,31068.55,Diesel,Automatic,First,Individual,AWD,4360,2120,1635,5
3696,2017,63200,39270.6472,CNG,Manual,First,Individual,FWD,3545,1490,1475,4
4591.9888,2014,55000,34175.405,Petrol,Manual,First,Individual,FWD,3765,1660,1520,5
6440,2019,71569,44470.901099,Diesel,Manual,First,Individual,FWD,3886,1695,1525,5
3024,2012,41200,25600.4852,Petrol,Manual,First,Individual,FWD,3585,1595,1550,5
4871.9888,2013,117000,72700.407,Diesel,Manual,First,Individual,RWD,4430,1817,1975,8
5208,2014,65000,40389.115,Petrol,Manual,Second,Individual,FWD,3995,1695,1555,5
3920,2011,21000,13048.791,Petrol,Manual,First,Individual,FWD,3585,1595,1550,5
10080,2020,23000,14291.533,Petrol,Manual,First,Individual,FWD,3995,1770,1605,5
6664,2016,26357,16377.475447,Petrol,Manual,First,Individual,FWD,3850,1695,1530,5
14112,2018,33500,20815.9285,Petrol,Automatic,First,Individual,FWD,4270,1780,1630,5
6708.8,2015,72000,44738.712,Diesel,Manual,First,Individual,FWD,4265,1695,1685,7
17864,2018,54154,33649.725134,Diesel,Automatic,Second,Individual,FWD,4585,1890,1785,7
20148.7888,2017,14000,8699.194,Diesel,Automatic,First,Individual,FWD,4370,1783,1458,5
7123.2,2021,35500,22058.6705,Petrol,Manual,First,Individual,FWD,3995,1745,1500,5
10640,2018,63000,39146.373,Diesel,Manual,First,Individual,FWD,4270,1780,1630,5
8960,2017,52836,32830.758156,Diesel,Manual,First,Individual,FWD,4300,1765,1590,5
4860.8,2017,50000,31068.55,Petrol,Automatic,First,Individual,FWD,3715,1635,1565,5
7000,2016,72114,44809.548294,Diesel,Manual,First,Individual,FWD,3985,1734,1505,5
2744,2015,72000,44738.712,CNG,Manual,Second,Individual,FWD,3395,1490,1475,5
34720,2019,24000,14912.904,Petrol,Automatic,First,Individual,FWD,4424,1804,1494,5
16688,2012,42000,26097.582,Diesel,Automatic,First,Individual,FWD,4915,1874,1455,5
3304,2015,31000,19262.501,Petrol,Manual,First,Individual,FWD,3545,1490,1475,5
5040,2018,32000,19883.872,Petrol,Manual,Second,Individual,RWD,3675,1475,1800,7
22287.9888,2018,55000,34175.405,Diesel,Manual,First,Individual,RWD,4735,1830,1795,7
43680,2017,31059,19299.161889,Petrol,Automatic,First,Individual,RWD,4915,1820,1450,5
7112,2016,72200,44862.9862,Diesel,Manual,First,Individual,FWD,4440,1695,1495,5
6440,2013,72000,44738.712,Diesel,Manual,Second,Individual,RWD,4655,1965,1922,7
6608,2016,77000,47845.567,Diesel,Manual,First,Individual,FWD,4300,1765,1590,5
13428.8,2020,26497,16464.467387,Petrol,Manual,Second,Individual,FWD,4440,1695,1495,5
4256,2013,57000,35418.147,Petrol,Automatic,First,Individual,FWD,3585,1595,1550,5
4088,2015,20100,12489.5571,Petrol,Automatic,First,Individual,FWD,3545,1490,1475,5
11200,2010,67000,41631.857,Petrol,Automatic,Second,Individual,FWD,4701,1826,1427,5
20160,2021,14500,9009.8795,Diesel,Manual,First,Individual,AWD,3985,1820,1844,4
14280,2021,30000,18641.13,Diesel,Automatic,First,Individual,FWD,4315,1800,1645,5
10696,2016,110000,68350.81,Diesel,Automatic,First,Individual,FWD,4585,1890,1785,7
7056,2015,115339,71668.309769,Diesel,Manual,Second,Individual,RWD,3995,1835,1839,7
21840,2022,4500,2796.1695,Diesel,Automatic,First,Individual,AWD,3985,1820,1844,4
9968,2017,49000,30447.179,Petrol,Manual,First,Individual,FWD,4270,1780,1630,5
25480,2015,78362,48691.874302,Diesel,Automatic,First,Individual,RWD,4624,2031,1429,5
20887.9888,2020,30000,18641.13,Diesel,Automatic,First,Individual,AWD,3985,1820,1855,4
6048,2015,59000,36660.889,Diesel,Manual,First,Individual,FWD,3995,1760,1555,5
35000,2018,49000,30447.179,Diesel,Automatic,First,Individual,RWD,4454,2044,1545,5
35840,2014,60513,37601.023323,Diesel,Automatic,First,Corporate,AWD,4804,2141,1796,5
30800,2019,56500,35107.4615,Diesel,Automatic,First,Individual,FWD,4424,1804,1494,5
4480,2013,71000,44117.341,Diesel,Manual,First,Individual,FWD,4370,1700,1475,5
42000,2016,88000,54680.648,Diesel,Automatic,Second,Individual,AWD,5052,1968,1740,7
8960,2018,68000,42253.228,Diesel,Manual,First,Individual,FWD,4270,1780,1630,5
8736,2017,94827,58922.747817,Diesel,Manual,First,Individual,FWD,3995,1790,1640,5
2464,2010,62000,38525.002,Petrol,Manual,First,Individual,FWD,3600,1475,1595,5
26712,2017,22120,13744.72652,Diesel,Automatic,First,Individual,FWD,4439,1821,1612,5
38080,2019,11000,6835.081,Diesel,Automatic,First,Individual,RWD,4454,2044,1545,5
31920,2017,58000,36039.518,Petrol,Automatic,First,Individual,FWD,4933,1874,1455,5
11088,2019,54572,33909.458212,Diesel,Manual,First,Individual,FWD,3995,1790,1640,5
3640,2010,56000,34796.776,Petrol,Automatic,First,Individual,FWD,4420,1695,1480,5
3640,2011,89000,55302.019,Petrol,Automatic,Second,Individual,FWD,4420,1695,1480,5
6148.8,2014,42000,26097.582,Diesel,Automatic,First,Individual,FWD,4386,1699,1466,5
3808,2017,6000,3728.226,Diesel,Manual,First,Individual,FWD,3805,1665,1525,5
4760,2013,79500,49398.9945,Diesel,Manual,First,Individual,FWD,3990,1680,1505,5
18927.9888,2015,82000,50952.422,Diesel,Automatic,Second,Individual,RWD,4633,1811,1429,5
30800,2021,34228,21268.286588,Diesel,Manual,First,Individual,RWD,4735,1830,1795,8
5768,2014,141334,87820.848914,Diesel,Manual,Second,Individual,FWD,3850,1695,1530,5
6160,2018,50000,31068.55,Petrol,Manual,First,Individual,FWD,3850,1695,1530,5
6160,2014,65000,40389.115,Diesel,Manual,First,Individual,FWD,4331,1822,1671,5
6216,2018,20000,12427.42,Petrol,Automatic,First,Individual,FWD,3746,1647,1535,5
4379.2,2017,24000,14912.904,Petrol,Manual,First,Individual,FWD,3600,1600,1560,5
6272,2017,36000,22369.356,Petrol,Automatic,First,Individual,FWD,3700,1690,1595,5
15904,2013,117000,72700.407,Diesel,Automatic,First,Individual,AWD,4385,1831,1608,5
10640,2021,24000,14912.904,Petrol,Manual,First,Individual,FWD,3971,1682,1469,5
5488,2017,82000,50952.422,Petrol,Manual,First,Individual,FWD,3995,1745,1500,5
11703.9888,2016,78000,48466.938,Diesel,Manual,First,Individual,FWD,4270,1780,1630,5
12600,2019,50000,31068.55,Petrol,Automatic,First,Individual,FWD,4370,1700,1475,5
21840,2014,24000,14912.904,Diesel,Automatic,Second,Individual,FWD,3982,1727,1425,5
2912,2009,77000,47845.567,Petrol,Manual,Second,Individual,FWD,4160,1690,1530,5
1848,2009,55000,34175.405,Petrol,Manual,First,Individual,FWD,3565,1595,1550,5
5488,2018,66000,41010.486,Petrol,Manual,First,Individual,FWD,3995,1660,1520,5
2072,2012,37000,22990.727,Petrol,Manual,First,Individual,FWD,3620,1475,1460,5
4200,2012,80350,49927.15985,Petrol,Manual,First,Individual,FWD,4440,1695,1485,5
10920,2013,102000,63379.842,Diesel,Automatic,First,Individual,RWD,4596,1770,1447,5
5040,2016,48200,29950.0822,Petrol,Manual,Second,Individual,FWD,3850,1695,1530,5
5151.9888,2015,55000,34175.405,Diesel,Manual,Second,Individual,FWD,3995,1695,1555,5
7840,2020,25000,15534.275,Petrol,Manual,First,Individual,FWD,3995,1775,1505,5
11480,2020,20124,12504.470004,Petrol,Manual,First,Individual,FWD,3971,1682,1469,5
4256,2015,55660,34585.50986,Petrol,Manual,First,Individual,FWD,3765,1660,1520,5
9183.9888,2015,94580,58769.26918,Petrol,Automatic,First,Individual,FWD,4659,1814,1476,5
18939.2,2015,45000,27961.695,Petrol,Automatic,Second,Individual,FWD,4417,1804,1494,5
8120,2016,57000,35418.147,Diesel,Manual,First,Individual,FWD,4490,1730,1485,5
8120,2021,45000,27961.695,CNG,Manual,First,Individual,FWD,3805,1680,1520,5
1736,2011,90342,56135.898882,CNG,Manual,Second,Individual,FWD,3495,1475,1460,5
7840,2022,1000,621.371,Petrol,Manual,First,Individual,FWD,3995,1695,1501,5
2632,2011,135000,83885.085,Diesel,Manual,First,Individual,FWD,4370,1700,1475,5
22120,2014,123000,76428.633,Diesel,Manual,Second,Individual,AWD,4705,1840,1850,7
9072,2012,47531,29534.385001,Diesel,Manual,First,Individual,AWD,4585,1890,1785,7
15120,2019,79000,49088.309,Diesel,Manual,Second,Individual,FWD,4315,1800,1645,5
5040,2011,95000,59030.245,Diesel,Manual,First,Individual,RWD,4430,1817,1975,8
2800,2011,53000,32932.663,Petrol,Manual,First,Individual,FWD,3585,1595,1550,5
9183.9888,2020,30000,18641.13,Diesel,Manual,First,Individual,FWD,3985,1734,1505,5
30128,2017,65000,40389.115,Diesel,Automatic,First,Individual,AWD,4795,1855,1835,7
13888,2018,300000,186411.3,Diesel,Automatic,First,Individual,FWD,4270,1780,1665,5
8848,2016,63088,39201.053648,Petrol,Manual,First,Individual,FWD,4440,1695,1495,5
1680,2008,62000,38525.002,Petrol,Manual,Second,Individual,FWD,3565,1595,1550,5
4368,2014,81000,50331.051,Diesel,Manual,First,Individual,FWD,3995,1660,1520,5
4312,2011,73000,45360.083,Petrol,Manual,First,Individual,FWD,4370,1700,1475,5
40880,2019,34000,21126.614,Diesel,Automatic,First,Individual,AWD,4892,1860,1837,7
6126.4,2013,36623,22756.470133,Petrol,Manual,First,Individual,FWD,4370,1700,1475,5
14504,2018,30000,18641.13,Petrol,Automatic,First,Individual,FWD,4270,1780,1665,5
2800,2011,64000,39767.744,Petrol,Manual,First,Individual,FWD,3585,1595,1550,5
18704,2019,39000,24233.469,Petrol,Automatic,Second,Individual,FWD,4620,1775,1475,5
9968,2017,70000,43495.97,Diesel,Manual,Second,Individual,FWD,3995,1790,1640,5
26656,2019,36000,22369.356,Diesel,Automatic,Second,Individual,FWD,4456,1796,1416,5
8680,2018,40000,24854.84,Petrol,Automatic,First,Individual,FWD,3995,1745,1510,5
5600,2014,62000,38525.002,Diesel,Manual,First,Individual,FWD,3987,1698,1483,5
7560,2011,97000,60272.987,Diesel,Automatic,First,Individual,RWD,4596,2020,1447,5
5880,2014,43550,27060.70705,Petrol,Manual,First,Individual,FWD,3970,1682,1453,5
9520,2019,28000,17398.388,Diesel,Manual,First,Individual,FWD,3998,1765,1647,5
4368,2018,47874,29747.515254,Petrol,Manual,First,Individual,FWD,3679,1579,1478,5
10808,2018,87001,54059.898371,Diesel,Manual,First,Individual,FWD,4375,1700,1475,5
10920,2013,72000,44738.712,Diesel,Automatic,First,Individual,AWD,4755,1900,1785,7
33880,2019,59000,36660.889,Diesel,Automatic,First,Individual,RWD,4454,2044,1545,5
15568,2014,85900,53375.7689,Diesel,Automatic,First,Individual,FWD,4456,1796,1416,5
10640,2022,10000,6213.71,Petrol,Automatic,First,Individual,FWD,3995,1735,1515,5
4591.9888,2014,55000,34175.405,Petrol,Manual,First,Individual,FWD,3850,1695,1530,5
6440,2017,69508,43190.255468,Diesel,Manual,Second,Individual,FWD,3995,1682,1483,5
16240,2022,2500,1553.4275,Diesel,Manual,First,Individual,FWD,4549,1748,1489,5
18480,2014,53089,32987.965019,Petrol,Automatic,Second,Individual,RWD,4868,1854,1470,5
9217.6,2018,90000,55923.39,Petrol,Automatic,First,Individual,FWD,4490,1730,1485,5
23464,2021,23000,14291.533,Diesel,Manual,First,Individual,FWD,4598,1894,1706,5
3752,2016,64000,39767.744,Diesel,Manual,Second,Individual,FWD,3765,1660,1520,5
7268.8,2020,52236,32457.935556,Petrol,Manual,First,Individual,FWD,3765,1660,1520,5
4480,2013,76000,47224.196,Petrol,Manual,First,Individual,FWD,4440,1695,1485,5
15400,2013,97000,60272.987,Diesel,Manual,First,Individual,RWD,4705,1840,1850,7
13328,2018,76000,47224.196,Diesel,Automatic,First,Individual,FWD,4270,1780,1630,5
21616,2021,15000,9320.565,Diesel,Manual,First,Individual,FWD,4598,1894,1706,5
11088,2015,98000,60894.358,Diesel,Manual,First,Individual,RWD,4585,1765,1760,7
8120,2017,36597,22740.314487,Petrol,Manual,Second,Individual,FWD,3985,1734,1505,5
6440,2015,48000,29825.808,Petrol,Manual,First,Individual,FWD,4490,1730,1485,5
35840,2016,55000,34175.405,Diesel,Automatic,Second,Individual,AWD,4600,2069,1690,7
31920,2022,16000,9941.936,Diesel,Automatic,First,Individual,RWD,4735,1830,1795,7
8120,2016,53000,32932.663,Petrol,Manual,First,Individual,FWD,4296,1695,1685,7
4256,2013,35000,21747.985,Diesel,Manual,First,Individual,FWD,4425,1695,1505,5
4871.9888,2014,50000,31068.55,Petrol,Automatic,First,Individual,FWD,3990,1680,1505,5
4760,2016,52600,32684.1146,Petrol,Manual,First,Individual,FWD,3971,1682,1469,5
7560,2020,25000,15534.275,Petrol,Manual,First,Individual,FWD,3995,1695,1501,5
4468.8,2014,74000,45981.454,Petrol,Manual,First,Individual,FWD,3995,1660,1520,5
7672,2015,85000,52816.535,Diesel,Automatic,First,Individual,FWD,4384,1699,1466,5
10528,2021,35000,21747.985,Petrol,Manual,First,Corporate,FWD,4390,1699,1467,5
30128,2016,57000,35418.147,Diesel,Automatic,First,Individual,AWD,4629,1898,1653,5
14056,2021,10000,6213.71,Petrol,Manual,First,Corporate,FWD,4440,1695,1495,5
4368,2014,46000,28583.066,Petrol,Manual,First,Individual,FWD,3765,1660,1520,5
5880,2014,64000,39767.744,Diesel,Manual,Second,Individual,FWD,4370,1700,1475,5
38640,2022,4600,2858.3066,Petrol,Automatic,First,Individual,AWD,4318,1805,1548,5
12208,2017,144933,90057.163143,Diesel,Manual,First,Individual,FWD,4585,1890,1785,7
3080,2009,80000,49709.68,Petrol,Manual,First,Individual,FWD,4420,1695,1480,5
4871.9888,2015,32545,20222.519195,Petrol,Manual,First,Individual,FWD,3895,1735,1555,5
23407.9888,2019,31000,19262.501,Diesel,Automatic,First,Individual,FWD,4475,1850,1660,5
5600,2015,50000,31068.55,Diesel,Manual,Second,Individual,FWD,3995,1695,1555,5
4480,2015,65000,40389.115,Diesel,Manual,Second,Individual,FWD,3995,1695,1555,5
2520,2012,26000,16155.646,Petrol,Manual,First,Individual,FWD,3585,1595,1550,5
10808,2021,27000,16777.017,Diesel,Manual,First,Individual,FWD,3995,1821,1627,5
9240,2017,62000,38525.002,Diesel,Manual,First,Individual,FWD,4270,1780,1630,5
2855.9888,2012,17000,10563.307,Petrol,Manual,First,Individual,FWD,3565,1525,1590,5
5880,2015,39234,24378.869814,Diesel,Manual,Second,Individual,RWD,4107,1745,1880,7
3192,2013,72000,44738.712,Diesel,Manual,First,Individual,FWD,3999,1765,1708,5
2575.9888,2011,41215,25609.805765,Diesel,Manual,First,Individual,FWD,3640,1595,1520,5
49280,2020,16519,10264.427549,Petrol,Automatic,First,Corporate,FWD,4425,1863,1652,5
2240,2011,51000,31689.921,Petrol,Manual,Second,Individual,FWD,3620,1475,1460,5
11323.2,2019,74179,46092.679409,Diesel,Automatic,First,Individual,FWD,3995,1790,1640,5
11905.6,2019,31056,19297.297776,Diesel,Manual,First,Individual,FWD,4300,1765,1590,5
7560,2016,49148,30539.141908,Petrol,Automatic,Second,Individual,FWD,4265,1695,1685,7
24360,2015,152000,94448.392,Diesel,Automatic,First,Individual,AWD,4629,1898,1653,5
7728,2015,59000,36660.889,Petrol,Automatic,First,Individual,FWD,4440,1695,1495,5
17080,2016,32000,19883.872,Diesel,Automatic,First,Individual,FWD,4456,1796,1416,5
5320,2011,72000,44738.712,Petrol,Automatic,First,Individual,FWD,4950,1845,1475,5
12577.6,2017,80000,49709.68,Diesel,Automatic,First,Individual,FWD,4440,1729,1475,5
11088,2019,21894,13604.296674,Petrol,Automatic,First,Individual,FWD,4395,1735,1690,7
5768,2015,63587,39511.117777,Diesel,Manual,First,Individual,FWD,3990,1680,1505,5
9520,2019,32000,19883.872,Petrol,Automatic,First,Individual,FWD,4490,1730,1485,5
9688,2018,53694,33363.894474,Diesel,Manual,Second,Individual,FWD,3995,1790,1640,5
4088,2009,140000,86991.94,Diesel,Manual,Second,Individual,FWD,4160,1690,1530,5
37968,2015,91100,56606.8981,Diesel,Automatic,First,Individual,AWD,5120,1934,1850,7
16240,2014,58000,36039.518,Diesel,Automatic,Second,Individual,FWD,4915,1874,1455,5
7280,2015,104000,64622.584,Diesel,Manual,First,Individual,RWD,4456,1820,1930,8
13160,2013,50000,31068.55,Diesel,Automatic,First,Individual,FWD,4701,1826,1427,5
3640,2017,56000,34796.776,Petrol,Manual,First,Individual,FWD,3495,1550,1500,5
5880,2014,48000,29825.808,Diesel,Manual,First,Individual,FWD,4315,1822,1695,5
13720,2021,23000,14291.533,Petrol,Manual,First,Individual,FWD,4395,1735,1690,7
47040,2021,5600,3479.6776,Diesel,Automatic,UnRegistered Car,Individual,FWD,4549,1796,1446,5
6160,2015,33000,20505.243,Petrol,Manual,First,Individual,FWD,3985,1734,1505,5
14280,2019,58900,36598.7519,Diesel,Manual,First,Individual,FWD,4270,1780,1665,5
43680,2016,20000,12427.42,Diesel,Automatic,First,Individual,AWD,4600,2069,1690,7
4871.9888,2019,32000,19883.872,Petrol,Manual,First,Individual,FWD,3679,1579,1478,5
8680,2017,71000,44117.341,Petrol,Manual,First,Individual,FWD,4296,1695,1685,7
2072,2008,61000,37903.631,Petrol,Automatic,Third,Individual,FWD,3565,1595,1550,5
6272,2017,29000,18019.759,Petrol,Manual,First,Individual,FWD,3765,1660,1520,5
11200,2014,158690,98605.36399,Diesel,Manual,Second,Individual,RWD,4585,1760,1760,7
7112,2016,92000,57166.132,Diesel,Manual,Second,Individual,FWD,4490,1730,1485,5
7280,2020,42000,26097.582,Petrol,Manual,First,Individual,FWD,3995,1735,1515,5
3864,2019,60969,37884.368499,Petrol,Manual,First,Individual,FWD,3785,1635,1485,5
9688,2017,93000,57787.503,Diesel,Manual,First,Individual,FWD,4585,1890,1785,7
15456,2014,100000,62137.1,Diesel,Automatic,First,Individual,FWD,4701,1826,1427,5
6552,2018,31000,19262.501,Petrol,Manual,First,Individual,FWD,4490,1730,1485,5
7728,2020,55000,34175.405,Petrol,Manual,First,Individual,FWD,3995,1745,1510,5
4256,2018,68320,42452.06672,CNG,Manual,First,Individual,FWD,3599,1495,1700,5
9520,2018,65000,40389.115,Diesel,Manual,First,Individual,RWD,4788,1903,1791,7
19600,2013,95000,59030.245,Diesel,Manual,Second,Individual,AWD,4705,1840,1850,7
3080,2013,85785,53304.311235,Diesel,Manual,Second,Individual,FWD,3775,1680,1620,5
7728,2018,38000,23612.098,Petrol,Manual,First,Individual,FWD,4390,1699,1467,5
12656,2020,12905,8018.792755,Petrol,Manual,First,Individual,FWD,3995,1775,1505,5
25704,2019,26000,16155.646,Diesel,Automatic,First,Individual,RWD,4735,1830,1795,7
45920,2021,9000,5592.339,Petrol,Automatic,First,Individual,FWD,4549,1796,1446,5
8120,2018,65000,40389.115,Diesel,Manual,Second,Individual,FWD,3994,1811,1607,5
6664,2019,48000,29825.808,Petrol,Manual,First,Individual,FWD,3985,1734,1505,5
3248,2011,91000,56544.761,Petrol,Manual,First,Individual,FWD,3585,1595,1550,5
12096,2020,52000,32311.292,Diesel,Manual,First,Individual,FWD,3995,1821,1627,5
3348.8,2013,90000,55923.39,Diesel,Manual,Third,Individual,FWD,4265,1695,1510,5
4368,2014,67000,41631.857,Petrol,Automatic,First,Individual,FWD,3990,1680,1505,5
9800,2015,67000,41631.857,Diesel,Manual,First,Individual,RWD,4456,1820,1995,8
13160,2021,37556,23336.209276,Diesel,Manual,First,Individual,FWD,3995,1770,1605,5
2912,2012,54000,33554.034,Petrol,Manual,First,Individual,FWD,3620,1475,1460,5
7280,2019,42000,26097.582,Petrol,Manual,First,Individual,FWD,3990,1680,1505,5
7000,2017,55000,34175.405,Petrol,Manual,First,Individual,FWD,3995,1682,1483,5
19320,2019,23952,14883.078192,Diesel,Manual,First,Individual,FWD,4655,1835,1760,5
3348.8,2015,92000,57166.132,CNG,Manual,Second,Individual,FWD,3599,1495,1700,5
4200,2013,34000,21126.614,Petrol,Automatic,First,Individual,FWD,3585,1595,1550,5
7156.8,2020,44300,27526.7353,Petrol,Automatic,First,Individual,FWD,3695,1600,1560,5
6619.2,2015,65000,40389.115,Diesel,Manual,First,Individual,FWD,4490,1730,1485,5
47040,2018,102000,63379.842,Diesel,Automatic,First,Individual,AWD,4819,2141,1796,5
2800,2009,110000,68350.81,Petrol,Automatic,First,Individual,FWD,4420,1695,1480,5
15668.8,2021,11000,6835.081,Petrol,Manual,First,Individual,FWD,4315,1800,1645,5
8288,2020,39000,24233.469,CNG,Manual,First,Individual,FWD,3995,1680,1520,5
1960,2009,65000,40389.115,Petrol,Manual,Second,Individual,FWD,3565,1595,1550,5
17920,2013,80000,49709.68,Diesel,Automatic,Second,Individual,RWD,4899,2094,1464,5
2800,2017,132683,82445.368393,Diesel,Manual,First,Individual,FWD,4440,1695,1495,5
7000,2017,81000,50331.051,Diesel,Manual,First,Individual,FWD,4315,1822,1695,5
6440,2015,50599,31440.751229,Petrol,Manual,Second,Individual,FWD,3850,1695,1530,5
31360,2017,29000,18019.759,Diesel,Automatic,Second,Individual,RWD,4454,2044,1545,5
8792,2018,23000,14291.533,Petrol,Automatic,First,Individual,FWD,3955,1694,1544,5
21840,2016,84878,52740.727738,Diesel,Automatic,Second,Individual,AWD,4385,1831,1608,5
22388.7888,2019,71063,44156.487373,Diesel,Manual,First,Individual,RWD,4735,1830,1795,8
5320,2016,69001,42875.220371,Petrol,Manual,First,Individual,FWD,3999,1765,1708,5
4648,2014,62000,38525.002,Diesel,Manual,Second,Individual,FWD,4370,1700,1475,5
4200,2012,82000,50952.422,Diesel,Manual,First,Individual,FWD,3995,1710,1505,5
3360,2011,49200,30571.4532,Petrol,Manual,First,Individual,FWD,4265,1695,1510,5
16800,2021,8000,4970.968,Petrol,Manual,Second,Individual,AWD,3985,1820,1844,4
10920,2019,58000,36039.518,Diesel,Manual,First,Individual,FWD,3995,1790,1640,5
4144,2015,64000,39767.744,Petrol,Manual,First,Individual,FWD,3545,1490,1475,5
2800,2012,48568,30178.746728,Petrol,Manual,First,Individual,FWD,3585,1595,1550,5
35280,2014,66500,41321.1715,Diesel,Automatic,First,Individual,RWD,5252,1899,1457,5
12488,2018,58590,36406.12689,Diesel,Manual,First,Individual,FWD,4585,1890,1785,7
1456,2009,59000,36660.889,Petrol,Manual,Second,Individual,FWD,3565,1595,1550,5
3348.8,2013,47000,29204.437,Petrol,Manual,First,Individual,FWD,3850,1695,1530,5
3360,2014,40000,24854.84,Petrol,Manual,First,Individual,FWD,3995,1710,1505,5
37240,2021,13092,8134.989132,Petrol,Automatic,First,Individual,FWD,4869,1864,1469,5
21840,2016,57057,35453.565147,Diesel,Automatic,First,Individual,FWD,4701,1826,1427,5
5600,2015,90000,55923.39,Diesel,Manual,First,Individual,FWD,3995,1695,1555,5
6664,2015,45000,27961.695,Petrol,Manual,First,Individual,FWD,3995,1760,1555,5
5431.9888,2018,44000,27340.324,Petrol,Automatic,First,Individual,FWD,3715,1635,1565,5
19040,2021,17000,10563.307,Diesel,Manual,First,Individual,AWD,3985,1820,1855,4
6484.8,2019,50860,31602.92906,Petrol,Manual,First,Individual,FWD,3655,1620,1675,5
42560,2020,20000,12427.42,Diesel,Automatic,First,Individual,RWD,4903,1869,1837,7
36848,2018,51000,31689.921,Diesel,Automatic,First,Individual,RWD,4795,1855,1835,7
47600,2018,24000,14912.904,Diesel,Automatic,First,Individual,RWD,4686,1810,1442,5
5992,2017,34908,21690.818868,Petrol,Manual,First,Corporate,FWD,3995,1745,1500,5
8680,2017,67000,41631.857,Diesel,Automatic,First,Individual,FWD,4315,1822,1695,5
3864,2014,19000,11806.049,Petrol,Automatic,Second,Individual,FWD,3600,1600,1560,5
38080,2019,30600,19013.9526,Petrol,Automatic,First,Corporate,FWD,4689,1814,1496,5
5880,2016,18800,11681.7748,Petrol,Manual,First,Individual,FWD,3955,1694,1544,5
7280,2016,100000,62137.1,Petrol,Manual,First,Individual,FWD,3985,1734,1505,5
12028.8,2017,50050,31099.61855,Petrol,Automatic,First,Individual,FWD,4270,1780,1630,5
19600,2021,14000,8699.194,Diesel,Manual,First,Individual,FWD,4270,1780,1630,5
6608,2014,55000,34175.405,Diesel,Manual,Second,Individual,FWD,4331,1822,1671,5
19320,2020,35000,21747.985,Diesel,Manual,First,Individual,FWD,4300,1790,1635,5
7056,2019,20734,12883.506314,Petrol,Automatic,First,Individual,FWD,3695,1600,1560,5
15400,2013,83000,51573.793,Diesel,Manual,First,Individual,RWD,4705,1840,1850,7
4760,2014,75000,46602.825,Diesel,Manual,First,Individual,FWD,3990,1680,1505,5
24595.2,2019,42794,26590.950574,Diesel,Automatic,First,Individual,RWD,4735,1830,1795,8
2800,2009,72256,44897.782976,Petrol,Manual,First,Individual,FWD,4420,1695,1480,5
33040,2018,17300,10749.7183,Diesel,Automatic,First,Individual,FWD,4456,1796,1416,5
11032,2017,68000,42253.228,Diesel,Manual,First,Individual,RWD,4456,1820,1995,8
8400,2019,43600,27091.7756,Petrol,Automatic,First,Individual,FWD,3995,1770,1605,5
5040,2018,43000,26718.953,Petrol,Manual,First,Individual,FWD,3636,1475,1670,5
9508.8,2021,17283,10739.154993,Petrol,Manual,First,Individual,FWD,3995,1790,1640,5
4816,2014,59000,36660.889,Petrol,Manual,First,Individual,FWD,3995,1695,1555,5
8288,2017,88000,54680.648,Diesel,Manual,First,Individual,FWD,4296,1695,1685,7
14112,2018,36000,22369.356,Petrol,Automatic,First,Individual,FWD,4270,1780,1665,5
2800,2017,32000,19883.872,Petrol,Manual,First,Individual,FWD,3679,1579,1478,5
10920,2018,53300,33119.0743,Petrol,Automatic,First,Individual,FWD,4440,1729,1475,5
46491.2,2022,1,0.621371,Petrol,Automatic,UnRegistered Car,Individual,FWD,4762,1847,1433,5
36400,2020,32005,19886.978855,Diesel,Automatic,Second,Individual,RWD,4454,1798,1545,5
38640,2018,35000,21747.985,Diesel,Automatic,First,Individual,AWD,4892,1860,1837,7
6720,2016,92000,57166.132,Diesel,Manual,Second,Individual,RWD,3995,1835,1839,7
16408,2019,22000,13670.162,Petrol,Automatic,Second,Individual,FWD,4570,1800,1465,5
5320,2014,62000,38525.002,Petrol,Manual,First,Individual,FWD,4370,1700,1475,5
11200,2022,4000,2485.484,Petrol,Automatic,Second,Individual,FWD,3991,1750,1605,5
20720,2016,72000,44738.712,Diesel,Automatic,First,Individual,RWD,4735,1830,1795,7
6384,2015,60798,37778.114058,Petrol,Manual,First,Individual,FWD,4490,1730,1485,5
8624,2016,20000,12427.42,Petrol,Automatic,First,Individual,FWD,4375,1700,1475,5
11648,2019,18000,11184.678,Petrol,Automatic,First,Individual,FWD,4440,1695,1495,5
7560,2014,78000,48466.938,Diesel,Manual,Second,Individual,RWD,4430,1817,1975,8
5040,2014,52000,32311.292,Petrol,Manual,First,Individual,FWD,3995,1695,1555,5
8960,2022,10000,6213.71,Petrol,Manual,First,Individual,FWD,3845,1735,1530,5
24640,2021,32000,19883.872,Diesel,Manual,First,Individual,RWD,4655,1965,1922,7
12040,2015,138000,85749.198,Diesel,Manual,First,Individual,FWD,4585,1890,1785,7
6272,2018,84500,52505.8495,Diesel,Manual,Third,Individual,FWD,3995,1735,1515,5
5040,2016,47000,29204.437,Petrol,Manual,Second,Individual,FWD,3765,1660,1520,5
46760,2018,20000,12427.42,Diesel,Automatic,First,Individual,FWD,4963,1879,1443,5
9072,2018,73000,45360.083,Diesel,Manual,First,Individual,FWD,4440,1729,1475,5
21000,2011,72000,44738.712,Petrol,Automatic,First,Individual,RWD,5246,1899,1494,4
5824,2015,42000,26097.582,Petrol,Automatic,First,Individual,FWD,3955,1694,1544,5
4760,2015,36528,22697.439888,Diesel,Manual,Third,Individual,FWD,3850,1695,1530,5
3640,2012,30000,18641.13,Petrol,Manual,First,Individual,FWD,3850,1695,1530,5
21840,2016,79000,49088.309,Diesel,Automatic,First,Individual,AWD,4644,1891,1713,5
10640,2018,41000,25476.211,Diesel,Manual,First,Individual,RWD,4456,1820,1930,8
22120,2015,61000,37903.631,Diesel,Automatic,Second,Individual,FWD,4933,1874,1455,5
47040,2017,85000,52816.535,Diesel,Automatic,First,Individual,AWD,4819,2141,1796,5
39200,2019,55000,34175.405,Diesel,Automatic,Second,Individual,RWD,4686,1810,1442,5
4200,2017,45000,27961.695,Petrol,Manual,UnRegistered Car,Individual,FWD,3679,1579,1478,5
20440,2016,58000,36039.518,Diesel,Automatic,First,Individual,FWD,4424,1804,1494,5
19152,2021,4400,2734.0324,Petrol,Automatic,First,Individual,AWD,3985,1820,1844,4
4200,2014,35000,21747.985,Petrol,Automatic,First,Individual,FWD,3600,1600,1560,5
3192,2016,22346,13885.156366,Petrol,Manual,First,Individual,FWD,3395,1490,1475,5
20720,2021,23280,14465.51688,Petrol,Manual,Second,Individual,AWD,3985,1820,1920,6
6955.2,2013,72000,44738.712,Diesel,Manual,First,Individual,FWD,4265,1695,1685,7
16520,2016,82000,50952.422,Diesel,Automatic,First,Individual,RWD,4695,1815,1840,7
20160,2015,86000,53437.906,Diesel,Automatic,Second,Individual,RWD,4705,1840,1850,7
4468.8,2018,38000,23612.098,Petrol,Manual,First,Individual,FWD,3765,1660,1520,5
9968,2015,138314,85944.308494,Diesel,Manual,First,Individual,FWD,4270,1780,1630,5
14840,2021,9900,6151.5729,Petrol,Automatic,First,Individual,FWD,4370,1700,1475,5
2788.8,2013,60000,37282.26,Diesel,Manual,First,Individual,RWD,3985,1850,1880,7
5711.9888,2019,48000,29825.808,Petrol,Manual,First,Individual,FWD,3695,1600,1560,5
16240,2018,90000,55923.39,Diesel,Manual,First,Individual,AWD,4395,1818,1640,5
7168,2017,63000,39146.373,Diesel,Manual,First,Individual,FWD,4300,1765,1590,5
3348.8,2017,65822,40899.881962,Diesel,Manual,First,Individual,FWD,3600,1600,1560,5
16744,2011,72100,44800.8491,Diesel,Automatic,Second,Individual,RWD,5226,2120,1479,5
3920,2013,34000,21126.614,Petrol,Manual,First,Individual,FWD,3775,1695,1510,5
15915.2,2017,75000,46602.825,Diesel,Manual,Second,Individual,RWD,4735,1830,1795,7
6664,2017,99000,61515.729,Petrol,Automatic,First,Individual,FWD,3955,1694,1544,5
3931.2,2013,42000,26097.582,Diesel,Manual,First,Individual,FWD,3995,1695,1555,5
10920,2017,78000,48466.938,Diesel,Manual,First,Individual,AWD,4585,1890,1785,7
9240,2019,44000,27340.324,Petrol,Manual,First,Individual,FWD,4490,1730,1485,5
11760,2017,88757,55151.025847,Diesel,Manual,Second,Individual,RWD,4788,1903,1791,6
22064,2017,85000,52816.535,Diesel,Automatic,Second,Individual,FWD,4385,1831,1608,5
45920,2020,12136,7540.958456,Diesel,Automatic,First,Corporate,FWD,4526,1800,1420,5
17080,2015,49000,30447.179,Diesel,Automatic,First,Individual,FWD,4701,1826,1427,5
46480,2021,6000,3728.226,Petrol,Automatic,First,Individual,FWD,4549,1796,1446,5
8120,2017,64000,39767.744,Diesel,Manual,First,Individual,FWD,3995,1790,1640,5
3808,2011,109000,67729.439,Petrol,Manual,Second,Individual,FWD,4540,1760,1480,5
7280,2018,32000,19883.872,Petrol,Manual,First,Individual,FWD,3995,1745,1500,5
6384,2019,13000,8077.823,Petrol,Manual,First,Individual,FWD,3850,1695,1530,5
13664,2020,35000,21747.985,Diesel,Manual,First,Individual,RWD,4456,1820,1995,7
8960,2017,112000,69593.552,Diesel,Manual,First,Individual,FWD,4585,1890,1785,7
7392,2017,40000,24854.84,Petrol,Automatic,First,Individual,FWD,3995,1745,1500,5
6440,2017,53580,33293.05818,Petrol,Manual,First,Individual,FWD,3999,1734,1601,5
2688,2013,51500,32000.6065,Diesel,Manual,Second,Individual,RWD,3985,1850,1880,7
10640,2019,22000,13670.162,Petrol,Manual,First,Individual,FWD,4440,1695,1495,5
4692.8,2017,23700,14726.4927,Petrol,Manual,First,Individual,FWD,3679,1579,1478,5
8400,2017,48069,29868.682599,Petrol,Automatic,First,Individual,FWD,3995,1695,1555,5
38080,2019,48000,29825.808,Diesel,Automatic,First,Individual,FWD,4726,1842,1427,5
12992,2015,47981,29814.001951,Diesel,Automatic,First,Individual,FWD,4659,1814,1476,5
19600,2021,26000,16155.646,Diesel,Manual,First,Individual,FWD,4500,1790,1675,7
17640,2020,63000,39146.373,Diesel,Automatic,First,Individual,FWD,4315,1800,1645,5
31483.2,2019,71500,44428.0265,Diesel,Automatic,Second,Individual,RWD,4795,1855,1835,7
5320,2016,16630,10333.39973,Petrol,Manual,First,Individual,FWD,3765,1660,1520,5
48731.2,2018,36000,22369.356,Diesel,Automatic,First,Individual,FWD,4933,1874,1455,5
9520,2017,47255,29362.886605,Petrol,Manual,First,Individual,FWD,4440,1695,1495,5
12264,2018,50000,31068.55,Diesel,Manual,First,Individual,FWD,4585,1890,1785,7
21560,2022,9355,5812.925705,Petrol,Automatic,First,Individual,FWD,4300,1790,1635,5
3416,2018,34800,21623.7108,Petrol,Manual,First,Individual,FWD,3679,1579,1478,5
4312,2013,72000,44738.712,Diesel,Manual,Second,Individual,FWD,4331,1822,1671,5
5600,2012,86288,53616.860848,Diesel,Manual,First,Individual,FWD,4386,1699,1466,5
7336,2017,24003,14914.768113,Petrol,Manual,First,Individual,FWD,3955,1694,1544,5
10360,2017,28000,17398.388,Diesel,Manual,First,Individual,FWD,3994,1811,1607,5
7728,2017,65000,40389.115,Diesel,Manual,First,Individual,FWD,3985,1734,1505,5
16800,2019,75000,46602.825,Diesel,Manual,First,Individual,FWD,4585,1890,1785,7
7000,2015,45000,27961.695,Diesel,Manual,Second,Individual,FWD,4265,1695,1685,7
9463.9888,2018,71000,44117.341,Diesel,Manual,Second,Individual,FWD,4375,1700,1475,5
8344,2018,54000,33554.034,Petrol,Automatic,First,Individual,FWD,4453,1735,1666,7
7280,2015,49776,30929.362896,Diesel,Automatic,First,Individual,RWD,3995,1835,1839,7
7168,2017,61000,37903.631,Diesel,Manual,First,Individual,FWD,3995,1790,1640,5
22960,2017,68000,42253.228,Diesel,Automatic,Second,Corporate,FWD,4370,1783,1458,5
4424,2014,47884,29753.728964,Petrol,Automatic,First,Individual,FWD,3600,1600,1560,5
15568,2017,56000,34796.776,Petrol,Automatic,First,Individual,FWD,4670,1814,1476,5
4088,2010,58424,36302.979304,Petrol,Manual,First,Individual,FWD,4420,1695,1480,5
5051.2,2017,55000,34175.405,Diesel,Manual,First,Individual,FWD,3995,1660,1520,5
24080,2017,45000,27961.695,Diesel,Automatic,First,Individual,RWD,4735,1830,1795,7
9856,2018,47000,29204.437,Petrol,Manual,First,Individual,FWD,4386,1699,1466,5
13216,2019,38000,23612.098,Petrol,Automatic,First,Individual,FWD,4370,1700,1475,5
3192,2016,17000,10563.307,Petrol,Manual,First,Individual,FWD,3395,1490,1475,5
-1,2018,-1,-1,Diesel,Manual,First,Individual,FWD,4375,1700,1475,5
7560,2019,35000,21747.985,Diesel,Manual,First,Individual,FWD,3995,1704,1525,5
28000,2015,34303,21314.889413,Diesel,Automatic,Second,Individual,FWD,3982,1727,1425,5
41160,2019,34000,21126.614,Diesel,Automatic,First,Individual,FWD,4933,1874,1455,5
26880,2022,8000,4970.968,Diesel,Automatic,First,Individual,FWD,4500,1790,1675,7
14560,2020,27000,16777.017,Diesel,Manual,First,Individual,FWD,4315,1800,1645,5
9240,2021,6600,4101.0486,Petrol,Automatic,First,Individual,FWD,3805,1680,1520,5
10068.8,2015,125000,77671.375,Diesel,Manual,Third,Individual,RWD,4585,1765,1760,8
4591.9888,2021,13424,8341.284304,Petrol,Manual,First,Individual,FWD,3445,1515,1475,5
3236.8,2015,78000,48466.938,CNG,Manual,First,Individual,FWD,3395,1490,1475,5
3136,2011,69276,43046.097396,Petrol,Manual,First,Individual,FWD,3620,1475,1460,5
9094.3888,2017,31000,19262.501,Diesel,Manual,First,Individual,FWD,4440,1729,1475,5
7000,2014,54000,33554.034,Diesel,Manual,First,Individual,FWD,3971,1682,1469,5
8120,2017,75000,46602.825,Diesel,Manual,First,Individual,FWD,3995,1790,1640,5
46984,2017,63651,39550.885521,Diesel,Automatic,First,Individual,AWD,4657,1881,1678,5
16240,2014,71796,44611.952316,Diesel,Automatic,Third,Individual,AWD,4385,1831,1608,5
4760,2014,74000,45981.454,Diesel,Manual,Second,Individual,FWD,4331,1822,1671,5
2800,2013,82461,51238.874031,Petrol,Manual,First,Individual,FWD,3495,1550,1500,5
8960,2018,66000,41010.486,Diesel,Manual,First,Individual,FWD,3995,1735,1515,5
9800,2015,87000,54059.277,Diesel,Manual,First,Individual,RWD,4456,1820,1995,8
25480,2016,61109,37971.360439,Diesel,Automatic,Second,Individual,FWD,4424,1804,1494,5
5880,2019,32000,19883.872,Petrol,Manual,First,Individual,FWD,3793,1665,1587,5
17024,2021,14000,8699.194,Petrol,Manual,First,,AWD,3985,1820,1844,4
1904,2009,135797,84380.317687,Petrol,Manual,Second,Individual,FWD,3565,1595,1550,5
36960,2019,42475,26392.733225,Diesel,Automatic,First,Individual,AWD,4903,1869,1837,7
6440,2018,27239,16925.524669,Petrol,Automatic,First,Individual,FWD,3600,1600,1560,5
2128,2013,66000,41010.486,Petrol,Manual,First,Individual,FWD,3495,1495,1518,5
8456,2022,2272,1411.754912,Petrol,Manual,First,Individual,FWD,3805,1680,1520,5
12656,2015,50000,31068.55,Petrol,Automatic,First,Individual,FWD,4545,1820,1685,5
6832,2017,38674,24030.902054,Petrol,Manual,First,Individual,FWD,3995,1695,1555,5
21000,2016,40000,24854.84,Diesel,Automatic,First,Individual,AWD,4385,1831,1608,5
5376,2021,14000,8699.194,CNG,Manual,First,Individual,FWD,3395,1490,1475,5
4088,2019,32000,19883.872,Petrol,Manual,First,Individual,FWD,3679,1579,1478,5
8344,2017,82000,50952.422,Diesel,Manual,First,Individual,FWD,3999,1765,1708,5
12880,2013,52000,32311.292,Petrol,Automatic,Second,Individual,FWD,4359,2010,1557,5
2240,2014,56000,34796.776,Diesel,Manual,Third,Individual,FWD,3995,1660,1520,5
8680,2016,42000,26097.582,Petrol,Automatic,First,Individual,FWD,4440,1695,1495,5
9632,2016,57983,36028.954693,Petrol,Manual,First,Individual,FWD,4270,1780,1630,5
23407.9888,2018,15600,9693.3876,Petrol,Automatic,First,Corporate,FWD,4456,1796,1416,5
12320,2019,26000,16155.646,Diesel,Manual,First,Individual,FWD,4375,1700,1475,5
2912,2011,90000,55923.39,Diesel,Manual,Second,Individual,FWD,3995,1695,1555,5
30128,2016,43323,26919.655833,Diesel,Automatic,Second,Individual,RWD,4879,1854,1474,5
15680,2020,94182,58521.963522,Diesel,Automatic,First,Individual,FWD,4670,1814,1476,5
5768,2022,3395,2109.554545,Petrol,Manual,First,Individual,FWD,3610,1645,1560,5
6720,2014,53213,33065.015023,Diesel,Manual,First,Individual,FWD,4265,1695,1685,7
22400,2017,93000,57787.503,Diesel,Automatic,First,Individual,AWD,4892,1860,1837,7
31920,2018,45000,27961.695,Diesel,Automatic,First,Individual,RWD,4795,1967,1416,5
35840,2017,110000,68350.81,Diesel,Automatic,First,Individual,AWD,4795,1855,1835,7
12040,2016,70000,43495.97,Petrol,Manual,First,Individual,FWD,4620,1775,1475,5
6440,2020,40000,24854.84,Petrol,Manual,First,Individual,FWD,3990,1755,1523,5
44240,2018,52000,32311.292,Diesel,Automatic,First,Individual,AWD,4425,1863,1652,5
8400,2019,6200,3852.5002,Petrol,Manual,First,Individual,FWD,4490,1730,1485,5
8456,2017,75650,47006.71615,Diesel,Manual,First,Individual,FWD,3999,1734,1601,5
2128,2010,60000,37282.26,Petrol,Manual,Third,Individual,FWD,3565,1595,1550,5
4760,2014,89000,55302.019,Diesel,Manual,First,Individual,FWD,3995,1695,1555,5
4368,2019,56000,34796.776,CNG,Manual,First,Individual,FWD,3395,1490,1475,5
9576,2017,57000,35418.147,Diesel,Manual,Second,Individual,FWD,4375,1700,1475,5
2520,2012,56000,34796.776,Petrol,Manual,First,Individual,FWD,3495,1550,1500,5
27160,2016,60000,37282.26,Diesel,Automatic,First,Individual,FWD,4933,1874,1455,5
14224,2019,61805,38403.834655,Diesel,Manual,First,Individual,RWD,4456,1820,1995,7
3640,2014,58000,36039.518,CNG,Manual,Second,Individual,FWD,3599,1495,1700,5
8400,2019,33000,20505.243,Petrol,Manual,First,Individual,FWD,3994,1811,1607,5
5040,2014,48000,29825.808,Petrol,Automatic,First,Individual,FWD,3695,1600,1560,5
19152,2020,12400,7705.0004,Diesel,Manual,First,Individual,FWD,4655,1835,1760,5
9755.2,2015,64000,39767.744,Diesel,Manual,First,Individual,FWD,4270,1780,1630,5
7000,2021,18000,11184.678,CNG,Manual,First,Individual,FWD,3599,1495,1700,5
5544,2016,53376,33166.298496,Diesel,Manual,First,Individual,FWD,3675,1715,1655,6
6720,2016,70000,43495.97,Diesel,Manual,First,Individual,FWD,4440,1695,1495,5
6664,2014,65123,40465.543633,Diesel,Manual,First,Individual,FWD,4370,1700,1475,5
4760,2014,58600,36412.3406,Petrol,Manual,First,Individual,FWD,3990,1680,1505,5
11760,2021,7500,4660.2825,Petrol,Manual,First,Individual,FWD,3995,1770,1605,5
14548.8,2019,39000,24233.469,Diesel,Manual,First,Individual,FWD,4270,1780,1665,5
1960,2009,23000,14291.533,Petrol,Manual,First,Individual,FWD,3565,1595,1550,5
11143.9888,2019,27900,17336.2509,Petrol,Manual,First,Individual,FWD,4445,1775,1700,6
11480,2019,42000,26097.582,CNG,Manual,First,Individual,FWD,4296,1695,1685,7
2968,2016,122000,75807.262,Petrol,Manual,First,Individual,FWD,3679,1579,1478,5
5320,2015,48000,29825.808,Petrol,Manual,First,Individual,FWD,3995,1745,1500,5
7392,2018,9000,5592.339,Petrol,Manual,First,Individual,FWD,3985,1734,1505,5
5488,2019,32000,19883.872,Petrol,Automatic,First,Individual,FWD,3679,1579,1478,5
21840,2018,54000,33554.034,Petrol,Automatic,First,Individual,RWD,4735,1830,1795,7
3528,2012,57000,35418.147,Petrol,Manual,First,Individual,FWD,4425,1695,1505,5
46928,2017,90000,55923.39,Diesel,Automatic,First,Individual,AWD,4819,2141,1796,5
3819.2,2016,49000,30447.179,Petrol,Manual,First,Individual,FWD,3610,1680,1500,5
10640,2018,71000,44117.341,Diesel,Manual,Second,Individual,FWD,3995,1790,1640,5
4591.9888,2014,20000,12427.42,Petrol,Manual,Second,Individual,FWD,3850,1695,1530,5
11760,2021,5000,3106.855,Diesel,Manual,First,Individual,FWD,4490,1730,1485,5
4088,2013,68000,42253.228,Petrol,Manual,First,Individual,FWD,3850,1695,1530,5
34720,2019,17000,10563.307,Diesel,Automatic,First,Individual,FWD,4630,1777,1432,5
21000,2022,15000,9320.565,Diesel,Automatic,First,Individual,AWD,3985,1820,1844,4
6664,2015,43000,26718.953,Diesel,Manual,First,Individual,FWD,3999,1765,1708,5
7280,2017,92000,57166.132,Diesel,Manual,Second,Individual,FWD,4490,1730,1485,5
5835.2,2017,40879,25401.025109,Petrol,Automatic,First,Individual,FWD,3700,1690,1595,5
6384,2016,80000,49709.68,Diesel,Manual,First,Individual,FWD,3999,1765,1708,5
3348.8,2018,19000,11806.049,Petrol,Manual,First,Individual,FWD,3679,1579,1478,5
3920,2012,130000,80778.23,Diesel,Manual,First,Individual,FWD,4386,1699,1466,5
6440,2017,35000,21747.985,Diesel,Manual,First,Individual,FWD,3995,1695,1555,5
3752,2013,64418,40027.477078,Petrol,Automatic,Second,Individual,FWD,3610,1680,1500,5
5376,2019,10265,6378.373315,Petrol,Manual,First,Individual,FWD,3765,1660,1520,5
7560,2021,15000,9320.565,CNG,Manual,First,Individual,FWD,3655,1620,1675,5
3920,2012,85000,52816.535,Diesel,Manual,First,Individual,FWD,4320,1764,1486,5
28000,2018,90000,55923.39,Diesel,Automatic,Second,Individual,FWD,4424,1804,1494,5
4480,2017,43000,26718.953,CNG,Manual,First,Individual,FWD,3599,1495,1700,5
30800,2017,219000,136080.249,Diesel,Automatic,Second,Individual,AWD,4795,1855,1835,7
8848,2017,50000,31068.55,Diesel,Manual,First,Individual,FWD,3995,1790,1640,5
2016,2014,48000,29825.808,Petrol,Manual,Third,Individual,FWD,3395,1490,1475,5
6171.2,2019,39000,24233.469,Diesel,Manual,First,Individual,FWD,3995,1660,1520,5
9632,2018,33030,20523.88413,Diesel,Manual,First,Individual,FWD,3995,1790,1640,5
4200,2013,86000,53437.906,Petrol,Manual,Second,Individual,FWD,4440,1695,1485,5
8120,2017,55000,34175.405,Petrol,Automatic,First,Individual,FWD,4490,1730,1485,5
4480,2017,35000,21747.985,Petrol,Manual,First,Individual,FWD,3765,1660,1520,5
25480,2022,2000,1242.742,Petrol,Automatic,First,Individual,FWD,4405,1818,1640,5
14000,2018,90000,55923.39,Diesel,Manual,First,Individual,FWD,4395,1818,1640,5
5588.8,2012,96506,59966.029726,Petrol,Manual,Second,Individual,FWD,4440,1695,1485,5
4468.8,2014,88000,54680.648,Petrol,Automatic,First,Individual,FWD,4384,1699,1466,5
3752,2008,140987,87605.233177,Diesel,Automatic,Second,Individual,RWD,4818,1822,1420,5
5040,2015,52000,32311.292,Petrol,Manual,First,Individual,FWD,3995,1695,1555,5
4591.9888,2015,54443,33829.301353,Petrol,Automatic,First,Individual,FWD,3600,1600,1560,5
33600,2017,42000,26097.582,Petrol,Automatic,First,Individual,FWD,4726,1842,1427,5
2800,2018,25000,15534.275,Petrol,Manual,Second,Individual,FWD,3429,1560,1541,5
6608,2014,86000,53437.906,Diesel,Manual,First,Individual,FWD,3850,1695,1530,5
14560,2013,50300,31254.9613,Diesel,Automatic,Second,Individual,FWD,4097,1789,1561,5
18367.9888,2018,43000,26718.953,Diesel,Automatic,First,Individual,FWD,4585,1890,1785,7
8288,2013,83555,51918.653905,Diesel,Manual,First,Individual,FWD,4585,1890,1785,7
5936,2013,75000,46602.825,Diesel,Manual,First,Individual,FWD,3999,1765,1708,5
22287.9888,2022,5800,3603.9518,Diesel,Automatic,First,Individual,FWD,4300,1790,1635,5
36400,2018,173000,107497.183,Diesel,Manual,First,Individual,RWD,4795,1855,1835,7
22120,2021,7000,4349.597,Petrol,Automatic,First,Individual,FWD,4315,1800,1645,5
8232,2015,121000,75185.891,Diesel,Manual,First,Individual,AWD,4585,1890,1785,7
4760,2013,96000,59651.616,Diesel,Manual,First,Individual,RWD,4655,1965,1922,7
3528,2011,38091,23668.642761,Petrol,Manual,First,Individual,FWD,3775,1695,1510,5
3080,2013,34000,21126.614,Petrol,Manual,First,Individual,FWD,3495,1550,1500,5
8400,2018,75000,46602.825,Diesel,Manual,First,Individual,FWD,4440,1695,1495,5
5208,2014,82000,50952.422,Diesel,Manual,First,Individual,FWD,4265,1695,1510,5
14840,2021,20000,12427.42,Petrol,Manual,First,Individual,FWD,3995,1790,1647,5
1960,2008,65000,40389.115,Diesel,Manual,Second,Individual,FWD,3995,1695,1555,5
10640,2011,65000,40389.115,Petrol,Automatic,Second,Individual,RWD,4879,1854,1474,5
3080,2011,65000,40389.115,Diesel,Manual,First,Individual,FWD,3995,1695,1555,5
11200,2010,127000,78914.117,Diesel,Manual,Third,Individual,AWD,4695,1840,1850,7
8176,2016,51834,32208.144414,Petrol,Manual,Second,Individual,FWD,4440,1695,1495,5
16744,2018,28000,17398.388,Petrol,Automatic,First,Individual,FWD,4395,1818,1640,5
12880,2014,39000,24233.469,Petrol,Automatic,Second,Individual,FWD,4359,2010,1557,5
6608,2015,116592,72446.887632,Petrol,Automatic,First,Individual,FWD,4440,1695,1495,5
27440,2014,80000,49709.68,Diesel,Automatic,First,Individual,RWD,4686,1810,1442,5
3348.8,2014,32000,19883.872,Petrol,Manual,First,Individual,FWD,4249,1690,1503,5
31920,2016,21200,13173.0652,Diesel,Automatic,First,Individual,RWD,4686,1810,1442,5
30968,2022,75,46.602825,Petrol,Automatic,First,Individual,FWD,4695,1890,1755,7
4088,2014,75693,47033.435103,CNG,Manual,Second,Individual,FWD,3599,1495,1700,5
9520,2018,85000,52816.535,Diesel,Manual,First,Individual,FWD,3995,1790,1640,5
5376,2015,49000,30447.179,Petrol,Manual,First,Individual,FWD,4440,1695,1495,5
3864,2016,71000,44117.341,Diesel,Manual,Second,Individual,FWD,3765,1660,1520,5
9979.2,2016,47000,29204.437,Petrol,Manual,First,Individual,FWD,4270,1780,1630,5
10360,2021,48000,29825.808,Petrol,Manual,First,Individual,FWD,3995,1790,1640,5
2744,2014,79000,49088.309,Petrol,Manual,Second,Individual,FWD,3775,1680,1620,5
9520,2016,90300,56109.8013,Diesel,Manual,First,Individual,FWD,4585,1890,1785,7
3080,2014,83000,51573.793,Petrol,Manual,Second,Individual,FWD,3495,1550,1500,5
2688,2013,73000,45360.083,Petrol,Manual,First,Individual,FWD,3795,1680,1427,5
48048,2018,60474,37576.789854,Diesel,Automatic,First,Individual,RWD,4936,1868,1479,5
