id,prediction
35001,0
35002,1
35003,1
35004,0
35005,0
35006,1
35007,1
35008,0
35009,1
35010,1
35011,1
35012,0
35013,1
35014,0
35015,0
35016,0
35017,1
35018,1
35019,1
35020,0
35021,0
35022,0
35023,1
35024,1
35025,0
35026,0
35027,0
35028,1
35029,1
35030,0
35031,1
35032,0
35033,1
35034,1
35035,0
35036,0
35037,1
35038,0
35039,1
35040,0
35041,0
35042,0
35043,1
35044,0
35045,0
35046,1
35047,0
35048,0
35049,1
35050,1
35051,0
35052,0
35053,0
35054,1
35055,1
35056,0
35057,0
35058,0
35059,1
35060,0
35061,0
35062,0
35063,1
35064,0
35065,0
35066,0
35067,0
35068,1
35069,1
35070,0
35071,0
35072,1
35073,0
35074,1
35075,0
35076,1
35077,0
35078,1
35079,0
35080,0
35081,0
35082,0
35083,1
35084,1
35085,0
35086,1
35087,0
35088,0
35089,0
35090,0
35091,0
35092,0
35093,1
35094,0
35095,1
35096,0
35097,0
35098,1
35099,0
35100,0
35101,0
35102,1
35103,1
35104,0
35105,1
35106,0
35107,0
35108,0
35109,1
35110,1
35111,1
35112,0
35113,0
35114,1
35115,0
35116,1
35117,0
35118,0
35119,1
35120,0
35121,0
35122,1
35123,0
35124,0
35125,1
35126,0
35127,0
35128,0
35129,1
35130,1
35131,1
35132,1
35133,1
35134,0
35135,0
35136,0
35137,1
35138,0
35139,1
35140,0
35141,0
35142,1
35143,0
35144,1
35145,0
35146,0
35147,1
35148,1
35149,1
35150,0
35151,0
35152,0
35153,0
35154,1
35155,1
35156,0
35157,1
35158,0
35159,1
35160,1
35161,0
35162,0
35163,0
35164,0
35165,1
35166,0
35167,0
35168,1
35169,1
35170,0
35171,0
35172,0
35173,0
35174,0
35175,0
35176,1
35177,1
35178,0
35179,0
35180,1
35181,0
35182,0
35183,1
35184,1
35185,1
35186,0
35187,1
35188,0
35189,0
35190,1
35191,1
35192,0
35193,1
35194,1
35195,0
35196,0
35197,0
35198,0
35199,1
35200,1
35201,1
35202,0
35203,0
35204,0
35205,0
35206,1
35207,1
35208,1
35209,0
35210,0
35211,0
35212,1
35213,1
35214,1
35215,1
35216,1
35217,0
35218,1
35219,1
35220,1
35221,0
35222,0
35223,0
35224,1
35225,1
35226,0
35227,0
35228,1
35229,1
35230,1
35231,1
35232,0
35233,0
35234,0
35235,1
35236,0
35237,0
35238,0
35239,0
35240,1
35241,0
35242,1
35243,0
35244,1
35245,1
35246,0
35247,0
35248,1
35249,1
35250,0
35251,1
35252,0
35253,1
35254,1
35255,0
35256,0
35257,0
35258,1
35259,1
35260,1
35261,1
35262,0
35263,0
35264,1
35265,1
35266,0
35267,0
35268,0
35269,1
35270,0
35271,1
35272,0
35273,0
35274,1
35275,0
35276,0
35277,0
35278,0
35279,0
35280,0
35281,1
35282,0
35283,1
35284,0
35285,0
35286,1
35287,0
35288,0
35289,0
35290,1
35291,1
35292,1
35293,1
35294,1
35295,1
35296,1
35297,0
35298,0
35299,0
35300,1
35301,0
35302,1
35303,0
35304,0
35305,0
35306,0
35307,0
35308,1
35309,1
35310,0
35311,0
35312,1
35313,0
35314,0
35315,0
35316,1
35317,1
35318,1
35319,1
35320,1
35321,1
35322,0
35323,1
35324,0
35325,1
35326,1
35327,0
35328,1
35329,1
35330,0
35331,0
35332,1
35333,0
35334,0
35335,0
35336,0
35337,0
35338,0
35339,0
35340,1
35341,0
35342,0
35343,1
35344,1
35345,1
35346,0
35347,0
35348,1
35349,0
35350,0
35351,1
35352,1
35353,0
35354,0
35355,0
35356,0
35357,1
35358,0
35359,1
35360,1
35361,0
35362,0
35363,0
35364,1
35365,1
35366,1
35367,0
35368,0
35369,0
35370,1
35371,1
35372,1
35373,0
35374,1
35375,1
35376,0
35377,0
35378,1
35379,1
35380,1
35381,1
35382,0
35383,1
35384,1
35385,1
35386,0
35387,0
35388,0
35389,0
35390,1
35391,1
35392,1
35393,1
35394,1
35395,1
35396,0
35397,0
35398,0
35399,0
35400,1
35401,1
35402,0
35403,1
35404,0
35405,0
35406,0
35407,0
35408,1
35409,0
35410,1
35411,1
35412,1
35413,0
35414,1
35415,1
35416,1
35417,1
35418,0
35419,1
35420,0
35421,1
35422,1
35423,1
35424,1
35425,0
35426,0
35427,0
35428,0
35429,1
35430,0
35431,0
35432,1
35433,1
35434,0
35435,1
35436,0
35437,0
35438,0
35439,0
35440,0
35441,1
35442,0
35443,1
35444,1
35445,0
35446,1
35447,1
35448,0
35449,0
35450,0
35451,0
35452,1
35453,0
35454,1
35455,1
35456,0
35457,1
35458,0
35459,1
35460,0
35461,1
35462,0
35463,1
35464,1
35465,0
35466,0
35467,0
35468,0
35469,0
35470,0
35471,1
35472,1
35473,0
35474,1
35475,0
35476,0
35477,0
35478,0
35479,0
35480,0
35481,1
35482,1
35483,0
35484,0
35485,1
35486,0
35487,1
35488,0
35489,0
35490,0
35491,0
35492,1
35493,1
35494,0
35495,0
35496,1
35497,1
35498,0
35499,0
35500,0
35501,0
35502,0
35503,0
35504,1
35505,0
35506,1
35507,0
35508,1
35509,1
35510,1
35511,1
35512,1
35513,0
35514,1
35515,1
35516,1
35517,1
35518,1
35519,1
35520,0
35521,0
35522,0
35523,0
35524,0
35525,1
35526,0
35527,1
35528,0
35529,0
35530,0
35531,0
35532,1
35533,0
35534,0
35535,1
35536,1
35537,0
35538,0
35539,0
35540,0
35541,0
35542,1
35543,0
35544,1
35545,0
35546,1
35547,0
35548,1
35549,1
35550,0
35551,1
35552,0
35553,0
35554,0
35555,0
35556,0
35557,1
35558,0
35559,1
35560,0
35561,1
35562,0
35563,1
35564,1
35565,1
35566,0
35567,1
35568,1
35569,0
35570,0
35571,0
35572,0
35573,1
35574,0
35575,1
35576,0
35577,0
35578,0
35579,0
35580,1
35581,1
35582,0
35583,1
35584,1
35585,1
35586,0
35587,1
35588,1
35589,1
35590,1
35591,1
35592,1
35593,0
35594,1
35595,0
35596,0
35597,1
35598,1
35599,1
35600,1
35601,1
35602,0
35603,0
35604,0
35605,0
35606,0
35607,1
35608,0
35609,1
35610,1
35611,0
35612,0
35613,1
35614,1
35615,0
35616,1
35617,1
35618,0
35619,1
35620,0
35621,1
35622,1
35623,1
35624,1
35625,0
35626,0
35627,1
35628,0
35629,1
35630,0
35631,0
35632,0
35633,0
35634,1
35635,1
35636,1
35637,0
35638,0
35639,0
35640,0
35641,1
35642,0
35643,1
35644,0
35645,1
35646,0
35647,0
35648,1
35649,0
35650,1
35651,0
35652,1
35653,0
35654,0
35655,0
35656,0
35657,1
35658,0
35659,1
35660,0
35661,1
35662,1
35663,0
35664,1
35665,1
35666,0
35667,0
35668,0
35669,1
35670,0
35671,0
35672,0
35673,0
35674,1
35675,0
35676,0
35677,1
35678,0
35679,0
35680,1
35681,0
35682,1
35683,1
35684,0
35685,0
35686,1
35687,1
35688,0
35689,1
35690,1
35691,1
35692,1
35693,0
35694,1
35695,0
35696,0
35697,0
35698,1
35699,0
35700,1
35701,0
35702,0
35703,1
35704,1
35705,1
35706,0
35707,0
35708,0
35709,0
35710,1
35711,1
35712,1
35713,0
35714,0
35715,1
35716,0
35717,0
35718,0
35719,0
35720,1
35721,0
35722,0
35723,1
35724,0
35725,0
35726,0
35727,1
35728,1
35729,1
35730,1
35731,1
35732,1
35733,1
35734,0
35735,0
35736,1
35737,1
35738,1
35739,0
35740,0
35741,0
35742,0
35743,0
35744,0
35745,1
35746,0
35747,0
35748,1
35749,1
35750,0
35751,0
35752,1
35753,1
35754,0
35755,0
35756,1
35757,0
35758,1
35759,0
35760,0
35761,0
35762,1
35763,0
35764,0
35765,1
35766,1
35767,1
35768,0
35769,1
35770,0
35771,0
35772,1
35773,1
35774,1
35775,0
35776,0
35777,0
35778,1
35779,0
35780,1
35781,0
35782,0
35783,1
35784,1
35785,1
35786,0
35787,1
35788,1
35789,0
35790,1
35791,1
35792,1
35793,1
35794,0
35795,0
35796,0
35797,1
35798,1
35799,0
35800,1
35801,1
35802,0
35803,0
35804,0
35805,1
35806,1
35807,1
35808,1
35809,1
35810,1
35811,0
35812,0
35813,1
35814,0
35815,1
35816,1
35817,0
35818,0
35819,0
35820,1
35821,0
35822,0
35823,0
35824,0
35825,1
35826,0
35827,0
35828,1
35829,0
35830,0
35831,0
35832,1
35833,0
35834,1
35835,1
35836,1
35837,1
35838,0
35839,1
35840,1
35841,0
35842,1
35843,0
35844,0
35845,1
35846,1
35847,1
35848,0
35849,0
35850,0
35851,1
35852,0
35853,1
35854,1
35855,0
35856,1
35857,0
35858,0
35859,0
35860,1
35861,1
35862,1
35863,0
35864,0
35865,1
35866,0
35867,0
35868,0
35869,1
35870,0
35871,0
35872,0
35873,1
35874,1
35875,1
35876,0
35877,0
35878,1
35879,0
35880,1
35881,1
35882,0
35883,1
35884,1
35885,1
35886,1
35887,0
35888,0
35889,1
35890,0
35891,0
35892,0
35893,0
35894,1
35895,1
35896,0
35897,0
35898,1
35899,1
35900,1
35901,1
35902,0
35903,1
35904,1
35905,1
35906,0
35907,0
35908,0
35909,1
35910,0
35911,0
35912,1
35913,1
35914,1
35915,0
35916,1
35917,0
35918,0
35919,1
35920,1
35921,0
35922,0
35923,1
35924,1
35925,0
35926,1
35927,0
35928,0
35929,0
35930,1
35931,0
35932,0
35933,1
35934,0
35935,0
35936,0
35937,0
35938,1
35939,1
35940,1
35941,0
35942,0
35943,0
35944,1
35945,0
35946,1
35947,1
35948,0
35949,0
35950,0
35951,1
35952,1
35953,1
35954,1
35955,0
35956,0
35957,1
35958,1
35959,0
35960,0
35961,0
35962,1
35963,1
35964,0
35965,0
35966,0
35967,0
35968,0
35969,0
35970,1
35971,1
35972,1
35973,1
35974,1
35975,0
35976,1
35977,0
35978,1
35979,0
35980,1
35981,1
35982,0
35983,0
35984,0
35985,0
35986,1
35987,0
35988,0
35989,1
35990,0
35991,0
35992,0
35993,0
35994,1
35995,0
35996,0
35997,1
35998,0
35999,1
36000,1
36001,0
36002,0
36003,0
36004,1
36005,1
36006,0
36007,0
36008,0
36009,0
36010,1
36011,0
36012,0
36013,0
36014,1
36015,0
36016,0
36017,1
36018,1
36019,1
36020,1
36021,1
36022,0
36023,1
36024,1
36025,0
36026,0
36027,0
36028,0
36029,1
36030,0
36031,1
36032,1
36033,1
36034,1
36035,1
36036,1
36037,0
36038,0
36039,1
36040,0
36041,1
36042,0
36043,0
36044,1
36045,1
36046,0
36047,1
36048,0
36049,1
36050,0
36051,0
36052,0
36053,1
36054,1
36055,0
36056,1
36057,0
36058,0
36059,1
36060,1
36061,0
36062,1
36063,1
36064,0
36065,1
36066,1
36067,1
36068,0
36069,0
36070,1
36071,1
36072,0
36073,1
36074,1
36075,0
36076,0
36077,0
36078,1
36079,0
36080,1
36081,1
36082,0
36083,1
36084,1
36085,1
36086,1
36087,0
36088,0
36089,1
36090,1
36091,0
36092,1
36093,0
36094,1
36095,0
36096,1
36097,0
36098,1
36099,0
36100,0
36101,0
36102,0
36103,0
36104,1
36105,1
36106,1
36107,0
36108,1
36109,0
36110,0
36111,0
36112,0
36113,1
36114,0
36115,1
36116,1
36117,1
36118,1
36119,0
36120,0
36121,0
36122,1
36123,0
36124,0
36125,0
36126,1
36127,1
36128,1
36129,1
36130,0
36131,0
36132,0
36133,1
36134,0
36135,1
36136,1
36137,0
36138,1
36139,0
36140,1
36141,1
36142,1
36143,1
36144,1
36145,0
36146,1
36147,1
36148,1
36149,0
36150,1
36151,0
36152,1
36153,1
36154,0
36155,0
36156,1
36157,0
36158,1
36159,0
36160,1
36161,0
36162,0
36163,0
36164,0
36165,1
36166,0
36167,1
36168,1
36169,0
36170,0
36171,0
36172,1
36173,0
36174,0
36175,0
36176,0
36177,1
36178,0
36179,1
36180,1
36181,1
36182,0
36183,0
36184,1
36185,0
36186,0
36187,0
36188,1
36189,0
36190,0
36191,1
36192,1
36193,0
36194,1
36195,0
36196,0
36197,1
36198,0
36199,0
36200,1
36201,0
36202,1
36203,0
36204,0
36205,0
36206,1
36207,1
36208,1
36209,0
36210,0
36211,0
36212,1
36213,1
36214,1
36215,0
36216,0
36217,1
36218,1
36219,1
36220,0
36221,0
36222,1
36223,1
36224,0
36225,1
36226,0
36227,1
36228,1
36229,1
36230,0
36231,0
36232,1
36233,1
36234,1
36235,1
36236,0
36237,1
36238,1
36239,0
36240,1
36241,1
36242,0
36243,0
36244,0
36245,0
36246,0
36247,0
36248,1
36249,1
36250,0
36251,1
36252,0
36253,0
36254,0
36255,0
36256,0
36257,1
36258,0
36259,1
36260,0
36261,0
36262,1
36263,0
36264,1
36265,1
36266,1
36267,0
36268,0
36269,1
36270,0
36271,1
36272,1
36273,1
36274,0
36275,0
36276,0
36277,0
36278,1
36279,0
36280,1
36281,0
36282,0
36283,0
36284,1
36285,1
36286,0
36287,1
36288,0
36289,0
36290,1
36291,1
36292,0
36293,0
36294,1
36295,1
36296,0
36297,1
36298,0
36299,1
36300,1
36301,1
36302,0
36303,1
36304,0
36305,1
36306,1
36307,1
36308,0
36309,0
36310,0
36311,0
36312,1
36313,0
36314,1
36315,1
36316,0
36317,0
36318,1
36319,0
36320,1
36321,1
36322,1
36323,0
36324,1
36325,1
36326,1
36327,1
36328,0
36329,0
36330,0
36331,1
36332,0
36333,0
36334,1
36335,1
36336,0
36337,1
36338,1
36339,0
36340,0
36341,0
36342,0
36343,1
36344,0
36345,1
36346,1
36347,0
36348,0
36349,1
36350,0
36351,1
36352,0
36353,0
36354,0
36355,0
36356,0
36357,1
36358,0
36359,1
36360,0
36361,1
36362,0
36363,0
36364,0
36365,0
36366,0
36367,0
36368,0
36369,1
36370,0
36371,0
36372,1
36373,0
36374,1
36375,0
36376,1
36377,1
36378,0
36379,1
36380,1
36381,0
36382,0
36383,1
36384,0
36385,0
36386,1
36387,0
36388,0
36389,1
36390,1
36391,0
36392,0
36393,0
36394,1
36395,1
36396,1
36397,0
36398,0
36399,1
36400,1
36401,0
36402,0
36403,0
36404,0
36405,1
36406,0
36407,1
36408,0
36409,0
36410,0
36411,0
36412,1
36413,0
36414,1
36415,0
36416,0
36417,1
36418,0
36419,0
36420,0
36421,0
36422,1
36423,0
36424,0
36425,1
36426,0
36427,1
36428,1
36429,0
36430,0
36431,0
36432,0
36433,1
36434,0
36435,0
36436,0
36437,0
36438,0
36439,0
36440,0
36441,0
36442,0
36443,1
36444,1
36445,1
36446,0
36447,0
36448,0
36449,0
36450,0
36451,0
36452,1
36453,0
36454,0
36455,0
36456,1
36457,1
36458,0
36459,1
36460,1
36461,0
36462,0
36463,1
36464,0
36465,0
36466,0
36467,0
36468,0
36469,0
36470,1
36471,0
36472,0
36473,1
36474,0
36475,1
36476,0
36477,1
36478,1
36479,1
36480,0
36481,1
36482,0
36483,1
36484,1
36485,1
36486,0
36487,0
36488,0
36489,0
36490,1
36491,1
36492,0
36493,1
36494,1
36495,0
36496,1
36497,1
36498,0
36499,0
36500,1
36501,0
36502,0
36503,0
36504,0
36505,1
36506,0
36507,1
36508,0
36509,1
36510,0
36511,0
36512,0
36513,1
36514,1
36515,1
36516,0
36517,0
36518,0
36519,1
36520,0
36521,1
36522,0
36523,0
36524,1
36525,1
36526,0
36527,0
36528,0
36529,0
36530,1
36531,1
36532,0
36533,1
36534,1
36535,1
36536,0
36537,1
36538,1
36539,0
36540,0
36541,0
36542,0
36543,0
36544,0
36545,1
36546,1
36547,1
36548,0
36549,1
36550,1
36551,1
36552,1
36553,0
36554,1
36555,0
36556,0
36557,0
36558,1
36559,0
36560,0
36561,0
36562,0
36563,0
36564,0
36565,0
36566,1
36567,1
36568,1
36569,0
36570,0
36571,0
36572,0
36573,1
36574,1
36575,0
36576,0
36577,0
36578,0
36579,1
36580,0
36581,1
36582,1
36583,0
36584,1
36585,1
36586,0
36587,1
36588,0
36589,1
36590,0
36591,0
36592,0
36593,1
36594,0
36595,1
36596,1
36597,0
36598,0
36599,0
36600,0
36601,1
36602,1
36603,0
36604,0
36605,1
36606,1
36607,1
36608,0
36609,1
36610,0
36611,0
36612,0
36613,0
36614,1
36615,1
36616,0
36617,1
36618,0
36619,0
36620,0
36621,1
36622,1
36623,1
36624,1
36625,0
36626,0
36627,0
36628,1
36629,0
36630,0
36631,0
36632,0
36633,1
36634,0
36635,0
36636,1
36637,0
36638,0
36639,1
36640,0
36641,0
36642,0
36643,0
36644,1
36645,1
36646,0
36647,0
36648,0
36649,1
36650,1
36651,1
36652,0
36653,1
36654,1
36655,0
36656,0
36657,0
36658,0
36659,1
36660,0
36661,0
36662,0
36663,0
36664,1
36665,1
36666,1
36667,0
36668,1
36669,0
36670,1
36671,1
36672,1
36673,1
36674,0
36675,1
36676,0
36677,0
36678,0
36679,0
36680,0
36681,0
36682,1
36683,0
36684,0
36685,1
36686,0
36687,0
36688,1
36689,0
36690,1
36691,1
36692,1
36693,0
36694,1
36695,0
36696,1
36697,0
36698,1
36699,1
36700,1
36701,1
36702,0
36703,0
36704,0
36705,0
36706,1
36707,1
36708,1
36709,0
36710,1
36711,1
36712,0
36713,0
36714,1
36715,1
36716,0
36717,1
36718,0
36719,1
36720,0
36721,1
36722,1
36723,1
36724,0
36725,0
36726,0
36727,0
36728,0
36729,0
36730,1
36731,1
36732,0
36733,1
36734,0
36735,1
36736,1
36737,0
36738,0
36739,0
36740,0
36741,1
36742,0
36743,0
36744,0
36745,0
36746,1
36747,1
36748,1
36749,1
36750,0
36751,1
36752,0
36753,1
36754,0
36755,1
36756,1
36757,1
36758,1
36759,1
36760,1
36761,1
36762,0
36763,0
36764,0
36765,0
36766,1
36767,0
36768,0
36769,1
36770,0
36771,0
36772,1
36773,0
36774,0
36775,1
36776,0
36777,1
36778,1
36779,0
36780,1
36781,0
36782,1
36783,0
36784,0
36785,0
36786,0
36787,0
36788,1
36789,0
36790,1
36791,0
36792,1
36793,0
36794,0
36795,1
36796,0
36797,1
36798,1
36799,1
36800,0
36801,1
36802,0
36803,0
36804,1
36805,1
36806,1
36807,1
36808,1
36809,0
36810,1
36811,1
36812,1
36813,0
36814,1
36815,1
36816,0
36817,1
36818,0
36819,0
36820,0
36821,1
36822,0
36823,1
36824,1
36825,0
36826,0
36827,0
36828,0
36829,1
36830,0
36831,0
36832,0
36833,0
36834,0
36835,1
36836,1
36837,0
36838,1
36839,1
36840,0
36841,0
36842,0
36843,0
36844,0
36845,1
36846,0
36847,1
36848,0
36849,1
36850,0
36851,0
36852,1
36853,0
36854,0
36855,0
36856,0
36857,0
36858,1
36859,0
36860,0
36861,0
36862,1
36863,0
36864,1
36865,0
36866,0
36867,0
36868,1
36869,0
36870,1
36871,1
36872,0
36873,1
36874,1
36875,0
36876,1
36877,0
36878,1
36879,0
36880,0
36881,1
36882,0
36883,0
36884,0
36885,1
36886,0
36887,0
36888,1
36889,1
36890,0
36891,0
36892,0
36893,1
36894,1
36895,0
36896,1
36897,1
36898,0
36899,1
36900,0
36901,0
36902,1
36903,1
36904,1
36905,1
36906,0
36907,0
36908,0
36909,0
36910,0
36911,1
36912,0
36913,0
36914,0
36915,0
36916,0
36917,0
36918,0
36919,0
36920,1
36921,1
36922,0
36923,1
36924,1
36925,1
36926,1
36927,0
36928,1
36929,1
36930,0
36931,0
36932,0
36933,0
36934,0
36935,0
36936,1
36937,0
36938,1
36939,0
36940,1
36941,0
36942,1
36943,1
36944,1
36945,0
36946,1
36947,1
36948,0
36949,0
36950,1
36951,1
36952,0
36953,0
36954,1
36955,1
36956,0
36957,1
36958,0
36959,1
36960,0
36961,0
36962,1
36963,1
36964,1
36965,0
36966,0
36967,0
36968,1
36969,0
36970,1
36971,1
36972,0
36973,0
36974,1
36975,1
36976,1
36977,0
36978,0
36979,0
36980,1
36981,1
36982,1
36983,1
36984,1
36985,0
36986,0
36987,0
36988,0
36989,0
36990,0
36991,1
36992,1
36993,0
36994,0
36995,0
36996,0
36997,0
36998,1
36999,1
37000,0
37001,1
37002,1
37003,0
37004,0
37005,0
37006,1
37007,0
37008,1
37009,1
37010,0
37011,1
37012,0
37013,0
37014,1
37015,1
37016,0
37017,0
37018,1
37019,0
37020,0
37021,0
37022,0
37023,1
37024,1
37025,0
37026,1
37027,1
37028,1
37029,0
37030,0
37031,1
37032,0
37033,0
37034,0
37035,1
37036,0
37037,0
37038,1
37039,1
37040,1
37041,0
37042,1
37043,1
37044,1
37045,1
37046,1
37047,0
37048,1
37049,1
37050,0
37051,1
37052,0
37053,0
37054,0
37055,1
37056,1
37057,1
37058,1
37059,0
37060,0
37061,1
37062,0
37063,0
37064,1
37065,1
37066,0
37067,1
37068,1
37069,0
37070,1
37071,0
37072,1
37073,0
37074,0
37075,0
37076,1
37077,1
37078,1
37079,0
37080,1
37081,1
37082,1
37083,1
37084,0
37085,1
37086,1
37087,0
37088,1
37089,1
37090,1
37091,0
37092,0
37093,0
37094,1
37095,1
37096,0
37097,0
37098,1
37099,1
37100,1
37101,1
37102,0
37103,1
37104,0
37105,0
37106,0
37107,0
37108,1
37109,1
37110,0
37111,1
37112,1
37113,0
37114,1
37115,1
37116,0
37117,0
37118,0
37119,1
37120,0
37121,1
37122,1
37123,1
37124,0
37125,0
37126,1
37127,0
37128,0
37129,0
37130,0
37131,0
37132,0
37133,0
37134,1
37135,0
37136,0
37137,0
37138,1
37139,1
37140,0
37141,1
37142,1
37143,0
37144,0
37145,1
37146,0
37147,0
37148,1
37149,1
37150,1
37151,1
37152,1
37153,1
37154,0
37155,0
37156,1
37157,1
37158,0
37159,1
37160,0
37161,0
37162,0
37163,1
37164,0
37165,1
37166,1
37167,1
37168,0
37169,0
37170,1
37171,0
37172,0
37173,0
37174,0
37175,0
37176,1
37177,1
37178,0
37179,1
37180,0
37181,1
37182,0
37183,1
37184,0
37185,1
37186,1
37187,0
37188,1
37189,0
37190,1
37191,1
37192,1
37193,1
37194,0
37195,1
37196,1
37197,1
37198,1
37199,0
37200,1
37201,1
37202,1
37203,0
37204,0
37205,1
37206,0
37207,1
37208,1
37209,0
37210,0
37211,1
37212,1
37213,0
37214,0
37215,1
37216,1
37217,1
37218,1
37219,1
37220,0
37221,0
37222,0
37223,1
37224,1
37225,0
37226,0
37227,1
37228,0
37229,1
37230,0
37231,0
37232,0
37233,1
37234,1
37235,0
37236,0
37237,1
37238,0
37239,0
37240,1
37241,1
37242,1
37243,0
37244,0
37245,0
37246,0
37247,1
37248,1
37249,1
37250,0
37251,0
37252,0
37253,0
37254,0
37255,1
37256,1
37257,0
37258,1
37259,1
37260,0
37261,0
37262,1
37263,0
37264,1
37265,0
37266,1
37267,0
37268,1
37269,1
37270,1
37271,0
37272,1
37273,0
37274,1
37275,0
37276,0
37277,0
37278,1
37279,0
37280,0
37281,1
37282,0
37283,1
37284,0
37285,0
37286,0
37287,0
37288,0
37289,0
37290,0
37291,1
37292,1
37293,0
37294,1
37295,1
37296,0
37297,0
37298,1
37299,1
37300,1
37301,1
37302,0
37303,1
37304,0
37305,0
37306,0
37307,0
37308,1
37309,1
37310,1
37311,0
37312,0
37313,1
37314,1
37315,1
37316,0
37317,1
37318,0
37319,1
37320,1
37321,0
37322,0
37323,0
37324,0
37325,1
37326,0
37327,0
37328,1
37329,0
37330,0
37331,0
37332,1
37333,1
37334,0
37335,1
37336,0
37337,0
37338,1
37339,0
37340,0
37341,1
37342,1
37343,0
37344,1
37345,1
37346,1
37347,0
37348,1
37349,1
37350,1
37351,1
37352,1
37353,0
37354,0
37355,1
37356,1
37357,1
37358,0
37359,0
37360,0
37361,1
37362,1
37363,1
37364,1
37365,1
37366,1
37367,0
37368,0
37369,0
37370,0
37371,1
37372,0
37373,0
37374,0
37375,1
37376,1
37377,0
37378,0
37379,0
37380,0
37381,0
37382,1
37383,1
37384,1
37385,1
37386,0
37387,0
37388,1
37389,0
37390,1
37391,0
37392,0
37393,0
37394,1
37395,1
37396,0
37397,0
37398,0
37399,0
37400,1
37401,0
37402,1
37403,0
37404,0
37405,1
37406,1
37407,0
37408,0
37409,1
37410,0
37411,1
37412,0
37413,1
37414,0
37415,0
37416,1
37417,1
37418,0
37419,0
37420,1
37421,0
37422,0
37423,1
37424,0
37425,1
37426,0
37427,1
37428,0
37429,0
37430,0
37431,1
37432,0
37433,0
37434,0
37435,0
37436,0
37437,1
37438,0
37439,0
37440,0
37441,1
37442,1
37443,1
37444,0
37445,0
37446,0
37447,0
37448,0
37449,1
37450,0
37451,0
37452,1
37453,1
37454,1
37455,0
37456,0
37457,1
37458,1
37459,0
37460,0
37461,1
37462,0
37463,1
37464,0
37465,0
37466,0
37467,0
37468,0
37469,1
37470,0
37471,0
37472,0
37473,0
37474,1
37475,1
37476,0
37477,0
37478,0
37479,1
37480,0
37481,0
37482,1
37483,1
37484,1
37485,1
37486,0
37487,0
37488,1
37489,1
37490,1
37491,1
37492,0
37493,1
37494,1
37495,1
37496,1
37497,0
37498,1
37499,0
37500,0
37501,0
37502,0
37503,0
37504,0
37505,1
37506,0
37507,0
37508,1
37509,1
37510,0
37511,0
37512,1
37513,0
37514,0
37515,0
37516,0
37517,0
37518,0
37519,1
37520,0
37521,1
37522,0
37523,1
37524,0
37525,1
37526,1
37527,0
37528,1
37529,1
37530,0
37531,1
37532,1
37533,0
37534,0
37535,1
37536,1
37537,1
37538,0
37539,0
37540,0
37541,0
37542,0
37543,0
37544,0
37545,1
37546,0
37547,1
37548,1
37549,0
37550,1
37551,0
37552,0
37553,0
37554,1
37555,0
37556,0
37557,0
37558,1
37559,1
37560,0
37561,0
37562,0
37563,1
37564,0
37565,0
37566,1
37567,1
37568,1
37569,0
37570,0
37571,1
37572,1
37573,0
37574,0
37575,0
37576,1
37577,1
37578,1
37579,1
37580,1
37581,0
37582,1
37583,1
37584,0
37585,1
37586,1
37587,0
37588,1
37589,1
37590,0
37591,1
37592,0
37593,1
37594,0
37595,0
37596,0
37597,1
37598,1
37599,1
37600,0
37601,1
37602,0
37603,1
37604,1
37605,0
37606,1
37607,0
37608,0
37609,0
37610,1
37611,0
37612,1
37613,1
37614,1
37615,0
37616,0
37617,1
37618,1
37619,0
37620,1
37621,1
37622,1
37623,1
37624,0
37625,0
37626,0
37627,1
37628,1
37629,0
37630,0
37631,0
37632,0
37633,1
37634,1
37635,1
37636,1
37637,1
37638,1
37639,1
37640,1
37641,1
37642,0
37643,1
37644,0
37645,0
37646,0
37647,1
37648,1
37649,1
37650,1
37651,1
37652,0
37653,1
37654,1
37655,0
37656,0
37657,1
37658,0
37659,0
37660,1
37661,0
37662,0
37663,0
37664,0
37665,0
37666,0
37667,1
37668,1
37669,0
37670,1
37671,0
37672,1
37673,0
37674,1
37675,0
37676,0
37677,0
37678,1
37679,0
37680,1
37681,1
37682,0
37683,1
37684,0
37685,0
37686,0
37687,1
37688,0
37689,0
37690,1
37691,1
37692,0
37693,1
37694,1
37695,1
37696,0
37697,1
37698,1
37699,1
37700,1
37701,1
37702,1
37703,0
37704,0
37705,1
37706,1
37707,1
37708,0
37709,0
37710,1
37711,1
37712,0
37713,0
37714,0
37715,1
37716,1
37717,1
37718,1
37719,1
37720,0
37721,0
37722,1
37723,0
37724,0
37725,1
37726,1
37727,0
37728,1
37729,1
37730,1
37731,0
37732,1
37733,1
37734,1
37735,0
37736,0
37737,1
37738,0
37739,1
37740,0
37741,0
37742,1
37743,1
37744,1
37745,1
37746,1
37747,1
37748,1
37749,0
37750,0
37751,1
37752,1
37753,1
37754,0
37755,1
37756,0
37757,1
37758,1
37759,1
37760,0
37761,1
37762,0
37763,1
37764,1
37765,1
37766,0
37767,0
37768,1
37769,1
37770,0
37771,1
37772,1
37773,1
37774,1
37775,0
37776,1
37777,0
37778,0
37779,0
37780,0
37781,0
37782,0
37783,1
37784,0
37785,0
37786,1
37787,0
37788,1
37789,1
37790,0
37791,0
37792,0
37793,0
37794,0
37795,0
37796,1
37797,1
37798,1
37799,1
37800,1
37801,1
37802,0
37803,1
37804,1
37805,0
37806,0
37807,0
37808,1
37809,0
37810,1
37811,1
37812,0
37813,0
37814,0
37815,0
37816,0
37817,0
37818,0
37819,0
37820,1
37821,1
37822,0
37823,0
37824,0
37825,0
37826,1
37827,1
37828,0
37829,0
37830,0
37831,0
37832,0
37833,1
37834,1
37835,0
37836,0
37837,1
37838,1
37839,0
37840,0
37841,1
37842,1
37843,1
37844,1
37845,1
37846,1
37847,0
37848,0
37849,0
37850,1
37851,1
37852,0
37853,1
37854,0
37855,0
37856,1
37857,0
37858,1
37859,1
37860,0
37861,0
37862,0
37863,0
37864,1
37865,1
37866,1
37867,0
37868,0
37869,1
37870,0
37871,1
37872,0
37873,0
37874,1
37875,1
37876,0
37877,0
37878,1
37879,0
37880,1
37881,0
37882,0
37883,0
37884,0
37885,1
37886,0
37887,0
37888,1
37889,1
37890,1
37891,1
37892,1
37893,0
37894,0
37895,0
37896,0
37897,1
37898,0
37899,1
37900,1
37901,1
37902,1
37903,0
37904,1
37905,1
37906,1
37907,1
37908,0
37909,0
37910,0
37911,0
37912,0
37913,1
37914,1
37915,0
37916,0
37917,1
37918,0
37919,0
37920,0
37921,0
37922,0
37923,0
37924,1
37925,0
37926,1
37927,1
37928,1
37929,1
37930,1
37931,0
37932,1
37933,0
37934,0
37935,1
37936,1
37937,0
37938,1
37939,1
37940,1
37941,1
37942,0
37943,1
37944,0
37945,0
37946,0
37947,1
37948,0
37949,0
37950,1
37951,1
37952,0
37953,0
37954,1
37955,0
37956,0
37957,1
37958,1
37959,1
37960,1
37961,1
37962,0
37963,1
37964,0
37965,1
37966,1
37967,0
37968,1
37969,0
37970,0
37971,1
37972,0
37973,1
37974,0
37975,1
37976,0
37977,1
37978,0
37979,0
37980,1
37981,0
37982,0
37983,0
37984,1
37985,1
37986,0
37987,1
37988,1
37989,0
37990,0
37991,0
37992,0
37993,0
37994,1
37995,0
37996,0
37997,0
37998,0
37999,1
38000,0
38001,0
38002,1
38003,1
38004,0
38005,1
38006,0
38007,1
38008,0
38009,1
38010,0
38011,0
38012,0
38013,0
38014,0
38015,0
38016,0
38017,1
38018,1
38019,0
38020,0
38021,1
38022,0
38023,1
38024,0
38025,0
38026,1
38027,1
38028,0
38029,0
38030,0
38031,0
38032,0
38033,1
38034,0
38035,1
38036,0
38037,0
38038,0
38039,1
38040,1
38041,0
38042,1
38043,1
38044,1
38045,0
38046,0
38047,1
38048,1
38049,1
38050,0
38051,1
38052,1
38053,0
38054,0
38055,1
38056,1
38057,0
38058,0
38059,1
38060,0
38061,0
38062,0
38063,0
38064,1
38065,1
38066,0
38067,1
38068,0
38069,0
38070,1
38071,0
38072,0
38073,0
38074,0
38075,1
38076,1
38077,1
38078,0
38079,1
38080,1
38081,0
38082,1
38083,1
38084,1
38085,0
38086,0
38087,0
38088,0
38089,0
38090,0
38091,0
38092,0
38093,0
38094,0
38095,0
38096,1
38097,0
38098,1
38099,0
38100,1
38101,1
38102,1
38103,0
38104,0
38105,1
38106,0
38107,0
38108,1
38109,0
38110,1
38111,1
38112,1
38113,1
38114,0
38115,1
38116,0
38117,1
38118,1
38119,0
38120,0
38121,1
38122,1
38123,0
38124,1
38125,1
38126,1
38127,1
38128,0
38129,0
38130,0
38131,1
38132,0
38133,0
38134,1
38135,0
38136,1
38137,0
38138,0
38139,1
38140,0
38141,0
38142,0
38143,1
38144,0
38145,1
38146,1
38147,1
38148,0
38149,0
38150,0
38151,0
38152,0
38153,1
38154,0
38155,0
38156,1
38157,1
38158,1
38159,1
38160,1
38161,0
38162,0
38163,1
38164,1
38165,0
38166,1
38167,1
38168,1
38169,0
38170,0
38171,1
38172,0
38173,1
38174,0
38175,0
38176,0
38177,0
38178,0
38179,1
38180,1
38181,0
38182,1
38183,1
38184,0
38185,1
38186,0
38187,1
38188,0
38189,0
38190,1
38191,0
38192,0
38193,0
38194,1
38195,1
38196,1
38197,1
38198,1
38199,0
38200,1
38201,0
38202,0
38203,1
38204,1
38205,0
38206,1
38207,0
38208,0
38209,0
38210,1
38211,1
38212,0
38213,0
38214,0
38215,1
38216,1
38217,0
38218,1
38219,0
38220,1
38221,0
38222,1
38223,0
38224,0
38225,1
38226,0
38227,0
38228,1
38229,0
38230,0
38231,0
38232,1
38233,1
38234,0
38235,0
38236,1
38237,1
38238,0
38239,0
38240,1
38241,1
38242,1
38243,0
38244,1
38245,1
38246,0
38247,1
38248,1
38249,0
38250,0
38251,1
38252,0
38253,0
38254,1
38255,0
38256,1
38257,1
38258,0
38259,0
38260,1
38261,1
38262,1
38263,1
38264,1
38265,0
38266,1
38267,0
38268,1
38269,1
38270,0
38271,0
38272,0
38273,1
38274,0
38275,1
38276,0
38277,0
38278,0
38279,1
38280,0
38281,1
38282,0
38283,0
38284,0
38285,0
38286,1
38287,1
38288,1
38289,1
38290,1
38291,1
38292,1
38293,0
38294,0
38295,1
38296,0
38297,1
38298,0
38299,0
38300,1
38301,0
38302,1
38303,0
38304,0
38305,1
38306,1
38307,1
38308,1
38309,0
38310,1
38311,1
38312,1
38313,0
38314,0
38315,0
38316,1
38317,0
38318,0
38319,0
38320,1
38321,1
38322,0
38323,1
38324,1
38325,1
38326,0
38327,0
38328,0
38329,1
38330,1
38331,0
38332,1
38333,1
38334,1
38335,1
38336,1
38337,0
38338,1
38339,0
38340,0
38341,0
38342,1
38343,0
38344,1
38345,0
38346,0
38347,0
38348,0
38349,1
38350,0
38351,1
38352,0
38353,1
38354,1
38355,1
38356,0
38357,0
38358,1
38359,1
38360,1
38361,0
38362,0
38363,1
38364,0
38365,0
38366,0
38367,1
38368,1
38369,1
38370,0
38371,1
38372,1
38373,1
38374,1
38375,0
38376,0
38377,0
38378,0
38379,0
38380,1
38381,0
38382,0
38383,1
38384,1
38385,1
38386,0
38387,1
38388,0
38389,1
38390,1
38391,0
38392,0
38393,1
38394,1
38395,0
38396,1
38397,1
38398,0
38399,0
38400,0
38401,0
38402,0
38403,0
38404,0
38405,1
38406,0
38407,1
38408,0
38409,0
38410,0
38411,0
38412,0
38413,0
38414,1
38415,0
38416,0
38417,0
38418,1
38419,0
38420,0
38421,0
38422,1
38423,1
38424,0
38425,0
38426,0
38427,1
38428,0
38429,1
38430,0
38431,1
38432,1
38433,1
38434,1
38435,1
38436,0
38437,1
38438,1
38439,0
38440,0
38441,1
38442,1
38443,0
38444,1
38445,1
38446,0
38447,0
38448,1
38449,1
38450,0
38451,0
38452,0
38453,0
38454,1
38455,0
38456,0
38457,0
38458,0
38459,0
38460,1
38461,0
38462,0
38463,0
38464,0
38465,0
38466,1
38467,1
38468,1
38469,0
38470,1
38471,1
38472,1
38473,0
38474,1
38475,0
38476,0
38477,1
38478,1
38479,0
38480,0
38481,1
38482,1
38483,0
38484,0
38485,0
38486,0
38487,0
38488,0
38489,1
38490,1
38491,1
38492,0
38493,0
38494,1
38495,0
38496,0
38497,0
38498,0
38499,1
38500,1
38501,0
38502,1
38503,0
38504,0
38505,1
38506,1
38507,0
38508,0
38509,1
38510,1
38511,0
38512,1
38513,1
38514,1
38515,0
38516,1
38517,0
38518,0
38519,1
38520,0
38521,1
38522,0
38523,0
38524,0
38525,1
38526,1
38527,1
38528,1
38529,0
38530,0
38531,1
38532,0
38533,1
38534,0
38535,1
38536,0
38537,1
38538,0
38539,0
38540,1
38541,0
38542,0
38543,1
38544,0
38545,0
38546,0
38547,0
38548,1
38549,0
38550,1
38551,1
38552,1
38553,1
38554,1
38555,0
38556,1
38557,0
38558,0
38559,1
38560,0
38561,1
38562,0
38563,1
38564,0
38565,0
38566,0
38567,1
38568,1
38569,0
38570,1
38571,0
38572,0
38573,1
38574,1
38575,1
38576,0
38577,1
38578,1
38579,0
38580,1
38581,0
38582,0
38583,1
38584,1
38585,1
38586,1
38587,0
38588,1
38589,1
38590,1
38591,1
38592,0
38593,1
38594,0
38595,1
38596,1
38597,1
38598,1
38599,0
38600,0
38601,1
38602,0
38603,0
38604,1
38605,0
38606,1
38607,1
38608,1
38609,0
38610,1
38611,0
38612,0
38613,1
38614,0
38615,1
38616,1
38617,0
38618,1
38619,1
38620,1
38621,0
38622,0
38623,0
38624,1
38625,1
38626,0
38627,1
38628,1
38629,1
38630,1
38631,1
38632,0
38633,0
38634,1
38635,1
38636,0
38637,1
38638,1
38639,1
38640,0
38641,1
38642,0
38643,0
38644,1
38645,0
38646,0
38647,1
38648,1
38649,1
38650,0
38651,1
38652,0
38653,0
38654,1
38655,1
38656,1
38657,0
38658,0
38659,1
38660,0
38661,0
38662,1
38663,1
38664,1
38665,0
38666,0
38667,1
38668,0
38669,0
38670,0
38671,1
38672,0
38673,0
38674,1
38675,1
38676,1
38677,1
38678,0
38679,1
38680,0
38681,1
38682,0
38683,1
38684,1
38685,0
38686,0
38687,1
38688,0
38689,0
38690,0
38691,1
38692,1
38693,0
38694,0
38695,1
38696,1
38697,0
38698,1
38699,0
38700,1
38701,0
38702,0
38703,0
38704,1
38705,1
38706,0
38707,1
38708,0
38709,1
38710,0
38711,1
38712,0
38713,0
38714,0
38715,0
38716,1
38717,0
38718,0
38719,0
38720,1
38721,1
38722,0
38723,1
38724,1
38725,1
38726,1
38727,0
38728,0
38729,0
38730,1
38731,1
38732,1
38733,0
38734,1
38735,1
38736,0
38737,0
38738,0
38739,1
38740,0
38741,0
38742,0
38743,1
38744,0
38745,1
38746,1
38747,0
38748,0
38749,0
38750,1
38751,0
38752,1
38753,0
38754,0
38755,0
38756,0
38757,1
38758,0
38759,1
38760,0
38761,0
38762,1
38763,1
38764,1
38765,1
38766,0
38767,1
38768,0
38769,0
38770,0
38771,0
38772,1
38773,1
38774,1
38775,0
38776,0
38777,0
38778,0
38779,0
38780,0
38781,0
38782,0
38783,1
38784,0
38785,0
38786,1
38787,0
38788,1
38789,0
38790,1
38791,0
38792,0
38793,0
38794,0
38795,0
38796,1
38797,1
38798,0
38799,0
38800,1
38801,1
38802,0
38803,1
38804,1
38805,0
38806,1
38807,0
38808,0
38809,1
38810,0
38811,1
38812,0
38813,1
38814,0
38815,1
38816,0
38817,0
38818,0
38819,1
38820,0
38821,1
38822,1
38823,0
38824,1
38825,0
38826,1
38827,1
38828,0
38829,0
38830,1
38831,0
38832,0
38833,0
38834,0
38835,1
38836,1
38837,1
38838,1
38839,1
38840,1
38841,1
38842,1
38843,1
38844,1
38845,0
38846,0
38847,1
38848,0
38849,0
38850,0
38851,1
38852,0
38853,0
38854,0
38855,0
38856,0
38857,0
38858,1
38859,1
38860,1
38861,1
38862,0
38863,1
38864,1
38865,0
38866,1
38867,0
38868,0
38869,1
38870,0
38871,1
38872,1
38873,0
38874,0
38875,0
38876,0
38877,1
38878,1
38879,0
38880,1
38881,1
38882,0
38883,0
38884,0
38885,0
38886,0
38887,1
38888,0
38889,0
38890,1
38891,0
38892,0
38893,0
38894,0
38895,1
38896,1
38897,0
38898,0
38899,1
38900,1
38901,0
38902,0
38903,1
38904,1
38905,0
38906,0
38907,0
38908,1
38909,0
38910,0
38911,0
38912,1
38913,0
38914,1
38915,0
38916,0
38917,0
38918,0
38919,0
38920,1
38921,1
38922,0
38923,1
38924,1
38925,1
38926,1
38927,0
38928,1
38929,0
38930,0
38931,0
38932,1
38933,0
38934,1
38935,1
38936,0
38937,0
38938,0
38939,1
38940,1
38941,0
38942,0
38943,1
38944,0
38945,1
38946,1
38947,1
38948,0
38949,0
38950,1
38951,0
38952,0
38953,0
38954,0
38955,0
38956,1
38957,1
38958,1
38959,0
38960,0
38961,0
38962,0
38963,0
38964,0
38965,0
38966,1
38967,0
38968,0
38969,0
38970,0
38971,0
38972,1
38973,0
38974,1
38975,0
38976,0
38977,1
38978,0
38979,1
38980,1
38981,1
38982,0
38983,1
38984,1
38985,0
38986,1
38987,0
38988,1
38989,1
38990,0
38991,0
38992,1
38993,0
38994,0
38995,0
38996,0
38997,0
38998,0
38999,1
39000,1
39001,1
39002,1
39003,1
39004,1
39005,1
39006,0
39007,1
39008,1
39009,1
39010,1
39011,1
39012,1
39013,1
39014,1
39015,1
39016,1
39017,0
39018,1
39019,0
39020,0
39021,1
39022,1
39023,0
39024,0
39025,0
39026,0
39027,1
39028,1
39029,1
39030,0
39031,1
39032,1
39033,0
39034,1
39035,0
39036,1
39037,0
39038,0
39039,0
39040,0
39041,0
39042,1
39043,1
39044,0
39045,0
39046,1
39047,0
39048,1
39049,1
39050,0
39051,1
39052,0
39053,0
39054,0
39055,1
39056,0
39057,0
39058,0
39059,0
39060,1
39061,1
39062,1
39063,1
39064,0
39065,0
39066,0
39067,1
39068,1
39069,0
39070,1
39071,1
39072,1
39073,1
39074,1
39075,1
39076,1
39077,1
39078,1
39079,1
39080,1
39081,0
39082,1
39083,1
39084,1
39085,1
39086,1
39087,0
39088,1
39089,1
39090,1
39091,0
39092,0
39093,0
39094,1
39095,0
39096,0
39097,0
39098,0
39099,0
39100,1
39101,1
39102,1
39103,0
39104,1
39105,0
39106,1
39107,1
39108,1
39109,1
39110,1
39111,0
39112,1
39113,0
39114,1
39115,1
39116,1
39117,1
39118,0
39119,0
39120,0
39121,1
39122,0
39123,1
39124,0
39125,0
39126,0
39127,1
39128,1
39129,0
39130,0
39131,1
39132,1
39133,0
39134,0
39135,1
39136,0
39137,1
39138,1
39139,1
39140,1
39141,0
39142,1
39143,1
39144,0
39145,1
39146,0
39147,1
39148,1
39149,1
39150,0
39151,0
39152,0
39153,0
39154,0
39155,0
39156,1
39157,0
39158,1
39159,0
39160,1
39161,1
39162,1
39163,0
39164,0
39165,1
39166,1
39167,0
39168,1
39169,0
39170,1
39171,1
39172,0
39173,0
39174,0
39175,0
39176,1
39177,1
39178,0
39179,1
39180,0
39181,0
39182,0
39183,1
39184,0
39185,1
39186,0
39187,1
39188,0
39189,0
39190,1
39191,0
39192,0
39193,0
39194,1
39195,0
39196,1
39197,1
39198,1
39199,0
39200,1
39201,1
39202,1
39203,0
39204,1
39205,1
39206,0
39207,1
39208,1
39209,0
39210,0
39211,1
39212,1
39213,1
39214,1
39215,0
39216,1
39217,1
39218,1
39219,1
39220,1
39221,0
39222,0
39223,0
39224,0
39225,1
39226,0
39227,1
39228,0
39229,1
39230,0
39231,0
39232,0
39233,0
39234,1
39235,1
39236,1
39237,0
39238,0
39239,1
39240,1
39241,1
39242,1
39243,0
39244,0
39245,0
39246,0
39247,1
39248,0
39249,1
39250,1
39251,0
39252,0
39253,1
39254,1
39255,1
39256,0
39257,0
39258,0
39259,1
39260,0
39261,0
39262,1
39263,0
39264,1
39265,1
39266,0
39267,0
39268,1
39269,1
39270,0
39271,0
39272,1
39273,1
39274,1
39275,1
39276,0
39277,0
39278,1
39279,1
39280,0
39281,0
39282,1
39283,1
39284,0
39285,1
39286,0
39287,1
39288,0
39289,0
39290,0
39291,0
39292,1
39293,0
39294,0
39295,0
39296,1
39297,1
39298,0
39299,1
39300,0
39301,1
39302,1
39303,0
39304,1
39305,0
39306,0
39307,0
39308,1
39309,1
39310,0
39311,0
39312,0
39313,1
39314,0
39315,0
39316,1
39317,0
39318,0
39319,1
39320,1
39321,1
39322,1
39323,0
39324,0
39325,0
39326,0
39327,0
39328,1
39329,0
39330,0
39331,0
39332,0
39333,1
39334,1
39335,0
39336,0
39337,1
39338,1
39339,0
39340,0
39341,1
39342,1
39343,0
39344,1
39345,0
39346,1
39347,0
39348,0
39349,0
39350,0
39351,1
39352,0
39353,0
39354,1
39355,1
39356,0
39357,1
39358,0
39359,1
39360,1
39361,0
39362,1
39363,1
39364,0
39365,1
39366,1
39367,0
39368,1
39369,0
39370,1
39371,0
39372,0
39373,0
39374,1
39375,1
39376,0
39377,0
39378,1
39379,1
39380,0
39381,1
39382,1
39383,0
39384,0
39385,0
39386,0
39387,1
39388,0
39389,1
39390,0
39391,0
39392,1
39393,1
39394,0
39395,1
39396,0
39397,0
39398,0
39399,1
39400,1
39401,1
39402,0
39403,0
39404,1
39405,1
39406,0
39407,1
39408,0
39409,1
39410,0
39411,1
39412,1
39413,1
39414,0
39415,0
39416,1
39417,1
39418,0
39419,1
39420,1
39421,0
39422,0
39423,0
39424,1
39425,0
39426,1
39427,1
39428,1
39429,0
39430,0
39431,1
39432,0
39433,1
39434,0
39435,1
39436,1
39437,0
39438,0
39439,0
39440,1
39441,1
39442,0
39443,1
39444,0
39445,0
39446,0
39447,1
39448,1
39449,0
39450,0
39451,1
39452,1
39453,0
39454,0
39455,1
39456,0
39457,1
39458,1
39459,0
39460,0
39461,1
39462,0
39463,0
39464,1
39465,1
39466,0
39467,1
39468,1
39469,1
39470,1
39471,1
39472,0
39473,1
39474,0
39475,1
39476,1
39477,0
39478,1
39479,0
39480,0
39481,1
39482,0
39483,0
39484,0
39485,1
39486,0
39487,1
39488,1
39489,1
39490,0
39491,0
39492,1
39493,1
39494,0
39495,0
39496,0
39497,1
39498,1
39499,0
39500,0
39501,1
39502,1
39503,1
39504,1
39505,0
39506,1
39507,0
39508,0
39509,1
39510,0
39511,0
39512,0
39513,1
39514,1
39515,1
39516,0
39517,1
39518,0
39519,0
39520,0
39521,0
39522,0
39523,0
39524,1
39525,1
39526,1
39527,0
39528,0
39529,0
39530,1
39531,1
39532,1
39533,0
39534,1
39535,0
39536,0
39537,1
39538,1
39539,1
39540,0
39541,0
39542,1
39543,1
39544,0
39545,0
39546,1
39547,1
39548,1
39549,1
39550,1
39551,0
39552,0
39553,1
39554,0
39555,0
39556,0
39557,0
39558,0
39559,0
39560,1
39561,1
39562,1
39563,1
39564,0
39565,1
39566,0
39567,0
39568,0
39569,0
39570,1
39571,0
39572,1
39573,1
39574,1
39575,0
39576,1
39577,0
39578,1
39579,0
39580,1
39581,0
39582,0
39583,0
39584,1
39585,1
39586,0
39587,0
39588,0
39589,1
39590,0
39591,1
39592,0
39593,0
39594,1
39595,1
39596,1
39597,0
39598,1
39599,0
39600,0
39601,0
39602,0
39603,1
39604,1
39605,0
39606,1
39607,0
39608,0
39609,1
39610,1
39611,0
39612,1
39613,0
39614,0
39615,1
39616,1
39617,0
39618,0
39619,1
39620,0
39621,0
39622,0
39623,1
39624,1
39625,0
39626,0
39627,1
39628,0
39629,1
39630,0
39631,1
39632,0
39633,0
39634,0
39635,0
39636,0
39637,1
39638,1
39639,1
39640,0
39641,0
39642,1
39643,0
39644,0
39645,1
39646,1
39647,1
39648,0
39649,0
39650,0
39651,1
39652,1
39653,1
39654,1
39655,0
39656,0
39657,0
39658,0
39659,0
39660,0
39661,1
39662,0
39663,1
39664,1
39665,0
39666,1
39667,0
39668,0
39669,1
39670,0
39671,1
39672,1
39673,1
39674,1
39675,0
39676,1
39677,0
39678,1
39679,0
39680,0
39681,1
39682,1
39683,1
39684,0
39685,0
39686,0
39687,1
39688,0
39689,0
39690,0
39691,1
39692,0
39693,1
39694,1
39695,1
39696,1
39697,0
39698,1
39699,0
39700,1
39701,1
39702,0
39703,1
39704,0
39705,0
39706,0
39707,1
39708,0
39709,1
39710,0
39711,1
39712,1
39713,1
39714,1
39715,1
39716,0
39717,1
39718,0
39719,0
39720,1
39721,1
39722,0
39723,1
39724,1
39725,1
39726,1
39727,0
39728,0
39729,1
39730,1
39731,1
39732,0
39733,0
39734,1
39735,0
39736,1
39737,0
39738,0
39739,1
39740,1
39741,0
39742,0
39743,0
39744,1
39745,0
39746,1
39747,1
39748,1
39749,0
39750,0
39751,1
39752,0
39753,0
39754,1
39755,1
39756,1
39757,0
39758,0
39759,1
39760,0
39761,1
39762,0
39763,0
39764,0
39765,1
39766,1
39767,0
39768,0
39769,0
39770,0
39771,1
39772,1
39773,0
39774,0
39775,1
39776,0
39777,1
39778,1
39779,0
39780,0
39781,0
39782,0
39783,0
39784,0
39785,0
39786,0
39787,1
39788,1
39789,1
39790,1
39791,1
39792,1
39793,1
39794,1
39795,1
39796,0
39797,0
39798,0
39799,0
39800,0
39801,1
39802,0
39803,1
39804,0
39805,0
39806,0
39807,0
39808,1
39809,1
39810,1
39811,0
39812,1
39813,1
39814,0
39815,1
39816,0
39817,0
39818,1
39819,1
39820,0
39821,0
39822,1
39823,1
39824,1
39825,1
39826,0
39827,1
39828,1
39829,1
39830,0
39831,0
39832,0
39833,0
39834,1
39835,0
39836,0
39837,0
39838,1
39839,1
39840,1
39841,1
39842,1
39843,0
39844,0
39845,0
39846,1
39847,0
39848,0
39849,0
39850,1
39851,0
39852,1
39853,1
39854,0
39855,1
39856,1
39857,1
39858,1
39859,0
39860,1
39861,1
39862,0
39863,0
39864,0
39865,0
39866,1
39867,0
39868,1
39869,1
39870,1
39871,0
39872,0
39873,1
39874,1
39875,1
39876,0
39877,1
39878,0
39879,0
39880,0
39881,1
39882,1
39883,1
39884,1
39885,0
39886,0
39887,0
39888,0
39889,1
39890,1
39891,0
39892,0
39893,0
39894,1
39895,1
39896,0
39897,1
39898,1
39899,0
39900,1
39901,1
39902,0
39903,0
39904,0
39905,0
39906,1
39907,0
39908,1
39909,0
39910,0
39911,1
39912,0
39913,1
39914,0
39915,0
39916,0
39917,0
39918,0
39919,1
39920,0
39921,1
39922,1
39923,1
39924,1
39925,0
39926,1
39927,0
39928,0
39929,0
39930,1
39931,0
39932,0
39933,0
39934,0
39935,0
39936,1
39937,0
39938,1
39939,1
39940,0
39941,0
39942,0
39943,0
39944,1
39945,0
39946,0
39947,0
39948,1
39949,0
39950,1
39951,1
39952,1
39953,0
39954,1
39955,1
39956,0
39957,1
39958,1
39959,1
39960,0
39961,1
39962,0
39963,1
39964,0
39965,1
39966,0
39967,0
39968,1
39969,1
39970,1
39971,0
39972,0
39973,1
39974,1
39975,1
39976,0
39977,1
39978,0
39979,0
39980,0
39981,0
39982,0
39983,1
39984,0
39985,1
39986,0
39987,0
39988,0
39989,0
39990,0
39991,0
39992,0
39993,1
39994,1
39995,1
39996,0
39997,1
39998,0
39999,1
40000,1
40001,0
40002,1
40003,1
40004,0
40005,1
40006,0
40007,1
40008,1
40009,0
40010,0
40011,1
40012,1
40013,0
40014,1
40015,1
40016,1
40017,0
40018,1
40019,1
40020,0
40021,1
40022,1
40023,1
40024,0
40025,0
40026,1
40027,0
40028,0
40029,1
40030,1
40031,0
40032,0
40033,0
40034,1
40035,0
40036,0
40037,1
40038,1
40039,1
40040,0
40041,0
40042,0
40043,1
40044,1
40045,1
40046,0
40047,1
40048,0
40049,0
40050,0
40051,0
40052,0
40053,1
40054,0
40055,0
40056,0
40057,1
40058,1
40059,0
40060,1
40061,0
40062,0
40063,0
40064,0
40065,0
40066,0
40067,0
40068,1
40069,1
40070,1
40071,0
40072,0
40073,0
40074,1
40075,0
40076,1
40077,0
40078,0
40079,1
40080,1
40081,1
40082,0
40083,0
40084,0
40085,0
40086,1
40087,0
40088,0
40089,0
40090,0
40091,1
40092,0
40093,1
40094,1
40095,0
40096,0
40097,0
40098,0
40099,0
40100,0
40101,1
40102,0
40103,1
40104,1
40105,0
40106,0
40107,0
40108,0
40109,0
40110,0
40111,1
40112,1
40113,0
40114,1
40115,1
40116,0
40117,1
40118,1
40119,0
40120,0
40121,0
40122,1
40123,0
40124,1
40125,0
40126,1
40127,1
40128,0
40129,0
40130,1
40131,0
40132,0
40133,1
40134,0
40135,0
40136,0
40137,0
40138,0
40139,0
40140,1
40141,0
40142,0
40143,1
40144,0
40145,1
40146,0
40147,0
40148,0
40149,0
40150,1
40151,0
40152,0
40153,0
40154,1
40155,1
40156,1
40157,1
40158,0
40159,1
40160,1
40161,1
40162,0
40163,0
40164,1
40165,1
40166,1
40167,0
40168,1
40169,1
40170,0
40171,1
40172,0
40173,1
40174,1
40175,1
40176,0
40177,1
40178,0
40179,1
40180,0
40181,0
40182,1
40183,0
40184,1
40185,0
40186,1
40187,1
40188,0
40189,0
40190,1
40191,0
40192,0
40193,1
40194,1
40195,0
40196,0
40197,0
40198,1
40199,0
40200,0
40201,0
40202,0
40203,0
40204,0
40205,0
40206,1
40207,1
40208,0
40209,1
40210,1
40211,1
40212,0
40213,0
40214,1
40215,0
40216,0
40217,1
40218,0
40219,0
40220,0
40221,0
40222,0
40223,0
40224,1
40225,1
40226,0
40227,0
40228,0
40229,1
40230,0
40231,0
40232,0
40233,1
40234,1
40235,1
40236,0
40237,1
40238,1
40239,1
40240,1
40241,0
40242,0
40243,0
40244,0
40245,1
40246,1
40247,1
40248,0
40249,0
40250,1
40251,1
40252,0
40253,1
40254,1
40255,0
40256,1
40257,0
40258,1
40259,1
40260,0
40261,0
40262,1
40263,0
40264,1
40265,1
40266,1
40267,0
40268,0
40269,1
40270,0
40271,0
40272,1
40273,1
40274,0
40275,0
40276,1
40277,0
40278,0
40279,0
40280,0
40281,1
40282,1
40283,0
40284,1
40285,1
40286,0
40287,0
40288,0
40289,1
40290,1
40291,0
40292,0
40293,1
40294,0
40295,1
40296,1
40297,0
40298,0
40299,0
40300,0
40301,1
40302,1
40303,0
40304,1
40305,1
40306,1
40307,1
40308,0
40309,1
40310,1
40311,1
40312,1
40313,0
40314,1
40315,0
40316,0
40317,1
40318,0
40319,1
40320,0
40321,0
40322,0
40323,0
40324,1
40325,0
40326,0
40327,1
40328,0
40329,0
40330,0
40331,0
40332,1
40333,0
40334,1
40335,1
40336,1
40337,1
40338,0
40339,0
40340,0
40341,1
40342,1
40343,1
40344,0
40345,1
40346,0
40347,0
40348,0
40349,1
40350,1
40351,0
40352,0
40353,1
40354,0
40355,1
40356,1
40357,0
40358,0
40359,1
40360,1
40361,0
40362,1
40363,0
40364,0
40365,1
40366,0
40367,0
40368,1
40369,0
40370,0
40371,0
40372,1
40373,0
40374,0
40375,0
40376,0
40377,1
40378,0
40379,0
40380,1
40381,1
40382,0
40383,0
40384,1
40385,0
40386,1
40387,1
40388,1
40389,1
40390,1
40391,0
40392,1
40393,1
40394,0
40395,1
40396,0
40397,1
40398,0
40399,0
40400,1
40401,1
40402,1
40403,0
40404,1
40405,0
40406,0
40407,0
40408,0
40409,1
40410,1
40411,0
40412,1
40413,0
40414,0
40415,1
40416,1
40417,1
40418,0
40419,1
40420,1
40421,1
40422,1
40423,1
40424,0
40425,0
40426,0
40427,1
40428,1
40429,1
40430,0
40431,1
40432,0
40433,1
40434,1
40435,0
40436,0
40437,0
40438,1
40439,0
40440,0
40441,0
40442,1
40443,0
40444,0
40445,0
40446,1
40447,0
40448,0
40449,1
40450,1
40451,0
40452,1
40453,1
40454,0
40455,0
40456,1
40457,1
40458,0
40459,1
40460,1
40461,0
40462,1
40463,0
40464,1
40465,1
40466,1
40467,0
40468,0
40469,0
40470,1
40471,0
40472,0
40473,0
40474,1
40475,0
40476,0
40477,0
40478,1
40479,1
40480,1
40481,0
40482,1
40483,0
40484,0
40485,1
40486,0
40487,1
40488,1
40489,0
40490,0
40491,0
40492,1
40493,1
40494,1
40495,1
40496,1
40497,1
40498,1
40499,0
40500,0
40501,0
40502,1
40503,1
40504,1
40505,1
40506,1
40507,1
40508,0
40509,0
40510,0
40511,1
40512,1
40513,1
40514,0
40515,0
40516,0
40517,1
40518,1
40519,1
40520,0
40521,1
40522,1
40523,1
40524,0
40525,1
40526,1
40527,0
40528,1
40529,0
40530,1
40531,0
40532,1
40533,1
40534,0
40535,0
40536,1
40537,0
40538,0
40539,1
40540,0
40541,0
40542,1
40543,1
40544,1
40545,1
40546,0
40547,1
40548,0
40549,1
40550,1
40551,1
40552,0
40553,0
40554,0
40555,0
40556,1
40557,0
40558,1
40559,0
40560,1
40561,0
40562,1
40563,0
40564,1
40565,0
40566,1
40567,0
40568,1
40569,0
40570,0
40571,0
40572,1
40573,1
40574,1
40575,1
40576,0
40577,1
40578,0
40579,0
40580,0
40581,1
40582,0
40583,1
40584,1
40585,0
40586,1
40587,1
40588,0
40589,0
40590,0
40591,0
40592,0
40593,0
40594,1
40595,1
40596,1
40597,1
40598,0
40599,1
40600,1
40601,1
40602,1
40603,1
40604,0
40605,1
40606,0
40607,1
40608,0
40609,1
40610,0
40611,0
40612,0
40613,1
40614,1
40615,0
40616,0
40617,0
40618,1
40619,1
40620,0
40621,0
40622,1
40623,1
40624,1
40625,1
40626,1
40627,0
40628,0
40629,0
40630,0
40631,0
40632,1
40633,1
40634,1
40635,1
40636,1
40637,0
40638,1
40639,1
40640,1
40641,0
40642,1
40643,0
40644,0
40645,0
40646,1
40647,0
40648,1
40649,1
40650,1
40651,0
40652,0
40653,1
40654,1
40655,0
40656,1
40657,1
40658,0
40659,0
40660,0
40661,1
40662,0
40663,0
40664,0
40665,1
40666,0
40667,0
40668,0
40669,0
40670,0
40671,0
40672,0
40673,1
40674,0
40675,0
40676,1
40677,1
40678,1
40679,1
40680,0
40681,0
40682,0
40683,0
40684,0
40685,0
40686,0
40687,1
40688,1
40689,0
40690,1
40691,1
40692,1
40693,1
40694,0
40695,0
40696,0
40697,0
40698,0
40699,0
40700,0
40701,1
40702,1
40703,1
40704,0
40705,0
40706,1
40707,1
40708,0
40709,0
40710,1
40711,1
40712,0
40713,0
40714,0
40715,1
40716,1
40717,1
40718,1
40719,1
40720,0
40721,0
40722,0
40723,0
40724,0
40725,1
40726,0
40727,1
40728,1
40729,1
40730,0
40731,0
40732,1
40733,0
40734,1
40735,1
40736,1
40737,0
40738,1
40739,1
40740,1
40741,1
40742,0
40743,0
40744,1
40745,0
40746,1
40747,1
40748,1
40749,0
40750,0
40751,1
40752,0
40753,1
40754,0
40755,1
40756,1
40757,1
40758,0
40759,1
40760,0
40761,1
40762,0
40763,1
40764,1
40765,0
40766,1
40767,1
40768,1
40769,0
40770,0
40771,0
40772,0
40773,1
40774,0
40775,0
40776,0
40777,0
40778,1
40779,0
40780,0
40781,0
40782,1
40783,1
40784,0
40785,1
40786,1
40787,1
40788,0
40789,0
40790,0
40791,0
40792,0
40793,1
40794,0
40795,1
40796,1
40797,1
40798,1
40799,0
40800,0
40801,1
40802,0
40803,0
40804,0
40805,1
40806,1
40807,1
40808,0
40809,0
40810,0
40811,0
40812,0
40813,0
40814,0
40815,1
40816,0
40817,1
40818,0
40819,1
40820,1
40821,1
40822,0
40823,0
40824,0
40825,1
40826,0
40827,0
40828,0
40829,1
40830,0
40831,0
40832,1
40833,0
40834,0
40835,1
40836,0
40837,1
40838,1
40839,1
40840,0
40841,1
40842,1
40843,0
40844,0
40845,0
40846,0
40847,1
40848,1
40849,0
40850,1
40851,0
40852,0
40853,0
40854,0
40855,1
40856,1
40857,0
40858,0
40859,0
40860,0
40861,1
40862,0
40863,1
40864,0
40865,0
40866,0
40867,0
40868,0
40869,1
40870,1
40871,1
40872,1
40873,0
40874,1
40875,0
40876,1
40877,0
40878,1
40879,1
40880,1
40881,0
40882,1
40883,0
40884,0
40885,1
40886,1
40887,0
40888,0
40889,0
40890,0
40891,1
40892,0
40893,1
40894,0
40895,1
40896,0
40897,0
40898,0
40899,0
40900,1
40901,1
40902,1
40903,1
40904,0
40905,1
40906,0
40907,0
40908,0
40909,1
40910,0
40911,1
40912,0
40913,0
40914,1
40915,1
40916,0
40917,0
40918,0
40919,0
40920,0
40921,0
40922,0
40923,1
40924,0
40925,1
40926,0
40927,0
40928,0
40929,0
40930,1
40931,0
40932,1
40933,1
40934,0
40935,0
40936,1
40937,0
40938,0
40939,0
40940,0
40941,1
40942,1
40943,1
40944,0
40945,1
40946,1
40947,1
40948,1
40949,1
40950,0
40951,0
40952,1
40953,1
40954,0
40955,0
40956,0
40957,0
40958,1
40959,0
40960,0
40961,0
40962,0
40963,1
40964,0
40965,1
40966,0
40967,0
40968,0
40969,1
40970,0
40971,1
40972,1
40973,1
40974,1
40975,0
40976,0
40977,0
40978,0
40979,1
40980,0
40981,0
40982,1
40983,0
40984,1
40985,0
40986,1
40987,0
40988,1
40989,1
40990,0
40991,0
40992,0
40993,0
40994,0
40995,0
40996,0
40997,0
40998,1
40999,0
41000,0
41001,0
41002,1
41003,0
41004,0
41005,0
41006,1
41007,0
41008,0
41009,0
41010,0
41011,1
41012,1
41013,1
41014,0
41015,0
41016,1
41017,0
41018,0
41019,1
41020,1
41021,0
41022,0
41023,0
41024,1
41025,1
41026,0
41027,0
41028,1
41029,1
41030,1
41031,1
41032,1
41033,1
41034,1
41035,1
41036,0
41037,0
41038,0
41039,1
41040,1
41041,1
41042,0
41043,0
41044,1
41045,1
41046,0
41047,1
41048,0
41049,1
41050,1
41051,0
41052,0
41053,0
41054,1
41055,0
41056,1
41057,0
41058,1
41059,0
41060,1
41061,1
41062,1
41063,0
41064,0
41065,1
41066,0
41067,0
41068,1
41069,1
41070,0
41071,0
41072,0
41073,1
41074,0
41075,1
41076,0
41077,0
41078,1
41079,1
41080,1
41081,1
41082,1
41083,1
41084,0
41085,1
41086,0
41087,0
41088,0
41089,1
41090,1
41091,0
41092,1
41093,0
41094,0
41095,0
41096,0
41097,1
41098,0
41099,1
41100,0
41101,1
41102,0
41103,1
41104,0
41105,0
41106,1
41107,0
41108,1
41109,1
41110,0
41111,1
41112,0
41113,1
41114,0
41115,0
41116,0
41117,0
41118,1
41119,0
41120,0
41121,0
41122,0
41123,1
41124,1
41125,0
41126,0
41127,0
41128,1
41129,1
41130,0
41131,0
41132,0
41133,0
41134,0
41135,0
41136,0
41137,0
41138,1
41139,1
41140,0
41141,1
41142,0
41143,1
41144,0
41145,0
41146,1
41147,0
41148,0
41149,1
41150,1
41151,1
41152,0
41153,0
41154,0
41155,1
41156,1
41157,0
41158,0
41159,0
41160,0
41161,1
41162,1
41163,0
41164,0
41165,0
41166,0
41167,1
41168,0
41169,0
41170,0
41171,1
41172,0
41173,0
41174,1
41175,0
41176,0
41177,1
41178,0
41179,0
41180,1
41181,0
41182,1
41183,0
41184,0
41185,0
41186,1
41187,0
41188,1
41189,0
41190,0
41191,0
41192,1
41193,1
41194,1
41195,1
41196,0
41197,0
41198,0
41199,0
41200,0
41201,1
41202,0
41203,0
41204,0
41205,0
41206,1
41207,0
41208,0
41209,0
41210,1
41211,0
41212,1
41213,1
41214,1
41215,0
41216,1
41217,1
41218,1
41219,1
41220,0
41221,1
41222,1
41223,0
41224,1
41225,0
41226,0
41227,0
41228,0
41229,0
41230,0
41231,1
41232,1
41233,1
41234,1
41235,1
41236,0
41237,1
41238,1
41239,0
41240,1
41241,0
41242,0
41243,1
41244,1
41245,1
41246,0
41247,1
41248,0
41249,0
41250,0
41251,1
41252,0
41253,1
41254,0
41255,0
41256,0
41257,0
41258,1
41259,0
41260,1
41261,1
41262,0
41263,1
41264,1
41265,0
41266,1
41267,0
41268,0
41269,1
41270,0
41271,1
41272,1
41273,0
41274,1
41275,0
41276,1
41277,1
41278,1
41279,1
41280,0
41281,1
41282,1
41283,1
41284,1
41285,0
41286,0
41287,0
41288,1
41289,1
41290,1
41291,0
41292,1
41293,0
41294,1
41295,1
41296,0
41297,1
41298,0
41299,0
41300,0
41301,1
41302,0
41303,0
41304,0
41305,0
41306,0
41307,1
41308,0
41309,0
41310,1
41311,1
41312,1
41313,0
41314,0
41315,0
41316,1
41317,1
41318,0
41319,1
41320,1
41321,1
41322,1
41323,1
41324,0
41325,0
41326,1
41327,0
41328,1
41329,0
41330,1
41331,0
41332,0
41333,1
41334,0
41335,0
41336,1
41337,1
41338,0
41339,0
41340,1
41341,1
41342,0
41343,0
41344,0
41345,1
41346,0
41347,1
41348,1
41349,0
41350,0
41351,1
41352,1
41353,0
41354,1
41355,0
41356,1
41357,1
41358,1
41359,1
41360,0
41361,0
41362,0
41363,0
41364,1
41365,1
41366,1
41367,1
41368,0
41369,0
41370,1
41371,0
41372,1
41373,0
41374,0
41375,0
41376,1
41377,1
41378,0
41379,1
41380,1
41381,1
41382,0
41383,1
41384,0
41385,1
41386,1
41387,1
41388,0
41389,1
41390,0
41391,1
41392,0
41393,1
41394,1
41395,1
41396,0
41397,1
41398,1
41399,0
41400,1
41401,1
41402,0
41403,0
41404,0
41405,0
41406,0
41407,0
41408,0
41409,0
41410,0
41411,0
41412,1
41413,1
41414,1
41415,1
41416,0
41417,1
41418,1
41419,0
41420,0
41421,1
41422,0
41423,1
41424,1
41425,0
41426,1
41427,0
41428,1
41429,0
41430,0
41431,1
41432,0
41433,1
41434,1
41435,0
41436,1
41437,0
41438,0
41439,1
41440,1
41441,1
41442,1
41443,0
41444,0
41445,0
41446,0
41447,1
41448,1
41449,1
41450,1
41451,1
41452,0
41453,1
41454,1
41455,1
41456,0
41457,1
41458,0
41459,1
41460,1
41461,1
41462,1
41463,0
41464,1
41465,0
41466,0
41467,0
41468,1
41469,1
41470,0
41471,1
41472,1
41473,1
41474,0
41475,0
41476,0
41477,0
41478,1
41479,0
41480,1
41481,0
41482,0
41483,1
41484,0
41485,0
41486,0
41487,0
41488,1
41489,1
41490,1
41491,0
41492,0
41493,1
41494,0
41495,1
41496,0
41497,0
41498,0
41499,0
41500,1
41501,1
41502,0
41503,0
41504,0
41505,1
41506,0
41507,0
41508,0
41509,0
41510,0
41511,1
41512,0
41513,0
41514,1
41515,0
41516,1
41517,1
41518,0
41519,1
41520,1
41521,0
41522,1
41523,1
41524,1
41525,1
41526,1
41527,1
41528,1
41529,1
41530,1
41531,1
41532,1
41533,0
41534,0
41535,1
41536,1
41537,0
41538,0
41539,0
41540,1
41541,0
41542,1
41543,0
41544,1
41545,1
41546,0
41547,1
41548,1
41549,1
41550,0
41551,1
41552,0
41553,1
41554,0
41555,1
41556,1
41557,0
41558,0
41559,1
41560,0
41561,1
41562,1
41563,1
41564,0
41565,1
41566,0
41567,0
41568,1
41569,0
41570,1
41571,1
41572,0
41573,0
41574,0
41575,1
41576,1
41577,0
41578,0
41579,1
41580,1
41581,0
41582,0
41583,1
41584,0
41585,0
41586,0
41587,1
41588,0
41589,1
41590,0
41591,0
41592,1
41593,1
41594,1
41595,0
41596,0
41597,0
41598,0
41599,0
41600,0
41601,1
41602,1
41603,1
41604,0
41605,0
41606,1
41607,0
41608,0
41609,0
41610,1
41611,0
41612,1
41613,1
41614,0
41615,1
41616,1
41617,0
41618,0
41619,1
41620,0
41621,1
41622,0
41623,1
41624,0
41625,0
41626,1
41627,0
41628,1
41629,1
41630,0
41631,1
41632,1
41633,0
41634,0
41635,1
41636,0
41637,0
41638,0
41639,0
41640,0
41641,0
41642,1
41643,1
41644,0
41645,0
41646,0
41647,1
41648,0
41649,0
41650,0
41651,0
41652,1
41653,1
41654,1
41655,1
41656,0
41657,0
41658,1
41659,0
41660,0
41661,0
41662,1
41663,1
41664,0
41665,1
41666,0
41667,1
41668,0
41669,0
41670,0
41671,1
41672,0
41673,0
41674,0
41675,0
41676,0
41677,0
41678,0
41679,0
41680,1
41681,0
41682,1
41683,1
41684,1
41685,1
41686,0
41687,0
41688,1
41689,0
41690,0
41691,1
41692,0
41693,0
41694,0
41695,1
41696,1
41697,0
41698,1
41699,0
41700,1
41701,1
41702,1
41703,0
41704,0
41705,1
41706,0
41707,1
41708,0
41709,1
41710,1
41711,1
41712,1
41713,0
41714,0
41715,1
41716,0
41717,0
41718,0
41719,0
41720,1
41721,0
41722,0
41723,1
41724,1
41725,1
41726,1
41727,1
41728,0
41729,0
41730,0
41731,0
41732,0
41733,1
41734,1
41735,0
41736,1
41737,1
41738,0
41739,0
41740,1
41741,1
41742,0
41743,1
41744,1
41745,0
41746,1
41747,0
41748,0
41749,1
41750,0
41751,0
41752,0
41753,0
41754,0
41755,0
41756,0
41757,0
41758,0
41759,1
41760,1
41761,1
41762,0
41763,1
41764,0
41765,1
41766,0
41767,1
41768,1
41769,0
41770,1
41771,0
41772,0
41773,0
41774,1
41775,1
41776,1
41777,1
41778,0
41779,0
41780,0
41781,1
41782,0
41783,1
41784,0
41785,0
41786,0
41787,1
41788,0
41789,1
41790,1
41791,0
41792,1
41793,1
41794,1
41795,0
41796,0
41797,0
41798,0
41799,1
41800,0
41801,1
41802,0
41803,1
41804,0
41805,1
41806,0
41807,0
41808,0
41809,1
41810,1
41811,0
41812,0
41813,1
41814,0
41815,0
41816,1
41817,1
41818,1
41819,0
41820,0
41821,0
41822,1
41823,0
41824,1
41825,0
41826,0
41827,1
41828,0
41829,1
41830,0
41831,1
41832,1
41833,0
41834,0
41835,1
41836,1
41837,0
41838,0
41839,0
41840,1
41841,0
41842,0
41843,0
41844,1
41845,1
41846,0
41847,0
41848,0
41849,0
41850,1
41851,0
41852,1
41853,1
41854,0
41855,0
41856,1
41857,0
41858,1
41859,1
41860,0
41861,0
41862,0
41863,1
41864,0
41865,1
41866,0
41867,1
41868,1
41869,1
41870,1
41871,0
41872,0
41873,0
41874,0
41875,1
41876,0
41877,0
41878,0
41879,1
41880,0
41881,1
41882,0
41883,1
41884,0
41885,1
41886,0
41887,1
41888,1
41889,1
41890,0
41891,0
41892,1
41893,1
41894,0
41895,1
41896,1
41897,1
41898,1
41899,1
41900,0
41901,0
41902,0
41903,1
41904,1
41905,0
41906,0
41907,1
41908,0
41909,0
41910,0
41911,0
41912,0
41913,1
41914,1
41915,0
41916,1
41917,1
41918,1
41919,0
41920,0
41921,0
41922,1
41923,1
41924,0
41925,0
41926,1
41927,1
41928,0
41929,0
41930,0
41931,0
41932,0
41933,0
41934,0
41935,1
41936,0
41937,1
41938,1
41939,1
41940,1
41941,0
41942,1
41943,1
41944,0
41945,0
41946,0
41947,1
41948,1
41949,0
41950,1
41951,0
41952,1
41953,1
41954,0
41955,1
41956,0
41957,0
41958,1
41959,0
41960,0
41961,0
41962,0
41963,1
41964,0
41965,1
41966,1
41967,0
41968,0
41969,0
41970,1
41971,1
41972,0
41973,0
41974,1
41975,0
41976,1
41977,0
41978,1
41979,1
41980,1
41981,1
41982,0
41983,1
41984,0
41985,0
41986,1
41987,0
41988,0
41989,0
41990,1
41991,0
41992,0
41993,1
41994,1
41995,1
41996,0
41997,1
41998,0
41999,1
42000,1
42001,1
42002,1
42003,1
42004,1
42005,0
42006,0
42007,1
42008,0
42009,1
42010,1
42011,0
42012,1
42013,1
42014,1
42015,0
42016,1
42017,0
42018,1
42019,0
42020,0
42021,0
42022,0
42023,1
42024,0
42025,0
42026,0
42027,1
42028,1
42029,1
42030,1
42031,0
42032,1
42033,0
42034,1
42035,0
42036,0
42037,0
42038,1
42039,1
42040,0
42041,0
42042,1
42043,1
42044,0
42045,0
42046,0
42047,0
42048,1
42049,0
42050,0
42051,0
42052,0
42053,1
42054,0
42055,1
42056,1
42057,1
42058,1
42059,1
42060,1
42061,1
42062,1
42063,1
42064,0
42065,0
42066,0
42067,1
42068,0
42069,0
42070,0
42071,0
42072,1
42073,1
42074,1
42075,0
42076,1
42077,1
42078,0
42079,1
42080,0
42081,1
42082,0
42083,0
42084,1
42085,1
42086,1
42087,0
42088,1
42089,0
42090,0
42091,1
42092,1
42093,0
42094,1
42095,0
42096,1
42097,0
42098,0
42099,0
42100,1
42101,1
42102,1
42103,1
42104,0
42105,0
42106,1
42107,1
42108,0
42109,0
42110,0
42111,0
42112,0
42113,1
42114,0
42115,1
42116,0
42117,1
42118,0
42119,0
42120,0
42121,1
42122,0
42123,1
42124,1
42125,0
42126,1
42127,1
42128,1
42129,1
42130,1
42131,1
42132,0
42133,1
42134,0
42135,1
42136,0
42137,1
42138,0
42139,1
42140,1
42141,0
42142,1
42143,1
42144,1
42145,1
42146,1
42147,0
42148,1
42149,0
42150,0
42151,1
42152,1
42153,0
42154,0
42155,1
42156,1
42157,0
42158,0
42159,1
42160,1
42161,1
42162,0
42163,1
42164,1
42165,1
42166,1
42167,0
42168,0
42169,0
42170,0
42171,0
42172,0
42173,0
42174,0
42175,0
42176,1
42177,1
42178,0
42179,1
42180,1
42181,1
42182,1
42183,1
42184,0
42185,1
42186,1
42187,0
42188,1
42189,1
42190,0
42191,1
42192,0
42193,1
42194,1
42195,1
42196,0
42197,1
42198,1
42199,0
42200,1
42201,0
42202,1
42203,0
42204,0
42205,1
42206,0
42207,0
42208,0
42209,0
42210,0
42211,0
42212,1
42213,1
42214,1
42215,0
42216,1
42217,1
42218,1
42219,0
42220,0
42221,0
42222,0
42223,0
42224,0
42225,1
42226,1
42227,1
42228,0
42229,1
42230,0
42231,1
42232,1
42233,0
42234,0
42235,0
42236,0
42237,0
42238,0
42239,0
42240,1
42241,1
42242,0
42243,1
42244,1
42245,0
42246,1
42247,1
42248,1
42249,0
42250,1
42251,0
42252,0
42253,1
42254,0
42255,1
42256,1
42257,0
42258,1
42259,0
42260,1
42261,1
42262,1
42263,0
42264,0
42265,0
42266,1
42267,0
42268,0
42269,1
42270,0
42271,0
42272,0
42273,0
42274,0
42275,0
42276,0
42277,1
42278,0
42279,0
42280,0
42281,0
42282,0
42283,0
42284,0
42285,1
42286,0
42287,0
42288,0
42289,0
42290,1
42291,1
42292,1
42293,1
42294,1
42295,0
42296,1
42297,0
42298,0
42299,0
42300,1
42301,0
42302,1
42303,0
42304,0
42305,0
42306,0
42307,1
42308,0
42309,0
42310,1
42311,0
42312,0
42313,1
42314,0
42315,0
42316,1
42317,0
42318,1
42319,0
42320,0
42321,0
42322,0
42323,0
42324,1
42325,0
42326,0
42327,1
42328,0
42329,1
42330,1
42331,0
42332,0
42333,0
42334,0
42335,0
42336,1
42337,1
42338,1
42339,0
42340,1
42341,0
42342,1
42343,1
42344,0
42345,0
42346,1
42347,1
42348,1
42349,0
42350,0
42351,0
42352,1
42353,0
42354,0
42355,1
42356,0
42357,0
42358,0
42359,0
42360,1
42361,1
42362,1
42363,1
42364,0
42365,1
42366,1
42367,1
42368,0
42369,1
42370,1
42371,1
42372,0
42373,1
42374,1
42375,1
42376,1
42377,0
42378,1
42379,0
42380,0
42381,1
42382,0
42383,0
42384,1
42385,0
42386,0
42387,0
42388,1
42389,0
42390,1
42391,0
42392,1
42393,1
42394,1
42395,0
42396,1
42397,1
42398,1
42399,0
42400,1
42401,1
42402,0
42403,1
42404,0
42405,0
42406,1
42407,0
42408,1
42409,1
42410,1
42411,0
42412,1
42413,0
42414,0
42415,0
42416,1
42417,0
42418,0
42419,0
42420,1
42421,0
42422,0
42423,1
42424,0
42425,0
42426,1
42427,1
42428,1
42429,1
42430,0
42431,0
42432,0
42433,0
42434,1
42435,0
42436,0
42437,0
42438,0
42439,0
42440,1
42441,0
42442,0
42443,0
42444,1
42445,1
42446,0
42447,0
42448,0
42449,0
42450,1
42451,1
42452,0
42453,0
42454,0
42455,0
42456,0
42457,0
42458,0
42459,1
42460,0
42461,0
42462,0
42463,1
42464,0
42465,0
42466,1
42467,1
42468,1
42469,0
42470,0
42471,0
42472,0
42473,0
42474,1
42475,1
42476,0
42477,0
42478,0
42479,1
42480,0
42481,1
42482,1
42483,1
42484,0
42485,1
42486,0
42487,0
42488,0
42489,0
42490,1
42491,0
42492,0
42493,1
42494,0
42495,1
42496,0
42497,0
42498,0
42499,0
42500,1
42501,0
42502,0
42503,1
42504,0
42505,0
42506,0
42507,1
42508,1
42509,0
42510,0
42511,0
42512,1
42513,1
42514,0
42515,1
42516,0
42517,1
42518,0
42519,0
42520,1
42521,1
42522,0
42523,1
42524,1
42525,1
42526,1
42527,1
42528,1
42529,1
42530,1
42531,0
42532,1
42533,0
42534,1
42535,0
42536,1
42537,1
42538,0
42539,1
42540,1
42541,1
42542,0
42543,0
42544,1
42545,0
42546,1
42547,1
42548,1
42549,1
42550,0
42551,1
42552,0
42553,0
42554,0
42555,0
42556,0
42557,0
42558,0
42559,1
42560,1
42561,1
42562,0
42563,1
42564,0
42565,0
42566,1
42567,1
42568,0
42569,0
42570,0
42571,1
42572,0
42573,0
42574,0
42575,1
42576,1
42577,1
42578,0
42579,0
42580,0
42581,0
42582,0
42583,0
42584,1
42585,0
42586,1
42587,0
42588,0
42589,1
42590,1
42591,1
42592,1
42593,1
42594,1
42595,0
42596,0
42597,1
42598,1
42599,0
42600,0
42601,0
42602,1
42603,0
42604,1
42605,0
42606,1
42607,0
42608,0
42609,0
42610,0
42611,1
42612,0
42613,0
42614,1
42615,0
42616,1
42617,0
42618,0
42619,1
42620,0
42621,0
42622,0
42623,1
42624,0
42625,0
42626,0
42627,0
42628,1
42629,0
42630,1
42631,0
42632,1
42633,1
42634,1
42635,0
42636,0
42637,0
42638,0
42639,0
42640,0
42641,1
42642,1
42643,1
42644,0
42645,1
42646,0
42647,0
42648,0
42649,0
42650,0
42651,1
42652,1
42653,1
42654,1
42655,0
42656,0
42657,1
42658,1
42659,1
42660,0
42661,1
42662,0
42663,1
42664,0
42665,0
42666,0
42667,0
42668,1
42669,0
42670,1
42671,0
42672,1
42673,0
42674,1
42675,1
42676,0
42677,1
42678,1
42679,1
42680,0
42681,1
42682,1
42683,1
42684,0
42685,1
42686,0
42687,1
42688,1
42689,0
42690,1
42691,0
42692,1
42693,0
42694,0
42695,1
42696,0
42697,0
42698,0
42699,0
42700,1
42701,0
42702,0
42703,1
42704,1
42705,0
42706,0
42707,1
42708,0
42709,0
42710,0
42711,1
42712,1
42713,1
42714,1
42715,1
42716,1
42717,0
42718,1
42719,0
42720,0
42721,1
42722,1
42723,1
42724,1
42725,1
42726,1
42727,0
42728,0
42729,1
42730,1
42731,1
42732,1
42733,1
42734,0
42735,1
42736,0
42737,1
42738,1
42739,0
42740,1
42741,1
42742,1
42743,0
42744,0
42745,0
42746,1
42747,0
42748,0
42749,1
42750,1
42751,0
42752,0
42753,0
42754,1
42755,1
42756,1
42757,0
42758,0
42759,0
42760,0
42761,1
42762,0
42763,0
42764,1
42765,0
42766,1
42767,0
42768,0
42769,0
42770,1
42771,1
42772,1
42773,0
42774,0
42775,1
42776,0
42777,1
42778,1
42779,1
42780,0
42781,0
42782,0
42783,0
42784,1
42785,0
42786,1
42787,0
42788,0
42789,1
42790,0
42791,1
42792,0
42793,0
42794,1
42795,0
42796,0
42797,0
42798,1
42799,0
42800,0
42801,0
42802,0
42803,1
42804,0
42805,1
42806,0
42807,1
42808,0
42809,0
42810,0
42811,0
42812,1
42813,1
42814,1
42815,0
42816,0
42817,0
42818,0
42819,0
42820,1
42821,1
42822,1
42823,0
42824,0
42825,0
42826,0
42827,0
42828,1
42829,0
42830,1
42831,1
42832,0
42833,0
42834,0
42835,1
42836,1
42837,0
42838,0
42839,0
42840,1
42841,0
42842,1
42843,1
42844,0
42845,1
42846,1
42847,1
42848,1
42849,1
42850,1
42851,0
42852,1
42853,0
42854,0
42855,1
42856,0
42857,1
42858,0
42859,0
42860,0
42861,1
42862,1
42863,0
42864,1
42865,0
42866,0
42867,1
42868,0
42869,1
42870,1
42871,1
42872,1
42873,1
42874,0
42875,1
42876,1
42877,1
42878,0
42879,1
42880,1
42881,0
42882,0
42883,0
42884,1
42885,1
42886,0
42887,0
42888,0
42889,1
42890,0
42891,0
42892,1
42893,0
42894,0
42895,1
42896,1
42897,0
42898,0
42899,0
42900,1
42901,0
42902,0
42903,1
42904,1
42905,0
42906,0
42907,1
42908,0
42909,0
42910,1
42911,0
42912,1
42913,0
42914,1
42915,0
42916,1
42917,1
42918,0
42919,0
42920,0
42921,0
42922,1
42923,0
42924,1
42925,0
42926,0
42927,0
42928,1
42929,0
42930,0
42931,0
42932,1
42933,0
42934,0
42935,0
42936,1
42937,1
42938,1
42939,0
42940,0
42941,0
42942,0
42943,0
42944,1
42945,1
42946,0
42947,1
42948,0
42949,1
42950,1
42951,0
42952,0
42953,1
42954,0
42955,0
42956,0
42957,0
42958,0
42959,1
42960,0
42961,1
42962,1
42963,1
42964,1
42965,0
42966,0
42967,0
42968,1
42969,0
42970,0
42971,0
42972,0
42973,0
42974,0
42975,1
42976,0
42977,0
42978,1
42979,1
42980,1
42981,0
42982,0
42983,1
42984,0
42985,0
42986,0
42987,1
42988,1
42989,0
42990,1
42991,1
42992,1
42993,1
42994,1
42995,0
42996,1
42997,1
42998,1
42999,0
43000,1
43001,0
43002,0
43003,0
43004,0
43005,0
43006,0
43007,1
43008,0
43009,1
43010,1
43011,0
43012,1
43013,0
43014,1
43015,0
43016,1
43017,0
43018,0
43019,1
43020,1
43021,1
43022,0
43023,1
43024,0
43025,1
43026,0
43027,0
43028,0
43029,1
43030,0
43031,0
43032,1
43033,0
43034,1
43035,1
43036,1
43037,1
43038,0
43039,1
43040,1
43041,1
43042,1
43043,0
43044,0
43045,1
43046,1
43047,0
43048,1
43049,0
43050,0
43051,1
43052,1
43053,0
43054,0
43055,1
43056,1
43057,1
43058,0
43059,0
43060,0
43061,1
43062,1
43063,1
43064,1
43065,0
43066,1
43067,0
43068,0
43069,1
43070,0
43071,0
43072,1
43073,0
43074,1
43075,0
43076,0
43077,0
43078,0
43079,1
43080,1
43081,0
43082,0
43083,0
43084,0
43085,1
43086,1
43087,0
43088,1
43089,0
43090,1
43091,1
43092,1
43093,0
43094,1
43095,0
43096,1
43097,1
43098,1
43099,0
43100,0
43101,0
43102,0
43103,1
43104,1
43105,0
43106,0
43107,1
43108,1
43109,0
43110,0
43111,0
43112,1
43113,0
43114,0
43115,0
43116,1
43117,0
43118,0
43119,1
43120,0
43121,1
43122,1
43123,0
43124,0
43125,1
43126,0
43127,0
43128,1
43129,1
43130,1
43131,0
43132,1
43133,1
43134,0
43135,1
43136,1
43137,1
43138,0
43139,1
43140,0
43141,0
43142,1
43143,1
43144,1
43145,1
43146,1
43147,1
43148,1
43149,1
43150,0
43151,0
43152,0
43153,0
43154,0
43155,0
43156,1
43157,1
43158,1
43159,1
43160,0
43161,1
43162,0
43163,0
43164,1
43165,1
43166,1
43167,1
43168,0
43169,0
43170,0
43171,0
43172,1
43173,1
43174,0
43175,0
43176,0
43177,1
43178,0
43179,1
43180,1
43181,0
43182,1
43183,0
43184,0
43185,0
43186,0
43187,0
43188,1
43189,0
43190,0
43191,1
43192,0
43193,1
43194,0
43195,0
43196,1
43197,0
43198,1
43199,0
43200,1
43201,0
43202,1
43203,0
43204,1
43205,1
43206,1
43207,0
43208,1
43209,1
43210,0
43211,1
43212,1
43213,1
43214,1
43215,1
43216,0
43217,0
43218,0
43219,0
43220,1
43221,1
43222,0
43223,1
43224,0
43225,0
43226,1
43227,0
43228,0
43229,0
43230,0
43231,1
43232,1
43233,0
43234,0
43235,1
43236,1
43237,1
43238,1
43239,1
43240,1
43241,1
43242,0
43243,0
43244,0
43245,1
43246,1
43247,1
43248,1
43249,1
43250,1
43251,0
43252,0
43253,0
43254,1
43255,0
43256,1
43257,0
43258,0
43259,0
43260,1
43261,0
43262,1
43263,1
43264,0
43265,0
43266,0
43267,0
43268,0
43269,1
43270,1
43271,0
43272,0
43273,1
43274,1
43275,0
43276,0
43277,0
43278,1
43279,1
43280,0
43281,0
43282,1
43283,0
43284,0
43285,0
43286,1
43287,0
43288,0
43289,1
43290,1
43291,1
43292,0
43293,1
43294,1
43295,0
43296,0
43297,0
43298,1
43299,0
43300,1
43301,1
43302,1
43303,1
43304,0
43305,0
43306,1
43307,1
43308,0
43309,0
43310,0
43311,0
43312,1
43313,0
43314,0
43315,0
43316,1
43317,0
43318,0
43319,1
43320,0
43321,1
43322,0
43323,1
43324,0
43325,1
43326,0
43327,0
43328,0
43329,0
43330,0
43331,0
43332,1
43333,0
43334,1
43335,1
43336,0
43337,0
43338,1
43339,0
43340,1
43341,1
43342,0
43343,1
43344,0
43345,0
43346,0
43347,0
43348,0
43349,0
43350,0
43351,0
43352,1
43353,0
43354,0
43355,1
43356,0
43357,0
43358,1
43359,1
43360,1
43361,0
43362,0
43363,0
43364,0
43365,0
43366,0
43367,0
43368,0
43369,0
43370,1
43371,1
43372,0
43373,1
43374,0
43375,0
43376,0
43377,1
43378,0
43379,1
43380,1
43381,1
43382,0
43383,1
43384,1
43385,0
43386,1
43387,1
43388,0
43389,1
43390,0
43391,0
43392,1
43393,1
43394,1
43395,1
43396,0
43397,1
43398,1
43399,0
43400,0
43401,1
43402,1
43403,0
43404,0
43405,1
43406,0
43407,0
43408,0
43409,1
43410,1
43411,0
43412,0
43413,1
43414,1
43415,0
43416,1
43417,1
43418,1
43419,0
43420,0
43421,0
43422,1
43423,0
43424,1
43425,0
43426,1
43427,0
43428,0
43429,0
43430,0
43431,0
43432,0
43433,0
43434,0
43435,1
43436,1
43437,0
43438,0
43439,0
43440,1
43441,0
43442,0
43443,1
43444,0
43445,1
43446,0
43447,0
43448,1
43449,1
43450,0
43451,0
43452,1
43453,0
43454,0
43455,0
43456,0
43457,1
43458,0
43459,0
43460,1
43461,0
43462,0
43463,0
43464,1
43465,1
43466,0
43467,1
43468,1
43469,1
43470,1
43471,0
43472,0
43473,1
43474,1
43475,1
43476,0
43477,0
43478,1
43479,0
43480,0
43481,0
43482,1
43483,0
43484,0
43485,1
43486,1
43487,0
43488,0
43489,0
43490,0
43491,1
43492,1
43493,0
43494,1
43495,1
43496,0
43497,1
43498,0
43499,1
43500,1
43501,1
43502,0
43503,0
43504,1
43505,1
43506,0
43507,0
43508,0
43509,1
43510,0
43511,1
43512,0
43513,0
43514,0
43515,0
43516,0
43517,0
43518,1
43519,1
43520,0
43521,1
43522,0
43523,0
43524,1
43525,1
43526,0
43527,0
43528,0
43529,1
43530,0
43531,0
43532,1
43533,1
43534,0
43535,0
43536,1
43537,0
43538,0
43539,0
43540,0
43541,0
43542,0
43543,1
43544,1
43545,0
43546,0
43547,0
43548,1
43549,1
43550,1
43551,1
43552,1
43553,0
43554,0
43555,1
43556,1
43557,1
43558,0
43559,0
43560,1
43561,1
43562,0
43563,0
43564,1
43565,0
43566,0
43567,0
43568,0
43569,1
43570,0
43571,0
43572,0
43573,0
43574,0
43575,0
43576,1
43577,0
43578,1
43579,1
43580,0
43581,0
43582,0
43583,0
43584,1
43585,1
43586,0
43587,1
43588,1
43589,0
43590,1
43591,1
43592,1
43593,1
43594,1
43595,0
43596,0
43597,0
43598,1
43599,0
43600,0
43601,1
43602,0
43603,0
43604,0
43605,0
43606,1
43607,0
43608,0
43609,0
43610,0
43611,0
43612,0
43613,1
43614,1
43615,1
43616,1
43617,1
43618,1
43619,1
43620,1
43621,0
43622,1
43623,0
43624,1
43625,1
43626,0
43627,1
43628,0
43629,0
43630,0
43631,0
43632,0
43633,1
43634,1
43635,0
43636,1
43637,1
43638,0
43639,0
43640,0
43641,1
43642,0
43643,1
43644,0
43645,1
43646,1
43647,1
43648,0
43649,0
43650,0
43651,0
43652,0
43653,1
43654,0
43655,1
43656,1
43657,0
43658,0
43659,0
43660,0
43661,0
43662,0
43663,1
43664,0
43665,1
43666,0
43667,1
43668,0
43669,0
43670,0
43671,0
43672,1
43673,1
43674,1
43675,0
43676,1
43677,0
43678,0
43679,1
43680,0
43681,1
43682,0
43683,0
43684,0
43685,0
43686,0
43687,0
43688,1
43689,1
43690,0
43691,0
43692,1
43693,0
43694,0
43695,1
43696,0
43697,0
43698,0
43699,0
43700,0
43701,0
43702,0
43703,1
43704,1
43705,1
43706,1
43707,0
43708,0
43709,0
43710,1
43711,1
43712,1
43713,0
43714,0
43715,0
43716,0
43717,1
43718,0
43719,0
43720,0
43721,0
43722,1
43723,1
43724,1
43725,0
43726,0
43727,0
43728,1
43729,1
43730,1
43731,0
43732,0
43733,0
43734,0
43735,0
43736,1
43737,0
43738,1
43739,1
43740,0
43741,0
43742,0
43743,1
43744,0
43745,0
43746,1
43747,0
43748,0
43749,0
43750,0
43751,0
43752,1
43753,1
43754,0
43755,1
43756,1
43757,0
43758,1
43759,1
43760,1
43761,1
43762,0
43763,0
43764,0
43765,1
43766,0
43767,0
43768,0
43769,1
43770,0
43771,0
43772,0
43773,0
43774,1
43775,1
43776,1
43777,0
43778,0
43779,0
43780,1
43781,0
43782,0
43783,0
43784,1
43785,0
43786,0
43787,0
43788,0
43789,1
43790,0
43791,1
43792,0
43793,1
43794,0
43795,0
43796,0
43797,0
43798,0
43799,1
43800,0
43801,0
43802,1
43803,1
43804,0
43805,0
43806,0
43807,1
43808,0
43809,0
43810,1
43811,1
43812,0
43813,1
43814,0
43815,0
43816,0
43817,1
43818,0
43819,1
43820,0
43821,0
43822,1
43823,0
43824,0
43825,0
43826,0
43827,1
43828,0
43829,0
43830,0
43831,1
43832,0
43833,1
43834,1
43835,0
43836,1
43837,1
43838,0
43839,0
43840,0
43841,0
43842,1
43843,0
43844,1
43845,0
43846,0
43847,0
43848,0
43849,1
43850,0
43851,1
43852,0
43853,1
43854,0
43855,1
43856,1
43857,1
43858,0
43859,0
43860,0
43861,0
43862,1
43863,1
43864,1
43865,0
43866,1
43867,0
43868,1
43869,1
43870,0
43871,0
43872,1
43873,0
43874,1
43875,0
43876,0
43877,1
43878,0
43879,1
43880,0
43881,0
43882,1
43883,0
43884,0
43885,0
43886,1
43887,1
43888,1
43889,1
43890,0
43891,0
43892,1
43893,1
43894,1
43895,1
43896,0
43897,1
43898,0
43899,0
43900,0
43901,0
43902,0
43903,0
43904,0
43905,1
43906,0
43907,0
43908,0
43909,0
43910,1
43911,0
43912,1
43913,1
43914,1
43915,0
43916,0
43917,1
43918,0
43919,0
43920,1
43921,0
43922,1
43923,0
43924,0
43925,1
43926,1
43927,0
43928,1
43929,0
43930,1
43931,0
43932,0
43933,0
43934,1
43935,0
43936,1
43937,0
43938,0
43939,1
43940,0
43941,0
43942,0
43943,1
43944,1
43945,0
43946,0
43947,0
43948,0
43949,1
43950,0
43951,0
43952,1
43953,1
43954,1
43955,1
43956,1
43957,0
43958,1
43959,1
43960,0
43961,0
43962,1
43963,1
43964,0
43965,0
43966,1
43967,1
43968,1
43969,1
43970,1
43971,0
43972,1
43973,0
43974,0
43975,0
43976,1
43977,1
43978,0
43979,1
43980,0
43981,0
43982,0
43983,1
43984,1
43985,1
43986,0
43987,1
43988,1
43989,0
43990,0
43991,0
43992,1
43993,0
43994,1
43995,1
43996,0
43997,0
43998,1
43999,0
44000,1
44001,1
44002,1
44003,0
44004,0
44005,0
44006,1
44007,1
44008,0
44009,0
44010,0
44011,1
44012,0
44013,0
44014,0
44015,0
44016,1
44017,1
44018,0
44019,1
44020,0
44021,1
44022,1
44023,0
44024,0
44025,1
44026,0
44027,1
44028,1
44029,0
44030,1
44031,1
44032,0
44033,0
44034,1
44035,1
44036,0
44037,1
44038,0
44039,0
44040,0
44041,1
44042,1
44043,0
44044,1
44045,1
44046,0
44047,0
44048,1
44049,1
44050,0
44051,0
44052,1
44053,1
44054,1
44055,1
44056,1
44057,1
44058,0
44059,0
44060,1
44061,0
44062,1
44063,1
44064,1
44065,1
44066,0
44067,0
44068,1
44069,0
44070,1
44071,0
44072,0
44073,0
44074,1
44075,0
44076,1
44077,0
44078,1
44079,0
44080,0
44081,0
44082,0
44083,0
44084,0
44085,1
44086,0
44087,0
44088,1
44089,0
44090,0
44091,0
44092,1
44093,0
44094,0
44095,1
44096,1
44097,0
44098,0
44099,1
44100,1
44101,0
44102,1
44103,1
44104,0
44105,1
44106,0
44107,0
44108,0
44109,1
44110,1
44111,1
44112,0
44113,0
44114,0
44115,0
44116,0
44117,0
44118,1
44119,0
44120,1
44121,1
44122,0
44123,1
44124,0
44125,0
44126,0
44127,1
44128,0
44129,1
44130,1
44131,1
44132,1
44133,1
44134,0
44135,1
44136,1
44137,0
44138,1
44139,1
44140,1
44141,1
44142,1
44143,0
44144,1
44145,1
44146,1
44147,1
44148,0
44149,0
44150,0
44151,0
44152,1
44153,0
44154,1
44155,0
44156,1
44157,0
44158,1
44159,0
44160,1
44161,1
44162,0
44163,0
44164,1
44165,1
44166,1
44167,1
44168,0
44169,0
44170,1
44171,0
44172,1
44173,0
44174,1
44175,1
44176,1
44177,0
44178,1
44179,1
44180,1
44181,1
44182,0
44183,1
44184,0
44185,0
44186,1
44187,1
44188,1
44189,0
44190,1
44191,1
44192,1
44193,0
44194,0
44195,0
44196,1
44197,0
44198,0
44199,0
44200,0
44201,0
44202,0
44203,1
44204,1
44205,0
44206,1
44207,0
44208,1
44209,1
44210,0
44211,1
44212,1
44213,0
44214,1
44215,1
44216,0
44217,0
44218,1
44219,0
44220,1
44221,0
44222,0
44223,0
44224,0
44225,0
44226,0
44227,0
44228,1
44229,1
44230,1
44231,0
44232,0
44233,1
44234,1
44235,1
44236,1
44237,0
44238,1
44239,1
44240,1
44241,0
44242,1
44243,0
44244,1
44245,0
44246,0
44247,0
44248,1
44249,0
44250,0
44251,1
44252,0
44253,0
44254,0
44255,0
44256,1
44257,1
44258,0
44259,0
44260,0
44261,1
44262,1
44263,1
44264,0
44265,0
44266,0
44267,0
44268,0
44269,0
44270,0
44271,1
44272,0
44273,1
44274,0
44275,0
44276,0
44277,0
44278,0
44279,0
44280,0
44281,0
44282,1
44283,1
44284,0
44285,1
44286,0
44287,0
44288,0
44289,0
44290,0
44291,1
44292,0
44293,0
44294,1
44295,1
44296,1
44297,1
44298,0
44299,1
44300,0
44301,1
44302,1
44303,0
44304,0
44305,0
44306,0
44307,0
44308,1
44309,1
44310,0
44311,1
44312,0
44313,1
44314,1
44315,0
44316,1
44317,1
44318,1
44319,0
44320,0
44321,0
44322,0
44323,0
44324,1
44325,1
44326,1
44327,0
44328,1
44329,1
44330,0
44331,1
44332,0
44333,0
44334,1
44335,0
44336,0
44337,1
44338,1
44339,0
44340,1
44341,1
44342,0
44343,0
44344,1
44345,1
44346,0
44347,1
44348,1
44349,0
44350,0
44351,1
44352,1
44353,1
44354,0
44355,1
44356,1
44357,0
44358,1
44359,1
44360,0
44361,1
44362,0
44363,0
44364,1
44365,0
44366,0
44367,0
44368,0
44369,0
44370,1
44371,1
44372,0
44373,1
44374,0
44375,1
44376,1
44377,1
44378,0
44379,1
44380,0
44381,0
44382,0
44383,1
44384,0
44385,0
44386,1
44387,0
44388,0
44389,0
44390,0
44391,0
44392,0
44393,1
44394,1
44395,0
44396,1
44397,1
44398,1
44399,1
44400,1
44401,0
44402,1
44403,1
44404,0
44405,0
44406,1
44407,1
44408,1
44409,0
44410,1
44411,0
44412,1
44413,1
44414,1
44415,1
44416,0
44417,0
44418,1
44419,0
44420,1
44421,0
44422,0
44423,1
44424,0
44425,0
44426,1
44427,1
44428,0
44429,1
44430,1
44431,0
44432,1
44433,1
44434,1
44435,0
44436,1
44437,1
44438,0
44439,1
44440,1
44441,1
44442,1
44443,0
44444,1
44445,1
44446,0
44447,1
44448,1
44449,1
44450,1
44451,1
44452,0
44453,0
44454,1
44455,1
44456,0
44457,0
44458,1
44459,0
44460,0
44461,1
44462,1
44463,1
44464,0
44465,1
44466,0
44467,0
44468,0
44469,0
44470,0
44471,1
44472,0
44473,0
44474,1
44475,1
44476,1
44477,0
44478,0
44479,1
44480,0
44481,0
44482,0
44483,1
44484,0
44485,1
44486,1
44487,0
44488,0
44489,0
44490,0
44491,0
44492,0
44493,1
44494,0
44495,0
44496,1
44497,1
44498,0
44499,1
44500,0
44501,0
44502,1
44503,0
44504,0
44505,0
44506,1
44507,0
44508,0
44509,0
44510,1
44511,0
44512,0
44513,1
44514,1
44515,0
44516,1
44517,1
44518,0
44519,0
44520,1
44521,1
44522,1
44523,1
44524,1
44525,1
44526,0
44527,0
44528,1
44529,1
44530,0
44531,0
44532,0
44533,1
44534,1
44535,1
44536,0
44537,1
44538,1
44539,0
44540,0
44541,1
44542,1
44543,0
44544,1
44545,1
44546,0
44547,1
44548,0
44549,0
44550,1
44551,1
44552,1
44553,0
44554,0
44555,0
44556,0
44557,1
44558,0
44559,0
44560,1
44561,0
44562,0
44563,0
44564,0
44565,0
44566,0
44567,1
44568,1
44569,1
44570,1
44571,1
44572,1
44573,0
44574,0
44575,1
44576,0
44577,0
44578,1
44579,1
44580,1
44581,0
44582,1
44583,1
44584,1
44585,0
44586,1
44587,0
44588,0
44589,0
44590,1
44591,1
44592,0
44593,1
44594,0
44595,0
44596,0
44597,0
44598,1
44599,0
44600,0
44601,0
44602,0
44603,0
44604,0
44605,0
44606,0
44607,0
44608,0
44609,1
44610,0
44611,0
44612,1
44613,1
44614,0
44615,0
44616,0
44617,0
44618,1
44619,1
44620,0
44621,0
44622,0
44623,0
44624,1
44625,1
44626,0
44627,1
44628,0
44629,0
44630,1
44631,0
44632,0
44633,1
44634,0
44635,0
44636,0
44637,0
44638,1
44639,1
44640,0
44641,0
44642,1
44643,1
44644,1
44645,0
44646,0
44647,1
44648,1
44649,0
44650,0
44651,1
44652,0
44653,0
44654,1
44655,0
44656,0
44657,0
44658,1
44659,0
44660,0
44661,1
44662,0
44663,1
44664,0
44665,1
44666,1
44667,0
44668,1
44669,1
44670,0
44671,0
44672,1
44673,0
44674,1
44675,0
44676,0
44677,1
44678,0
44679,0
44680,1
44681,1
44682,0
44683,0
44684,0
44685,1
44686,1
44687,0
44688,0
44689,0
44690,0
44691,1
44692,0
44693,1
44694,1
44695,0
44696,1
44697,1
44698,0
44699,0
44700,0
44701,0
44702,0
44703,1
44704,0
44705,0
44706,1
44707,1
44708,0
44709,1
44710,0
44711,1
44712,0
44713,0
44714,0
44715,0
44716,0
44717,0
44718,0
44719,1
44720,0
44721,1
44722,0
44723,1
44724,0
44725,1
44726,0
44727,0
44728,0
44729,1
44730,1
44731,1
44732,1
44733,0
44734,1
44735,0
44736,0
44737,0
44738,0
44739,0
44740,0
44741,1
44742,0
44743,1
44744,0
44745,0
44746,1
44747,1
44748,1
44749,1
44750,0
44751,0
44752,1
44753,1
44754,0
44755,1
44756,1
44757,1
44758,0
44759,0
44760,0
44761,1
44762,1
44763,0
44764,1
44765,0
44766,0
44767,0
44768,1
44769,1
44770,1
44771,0
44772,0
44773,1
44774,1
44775,0
44776,1
44777,0
44778,0
44779,0
44780,1
44781,1
44782,1
44783,1
44784,1
44785,1
44786,0
44787,0
44788,0
44789,0
44790,1
44791,1
44792,1
44793,1
44794,0
44795,0
44796,0
44797,0
44798,1
44799,1
44800,0
44801,0
44802,0
44803,0
44804,1
44805,0
44806,1
44807,1
44808,1
44809,1
44810,1
44811,1
44812,0
44813,1
44814,0
44815,0
44816,0
44817,1
44818,0
44819,1
44820,0
44821,1
44822,0
44823,1
44824,0
44825,0
44826,1
44827,0
44828,1
44829,1
44830,0
44831,0
44832,0
44833,0
44834,0
44835,1
44836,1
44837,1
44838,0
44839,1
44840,1
44841,0
44842,1
44843,0
44844,1
44845,0
44846,0
44847,1
44848,0
44849,1
44850,0
44851,1
44852,1
44853,0
44854,0
44855,0
44856,0
44857,1
44858,1
44859,1
44860,0
44861,1
44862,1
44863,1
44864,1
44865,1
44866,0
44867,0
44868,1
44869,0
44870,0
44871,0
44872,1
44873,1
44874,1
44875,1
44876,0
44877,0
44878,1
44879,1
44880,1
44881,1
44882,1
44883,1
44884,0
44885,1
44886,1
44887,1
44888,1
44889,0
44890,1
44891,0
44892,1
44893,1
44894,1
44895,1
44896,1
44897,0
44898,1
44899,1
44900,0
44901,0
44902,1
44903,0
44904,1
44905,0
44906,1
44907,1
44908,0
44909,1
44910,1
44911,0
44912,0
44913,0
44914,0
44915,0
44916,1
44917,1
44918,0
44919,1
44920,0
44921,0
44922,0
44923,0
44924,0
44925,1
44926,1
44927,1
44928,1
44929,0
44930,0
44931,0
44932,1
44933,1
44934,0
44935,1
44936,1
44937,1
44938,0
44939,0
44940,1
44941,0
44942,1
44943,1
44944,1
44945,1
44946,1
44947,1
44948,0
44949,1
44950,1
44951,0
44952,0
44953,0
44954,1
44955,0
44956,0
44957,0
44958,0
44959,1
44960,1
44961,0
44962,1
44963,0
44964,1
44965,1
44966,1
44967,0
44968,0
44969,0
44970,1
44971,0
44972,0
44973,1
44974,0
44975,0
44976,0
44977,1
44978,1
44979,0
44980,1
44981,0
44982,1
44983,1
44984,1
44985,0
44986,0
44987,1
44988,0
44989,1
44990,0
44991,0
44992,0
44993,0
44994,1
44995,0
44996,1
44997,1
44998,1
44999,0
45000,0
45001,1
45002,0
45003,0
45004,0
45005,0
45006,0
45007,1
45008,0
45009,0
45010,1
45011,0
45012,0
45013,1
45014,0
45015,1
45016,1
45017,0
45018,1
45019,1
45020,0
45021,0
45022,1
45023,0
45024,0
45025,1
45026,1
45027,1
45028,0
45029,1
45030,1
45031,0
45032,1
45033,1
45034,1
45035,1
45036,1
45037,0
45038,0
45039,1
45040,1
45041,1
45042,0
45043,1
45044,0
45045,0
45046,1
45047,1
45048,0
45049,0
45050,1
45051,0
45052,0
45053,1
45054,1
45055,1
45056,0
45057,1
45058,0
45059,0
45060,1
45061,0
45062,1
45063,0
45064,1
45065,1
45066,0
45067,1
45068,0
45069,1
45070,0
45071,1
45072,0
45073,1
45074,1
45075,1
45076,1
45077,1
45078,1
45079,0
45080,0
45081,0
45082,0
45083,0
45084,1
45085,1
45086,1
45087,1
45088,1
45089,0
45090,0
45091,1
45092,0
45093,0
45094,0
45095,1
45096,1
45097,0
45098,0
45099,0
45100,1
45101,1
45102,1
45103,0
45104,0
45105,1
45106,0
45107,0
45108,1
45109,0
45110,0
45111,0
45112,0
45113,1
45114,1
45115,0
45116,1
45117,1
45118,0
45119,0
45120,0
45121,1
45122,1
45123,0
45124,0
45125,1
45126,1
45127,1
45128,0
45129,1
45130,0
45131,1
45132,0
45133,1
45134,1
45135,1
45136,1
45137,0
45138,1
45139,1
45140,1
45141,1
45142,1
45143,1
45144,1
45145,1
45146,1
45147,1
45148,0
45149,1
45150,0
45151,0
45152,1
45153,0
45154,0
45155,1
45156,1
45157,1
45158,1
45159,0
45160,1
45161,0
45162,1
45163,0
45164,0
45165,1
45166,1
45167,1
45168,1
45169,0
45170,1
45171,1
45172,0
45173,0
45174,0
45175,1
45176,1
45177,1
45178,0
45179,1
45180,0
45181,1
45182,1
45183,0
45184,1
45185,0
45186,1
45187,1
45188,1
45189,0
45190,0
45191,1
45192,1
45193,0
45194,1
45195,1
45196,0
45197,1
45198,1
45199,0
45200,1
45201,1
45202,1
45203,1
45204,1
45205,1
45206,0
45207,1
45208,0
45209,0
45210,1
45211,0
45212,0
45213,0
45214,0
45215,0
45216,0
45217,0
45218,1
45219,1
45220,1
45221,0
45222,1
45223,0
45224,0
45225,0
45226,0
45227,1
45228,1
45229,0
45230,1
45231,1
45232,1
45233,0
45234,0
45235,1
45236,1
45237,0
45238,0
45239,0
45240,0
45241,1
45242,1
45243,1
45244,1
45245,1
45246,0
45247,1
45248,0
45249,1
45250,0
45251,0
45252,0
45253,1
45254,1
45255,0
45256,1
45257,0
45258,0
45259,1
45260,0
45261,1
45262,0
45263,1
45264,0
45265,0
45266,1
45267,0
45268,0
45269,1
45270,0
45271,0
45272,0
45273,1
45274,1
45275,0
45276,1
45277,1
45278,0
45279,0
45280,1
45281,0
45282,0
45283,1
45284,1
45285,1
45286,0
45287,1
45288,0
45289,1
45290,0
45291,0
45292,0
45293,0
45294,1
45295,0
45296,1
45297,0
45298,0
45299,1
45300,0
45301,1
45302,0
45303,0
45304,1
45305,1
45306,0
45307,1
45308,0
45309,0
45310,0
45311,1
45312,1
45313,1
45314,0
45315,0
45316,1
45317,0
45318,1
45319,0
45320,1
45321,0
45322,0
45323,0
45324,0
45325,1
45326,0
45327,0
45328,1
45329,1
45330,0
45331,1
45332,1
45333,0
45334,0
45335,0
45336,1
45337,0
45338,1
45339,1
45340,0
45341,0
45342,0
45343,0
45344,0
45345,1
45346,1
45347,0
45348,0
45349,1
45350,0
45351,1
45352,1
45353,1
45354,1
45355,1
45356,0
45357,0
45358,0
45359,0
45360,0
45361,0
45362,1
45363,0
45364,0
45365,0
45366,1
45367,1
45368,1
45369,0
45370,0
45371,0
45372,1
45373,1
45374,1
45375,0
45376,1
45377,1
45378,0
45379,0
45380,1
45381,0
45382,0
45383,0
45384,0
45385,0
45386,1
45387,1
45388,0
45389,0
45390,0
45391,0
45392,1
45393,1
45394,1
45395,1
45396,1
45397,1
45398,1
45399,0
45400,1
45401,0
45402,1
45403,0
45404,1
45405,1
45406,1
45407,1
45408,0
45409,1
45410,0
45411,0
45412,1
45413,0
45414,1
45415,0
45416,0
45417,0
45418,1
45419,0
45420,0
45421,0
45422,1
45423,0
45424,1
45425,1
45426,1
45427,1
45428,0
45429,1
45430,0
45431,1
45432,0
45433,0
45434,1
45435,0
45436,1
45437,0
45438,1
45439,0
45440,1
45441,0
45442,1
45443,1
45444,0
45445,0
45446,0
45447,0
45448,0
45449,1
45450,1
45451,0
45452,0
45453,0
45454,1
45455,1
45456,0
45457,1
45458,0
45459,1
45460,0
45461,1
45462,0
45463,1
45464,0
45465,0
45466,0
45467,0
45468,1
45469,0
45470,0
45471,1
45472,0
45473,0
45474,0
45475,1
45476,1
45477,1
45478,1
45479,1
45480,1
45481,0
45482,1
45483,0
45484,0
45485,0
45486,1
45487,0
45488,1
45489,0
45490,1
45491,0
45492,1
45493,1
45494,1
45495,0
45496,0
45497,1
45498,0
45499,0
45500,1
45501,0
45502,1
45503,1
45504,0
45505,0
45506,1
45507,0
45508,0
45509,1
45510,1
45511,0
45512,0
45513,0
45514,0
45515,0
45516,1
45517,0
45518,0
45519,1
45520,0
45521,0
45522,1
45523,0
45524,0
45525,0
45526,1
45527,1
45528,1
45529,0
45530,1
45531,0
45532,0
45533,1
45534,0
45535,0
45536,1
45537,1
45538,0
45539,0
45540,0
45541,0
45542,0
45543,0
45544,0
45545,0
45546,0
45547,0
45548,0
45549,1
45550,1
45551,1
45552,0
45553,0
45554,0
45555,0
45556,0
45557,1
45558,1
45559,1
45560,0
45561,1
45562,0
45563,0
45564,1
45565,0
45566,1
45567,1
45568,1
45569,0
45570,0
45571,1
45572,0
45573,1
45574,1
45575,0
45576,1
45577,1
45578,1
45579,1
45580,1
45581,1
45582,0
45583,1
45584,0
45585,0
45586,1
45587,1
45588,0
45589,0
45590,1
45591,0
45592,0
45593,1
45594,1
45595,0
45596,0
45597,0
45598,1
45599,0
45600,0
45601,0
45602,1
45603,0
45604,1
45605,0
45606,0
45607,1
45608,0
45609,0
45610,1
45611,0
45612,0
45613,1
45614,0
45615,1
45616,1
45617,1
45618,0
45619,0
45620,1
45621,1
45622,0
45623,1
45624,0
45625,0
45626,0
45627,1
45628,1
45629,1
45630,1
45631,1
45632,1
45633,1
45634,0
45635,1
45636,0
45637,1
45638,1
45639,0
45640,0
45641,0
45642,1
45643,1
45644,0
45645,0
45646,0
45647,1
45648,1
45649,1
45650,0
45651,0
45652,0
45653,1
45654,1
45655,0
45656,1
45657,1
45658,1
45659,1
45660,1
45661,1
45662,0
45663,1
45664,1
45665,0
45666,1
45667,0
45668,0
45669,0
45670,0
45671,1
45672,1
45673,1
45674,0
45675,1
45676,1
45677,0
45678,1
45679,1
45680,0
45681,0
45682,0
45683,1
45684,1
45685,1
45686,1
45687,1
45688,1
45689,1
45690,0
45691,0
45692,1
45693,0
45694,1
45695,0
45696,0
45697,1
45698,1
45699,0
45700,1
45701,0
45702,0
45703,1
45704,0
45705,0
45706,0
45707,1
45708,0
45709,0
45710,0
45711,1
45712,0
45713,0
45714,0
45715,1
45716,1
45717,1
45718,0
45719,1
45720,1
45721,1
45722,0
45723,1
45724,1
45725,1
45726,1
45727,1
45728,1
45729,0
45730,1
45731,0
45732,1
45733,1
45734,1
45735,0
45736,1
45737,1
45738,0
45739,0
45740,0
45741,0
45742,0
45743,1
45744,0
45745,0
45746,1
45747,1
45748,1
45749,1
45750,0
45751,0
45752,0
45753,1
45754,0
45755,0
45756,1
45757,0
45758,1
45759,0
45760,1
45761,0
45762,1
45763,0
45764,1
45765,0
45766,0
45767,0
45768,0
45769,0
45770,0
45771,0
45772,1
45773,0
45774,1
45775,1
45776,0
45777,1
45778,1
45779,1
45780,0
45781,1
45782,0
45783,0
45784,0
45785,1
45786,0
45787,0
45788,1
45789,1
45790,1
45791,0
45792,1
45793,1
45794,0
45795,0
45796,0
45797,0
45798,0
45799,1
45800,1
45801,0
45802,0
45803,0
45804,1
45805,0
45806,0
45807,1
45808,0
45809,1
45810,1
45811,1
45812,1
45813,0
45814,1
45815,0
45816,1
45817,1
45818,0
45819,0
45820,0
45821,0
45822,0
45823,0
45824,0
45825,1
45826,1
45827,0
45828,0
45829,1
45830,1
45831,0
45832,0
45833,1
45834,1
45835,0
45836,0
45837,1
45838,0
45839,1
45840,0
45841,0
45842,0
45843,0
45844,0
45845,0
45846,1
45847,1
45848,0
45849,0
45850,0
45851,1
45852,1
45853,0
45854,0
45855,0
45856,0
45857,1
45858,0
45859,1
45860,1
45861,0
45862,1
45863,0
45864,0
45865,0
45866,1
45867,1
45868,1
45869,1
45870,1
45871,0
45872,1
45873,0
45874,0
45875,0
45876,0
45877,1
45878,0
45879,0
45880,0
45881,0
45882,0
45883,1
45884,0
45885,0
45886,1
45887,1
45888,0
45889,0
45890,1
45891,0
45892,1
45893,0
45894,0
45895,0
45896,0
45897,0
45898,0
45899,0
45900,0
45901,1
45902,1
45903,1
45904,0
45905,0
45906,0
45907,1
45908,0
45909,0
45910,0
45911,1
45912,0
45913,0
45914,0
45915,0
45916,1
45917,0
45918,1
45919,0
45920,1
45921,0
45922,1
45923,0
45924,1
45925,0
45926,1
45927,1
45928,0
45929,1
45930,0
45931,1
45932,1
45933,1
45934,1
45935,0
45936,0
45937,0
45938,1
45939,1
45940,1
45941,0
45942,1
45943,1
45944,0
45945,0
45946,0
45947,0
45948,1
45949,1
45950,1
45951,0
45952,1
45953,1
45954,1
45955,0
45956,0
45957,0
45958,0
45959,1
45960,1
45961,0
45962,0
45963,1
45964,1
45965,0
45966,0
45967,1
45968,0
45969,0
45970,1
45971,1
45972,0
45973,0
45974,0
45975,0
45976,0
45977,1
45978,1
45979,0
45980,0
45981,1
45982,0
45983,0
45984,1
45985,1
45986,1
45987,0
45988,1
45989,1
45990,0
45991,0
45992,0
45993,0
45994,1
45995,1
45996,0
45997,0
45998,0
45999,0
46000,1
46001,1
46002,1
46003,0
46004,0
46005,0
46006,1
46007,1
46008,1
46009,0
46010,0
46011,1
46012,1
46013,1
46014,1
46015,1
46016,0
46017,0
46018,1
46019,1
46020,0
46021,0
46022,1
46023,0
46024,1
46025,0
46026,1
46027,0
46028,0
46029,1
46030,0
46031,1
46032,1
46033,0
46034,0
46035,0
46036,0
46037,1
46038,1
46039,1
46040,1
46041,1
46042,0
46043,1
46044,0
46045,1
46046,1
46047,0
46048,1
46049,0
46050,1
46051,0
46052,1
46053,0
46054,0
46055,1
46056,0
46057,0
46058,1
46059,0
46060,0
46061,0
46062,0
46063,1
46064,0
46065,0
46066,1
46067,0
46068,1
46069,1
46070,0
46071,0
46072,1
46073,1
46074,1
46075,0
46076,0
46077,0
46078,0
46079,0
46080,0
46081,1
46082,0
46083,1
46084,1
46085,1
46086,1
46087,1
46088,1
46089,0
46090,1
46091,0
46092,0
46093,1
46094,1
46095,1
46096,1
46097,1
46098,1
46099,0
46100,0
46101,1
46102,0
46103,0
46104,1
46105,1
46106,0
46107,0
46108,0
46109,1
46110,1
46111,1
46112,1
46113,0
46114,0
46115,0
46116,1
46117,0
46118,1
46119,0
46120,1
46121,0
46122,1
46123,0
46124,1
46125,0
46126,0
46127,0
46128,0
46129,1
46130,0
46131,0
46132,1
46133,0
46134,0
46135,0
46136,0
46137,0
46138,1
46139,1
46140,1
46141,0
46142,0
46143,0
46144,0
46145,0
46146,0
46147,0
46148,0
46149,0
46150,1
46151,0
46152,0
46153,1
46154,0
46155,1
46156,1
46157,1
46158,1
46159,0
46160,1
46161,0
46162,1
46163,1
46164,1
46165,0
46166,0
46167,0
46168,1
46169,0
46170,0
46171,0
46172,0
46173,1
46174,1
46175,1
46176,0
46177,1
46178,0
46179,0
46180,0
46181,1
46182,1
46183,0
46184,0
46185,1
46186,0
46187,0
46188,1
46189,1
46190,1
46191,0
46192,1
46193,0
46194,1
46195,0
46196,1
46197,0
46198,1
46199,1
46200,0
46201,1
46202,1
46203,0
46204,0
46205,0
46206,1
46207,0
46208,1
46209,1
46210,1
46211,1
46212,1
46213,0
46214,0
46215,1
46216,1
46217,0
46218,0
46219,1
46220,0
46221,1
46222,0
46223,0
46224,0
46225,0
46226,0
46227,0
46228,0
46229,0
46230,0
46231,1
46232,0
46233,0
46234,0
46235,0
46236,1
46237,1
46238,0
46239,0
46240,0
46241,0
46242,0
46243,1
46244,0
46245,0
46246,0
46247,1
46248,0
46249,0
46250,0
46251,1
46252,0
46253,1
46254,1
46255,0
46256,0
46257,1
46258,0
46259,1
46260,0
46261,1
46262,0
46263,0
46264,0
46265,0
46266,0
46267,1
46268,0
46269,0
46270,0
46271,0
46272,1
46273,1
46274,0
46275,0
46276,0
46277,1
46278,0
46279,0
46280,0
46281,0
46282,1
46283,1
46284,0
46285,1
46286,0
46287,0
46288,0
46289,0
46290,1
46291,0
46292,1
46293,1
46294,1
46295,0
46296,0
46297,1
46298,0
46299,0
46300,0
46301,1
46302,0
46303,0
46304,1
46305,0
46306,1
46307,0
46308,0
46309,1
46310,0
46311,1
46312,1
46313,1
46314,1
46315,0
46316,0
46317,1
46318,1
46319,1
46320,0
46321,0
46322,1
46323,0
46324,0
46325,0
46326,1
46327,1
46328,1
46329,0
46330,1
46331,1
46332,0
46333,0
46334,1
46335,1
46336,0
46337,1
46338,0
46339,1
46340,1
46341,0
46342,1
46343,0
46344,0
46345,0
46346,0
46347,1
46348,1
46349,0
46350,1
46351,1
46352,1
46353,0
46354,0
46355,1
46356,1
46357,0
46358,0
46359,0
46360,1
46361,1
46362,0
46363,1
46364,1
46365,0
46366,1
46367,1
46368,1
46369,1
46370,0
46371,1
46372,0
46373,0
46374,0
46375,0
46376,0
46377,1
46378,0
46379,0
46380,0
46381,1
46382,1
46383,1
46384,1
46385,0
46386,0
46387,1
46388,0
46389,1
46390,1
46391,1
46392,1
46393,0
46394,1
46395,0
46396,0
46397,1
46398,0
46399,1
46400,0
46401,0
46402,0
46403,0
46404,0
46405,1
46406,0
46407,1
46408,0
46409,1
46410,0
46411,1
46412,1
46413,0
46414,0
46415,0
46416,0
46417,0
46418,0
46419,1
46420,1
46421,0
46422,1
46423,1
46424,1
46425,1
46426,0
46427,0
46428,0
46429,1
46430,1
46431,1
46432,0
46433,0
46434,1
46435,0
46436,1
46437,1
46438,0
46439,1
46440,1
46441,0
46442,1
46443,1
46444,1
46445,1
46446,0
46447,1
46448,1
46449,1
46450,1
46451,1
46452,0
46453,0
46454,0
46455,0
46456,0
46457,0
46458,0
46459,1
46460,1
46461,1
46462,1
46463,0
46464,0
46465,0
46466,1
46467,0
46468,0
46469,0
46470,1
46471,0
46472,0
46473,0
46474,0
46475,0
46476,1
46477,1
46478,0
46479,1
46480,0
46481,0
46482,0
46483,0
46484,1
46485,0
46486,1
46487,1
46488,0
46489,1
46490,1
46491,1
46492,1
46493,1
46494,1
46495,0
46496,0
46497,1
46498,1
46499,1
46500,1
46501,0
46502,1
46503,0
46504,1
46505,0
46506,0
46507,1
46508,1
46509,1
46510,1
46511,1
46512,0
46513,1
46514,1
46515,1
46516,1
46517,0
46518,1
46519,1
46520,1
46521,1
46522,1
46523,1
46524,0
46525,0
46526,1
46527,0
46528,0
46529,1
46530,0
46531,0
46532,0
46533,0
46534,0
46535,1
46536,1
46537,1
46538,0
46539,0
46540,1
46541,1
46542,1
46543,1
46544,1
46545,0
46546,1
46547,1
46548,1
46549,1
46550,1
46551,0
46552,1
46553,0
46554,0
46555,1
46556,0
46557,1
46558,0
46559,0
46560,0
46561,0
46562,1
46563,0
46564,1
46565,1
46566,1
46567,1
46568,1
46569,0
46570,0
46571,0
46572,0
46573,1
46574,1
46575,1
46576,0
46577,0
46578,1
46579,0
46580,1
46581,1
46582,0
46583,1
46584,1
46585,1
46586,0
46587,0
46588,0
46589,1
46590,0
46591,0
46592,1
46593,1
46594,1
46595,0
46596,1
46597,0
46598,1
46599,0
46600,0
46601,0
46602,1
46603,1
46604,0
46605,1
46606,1
46607,1
46608,0
46609,1
46610,0
46611,1
46612,1
46613,1
46614,1
46615,0
46616,0
46617,1
46618,0
46619,0
46620,0
46621,0
46622,1
46623,0
46624,1
46625,1
46626,1
46627,0
46628,1
46629,1
46630,1
46631,0
46632,0
46633,0
46634,1
46635,1
46636,0
46637,0
46638,0
46639,1
46640,0
46641,0
46642,0
46643,1
46644,0
46645,1
46646,1
46647,1
46648,1
46649,0
46650,1
46651,0
46652,1
46653,0
46654,0
46655,0
46656,0
46657,1
46658,0
46659,0
46660,0
46661,0
46662,1
46663,1
46664,1
46665,1
46666,0
46667,1
46668,0
46669,1
46670,0
46671,1
46672,1
46673,0
46674,1
46675,0
46676,1
46677,0
46678,0
46679,0
46680,0
46681,0
46682,1
46683,1
46684,1
46685,1
46686,0
46687,1
46688,1
46689,0
46690,0
46691,1
46692,1
46693,0
46694,0
46695,1
46696,0
46697,1
46698,1
46699,1
46700,0
46701,1
46702,1
46703,1
46704,0
46705,1
46706,0
46707,0
46708,1
46709,0
46710,0
46711,1
46712,0
46713,0
46714,1
46715,1
46716,0
46717,1
46718,0
46719,1
46720,1
46721,0
46722,0
46723,0
46724,0
46725,1
46726,0
46727,0
46728,1
46729,0
46730,0
46731,0
46732,0
46733,0
46734,1
46735,0
46736,0
46737,0
46738,0
46739,0
46740,0
46741,1
46742,1
46743,1
46744,0
46745,0
46746,0
46747,1
46748,1
46749,1
46750,0
46751,0
46752,1
46753,0
46754,0
46755,1
46756,1
46757,0
46758,0
46759,0
46760,1
46761,1
46762,0
46763,1
46764,0
46765,1
46766,0
46767,1
46768,1
46769,1
46770,1
46771,0
46772,1
46773,1
46774,0
46775,0
46776,0
46777,0
46778,1
46779,1
46780,0
46781,1
46782,0
46783,0
46784,0
46785,0
46786,0
46787,0
46788,1
46789,0
46790,1
46791,0
46792,0
46793,0
46794,0
46795,1
46796,1
46797,1
46798,0
46799,1
46800,0
46801,0
46802,1
46803,0
46804,1
46805,1
46806,1
46807,0
46808,0
46809,1
46810,0
46811,0
46812,0
46813,0
46814,0
46815,1
46816,1
46817,0
46818,0
46819,0
46820,0
46821,1
46822,1
46823,1
46824,0
46825,0
46826,0
46827,0
46828,0
46829,0
46830,1
46831,0
46832,1
46833,1
46834,1
46835,0
46836,0
46837,0
46838,0
46839,0
46840,1
46841,1
46842,0
46843,0
46844,1
46845,1
46846,0
46847,1
46848,0
46849,0
46850,0
46851,0
46852,1
46853,0
46854,1
46855,0
46856,0
46857,0
46858,0
46859,1
46860,0
46861,0
46862,0
46863,1
46864,1
46865,1
46866,0
46867,0
46868,0
46869,0
46870,0
46871,0
46872,1
46873,0
46874,1
46875,0
46876,1
46877,0
46878,1
46879,0
46880,1
46881,0
46882,1
46883,1
46884,1
46885,1
46886,0
46887,1
46888,0
46889,0
46890,0
46891,0
46892,0
46893,1
46894,1
46895,0
46896,1
46897,0
46898,1
46899,0
46900,0
46901,1
46902,0
46903,0
46904,0
46905,0
46906,1
46907,0
46908,1
46909,0
46910,1
46911,0
46912,0
46913,0
46914,0
46915,0
46916,0
46917,0
46918,0
46919,1
46920,1
46921,1
46922,1
46923,0
46924,1
46925,0
46926,1
46927,0
46928,1
46929,1
46930,1
46931,1
46932,1
46933,1
46934,1
46935,0
46936,0
46937,0
46938,0
46939,1
46940,1
46941,1
46942,1
46943,0
46944,0
46945,1
46946,0
46947,0
46948,1
46949,1
46950,0
46951,0
46952,0
46953,0
46954,0
46955,0
46956,0
46957,1
46958,1
46959,0
46960,1
46961,0
46962,0
46963,1
46964,1
46965,0
46966,0
46967,1
46968,0
46969,0
46970,0
46971,1
46972,0
46973,0
46974,1
46975,0
46976,1
46977,1
46978,0
46979,1
46980,0
46981,1
46982,1
46983,1
46984,1
46985,1
46986,0
46987,0
46988,0
46989,0
46990,1
46991,1
46992,1
46993,0
46994,1
46995,0
46996,1
46997,1
46998,0
46999,0
47000,1
47001,0
47002,0
47003,1
47004,1
47005,0
47006,1
47007,1
47008,1
47009,0
47010,1
47011,0
47012,0
47013,0
47014,0
47015,1
47016,1
47017,0
47018,0
47019,1
47020,0
47021,0
47022,0
47023,1
47024,0
47025,1
47026,0
47027,1
47028,0
47029,1
47030,1
47031,0
47032,0
47033,1
47034,0
47035,0
47036,1
47037,0
47038,0
47039,0
47040,1
47041,0
47042,1
47043,1
47044,1
47045,0
47046,1
47047,0
47048,0
47049,0
47050,0
47051,1
47052,1
47053,1
47054,0
47055,1
47056,0
47057,0
47058,1
47059,1
47060,1
47061,0
47062,1
47063,1
47064,0
47065,1
47066,1
47067,1
47068,0
47069,0
47070,0
47071,1
47072,1
47073,0
47074,0
47075,0
47076,1
47077,0
47078,1
47079,0
47080,0
47081,0
47082,1
47083,0
47084,1
47085,0
47086,1
47087,1
47088,0
47089,0
47090,1
47091,0
47092,1
47093,0
47094,1
47095,1
47096,0
47097,1
47098,0
47099,1
47100,1
47101,0
47102,1
47103,0
47104,0
47105,0
47106,1
47107,1
47108,1
47109,1
47110,1
47111,0
47112,1
47113,0
47114,1
47115,0
47116,0
47117,0
47118,0
47119,1
47120,1
47121,1
47122,1
47123,1
47124,1
47125,1
47126,1
47127,0
47128,1
47129,1
47130,0
47131,1
47132,0
47133,0
47134,0
47135,0
47136,1
47137,0
47138,0
47139,0
47140,1
47141,0
47142,1
47143,0
47144,0
47145,0
47146,0
47147,1
47148,0
47149,1
47150,1
47151,0
47152,1
47153,0
47154,1
47155,0
47156,0
47157,0
47158,0
47159,0
47160,1
47161,0
47162,0
47163,0
47164,0
47165,0
47166,1
47167,1
47168,1
47169,0
47170,0
47171,1
47172,1
47173,0
47174,0
47175,0
47176,0
47177,1
47178,0
47179,0
47180,1
47181,1
47182,0
47183,1
47184,0
47185,0
47186,0
47187,0
47188,1
47189,1
47190,1
47191,0
47192,0
47193,0
47194,0
47195,0
47196,1
47197,1
47198,0
47199,1
47200,1
47201,1
47202,0
47203,1
47204,1
47205,0
47206,0
47207,1
47208,0
47209,0
47210,0
47211,0
47212,0
47213,1
47214,0
47215,0
47216,0
47217,0
47218,0
47219,1
47220,1
47221,0
47222,0
47223,1
47224,0
47225,1
47226,1
47227,0
47228,1
47229,1
47230,0
47231,0
47232,1
47233,1
47234,1
47235,0
47236,0
47237,0
47238,1
47239,1
47240,1
47241,0
47242,1
47243,1
47244,0
47245,0
47246,1
47247,1
47248,0
47249,1
47250,0
47251,0
47252,1
47253,0
47254,0
47255,1
47256,1
47257,1
47258,1
47259,0
47260,0
47261,0
47262,1
47263,0
47264,0
47265,1
47266,0
47267,1
47268,1
47269,1
47270,0
47271,0
47272,0
47273,0
47274,0
47275,1
47276,1
47277,1
47278,1
47279,0
47280,1
47281,1
47282,0
47283,1
47284,0
47285,0
47286,1
47287,0
47288,0
47289,1
47290,1
47291,1
47292,0
47293,0
47294,1
47295,0
47296,1
47297,1
47298,0
47299,1
47300,1
47301,0
47302,0
47303,1
47304,0
47305,0
47306,1
47307,1
47308,1
47309,1
47310,1
47311,1
47312,0
47313,1
47314,0
47315,1
47316,1
47317,0
47318,0
47319,0
47320,1
47321,1
47322,1
47323,1
47324,0
47325,1
47326,1
47327,1
47328,0
47329,1
47330,1
47331,1
47332,1
47333,0
47334,1
47335,1
47336,0
47337,0
47338,0
47339,0
47340,0
47341,1
47342,1
47343,0
47344,0
47345,0
47346,1
47347,1
47348,1
47349,1
47350,1
47351,1
47352,0
47353,0
47354,1
47355,0
47356,1
47357,1
47358,0
47359,1
47360,1
47361,0
47362,1
47363,1
47364,0
47365,1
47366,0
47367,0
47368,1
47369,0
47370,0
47371,0
47372,1
47373,1
47374,0
47375,0
47376,1
47377,1
47378,1
47379,0
47380,1
47381,0
47382,1
47383,0
47384,1
47385,1
47386,1
47387,0
47388,1
47389,0
47390,0
47391,1
47392,0
47393,1
47394,0
47395,0
47396,0
47397,0
47398,0
47399,0
47400,0
47401,0
47402,0
47403,1
47404,0
47405,1
47406,0
47407,1
47408,1
47409,1
47410,1
47411,1
47412,0
47413,1
47414,1
47415,1
47416,1
47417,0
47418,0
47419,0
47420,0
47421,1
47422,1
47423,0
47424,0
47425,0
47426,1
47427,0
47428,0
47429,0
47430,1
47431,1
47432,0
47433,0
47434,1
47435,1
47436,0
47437,1
47438,1
47439,1
47440,1
47441,1
47442,1
47443,1
47444,1
47445,1
47446,0
47447,1
47448,1
47449,0
47450,1
47451,0
47452,1
47453,1
47454,0
47455,0
47456,0
47457,0
47458,1
47459,1
47460,0
47461,1
47462,0
47463,0
47464,1
47465,0
47466,0
47467,0
47468,0
47469,1
47470,0
47471,0
47472,1
47473,0
47474,1
47475,1
47476,1
47477,0
47478,0
47479,0
47480,0
47481,0
47482,0
47483,0
47484,0
47485,1
47486,0
47487,1
47488,0
47489,0
47490,0
47491,1
47492,0
47493,0
47494,1
47495,1
47496,0
47497,1
47498,1
47499,0
47500,0
47501,0
47502,1
47503,1
47504,0
47505,1
47506,0
47507,0
47508,0
47509,1
47510,0
47511,1
47512,0
47513,1
47514,1
47515,0
47516,0
47517,1
47518,1
47519,0
47520,0
47521,0
47522,1
47523,0
47524,0
47525,0
47526,0
47527,1
47528,0
47529,1
47530,1
47531,1
47532,0
47533,1
47534,1
47535,1
47536,0
47537,0
47538,1
47539,1
47540,1
47541,1
47542,1
47543,1
47544,0
47545,0
47546,0
47547,0
47548,1
47549,0
47550,0
47551,0
47552,1
47553,1
47554,0
47555,1
47556,0
47557,0
47558,0
47559,1
47560,0
47561,0
47562,1
47563,1
47564,0
47565,0
47566,1
47567,1
47568,1
47569,0
47570,0
47571,0
47572,0
47573,0
47574,0
47575,1
47576,0
47577,0
47578,1
47579,1
47580,1
47581,0
47582,1
47583,0
47584,0
47585,0
47586,1
47587,0
47588,0
47589,0
47590,0
47591,0
47592,1
47593,0
47594,1
47595,0
47596,1
47597,1
47598,0
47599,0
47600,0
47601,1
47602,1
47603,0
47604,1
47605,1
47606,0
47607,0
47608,0
47609,0
47610,1
47611,0
47612,1
47613,1
47614,0
47615,1
47616,0
47617,1
47618,0
47619,1
47620,0
47621,0
47622,1
47623,0
47624,0
47625,0
47626,1
47627,0
47628,0
47629,1
47630,1
47631,0
47632,1
47633,1
47634,0
47635,1
47636,1
47637,0
47638,0
47639,0
47640,1
47641,1
47642,0
47643,0
47644,0
47645,0
47646,1
47647,1
47648,1
47649,1
47650,0
47651,0
47652,1
47653,0
47654,0
47655,1
47656,1
47657,0
47658,1
47659,1
47660,0
47661,1
47662,1
47663,1
47664,0
47665,1
47666,0
47667,1
47668,0
47669,0
47670,0
47671,0
47672,1
47673,0
47674,1
47675,0
47676,1
47677,0
47678,0
47679,0
47680,0
47681,1
47682,0
47683,0
47684,1
47685,0
47686,1
47687,1
47688,0
47689,1
47690,0
47691,0
47692,0
47693,0
47694,1
47695,0
47696,0
47697,0
47698,0
47699,0
47700,0
47701,1
47702,1
47703,0
47704,0
47705,0
47706,1
47707,1
47708,0
47709,1
47710,1
47711,1
47712,1
47713,1
47714,0
47715,1
47716,0
47717,0
47718,1
47719,0
47720,1
47721,0
47722,0
47723,0
47724,0
47725,1
47726,0
47727,1
47728,1
47729,0
47730,0
47731,1
47732,0
47733,1
47734,1
47735,1
47736,1
47737,1
47738,0
47739,0
47740,1
47741,0
47742,1
47743,1
47744,0
47745,1
47746,0
47747,1
47748,1
47749,1
47750,0
47751,0
47752,1
47753,1
47754,1
47755,1
47756,0
47757,1
47758,0
47759,1
47760,1
47761,1
47762,0
47763,1
47764,0
47765,0
47766,1
47767,0
47768,0
47769,0
47770,1
47771,0
47772,0
47773,1
47774,0
47775,0
47776,1
47777,0
47778,0
47779,1
47780,1
47781,0
47782,1
47783,1
47784,0
47785,1
47786,1
47787,0
47788,1
47789,0
47790,1
47791,1
47792,1
47793,0
47794,0
47795,1
47796,1
47797,1
47798,0
47799,0
47800,1
47801,0
47802,0
47803,0
47804,0
47805,1
47806,1
47807,0
47808,0
47809,0
47810,1
47811,1
47812,1
47813,1
47814,1
47815,0
47816,0
47817,1
47818,0
47819,0
47820,0
47821,1
47822,1
47823,0
47824,1
47825,0
47826,0
47827,0
47828,0
47829,0
47830,1
47831,0
47832,1
47833,1
47834,0
47835,1
47836,1
47837,0
47838,1
47839,0
47840,1
47841,1
47842,0
47843,0
47844,0
47845,0
47846,1
47847,0
47848,0
47849,0
47850,0
47851,0
47852,0
47853,0
47854,0
47855,1
47856,1
47857,0
47858,0
47859,0
47860,0
47861,0
47862,0
47863,0
47864,0
47865,0
47866,0
47867,1
47868,1
47869,1
47870,1
47871,1
47872,1
47873,0
47874,0
47875,1
47876,0
47877,1
47878,0
47879,0
47880,0
47881,0
47882,0
47883,1
47884,0
47885,1
47886,1
47887,1
47888,0
47889,1
47890,0
47891,0
47892,0
47893,1
47894,0
47895,0
47896,0
47897,1
47898,0
47899,0
47900,0
47901,0
47902,1
47903,0
47904,0
47905,1
47906,0
47907,0
47908,0
47909,1
47910,0
47911,1
47912,1
47913,0
47914,0
47915,0
47916,0
47917,0
47918,0
47919,0
47920,0
47921,1
47922,0
47923,1
47924,1
47925,1
47926,0
47927,1
47928,1
47929,1
47930,1
47931,1
47932,0
47933,0
47934,0
47935,1
47936,1
47937,0
47938,0
47939,1
47940,1
47941,1
47942,0
47943,1
47944,0
47945,1
47946,1
47947,1
47948,1
47949,1
47950,0
47951,0
47952,0
47953,1
47954,1
47955,0
47956,0
47957,1
47958,0
47959,0
47960,1
47961,0
47962,0
47963,0
47964,1
47965,0
47966,1
47967,0
47968,1
47969,0
47970,1
47971,0
47972,0
47973,0
47974,1
47975,0
47976,1
47977,0
47978,0
47979,0
47980,1
47981,1
47982,1
47983,0
47984,1
47985,0
47986,1
47987,0
47988,1
47989,1
47990,1
47991,1
47992,0
47993,1
47994,1
47995,1
47996,0
47997,0
47998,0
47999,0
48000,0
48001,0
48002,0
48003,1
48004,1
48005,0
48006,1
48007,1
48008,0
48009,0
48010,0
48011,1
48012,0
48013,1
48014,0
48015,1
48016,0
48017,1
48018,0
48019,1
48020,0
48021,1
48022,0
48023,0
48024,0
48025,1
48026,1
48027,1
48028,0
48029,0
48030,0
48031,1
48032,1
48033,0
48034,1
48035,0
48036,1
48037,0
48038,0
48039,1
48040,1
48041,0
48042,1
48043,0
48044,1
48045,1
48046,1
48047,1
48048,0
48049,1
48050,0
48051,0
48052,0
48053,1
48054,0
48055,0
48056,0
48057,1
48058,0
48059,0
48060,1
48061,0
48062,1
48063,0
48064,1
48065,0
48066,0
48067,1
48068,1
48069,0
48070,0
48071,1
48072,0
48073,1
48074,1
48075,1
48076,0
48077,0
48078,1
48079,1
48080,1
48081,0
48082,1
48083,1
48084,0
48085,1
48086,1
48087,1
48088,0
48089,1
48090,0
48091,1
48092,1
48093,1
48094,0
48095,1
48096,0
48097,0
48098,0
48099,0
48100,0
48101,1
48102,0
48103,1
48104,0
48105,1
48106,1
48107,0
48108,1
48109,1
48110,1
48111,0
48112,0
48113,0
48114,1
48115,1
48116,0
48117,1
48118,0
48119,0
48120,1
48121,0
48122,1
48123,0
48124,0
48125,0
48126,1
48127,1
48128,1
48129,0
48130,1
48131,0
48132,1
48133,0
48134,1
48135,0
48136,0
48137,1
48138,0
48139,0
48140,1
48141,0
48142,0
48143,0
48144,0
48145,0
48146,0
48147,1
48148,0
48149,1
48150,0
48151,0
48152,1
48153,0
48154,1
48155,1
48156,1
48157,0
48158,1
48159,0
48160,0
48161,1
48162,0
48163,1
48164,0
48165,1
48166,0
48167,0
48168,1
48169,0
48170,1
48171,1
48172,0
48173,0
48174,0
48175,0
48176,0
48177,1
48178,0
48179,1
48180,1
48181,1
48182,1
48183,1
48184,1
48185,0
48186,1
48187,1
48188,0
48189,0
48190,0
48191,0
48192,0
48193,0
48194,0
48195,1
48196,1
48197,1
48198,0
48199,0
48200,1
48201,0
48202,1
48203,0
48204,0
48205,1
48206,1
48207,1
48208,1
48209,0
48210,0
48211,0
48212,0
48213,0
48214,1
48215,1
48216,1
48217,1
48218,0
48219,0
48220,0
48221,1
48222,0
48223,0
48224,0
48225,0
48226,0
48227,0
48228,0
48229,0
48230,1
48231,1
48232,0
48233,1
48234,0
48235,1
48236,0
48237,1
48238,1
48239,0
48240,1
48241,1
48242,0
48243,0
48244,0
48245,1
48246,1
48247,0
48248,0
48249,1
48250,0
48251,0
48252,0
48253,0
48254,0
48255,0
48256,1
48257,0
48258,1
48259,0
48260,0
48261,0
48262,1
48263,0
48264,0
48265,0
48266,1
48267,1
48268,1
48269,1
48270,1
48271,0
48272,1
48273,1
48274,0
48275,0
48276,1
48277,1
48278,0
48279,0
48280,1
48281,1
48282,1
48283,0
48284,1
48285,1
48286,1
48287,1
48288,0
48289,0
48290,1
48291,1
48292,0
48293,0
48294,0
48295,1
48296,1
48297,1
48298,0
48299,1
48300,0
48301,1
48302,1
48303,1
48304,0
48305,1
48306,1
48307,0
48308,0
48309,0
48310,0
48311,1
48312,1
48313,1
48314,1
48315,0
48316,1
48317,0
48318,1
48319,0
48320,1
48321,1
48322,1
48323,0
48324,0
48325,0
48326,1
48327,0
48328,0
48329,0
48330,1
48331,1
48332,0
48333,0
48334,0
48335,1
48336,1
48337,0
48338,0
48339,1
48340,1
48341,1
48342,0
48343,1
48344,1
48345,1
48346,1
48347,0
48348,1
48349,0
48350,1
48351,1
48352,0
48353,1
48354,1
48355,0
48356,0
48357,0
48358,0
48359,1
48360,0
48361,0
48362,1
48363,0
48364,0
48365,1
48366,1
48367,0
48368,1
48369,1
48370,1
48371,1
48372,0
48373,1
48374,0
48375,0
48376,0
48377,0
48378,0
48379,0
48380,0
48381,1
48382,0
48383,0
48384,0
48385,0
48386,0
48387,0
48388,1
48389,1
48390,1
48391,1
48392,1
48393,0
48394,1
48395,0
48396,0
48397,0
48398,0
48399,0
48400,1
48401,0
48402,0
48403,1
48404,0
48405,0
48406,0
48407,1
48408,1
48409,0
48410,0
48411,1
48412,0
48413,0
48414,0
48415,1
48416,0
48417,1
48418,0
48419,0
48420,0
48421,0
48422,1
48423,1
48424,1
48425,0
48426,1
48427,0
48428,0
48429,0
48430,0
48431,0
48432,0
48433,1
48434,1
48435,1
48436,0
48437,0
48438,1
48439,0
48440,0
48441,0
48442,0
48443,0
48444,0
48445,0
48446,0
48447,1
48448,1
48449,1
48450,0
48451,1
48452,0
48453,1
48454,0
48455,0
48456,1
48457,1
48458,1
48459,0
48460,0
48461,0
48462,0
48463,0
48464,0
48465,1
48466,0
48467,1
48468,1
48469,1
48470,0
48471,1
48472,0
48473,1
48474,0
48475,1
48476,0
48477,1
48478,1
48479,1
48480,1
48481,0
48482,0
48483,1
48484,0
48485,0
48486,1
48487,1
48488,0
48489,0
48490,0
48491,0
48492,1
48493,1
48494,1
48495,1
48496,0
48497,0
48498,1
48499,1
48500,0
48501,0
48502,0
48503,0
48504,1
48505,0
48506,0
48507,0
48508,0
48509,0
48510,0
48511,0
48512,0
48513,0
48514,1
48515,0
48516,1
48517,0
48518,0
48519,1
48520,0
48521,0
48522,0
48523,0
48524,1
48525,1
48526,0
48527,1
48528,0
48529,0
48530,1
48531,1
48532,0
48533,1
48534,1
48535,0
48536,0
48537,1
48538,0
48539,0
48540,0
48541,1
48542,1
48543,1
48544,0
48545,1
48546,1
48547,0
48548,0
48549,1
48550,1
48551,0
48552,0
48553,1
48554,1
48555,0
48556,0
48557,1
48558,1
48559,1
48560,0
48561,0
48562,0
48563,0
48564,1
48565,0
48566,1
48567,1
48568,0
48569,1
48570,1
48571,0
48572,0
48573,0
48574,1
48575,1
48576,1
48577,1
48578,0
48579,0
48580,0
48581,1
48582,0
48583,0
48584,0
48585,0
48586,0
48587,1
48588,1
48589,1
48590,0
48591,0
48592,0
48593,1
48594,0
48595,0
48596,0
48597,0
48598,1
48599,1
48600,0
48601,1
48602,1
48603,1
48604,0
48605,1
48606,1
48607,0
48608,0
48609,0
48610,1
48611,0
48612,0
48613,0
48614,0
48615,0
48616,1
48617,0
48618,0
48619,1
48620,0
48621,0
48622,1
48623,0
48624,1
48625,1
48626,0
48627,0
48628,0
48629,0
48630,0
48631,0
48632,1
48633,0
48634,1
48635,1
48636,1
48637,0
48638,0
48639,1
48640,1
48641,0
48642,0
48643,1
48644,0
48645,1
48646,0
48647,0
48648,0
48649,1
48650,0
48651,1
48652,0
48653,0
48654,0
48655,0
48656,1
48657,0
48658,0
48659,1
48660,0
48661,1
48662,1
48663,0
48664,1
48665,0
48666,0
48667,1
48668,0
48669,0
48670,0
48671,1
48672,1
48673,0
48674,0
48675,0
48676,0
48677,0
48678,1
48679,0
48680,0
48681,1
48682,0
48683,0
48684,0
48685,1
48686,0
48687,1
48688,0
48689,1
48690,1
48691,0
48692,0
48693,1
48694,1
48695,1
48696,1
48697,1
48698,0
48699,1
48700,0
48701,0
48702,0
48703,0
48704,0
48705,0
48706,1
48707,1
48708,1
48709,1
48710,1
48711,1
48712,0
48713,1
48714,1
48715,0
48716,0
48717,1
48718,1
48719,0
48720,1
48721,0
48722,0
48723,0
48724,0
48725,1
48726,1
48727,0
48728,1
48729,1
48730,1
48731,0
48732,0
48733,1
48734,0
48735,1
48736,1
48737,0
48738,0
48739,0
48740,1
48741,1
48742,1
48743,1
48744,1
48745,0
48746,1
48747,0
48748,0
48749,0
48750,0
48751,1
48752,1
48753,0
48754,1
48755,1
48756,0
48757,1
48758,1
48759,0
48760,0
48761,0
48762,0
48763,1
48764,1
48765,0
48766,0
48767,1
48768,0
48769,1
48770,1
48771,0
48772,0
48773,1
48774,0
48775,1
48776,0
48777,0
48778,1
48779,0
48780,1
48781,1
48782,1
48783,0
48784,1
48785,0
48786,0
48787,1
48788,1
48789,0
48790,0
48791,1
48792,1
48793,0
48794,0
48795,0
48796,0
48797,1
48798,1
48799,0
48800,1
48801,1
48802,1
48803,1
48804,0
48805,1
48806,0
48807,1
48808,0
48809,0
48810,1
48811,1
48812,1
48813,1
48814,1
48815,0
48816,1
48817,0
48818,0
48819,1
48820,1
48821,1
48822,1
48823,0
48824,0
48825,0
48826,0
48827,0
48828,0
48829,1
48830,0
48831,1
48832,0
48833,1
48834,0
48835,1
48836,0
48837,1
48838,0
48839,0
48840,1
48841,0
48842,0
48843,0
48844,1
48845,0
48846,1
48847,1
48848,0
48849,0
48850,0
48851,1
48852,1
48853,0
48854,0
48855,1
48856,0
48857,0
48858,1
48859,1
48860,0
48861,0
48862,0
48863,1
48864,1
48865,1
48866,0
48867,1
48868,1
48869,1
48870,0
48871,0
48872,0
48873,0
48874,0
48875,1
48876,1
48877,0
48878,1
48879,1
48880,1
48881,0
48882,1
48883,1
48884,1
48885,0
48886,0
48887,1
48888,0
48889,1
48890,1
48891,0
48892,0
48893,1
48894,1
48895,1
48896,1
48897,1
48898,1
48899,1
48900,0
48901,0
48902,0
48903,1
48904,0
48905,1
48906,0
48907,1
48908,0
48909,0
48910,1
48911,0
48912,1
48913,0
48914,1
48915,0
48916,0
48917,1
48918,0
48919,0
48920,1
48921,1
48922,1
48923,0
48924,1
48925,1
48926,0
48927,0
48928,0
48929,1
48930,0
48931,0
48932,0
48933,0
48934,1
48935,1
48936,1
48937,0
48938,0
48939,1
48940,0
48941,1
48942,1
48943,0
48944,0
48945,1
48946,1
48947,1
48948,0
48949,0
48950,1
48951,1
48952,0
48953,0
48954,0
48955,1
48956,1
48957,1
48958,1
48959,0
48960,0
48961,0
48962,0
48963,1
48964,0
48965,1
48966,1
48967,0
48968,0
48969,0
48970,1
48971,0
48972,1
48973,0
48974,1
48975,1
48976,1
48977,1
48978,0
48979,1
48980,0
48981,0
48982,0
48983,0
48984,0
48985,0
48986,1
48987,0
48988,0
48989,0
48990,1
48991,0
48992,0
48993,1
48994,1
48995,0
48996,1
48997,1
48998,0
48999,1
49000,0
49001,0
49002,1
49003,1
49004,0
49005,0
49006,1
49007,0
49008,0
49009,0
49010,1
49011,1
49012,1
49013,1
49014,0
49015,1
49016,1
49017,0
49018,1
49019,1
49020,0
49021,1
49022,0
49023,0
49024,1
49025,1
49026,0
49027,1
49028,0
49029,1
49030,1
49031,1
49032,0
49033,1
49034,0
49035,0
49036,0
49037,0
49038,0
49039,1
49040,0
49041,1
49042,1
49043,0
49044,1
49045,1
49046,0
49047,0
49048,1
49049,1
49050,0
49051,0
49052,0
49053,0
49054,0
49055,1
49056,1
49057,0
49058,0
49059,1
49060,0
49061,1
49062,0
49063,1
49064,1
49065,0
49066,1
49067,0
49068,0
49069,1
49070,1
49071,0
49072,0
49073,0
49074,1
49075,1
49076,1
49077,0
49078,0
49079,0
49080,0
49081,0
49082,1
49083,1
49084,1
49085,0
49086,0
49087,0
49088,0
49089,0
49090,1
49091,0
49092,1
49093,0
49094,1
49095,0
49096,0
49097,0
49098,0
49099,0
49100,0
49101,0
49102,0
49103,1
49104,0
49105,0
49106,1
49107,1
49108,0
49109,0
49110,1
49111,0
49112,0
49113,0
49114,1
49115,1
49116,0
49117,0
49118,1
49119,0
49120,0
49121,0
49122,0
49123,1
49124,0
49125,0
49126,0
49127,1
49128,0
49129,0
49130,0
49131,1
49132,1
49133,0
49134,0
49135,1
49136,0
49137,0
49138,1
49139,0
49140,1
49141,0
49142,0
49143,0
49144,0
49145,0
49146,0
49147,1
49148,0
49149,0
49150,1
49151,0
49152,1
49153,0
49154,1
49155,0
49156,0
49157,1
49158,1
49159,0
49160,1
49161,1
49162,1
49163,0
49164,1
49165,0
49166,1
49167,1
49168,0
49169,0
49170,1
49171,1
49172,0
49173,1
49174,1
49175,1
49176,0
49177,0
49178,1
49179,0
49180,0
49181,1
49182,0
49183,0
49184,0
49185,1
49186,0
49187,1
49188,0
49189,1
49190,0
49191,0
49192,1
49193,1
49194,0
49195,1
49196,1
49197,0
49198,0
49199,0
49200,0
49201,1
49202,0
49203,0
49204,0
49205,1
49206,0
49207,1
49208,1
49209,0
49210,1
49211,1
49212,1
49213,1
49214,0
49215,0
49216,1
49217,0
49218,0
49219,1
49220,1
49221,0
49222,1
49223,1
49224,1
49225,1
49226,0
49227,0
49228,0
49229,1
49230,0
49231,0
49232,0
49233,0
49234,1
49235,0
49236,0
49237,1
49238,0
49239,1
49240,1
49241,1
49242,1
49243,1
49244,1
49245,1
49246,0
49247,1
49248,1
49249,1
49250,0
49251,0
49252,0
49253,0
49254,0
49255,0
49256,1
49257,0
49258,1
49259,1
49260,0
49261,0
49262,1
49263,0
49264,0
49265,1
49266,0
49267,1
49268,1
49269,0
49270,0
49271,1
49272,0
49273,0
49274,0
49275,0
49276,0
49277,0
49278,1
49279,1
49280,0
49281,1
49282,0
49283,1
49284,1
49285,1
49286,1
49287,1
49288,0
49289,0
49290,1
49291,0
49292,1
49293,0
49294,0
49295,1
49296,0
49297,0
49298,0
49299,0
49300,1
49301,1
49302,0
49303,1
49304,1
49305,1
49306,1
49307,1
49308,0
49309,0
49310,1
49311,1
49312,0
49313,1
49314,1
49315,1
49316,0
49317,0
49318,0
49319,1
49320,0
49321,1
49322,0
49323,1
49324,1
49325,1
49326,1
49327,1
49328,0
49329,0
49330,0
49331,1
49332,1
49333,1
49334,0
49335,1
49336,1
49337,0
49338,0
49339,1
49340,1
49341,1
49342,0
49343,1
49344,1
49345,0
49346,0
49347,1
49348,0
49349,0
49350,0
49351,0
49352,0
49353,0
49354,0
49355,1
49356,0
49357,1
49358,0
49359,0
49360,0
49361,1
49362,1
49363,0
49364,0
49365,1
49366,1
49367,0
49368,0
49369,0
49370,0
49371,1
49372,0
49373,1
49374,0
49375,1
49376,0
49377,1
49378,0
49379,0
49380,0
49381,1
49382,1
49383,1
49384,0
49385,1
49386,0
49387,0
49388,1
49389,1
49390,0
49391,1
49392,0
49393,0
49394,1
49395,0
49396,0
49397,1
49398,0
49399,0
49400,1
49401,1
49402,1
49403,1
49404,1
49405,1
49406,0
49407,1
49408,0
49409,0
49410,0
49411,1
49412,1
49413,0
49414,1
49415,1
49416,1
49417,1
49418,0
49419,1
49420,0
49421,1
49422,0
49423,0
49424,1
49425,0
49426,0
49427,0
49428,0
49429,0
49430,1
49431,1
49432,1
49433,0
49434,0
49435,0
49436,0
49437,0
49438,1
49439,1
49440,1
49441,0
49442,1
49443,1
49444,1
49445,0
49446,1
49447,1
49448,1
49449,1
49450,0
49451,1
49452,0
49453,0
49454,0
49455,0
49456,1
49457,0
49458,1
49459,1
49460,1
49461,0
49462,0
49463,1
49464,0
49465,0
49466,0
49467,1
49468,0
49469,0
49470,0
49471,0
49472,0
49473,0
49474,0
49475,0
49476,1
49477,0
49478,1
49479,0
49480,0
49481,0
49482,0
49483,0
49484,0
49485,0
49486,1
49487,1
49488,1
49489,1
49490,0
49491,0
49492,1
49493,1
49494,1
49495,0
49496,1
49497,0
49498,0
49499,1
49500,1
49501,0
49502,0
49503,1
49504,0
49505,0
49506,0
49507,0
49508,1
49509,1
49510,0
49511,1
49512,1
49513,1
49514,1
49515,1
49516,0
49517,0
49518,0
49519,1
49520,0
49521,1
49522,1
49523,1
49524,1
49525,1
49526,1
49527,0
49528,1
49529,1
49530,1
49531,1
49532,1
49533,0
49534,1
49535,0
49536,0
49537,1
49538,1
49539,0
49540,1
49541,0
49542,0
49543,0
49544,1
49545,1
49546,1
49547,0
49548,0
49549,1
49550,1
49551,1
49552,0
49553,1
49554,1
49555,0
49556,0
49557,0
49558,1
49559,0
49560,1
49561,0
49562,1
49563,1
49564,0
49565,0
49566,0
49567,1
49568,1
49569,1
49570,0
49571,1
49572,0
49573,0
49574,0
49575,0
49576,1
49577,1
49578,1
49579,1
49580,1
49581,1
49582,1
49583,1
49584,1
49585,0
49586,1
49587,0
49588,1
49589,0
49590,0
49591,0
49592,0
49593,1
49594,1
49595,1
49596,1
49597,1
49598,1
49599,0
49600,0
49601,0
49602,1
49603,1
49604,1
49605,0
49606,0
49607,1
49608,1
49609,1
49610,1
49611,0
49612,0
49613,1
49614,1
49615,0
49616,1
49617,1
49618,0
49619,1
49620,0
49621,1
49622,0
49623,0
49624,0
49625,0
49626,0
49627,0
49628,0
49629,0
49630,0
49631,0
49632,1
49633,1
49634,0
49635,1
49636,0
49637,1
49638,0
49639,0
49640,0
49641,0
49642,0
49643,1
49644,1
49645,1
49646,1
49647,0
49648,0
49649,0
49650,0
49651,1
49652,0
49653,0
49654,0
49655,0
49656,0
49657,1
49658,1
49659,0
49660,0
49661,1
49662,0
49663,1
49664,0
49665,1
49666,0
49667,0
49668,1
49669,1
49670,1
49671,1
49672,0
49673,1
49674,1
49675,1
49676,1
49677,0
49678,0
49679,1
49680,1
49681,0
49682,1
49683,0
49684,0
49685,1
49686,1
49687,1
49688,0
49689,0
49690,1
49691,1
49692,0
49693,0
49694,1
49695,0
49696,0
49697,0
49698,0
49699,0
49700,1
49701,0
49702,1
49703,1
49704,0
49705,1
49706,1
49707,0
49708,0
49709,1
49710,1
49711,1
49712,0
49713,1
49714,1
49715,1
49716,1
49717,0
49718,1
49719,0
49720,1
49721,1
49722,1
49723,1
49724,1
49725,0
49726,0
49727,1
49728,0
49729,1
49730,0
49731,0
49732,1
49733,1
49734,0
49735,1
49736,1
49737,0
49738,0
49739,0
49740,0
49741,1
49742,1
49743,0
49744,0
49745,0
49746,0
49747,1
49748,1
49749,0
49750,1
49751,1
49752,1
49753,0
49754,1
49755,1
49756,0
49757,0
49758,1
49759,1
49760,0
49761,1
49762,1
49763,0
49764,0
49765,0
49766,0
49767,0
49768,0
49769,0
49770,0
49771,0
49772,0
49773,0
49774,1
49775,0
49776,1
49777,1
49778,1
49779,1
49780,0
49781,0
49782,0
49783,0
49784,0
49785,1
49786,0
49787,0
49788,1
49789,1
49790,0
49791,1
49792,1
49793,1
49794,1
49795,1
49796,0
49797,0
49798,1
49799,1
49800,0
49801,0
49802,1
49803,0
49804,1
49805,1
49806,1
49807,0
49808,0
49809,0
49810,1
49811,1
49812,0
49813,1
49814,0
49815,1
49816,0
49817,0
49818,1
49819,1
49820,1
49821,1
49822,1
49823,0
49824,0
49825,0
49826,0
49827,1
49828,0
49829,0
49830,0
49831,0
49832,0
49833,1
49834,0
49835,0
49836,0
49837,1
49838,0
49839,0
49840,1
49841,0
49842,1
49843,1
49844,1
49845,1
49846,0
49847,0
49848,1
49849,1
49850,0
49851,0
49852,1
49853,0
49854,1
49855,1
49856,0
49857,0
49858,1
49859,1
49860,0
49861,0
49862,0
49863,0
49864,1
49865,1
49866,1
49867,1
49868,1
49869,0
49870,1
49871,0
49872,0
49873,0
49874,0
49875,1
49876,1
49877,0
49878,0
49879,0
49880,0
49881,0
49882,0
49883,0
49884,0
49885,0
49886,0
49887,0
49888,1
49889,1
49890,1
49891,1
49892,0
49893,0
49894,1
49895,0
49896,1
49897,0
49898,1
49899,0
49900,0
49901,1
49902,1
49903,1
49904,0
49905,1
49906,0
49907,1
49908,1
49909,1
49910,0
49911,1
49912,0
49913,0
49914,1
49915,0
49916,0
49917,1
49918,0
49919,1
49920,0
49921,0
49922,0
49923,1
49924,1
49925,0
49926,0
49927,1
49928,0
49929,0
49930,0
49931,0
49932,0
49933,0
49934,0
49935,0
49936,1
49937,1
49938,1
49939,0
49940,1
49941,1
49942,1
49943,1
49944,1
49945,1
49946,0
49947,0
49948,1
49949,0
49950,1
49951,0
49952,0
49953,1
49954,0
49955,1
49956,0
49957,1
49958,0
49959,0
49960,0
49961,1
49962,1
49963,0
49964,1
49965,0
49966,1
49967,1
49968,1
49969,1
49970,0
49971,0
49972,0
49973,0
49974,0
49975,1
49976,1
49977,1
49978,0
49979,0
49980,1
49981,1
49982,0
49983,0
49984,1
49985,1
49986,0
49987,1
49988,0
49989,1
49990,1
49991,0
49992,0
49993,0
49994,1
49995,0
49996,1
49997,1
49998,0
49999,0
50000,1
