id,prediction
35001,negative
35002,positive
35003,positive
35004,negative
35005,negative
35006,positive
35007,positive
35008,negative
35009,positive
35010,positive
35011,positive
35012,negative
35013,positive
35014,negative
35015,negative
35016,negative
35017,positive
35018,positive
35019,positive
35020,negative
35021,negative
35022,negative
35023,positive
35024,positive
35025,negative
35026,negative
35027,negative
35028,positive
35029,positive
35030,negative
35031,positive
35032,negative
35033,positive
35034,positive
35035,negative
35036,negative
35037,positive
35038,negative
35039,positive
35040,negative
35041,negative
35042,negative
35043,positive
35044,negative
35045,negative
35046,positive
35047,negative
35048,negative
35049,positive
35050,positive
35051,negative
35052,negative
35053,negative
35054,positive
35055,positive
35056,negative
35057,negative
35058,negative
35059,positive
35060,negative
35061,negative
35062,negative
35063,positive
35064,negative
35065,negative
35066,negative
35067,negative
35068,positive
35069,positive
35070,negative
35071,negative
35072,positive
35073,negative
35074,positive
35075,negative
35076,positive
35077,negative
35078,positive
35079,negative
35080,negative
35081,negative
35082,negative
35083,positive
35084,positive
35085,negative
35086,positive
35087,negative
35088,negative
35089,negative
35090,negative
35091,negative
35092,negative
35093,positive
35094,negative
35095,positive
35096,negative
35097,negative
35098,positive
35099,negative
35100,negative
35101,negative
35102,positive
35103,positive
35104,negative
35105,positive
35106,negative
35107,negative
35108,negative
35109,positive
35110,positive
35111,positive
35112,negative
35113,negative
35114,positive
35115,negative
35116,positive
35117,negative
35118,negative
35119,positive
35120,negative
35121,negative
35122,positive
35123,negative
35124,negative
35125,positive
35126,negative
35127,negative
35128,negative
35129,positive
35130,positive
35131,positive
35132,positive
35133,positive
35134,negative
35135,negative
35136,negative
35137,positive
35138,negative
35139,positive
35140,negative
35141,negative
35142,positive
35143,negative
35144,positive
35145,negative
35146,negative
35147,positive
35148,positive
35149,positive
35150,negative
35151,negative
35152,negative
35153,negative
35154,positive
35155,positive
35156,negative
35157,positive
35158,negative
35159,positive
35160,positive
35161,negative
35162,negative
35163,negative
35164,negative
35165,positive
35166,negative
35167,negative
35168,positive
35169,positive
35170,negative
35171,negative
35172,negative
35173,negative
35174,negative
35175,negative
35176,positive
35177,positive
35178,negative
35179,negative
35180,positive
35181,negative
35182,negative
35183,positive
35184,positive
35185,positive
35186,negative
35187,positive
35188,negative
35189,negative
35190,positive
35191,positive
35192,negative
35193,positive
35194,positive
35195,negative
35196,negative
35197,negative
35198,negative
35199,positive
35200,positive
35201,positive
35202,negative
35203,negative
35204,negative
35205,negative
35206,positive
35207,positive
35208,positive
35209,negative
35210,negative
35211,negative
35212,positive
35213,positive
35214,positive
35215,positive
35216,positive
35217,negative
35218,positive
35219,positive
35220,positive
35221,negative
35222,negative
35223,negative
35224,positive
35225,positive
35226,negative
35227,negative
35228,positive
35229,positive
35230,positive
35231,positive
35232,negative
35233,negative
35234,negative
35235,positive
35236,negative
35237,negative
35238,negative
35239,negative
35240,positive
35241,negative
35242,positive
35243,negative
35244,positive
35245,positive
35246,negative
35247,negative
35248,positive
35249,positive
35250,negative
35251,positive
35252,negative
35253,positive
35254,positive
35255,negative
35256,negative
35257,negative
35258,positive
35259,positive
35260,positive
35261,positive
35262,negative
35263,negative
35264,positive
35265,positive
35266,negative
35267,negative
35268,negative
35269,positive
35270,negative
35271,positive
35272,negative
35273,negative
35274,positive
35275,negative
35276,negative
35277,negative
35278,negative
35279,negative
35280,negative
35281,positive
35282,negative
35283,positive
35284,negative
35285,negative
35286,positive
35287,negative
35288,negative
35289,negative
35290,positive
35291,positive
35292,positive
35293,positive
35294,positive
35295,positive
35296,positive
35297,negative
35298,negative
35299,negative
35300,positive
35301,negative
35302,positive
35303,negative
35304,negative
35305,negative
35306,negative
35307,negative
35308,positive
35309,positive
35310,negative
35311,negative
35312,positive
35313,negative
35314,negative
35315,negative
35316,positive
35317,positive
35318,positive
35319,positive
35320,positive
35321,positive
35322,negative
35323,positive
35324,negative
35325,positive
35326,positive
35327,negative
35328,positive
35329,positive
35330,negative
35331,negative
35332,positive
35333,negative
35334,negative
35335,negative
35336,negative
35337,negative
35338,negative
35339,negative
35340,positive
35341,negative
35342,negative
35343,positive
35344,positive
35345,positive
35346,negative
35347,negative
35348,positive
35349,negative
35350,negative
35351,positive
35352,positive
35353,negative
35354,negative
35355,negative
35356,negative
35357,positive
35358,negative
35359,positive
35360,positive
35361,negative
35362,negative
35363,negative
35364,positive
35365,positive
35366,positive
35367,negative
35368,negative
35369,negative
35370,positive
35371,positive
35372,positive
35373,negative
35374,positive
35375,positive
35376,negative
35377,negative
35378,positive
35379,positive
35380,positive
35381,positive
35382,negative
35383,positive
35384,positive
35385,positive
35386,negative
35387,negative
35388,negative
35389,negative
35390,positive
35391,positive
35392,positive
35393,positive
35394,positive
35395,positive
35396,negative
35397,negative
35398,negative
35399,negative
35400,positive
35401,positive
35402,negative
35403,positive
35404,negative
35405,negative
35406,negative
35407,negative
35408,positive
35409,negative
35410,positive
35411,positive
35412,positive
35413,negative
35414,positive
35415,positive
35416,positive
35417,positive
35418,negative
35419,positive
35420,negative
35421,positive
35422,positive
35423,positive
35424,positive
35425,negative
35426,negative
35427,negative
35428,negative
35429,positive
35430,negative
35431,negative
35432,positive
35433,positive
35434,negative
35435,positive
35436,negative
35437,negative
35438,negative
35439,negative
35440,negative
35441,positive
35442,negative
35443,positive
35444,positive
35445,negative
35446,positive
35447,positive
35448,negative
35449,negative
35450,negative
35451,negative
35452,positive
35453,negative
35454,positive
35455,positive
35456,negative
35457,positive
35458,negative
35459,positive
35460,negative
35461,positive
35462,negative
35463,positive
35464,positive
35465,negative
35466,negative
35467,negative
35468,negative
35469,negative
35470,negative
35471,positive
35472,positive
35473,negative
35474,positive
35475,negative
35476,negative
35477,negative
35478,negative
35479,negative
35480,negative
35481,positive
35482,positive
35483,negative
35484,negative
35485,positive
35486,negative
35487,positive
35488,negative
35489,negative
35490,negative
35491,negative
35492,positive
35493,positive
35494,negative
35495,negative
35496,positive
35497,positive
35498,negative
35499,negative
35500,negative
35501,negative
35502,negative
35503,negative
35504,positive
35505,negative
35506,positive
35507,negative
35508,positive
35509,positive
35510,positive
35511,positive
35512,positive
35513,negative
35514,positive
35515,positive
35516,positive
35517,positive
35518,positive
35519,positive
35520,negative
35521,negative
35522,negative
35523,negative
35524,negative
35525,positive
35526,negative
35527,positive
35528,negative
35529,negative
35530,negative
35531,negative
35532,positive
35533,negative
35534,negative
35535,positive
35536,positive
35537,negative
35538,negative
35539,negative
35540,negative
35541,negative
35542,positive
35543,negative
35544,positive
35545,negative
35546,positive
35547,negative
35548,positive
35549,positive
35550,negative
35551,positive
35552,negative
35553,negative
35554,negative
35555,negative
35556,negative
35557,positive
35558,negative
35559,positive
35560,negative
35561,positive
35562,negative
35563,positive
35564,positive
35565,positive
35566,negative
35567,positive
35568,positive
35569,negative
35570,negative
35571,negative
35572,negative
35573,positive
35574,negative
35575,positive
35576,negative
35577,negative
35578,negative
35579,negative
35580,positive
35581,positive
35582,negative
35583,positive
35584,positive
35585,positive
35586,negative
35587,positive
35588,positive
35589,positive
35590,positive
35591,positive
35592,positive
35593,negative
35594,positive
35595,negative
35596,negative
35597,positive
35598,positive
35599,positive
35600,positive
35601,positive
35602,negative
35603,negative
35604,negative
35605,negative
35606,negative
35607,positive
35608,negative
35609,positive
35610,positive
35611,negative
35612,negative
35613,positive
35614,positive
35615,negative
35616,positive
35617,positive
35618,negative
35619,positive
35620,negative
35621,positive
35622,positive
35623,positive
35624,positive
35625,negative
35626,negative
35627,positive
35628,negative
35629,positive
35630,negative
35631,negative
35632,negative
35633,negative
35634,positive
35635,positive
35636,positive
35637,negative
35638,negative
35639,negative
35640,negative
35641,positive
35642,negative
35643,positive
35644,negative
35645,positive
35646,negative
35647,negative
35648,positive
35649,negative
35650,positive
35651,negative
35652,positive
35653,negative
35654,negative
35655,negative
35656,negative
35657,positive
35658,negative
35659,positive
35660,negative
35661,positive
35662,positive
35663,negative
35664,positive
35665,positive
35666,negative
35667,negative
35668,negative
35669,positive
35670,negative
35671,negative
35672,negative
35673,negative
35674,positive
35675,negative
35676,negative
35677,positive
35678,negative
35679,negative
35680,positive
35681,negative
35682,positive
35683,positive
35684,negative
35685,negative
35686,positive
35687,positive
35688,negative
35689,positive
35690,positive
35691,positive
35692,positive
35693,negative
35694,positive
35695,negative
35696,negative
35697,negative
35698,positive
35699,negative
35700,positive
35701,negative
35702,negative
35703,positive
35704,positive
35705,positive
35706,negative
35707,negative
35708,negative
35709,negative
35710,positive
35711,positive
35712,positive
35713,negative
35714,negative
35715,positive
35716,negative
35717,negative
35718,negative
35719,negative
35720,positive
35721,negative
35722,negative
35723,positive
35724,negative
35725,negative
35726,negative
35727,positive
35728,positive
35729,positive
35730,positive
35731,positive
35732,positive
35733,positive
35734,negative
35735,negative
35736,positive
35737,positive
35738,positive
35739,negative
35740,negative
35741,negative
35742,negative
35743,negative
35744,negative
35745,positive
35746,negative
35747,negative
35748,positive
35749,positive
35750,negative
35751,negative
35752,positive
35753,positive
35754,negative
35755,negative
35756,positive
35757,negative
35758,positive
35759,negative
35760,negative
35761,negative
35762,positive
35763,negative
35764,negative
35765,positive
35766,positive
35767,positive
35768,negative
35769,positive
35770,negative
35771,negative
35772,positive
35773,positive
35774,positive
35775,negative
35776,negative
35777,negative
35778,positive
35779,negative
35780,positive
35781,negative
35782,negative
35783,positive
35784,positive
35785,positive
35786,negative
35787,positive
35788,positive
35789,negative
35790,positive
35791,positive
35792,positive
35793,positive
35794,negative
35795,negative
35796,negative
35797,positive
35798,positive
35799,negative
35800,positive
35801,positive
35802,negative
35803,negative
35804,negative
35805,positive
35806,positive
35807,positive
35808,positive
35809,positive
35810,positive
35811,negative
35812,negative
35813,positive
35814,negative
35815,positive
35816,positive
35817,negative
35818,negative
35819,negative
35820,positive
35821,negative
35822,negative
35823,negative
35824,negative
35825,positive
35826,negative
35827,negative
35828,positive
35829,negative
35830,negative
35831,negative
35832,positive
35833,negative
35834,positive
35835,positive
35836,positive
35837,positive
35838,negative
35839,positive
35840,positive
35841,negative
35842,positive
35843,negative
35844,negative
35845,positive
35846,positive
35847,positive
35848,negative
35849,negative
35850,negative
35851,positive
35852,negative
35853,positive
35854,positive
35855,negative
35856,positive
35857,negative
35858,negative
35859,negative
35860,positive
35861,positive
35862,positive
35863,negative
35864,negative
35865,positive
35866,negative
35867,negative
35868,negative
35869,positive
35870,negative
35871,negative
35872,negative
35873,positive
35874,positive
35875,positive
35876,negative
35877,negative
35878,positive
35879,negative
35880,positive
35881,positive
35882,negative
35883,positive
35884,positive
35885,positive
35886,positive
35887,negative
35888,negative
35889,positive
35890,negative
35891,negative
35892,negative
35893,negative
35894,positive
35895,positive
35896,negative
35897,negative
35898,positive
35899,positive
35900,positive
35901,positive
35902,negative
35903,positive
35904,positive
35905,positive
35906,negative
35907,negative
35908,negative
35909,positive
35910,negative
35911,negative
35912,positive
35913,positive
35914,positive
35915,negative
35916,positive
35917,negative
35918,negative
35919,positive
35920,positive
35921,negative
35922,negative
35923,positive
35924,positive
35925,negative
35926,positive
35927,negative
35928,negative
35929,negative
35930,positive
35931,negative
35932,negative
35933,positive
35934,negative
35935,negative
35936,negative
35937,negative
35938,positive
35939,positive
35940,positive
35941,negative
35942,negative
35943,negative
35944,positive
35945,negative
35946,positive
35947,positive
35948,negative
35949,negative
35950,negative
35951,positive
35952,positive
35953,positive
35954,positive
35955,negative
35956,negative
35957,positive
35958,positive
35959,negative
35960,negative
35961,negative
35962,positive
35963,positive
35964,negative
35965,negative
35966,negative
35967,negative
35968,negative
35969,negative
35970,positive
35971,positive
35972,positive
35973,positive
35974,positive
35975,negative
35976,positive
35977,negative
35978,positive
35979,negative
35980,positive
35981,positive
35982,negative
35983,negative
35984,negative
35985,negative
35986,positive
35987,negative
35988,negative
35989,positive
35990,negative
35991,negative
35992,negative
35993,negative
35994,positive
35995,negative
35996,negative
35997,positive
35998,negative
35999,positive
36000,positive
36001,negative
36002,negative
36003,negative
36004,positive
36005,positive
36006,negative
36007,negative
36008,negative
36009,negative
36010,positive
36011,negative
36012,negative
36013,negative
36014,positive
36015,negative
36016,negative
36017,positive
36018,positive
36019,positive
36020,positive
36021,positive
36022,negative
36023,positive
36024,positive
36025,negative
36026,negative
36027,negative
36028,negative
36029,positive
36030,negative
36031,positive
36032,positive
36033,positive
36034,positive
36035,positive
36036,positive
36037,negative
36038,negative
36039,positive
36040,negative
36041,positive
36042,negative
36043,negative
36044,positive
36045,positive
36046,negative
36047,positive
36048,negative
36049,positive
36050,negative
36051,negative
36052,negative
36053,positive
36054,positive
36055,negative
36056,positive
36057,negative
36058,negative
36059,positive
36060,positive
36061,negative
36062,positive
36063,positive
36064,negative
36065,positive
36066,positive
36067,positive
36068,negative
36069,negative
36070,positive
36071,positive
36072,negative
36073,positive
36074,positive
36075,negative
36076,negative
36077,negative
36078,positive
36079,negative
36080,positive
36081,positive
36082,negative
36083,positive
36084,positive
36085,positive
36086,positive
36087,negative
36088,negative
36089,positive
36090,positive
36091,negative
36092,positive
36093,negative
36094,positive
36095,negative
36096,positive
36097,negative
36098,positive
36099,negative
36100,negative
36101,negative
36102,negative
36103,negative
36104,positive
36105,positive
36106,positive
36107,negative
36108,positive
36109,negative
36110,negative
36111,negative
36112,negative
36113,positive
36114,negative
36115,positive
36116,positive
36117,positive
36118,positive
36119,negative
36120,negative
36121,negative
36122,positive
36123,negative
36124,negative
36125,negative
36126,positive
36127,positive
36128,positive
36129,positive
36130,negative
36131,negative
36132,negative
36133,positive
36134,negative
36135,positive
36136,positive
36137,negative
36138,positive
36139,negative
36140,positive
36141,positive
36142,positive
36143,positive
36144,positive
36145,negative
36146,positive
36147,positive
36148,positive
36149,negative
36150,positive
36151,negative
36152,positive
36153,positive
36154,negative
36155,negative
36156,positive
36157,negative
36158,positive
36159,negative
36160,positive
36161,negative
36162,negative
36163,negative
36164,negative
36165,positive
36166,negative
36167,positive
36168,positive
36169,negative
36170,negative
36171,negative
36172,positive
36173,negative
36174,negative
36175,negative
36176,negative
36177,positive
36178,negative
36179,positive
36180,positive
36181,positive
36182,negative
36183,negative
36184,positive
36185,negative
36186,negative
36187,negative
36188,positive
36189,negative
36190,negative
36191,positive
36192,positive
36193,negative
36194,positive
36195,negative
36196,negative
36197,positive
36198,negative
36199,negative
36200,positive
36201,negative
36202,positive
36203,negative
36204,negative
36205,negative
36206,positive
36207,positive
36208,positive
36209,negative
36210,negative
36211,negative
36212,positive
36213,positive
36214,positive
36215,negative
36216,negative
36217,positive
36218,positive
36219,positive
36220,negative
36221,negative
36222,positive
36223,positive
36224,negative
36225,positive
36226,negative
36227,positive
36228,positive
36229,positive
36230,negative
36231,negative
36232,positive
36233,positive
36234,positive
36235,positive
36236,negative
36237,positive
36238,positive
36239,negative
36240,positive
36241,positive
36242,negative
36243,negative
36244,negative
36245,negative
36246,negative
36247,negative
36248,positive
36249,positive
36250,negative
36251,positive
36252,negative
36253,negative
36254,negative
36255,negative
36256,negative
36257,positive
36258,negative
36259,positive
36260,negative
36261,negative
36262,positive
36263,negative
36264,positive
36265,positive
36266,positive
36267,negative
36268,negative
36269,positive
36270,negative
36271,positive
36272,positive
36273,positive
36274,negative
36275,negative
36276,negative
36277,negative
36278,positive
36279,negative
36280,positive
36281,negative
36282,negative
36283,negative
36284,positive
36285,positive
36286,negative
36287,positive
36288,negative
36289,negative
36290,positive
36291,positive
36292,negative
36293,negative
36294,positive
36295,positive
36296,negative
36297,positive
36298,negative
36299,positive
36300,positive
36301,positive
36302,negative
36303,positive
36304,negative
36305,positive
36306,positive
36307,positive
36308,negative
36309,negative
36310,negative
36311,negative
36312,positive
36313,negative
36314,positive
36315,positive
36316,negative
36317,negative
36318,positive
36319,negative
36320,positive
36321,positive
36322,positive
36323,negative
36324,positive
36325,positive
36326,positive
36327,positive
36328,negative
36329,negative
36330,negative
36331,positive
36332,negative
36333,negative
36334,positive
36335,positive
36336,negative
36337,positive
36338,positive
36339,negative
36340,negative
36341,negative
36342,negative
36343,positive
36344,negative
36345,positive
36346,positive
36347,negative
36348,negative
36349,positive
36350,negative
36351,positive
36352,negative
36353,negative
36354,negative
36355,negative
36356,negative
36357,positive
36358,negative
36359,positive
36360,negative
36361,positive
36362,negative
36363,negative
36364,negative
36365,negative
36366,negative
36367,negative
36368,negative
36369,positive
36370,negative
36371,negative
36372,positive
36373,negative
36374,positive
36375,negative
36376,positive
36377,positive
36378,negative
36379,positive
36380,positive
36381,negative
36382,negative
36383,positive
36384,negative
36385,negative
36386,positive
36387,negative
36388,negative
36389,positive
36390,positive
36391,negative
36392,negative
36393,negative
36394,positive
36395,positive
36396,positive
36397,negative
36398,negative
36399,positive
36400,positive
36401,negative
36402,negative
36403,negative
36404,negative
36405,positive
36406,negative
36407,positive
36408,negative
36409,negative
36410,negative
36411,negative
36412,positive
36413,negative
36414,positive
36415,negative
36416,negative
36417,positive
36418,negative
36419,negative
36420,negative
36421,negative
36422,positive
36423,negative
36424,negative
36425,positive
36426,negative
36427,positive
36428,positive
36429,negative
36430,negative
36431,negative
36432,negative
36433,positive
36434,negative
36435,negative
36436,negative
36437,negative
36438,negative
36439,negative
36440,negative
36441,negative
36442,negative
36443,positive
36444,positive
36445,positive
36446,negative
36447,negative
36448,negative
36449,negative
36450,negative
36451,negative
36452,positive
36453,negative
36454,negative
36455,negative
36456,positive
36457,positive
36458,negative
36459,positive
36460,positive
36461,negative
36462,negative
36463,positive
36464,negative
36465,negative
36466,negative
36467,negative
36468,negative
36469,negative
36470,positive
36471,negative
36472,negative
36473,positive
36474,negative
36475,positive
36476,negative
36477,positive
36478,positive
36479,positive
36480,negative
36481,positive
36482,negative
36483,positive
36484,positive
36485,positive
36486,negative
36487,negative
36488,negative
36489,negative
36490,positive
36491,positive
36492,negative
36493,positive
36494,positive
36495,negative
36496,positive
36497,positive
36498,negative
36499,negative
36500,positive
36501,negative
36502,negative
36503,negative
36504,negative
36505,positive
36506,negative
36507,positive
36508,negative
36509,positive
36510,negative
36511,negative
36512,negative
36513,positive
36514,positive
36515,positive
36516,negative
36517,negative
36518,negative
36519,positive
36520,negative
36521,positive
36522,negative
36523,negative
36524,positive
36525,positive
36526,negative
36527,negative
36528,negative
36529,negative
36530,positive
36531,positive
36532,negative
36533,positive
36534,positive
36535,positive
36536,negative
36537,positive
36538,positive
36539,negative
36540,negative
36541,negative
36542,negative
36543,negative
36544,negative
36545,positive
36546,positive
36547,positive
36548,negative
36549,positive
36550,positive
36551,positive
36552,positive
36553,negative
36554,positive
36555,negative
36556,negative
36557,negative
36558,positive
36559,negative
36560,negative
36561,negative
36562,negative
36563,negative
36564,negative
36565,negative
36566,positive
36567,positive
36568,positive
36569,negative
36570,negative
36571,negative
36572,negative
36573,positive
36574,positive
36575,negative
36576,negative
36577,negative
36578,negative
36579,positive
36580,negative
36581,positive
36582,positive
36583,negative
36584,positive
36585,positive
36586,negative
36587,positive
36588,negative
36589,positive
36590,negative
36591,negative
36592,negative
36593,positive
36594,negative
36595,positive
36596,positive
36597,negative
36598,negative
36599,negative
36600,negative
36601,positive
36602,positive
36603,negative
36604,negative
36605,positive
36606,positive
36607,positive
36608,negative
36609,positive
36610,negative
36611,negative
36612,negative
36613,negative
36614,positive
36615,positive
36616,negative
36617,positive
36618,negative
36619,negative
36620,negative
36621,positive
36622,positive
36623,positive
36624,positive
36625,negative
36626,negative
36627,negative
36628,positive
36629,negative
36630,negative
36631,negative
36632,negative
36633,positive
36634,negative
36635,negative
36636,positive
36637,negative
36638,negative
36639,positive
36640,negative
36641,negative
36642,negative
36643,negative
36644,positive
36645,positive
36646,negative
36647,negative
36648,negative
36649,positive
36650,positive
36651,positive
36652,negative
36653,positive
36654,positive
36655,negative
36656,negative
36657,negative
36658,negative
36659,positive
36660,negative
36661,negative
36662,negative
36663,negative
36664,positive
36665,positive
36666,positive
36667,negative
36668,positive
36669,negative
36670,positive
36671,positive
36672,positive
36673,positive
36674,negative
36675,positive
36676,negative
36677,negative
36678,negative
36679,negative
36680,negative
36681,negative
36682,positive
36683,negative
36684,negative
36685,positive
36686,negative
36687,negative
36688,positive
36689,negative
36690,positive
36691,positive
36692,positive
36693,negative
36694,positive
36695,negative
36696,positive
36697,negative
36698,positive
36699,positive
36700,positive
36701,positive
36702,negative
36703,negative
36704,negative
36705,negative
36706,positive
36707,positive
36708,positive
36709,negative
36710,positive
36711,positive
36712,negative
36713,negative
36714,positive
36715,positive
36716,negative
36717,positive
36718,negative
36719,positive
36720,negative
36721,positive
36722,positive
36723,positive
36724,negative
36725,negative
36726,negative
36727,negative
36728,negative
36729,negative
36730,positive
36731,positive
36732,negative
36733,positive
36734,negative
36735,positive
36736,positive
36737,negative
36738,negative
36739,negative
36740,negative
36741,positive
36742,negative
36743,negative
36744,negative
36745,negative
36746,positive
36747,positive
36748,positive
36749,positive
36750,negative
36751,positive
36752,negative
36753,positive
36754,negative
36755,positive
36756,positive
36757,positive
36758,positive
36759,positive
36760,positive
36761,positive
36762,negative
36763,negative
36764,negative
36765,negative
36766,positive
36767,negative
36768,negative
36769,positive
36770,negative
36771,negative
36772,positive
36773,negative
36774,negative
36775,positive
36776,negative
36777,positive
36778,positive
36779,negative
36780,positive
36781,negative
36782,positive
36783,negative
36784,negative
36785,negative
36786,negative
36787,negative
36788,positive
36789,negative
36790,positive
36791,negative
36792,positive
36793,negative
36794,negative
36795,positive
36796,negative
36797,positive
36798,positive
36799,positive
36800,negative
36801,positive
36802,negative
36803,negative
36804,positive
36805,positive
36806,positive
36807,positive
36808,positive
36809,negative
36810,positive
36811,positive
36812,positive
36813,negative
36814,positive
36815,positive
36816,negative
36817,positive
36818,negative
36819,negative
36820,negative
36821,positive
36822,negative
36823,positive
36824,positive
36825,negative
36826,negative
36827,negative
36828,negative
36829,positive
36830,negative
36831,negative
36832,negative
36833,negative
36834,negative
36835,positive
36836,positive
36837,negative
36838,positive
36839,positive
36840,negative
36841,negative
36842,negative
36843,negative
36844,negative
36845,positive
36846,negative
36847,positive
36848,negative
36849,positive
36850,negative
36851,negative
36852,positive
36853,negative
36854,negative
36855,negative
36856,negative
36857,negative
36858,positive
36859,negative
36860,negative
36861,negative
36862,positive
36863,negative
36864,positive
36865,negative
36866,negative
36867,negative
36868,positive
36869,negative
36870,positive
36871,positive
36872,negative
36873,positive
36874,positive
36875,negative
36876,positive
36877,negative
36878,positive
36879,negative
36880,negative
36881,positive
36882,negative
36883,negative
36884,negative
36885,positive
36886,negative
36887,negative
36888,positive
36889,positive
36890,negative
36891,negative
36892,negative
36893,positive
36894,positive
36895,negative
36896,positive
36897,positive
36898,negative
36899,positive
36900,negative
36901,negative
36902,positive
36903,positive
36904,positive
36905,positive
36906,negative
36907,negative
36908,negative
36909,negative
36910,negative
36911,positive
36912,negative
36913,negative
36914,negative
36915,negative
36916,negative
36917,negative
36918,negative
36919,negative
36920,positive
36921,positive
36922,negative
36923,positive
36924,positive
36925,positive
36926,positive
36927,negative
36928,positive
36929,positive
36930,negative
36931,negative
36932,negative
36933,negative
36934,negative
36935,negative
36936,positive
36937,negative
36938,positive
36939,negative
36940,positive
36941,negative
36942,positive
36943,positive
36944,positive
36945,negative
36946,positive
36947,positive
36948,negative
36949,negative
36950,positive
36951,positive
36952,negative
36953,negative
36954,positive
36955,positive
36956,negative
36957,positive
36958,negative
36959,positive
36960,negative
36961,negative
36962,positive
36963,positive
36964,positive
36965,negative
36966,negative
36967,negative
36968,positive
36969,negative
36970,positive
36971,positive
36972,negative
36973,negative
36974,positive
36975,positive
36976,positive
36977,negative
36978,negative
36979,negative
36980,positive
36981,positive
36982,positive
36983,positive
36984,positive
36985,negative
36986,negative
36987,negative
36988,negative
36989,negative
36990,negative
36991,positive
36992,positive
36993,negative
36994,negative
36995,negative
36996,negative
36997,negative
36998,positive
36999,positive
37000,negative
37001,positive
37002,positive
37003,negative
37004,negative
37005,negative
37006,positive
37007,negative
37008,positive
37009,positive
37010,negative
37011,positive
37012,negative
37013,negative
37014,positive
37015,positive
37016,negative
37017,negative
37018,positive
37019,negative
37020,negative
37021,negative
37022,negative
37023,positive
37024,positive
37025,negative
37026,positive
37027,positive
37028,positive
37029,negative
37030,negative
37031,positive
37032,negative
37033,negative
37034,negative
37035,positive
37036,negative
37037,negative
37038,positive
37039,positive
37040,positive
37041,negative
37042,positive
37043,positive
37044,positive
37045,positive
37046,positive
37047,negative
37048,positive
37049,positive
37050,negative
37051,positive
37052,negative
37053,negative
37054,negative
37055,positive
37056,positive
37057,positive
37058,positive
37059,negative
37060,negative
37061,positive
37062,negative
37063,negative
37064,positive
37065,positive
37066,negative
37067,positive
37068,positive
37069,negative
37070,positive
37071,negative
37072,positive
37073,negative
37074,negative
37075,negative
37076,positive
37077,positive
37078,positive
37079,negative
37080,positive
37081,positive
37082,positive
37083,positive
37084,negative
37085,positive
37086,positive
37087,negative
37088,positive
37089,positive
37090,positive
37091,negative
37092,negative
37093,negative
37094,positive
37095,positive
37096,negative
37097,negative
37098,positive
37099,positive
37100,positive
37101,positive
37102,negative
37103,positive
37104,negative
37105,negative
37106,negative
37107,negative
37108,positive
37109,positive
37110,negative
37111,positive
37112,positive
37113,negative
37114,positive
37115,positive
37116,negative
37117,negative
37118,negative
37119,positive
37120,negative
37121,positive
37122,positive
37123,positive
37124,negative
37125,negative
37126,positive
37127,negative
37128,negative
37129,negative
37130,negative
37131,negative
37132,negative
37133,negative
37134,positive
37135,negative
37136,negative
37137,negative
37138,positive
37139,positive
37140,negative
37141,positive
37142,positive
37143,negative
37144,negative
37145,positive
37146,negative
37147,negative
37148,positive
37149,positive
37150,positive
37151,positive
37152,positive
37153,positive
37154,negative
37155,negative
37156,positive
37157,positive
37158,negative
37159,positive
37160,negative
37161,negative
37162,negative
37163,positive
37164,negative
37165,positive
37166,positive
37167,positive
37168,negative
37169,negative
37170,positive
37171,negative
37172,negative
37173,negative
37174,negative
37175,negative
37176,positive
37177,positive
37178,negative
37179,positive
37180,negative
37181,positive
37182,negative
37183,positive
37184,negative
37185,positive
37186,positive
37187,negative
37188,positive
37189,negative
37190,positive
37191,positive
37192,positive
37193,positive
37194,negative
37195,positive
37196,positive
37197,positive
37198,positive
37199,negative
37200,positive
37201,positive
37202,positive
37203,negative
37204,negative
37205,positive
37206,negative
37207,positive
37208,positive
37209,negative
37210,negative
37211,positive
37212,positive
37213,negative
37214,negative
37215,positive
37216,positive
37217,positive
37218,positive
37219,positive
37220,negative
37221,negative
37222,negative
37223,positive
37224,positive
37225,negative
37226,negative
37227,positive
37228,negative
37229,positive
37230,negative
37231,negative
37232,negative
37233,positive
37234,positive
37235,negative
37236,negative
37237,positive
37238,negative
37239,negative
37240,positive
37241,positive
37242,positive
37243,negative
37244,negative
37245,negative
37246,negative
37247,positive
37248,positive
37249,positive
37250,negative
37251,negative
37252,negative
37253,negative
37254,negative
37255,positive
37256,positive
37257,negative
37258,positive
37259,positive
37260,negative
37261,negative
37262,positive
37263,negative
37264,positive
37265,negative
37266,positive
37267,negative
37268,positive
37269,positive
37270,positive
37271,negative
37272,positive
37273,negative
37274,positive
37275,negative
37276,negative
37277,negative
37278,positive
37279,negative
37280,negative
37281,positive
37282,negative
37283,positive
37284,negative
37285,negative
37286,negative
37287,negative
37288,negative
37289,negative
37290,negative
37291,positive
37292,positive
37293,negative
37294,positive
37295,positive
37296,negative
37297,negative
37298,positive
37299,positive
37300,positive
37301,positive
37302,negative
37303,positive
37304,negative
37305,negative
37306,negative
37307,negative
37308,positive
37309,positive
37310,positive
37311,negative
37312,negative
37313,positive
37314,positive
37315,positive
37316,negative
37317,positive
37318,negative
37319,positive
37320,positive
37321,negative
37322,negative
37323,negative
37324,negative
37325,positive
37326,negative
37327,negative
37328,positive
37329,negative
37330,negative
37331,negative
37332,positive
37333,positive
37334,negative
37335,positive
37336,negative
37337,negative
37338,positive
37339,negative
37340,negative
37341,positive
37342,positive
37343,negative
37344,positive
37345,positive
37346,positive
37347,negative
37348,positive
37349,positive
37350,positive
37351,positive
37352,positive
37353,negative
37354,negative
37355,positive
37356,positive
37357,positive
37358,negative
37359,negative
37360,negative
37361,positive
37362,positive
37363,positive
37364,positive
37365,positive
37366,positive
37367,negative
37368,negative
37369,negative
37370,negative
37371,positive
37372,negative
37373,negative
37374,negative
37375,positive
37376,positive
37377,negative
37378,negative
37379,negative
37380,negative
37381,negative
37382,positive
37383,positive
37384,positive
37385,positive
37386,negative
37387,negative
37388,positive
37389,negative
37390,positive
37391,negative
37392,negative
37393,negative
37394,positive
37395,positive
37396,negative
37397,negative
37398,negative
37399,negative
37400,positive
37401,negative
37402,positive
37403,negative
37404,negative
37405,positive
37406,positive
37407,negative
37408,negative
37409,positive
37410,negative
37411,positive
37412,negative
37413,positive
37414,negative
37415,negative
37416,positive
37417,positive
37418,negative
37419,negative
37420,positive
37421,negative
37422,negative
37423,positive
37424,negative
37425,positive
37426,negative
37427,positive
37428,negative
37429,negative
37430,negative
37431,positive
37432,negative
37433,negative
37434,negative
37435,negative
37436,negative
37437,positive
37438,negative
37439,negative
37440,negative
37441,positive
37442,positive
37443,positive
37444,negative
37445,negative
37446,negative
37447,negative
37448,negative
37449,positive
37450,negative
37451,negative
37452,positive
37453,positive
37454,positive
37455,negative
37456,negative
37457,positive
37458,positive
37459,negative
37460,negative
37461,positive
37462,negative
37463,positive
37464,negative
37465,negative
37466,negative
37467,negative
37468,negative
37469,positive
37470,negative
37471,negative
37472,negative
37473,negative
37474,positive
37475,positive
37476,negative
37477,negative
37478,negative
37479,positive
37480,negative
37481,negative
37482,positive
37483,positive
37484,positive
37485,positive
37486,negative
37487,negative
37488,positive
37489,positive
37490,positive
37491,positive
37492,negative
37493,positive
37494,positive
37495,positive
37496,positive
37497,negative
37498,positive
37499,negative
37500,negative
37501,negative
37502,negative
37503,negative
37504,negative
37505,positive
37506,negative
37507,negative
37508,positive
37509,positive
37510,negative
37511,negative
37512,positive
37513,negative
37514,negative
37515,negative
37516,negative
37517,negative
37518,negative
37519,positive
37520,negative
37521,positive
37522,negative
37523,positive
37524,negative
37525,positive
37526,positive
37527,negative
37528,positive
37529,positive
37530,negative
37531,positive
37532,positive
37533,negative
37534,negative
37535,positive
37536,positive
37537,positive
37538,negative
37539,negative
37540,negative
37541,negative
37542,negative
37543,negative
37544,negative
37545,positive
37546,negative
37547,positive
37548,positive
37549,negative
37550,positive
37551,negative
37552,negative
37553,negative
37554,positive
37555,negative
37556,negative
37557,negative
37558,positive
37559,positive
37560,negative
37561,negative
37562,negative
37563,positive
37564,negative
37565,negative
37566,positive
37567,positive
37568,positive
37569,negative
37570,negative
37571,positive
37572,positive
37573,negative
37574,negative
37575,negative
37576,positive
37577,positive
37578,positive
37579,positive
37580,positive
37581,negative
37582,positive
37583,positive
37584,negative
37585,positive
37586,positive
37587,negative
37588,positive
37589,positive
37590,negative
37591,positive
37592,negative
37593,positive
37594,negative
37595,negative
37596,negative
37597,positive
37598,positive
37599,positive
37600,negative
37601,positive
37602,negative
37603,positive
37604,positive
37605,negative
37606,positive
37607,negative
37608,negative
37609,negative
37610,positive
37611,negative
37612,positive
37613,positive
37614,positive
37615,negative
37616,negative
37617,positive
37618,positive
37619,negative
37620,positive
37621,positive
37622,positive
37623,positive
37624,negative
37625,negative
37626,negative
37627,positive
37628,positive
37629,negative
37630,negative
37631,negative
37632,negative
37633,positive
37634,positive
37635,positive
37636,positive
37637,positive
37638,positive
37639,positive
37640,positive
37641,positive
37642,negative
37643,positive
37644,negative
37645,negative
37646,negative
37647,positive
37648,positive
37649,positive
37650,positive
37651,positive
37652,negative
37653,positive
37654,positive
37655,negative
37656,negative
37657,positive
37658,negative
37659,negative
37660,positive
37661,negative
37662,negative
37663,negative
37664,negative
37665,negative
37666,negative
37667,positive
37668,positive
37669,negative
37670,positive
37671,negative
37672,positive
37673,negative
37674,positive
37675,negative
37676,negative
37677,negative
37678,positive
37679,negative
37680,positive
37681,positive
37682,negative
37683,positive
37684,negative
37685,negative
37686,negative
37687,positive
37688,negative
37689,negative
37690,positive
37691,positive
37692,negative
37693,positive
37694,positive
37695,positive
37696,negative
37697,positive
37698,positive
37699,positive
37700,positive
37701,positive
37702,positive
37703,negative
37704,negative
37705,positive
37706,positive
37707,positive
37708,negative
37709,negative
37710,positive
37711,positive
37712,negative
37713,negative
37714,negative
37715,positive
37716,positive
37717,positive
37718,positive
37719,positive
37720,negative
37721,negative
37722,positive
37723,negative
37724,negative
37725,positive
37726,positive
37727,negative
37728,positive
37729,positive
37730,positive
37731,negative
37732,positive
37733,positive
37734,positive
37735,negative
37736,negative
37737,positive
37738,negative
37739,positive
37740,negative
37741,negative
37742,positive
37743,positive
37744,positive
37745,positive
37746,positive
37747,positive
37748,positive
37749,negative
37750,negative
37751,positive
37752,positive
37753,positive
37754,negative
37755,positive
37756,negative
37757,positive
37758,positive
37759,positive
37760,negative
37761,positive
37762,negative
37763,positive
37764,positive
37765,positive
37766,negative
37767,negative
37768,positive
37769,positive
37770,negative
37771,positive
37772,positive
37773,positive
37774,positive
37775,negative
37776,positive
37777,negative
37778,negative
37779,negative
37780,negative
37781,negative
37782,negative
37783,positive
37784,negative
37785,negative
37786,positive
37787,negative
37788,positive
37789,positive
37790,negative
37791,negative
37792,negative
37793,negative
37794,negative
37795,negative
37796,positive
37797,positive
37798,positive
37799,positive
37800,positive
37801,positive
37802,negative
37803,positive
37804,positive
37805,negative
37806,negative
37807,negative
37808,positive
37809,negative
37810,positive
37811,positive
37812,negative
37813,negative
37814,negative
37815,negative
37816,negative
37817,negative
37818,negative
37819,negative
37820,positive
37821,positive
37822,negative
37823,negative
37824,negative
37825,negative
37826,positive
37827,positive
37828,negative
37829,negative
37830,negative
37831,negative
37832,negative
37833,positive
37834,positive
37835,negative
37836,negative
37837,positive
37838,positive
37839,negative
37840,negative
37841,positive
37842,positive
37843,positive
37844,positive
37845,positive
37846,positive
37847,negative
37848,negative
37849,negative
37850,positive
37851,positive
37852,negative
37853,positive
37854,negative
37855,negative
37856,positive
37857,negative
37858,positive
37859,positive
37860,negative
37861,negative
37862,negative
37863,negative
37864,positive
37865,positive
37866,positive
37867,negative
37868,negative
37869,positive
37870,negative
37871,positive
37872,negative
37873,negative
37874,positive
37875,positive
37876,negative
37877,negative
37878,positive
37879,negative
37880,positive
37881,negative
37882,negative
37883,negative
37884,negative
37885,positive
37886,negative
37887,negative
37888,positive
37889,positive
37890,positive
37891,positive
37892,positive
37893,negative
37894,negative
37895,negative
37896,negative
37897,positive
37898,negative
37899,positive
37900,positive
37901,positive
37902,positive
37903,negative
37904,positive
37905,positive
37906,positive
37907,positive
37908,negative
37909,negative
37910,negative
37911,negative
37912,negative
37913,positive
37914,positive
37915,negative
37916,negative
37917,positive
37918,negative
37919,negative
37920,negative
37921,negative
37922,negative
37923,negative
37924,positive
37925,negative
37926,positive
37927,positive
37928,positive
37929,positive
37930,positive
37931,negative
37932,positive
37933,negative
37934,negative
37935,positive
37936,positive
37937,negative
37938,positive
37939,positive
37940,positive
37941,positive
37942,negative
37943,positive
37944,negative
37945,negative
37946,negative
37947,positive
37948,negative
37949,negative
37950,positive
37951,positive
37952,negative
37953,negative
37954,positive
37955,negative
37956,negative
37957,positive
37958,positive
37959,positive
37960,positive
37961,positive
37962,negative
37963,positive
37964,negative
37965,positive
37966,positive
37967,negative
37968,positive
37969,negative
37970,negative
37971,positive
37972,negative
37973,positive
37974,negative
37975,positive
37976,negative
37977,positive
37978,negative
37979,negative
37980,positive
37981,negative
37982,negative
37983,negative
37984,positive
37985,positive
37986,negative
37987,positive
37988,positive
37989,negative
37990,negative
37991,negative
37992,negative
37993,negative
37994,positive
37995,negative
37996,negative
37997,negative
37998,negative
37999,positive
38000,negative
38001,negative
38002,positive
38003,positive
38004,negative
38005,positive
38006,negative
38007,positive
38008,negative
38009,positive
38010,negative
38011,negative
38012,negative
38013,negative
38014,negative
38015,negative
38016,negative
38017,positive
38018,positive
38019,negative
38020,negative
38021,positive
38022,negative
38023,positive
38024,negative
38025,negative
38026,positive
38027,positive
38028,negative
38029,negative
38030,negative
38031,negative
38032,negative
38033,positive
38034,negative
38035,positive
38036,negative
38037,negative
38038,negative
38039,positive
38040,positive
38041,negative
38042,positive
38043,positive
38044,positive
38045,negative
38046,negative
38047,positive
38048,positive
38049,positive
38050,negative
38051,positive
38052,positive
38053,negative
38054,negative
38055,positive
38056,positive
38057,negative
38058,negative
38059,positive
38060,negative
38061,negative
38062,negative
38063,negative
38064,positive
38065,positive
38066,negative
38067,positive
38068,negative
38069,negative
38070,positive
38071,negative
38072,negative
38073,negative
38074,negative
38075,positive
38076,positive
38077,positive
38078,negative
38079,positive
38080,positive
38081,negative
38082,positive
38083,positive
38084,positive
38085,negative
38086,negative
38087,negative
38088,negative
38089,negative
38090,negative
38091,negative
38092,negative
38093,negative
38094,negative
38095,negative
38096,positive
38097,negative
38098,positive
38099,negative
38100,positive
38101,positive
38102,positive
38103,negative
38104,negative
38105,positive
38106,negative
38107,negative
38108,positive
38109,negative
38110,positive
38111,positive
38112,positive
38113,positive
38114,negative
38115,positive
38116,negative
38117,positive
38118,positive
38119,negative
38120,negative
38121,positive
38122,positive
38123,negative
38124,positive
38125,positive
38126,positive
38127,positive
38128,negative
38129,negative
38130,negative
38131,positive
38132,negative
38133,negative
38134,positive
38135,negative
38136,positive
38137,negative
38138,negative
38139,positive
38140,negative
38141,negative
38142,negative
38143,positive
38144,negative
38145,positive
38146,positive
38147,positive
38148,negative
38149,negative
38150,negative
38151,negative
38152,negative
38153,positive
38154,negative
38155,negative
38156,positive
38157,positive
38158,positive
38159,positive
38160,positive
38161,negative
38162,negative
38163,positive
38164,positive
38165,negative
38166,positive
38167,positive
38168,positive
38169,negative
38170,negative
38171,positive
38172,negative
38173,positive
38174,negative
38175,negative
38176,negative
38177,negative
38178,negative
38179,positive
38180,positive
38181,negative
38182,positive
38183,positive
38184,negative
38185,positive
38186,negative
38187,positive
38188,negative
38189,negative
38190,positive
38191,negative
38192,negative
38193,negative
38194,positive
38195,positive
38196,positive
38197,positive
38198,positive
38199,negative
38200,positive
38201,negative
38202,negative
38203,positive
38204,positive
38205,negative
38206,positive
38207,negative
38208,negative
38209,negative
38210,positive
38211,positive
38212,negative
38213,negative
38214,negative
38215,positive
38216,positive
38217,negative
38218,positive
38219,negative
38220,positive
38221,negative
38222,positive
38223,negative
38224,negative
38225,positive
38226,negative
38227,negative
38228,positive
38229,negative
38230,negative
38231,negative
38232,positive
38233,positive
38234,negative
38235,negative
38236,positive
38237,positive
38238,negative
38239,negative
38240,positive
38241,positive
38242,positive
38243,negative
38244,positive
38245,positive
38246,negative
38247,positive
38248,positive
38249,negative
38250,negative
38251,positive
38252,negative
38253,negative
38254,positive
38255,negative
38256,positive
38257,positive
38258,negative
38259,negative
38260,positive
38261,positive
38262,positive
38263,positive
38264,positive
38265,negative
38266,positive
38267,negative
38268,positive
38269,positive
38270,negative
38271,negative
38272,negative
38273,positive
38274,negative
38275,positive
38276,negative
38277,negative
38278,negative
38279,positive
38280,negative
38281,positive
38282,negative
38283,negative
38284,negative
38285,negative
38286,positive
38287,positive
38288,positive
38289,positive
38290,positive
38291,positive
38292,positive
38293,negative
38294,negative
38295,positive
38296,negative
38297,positive
38298,negative
38299,negative
38300,positive
38301,negative
38302,positive
38303,negative
38304,negative
38305,positive
38306,positive
38307,positive
38308,positive
38309,negative
38310,positive
38311,positive
38312,positive
38313,negative
38314,negative
38315,negative
38316,positive
38317,negative
38318,negative
38319,negative
38320,positive
38321,positive
38322,negative
38323,positive
38324,positive
38325,positive
38326,negative
38327,negative
38328,negative
38329,positive
38330,positive
38331,negative
38332,positive
38333,positive
38334,positive
38335,positive
38336,positive
38337,negative
38338,positive
38339,negative
38340,negative
38341,negative
38342,positive
38343,negative
38344,positive
38345,negative
38346,negative
38347,negative
38348,negative
38349,positive
38350,negative
38351,positive
38352,negative
38353,positive
38354,positive
38355,positive
38356,negative
38357,negative
38358,positive
38359,positive
38360,positive
38361,negative
38362,negative
38363,positive
38364,negative
38365,negative
38366,negative
38367,positive
38368,positive
38369,positive
38370,negative
38371,positive
38372,positive
38373,positive
38374,positive
38375,negative
38376,negative
38377,negative
38378,negative
38379,negative
38380,positive
38381,negative
38382,negative
38383,positive
38384,positive
38385,positive
38386,negative
38387,positive
38388,negative
38389,positive
38390,positive
38391,negative
38392,negative
38393,positive
38394,positive
38395,negative
38396,positive
38397,positive
38398,negative
38399,negative
38400,negative
38401,negative
38402,negative
38403,negative
38404,negative
38405,positive
38406,negative
38407,positive
38408,negative
38409,negative
38410,negative
38411,negative
38412,negative
38413,negative
38414,positive
38415,negative
38416,negative
38417,negative
38418,positive
38419,negative
38420,negative
38421,negative
38422,positive
38423,positive
38424,negative
38425,negative
38426,negative
38427,positive
38428,negative
38429,positive
38430,negative
38431,positive
38432,positive
38433,positive
38434,positive
38435,positive
38436,negative
38437,positive
38438,positive
38439,negative
38440,negative
38441,positive
38442,positive
38443,negative
38444,positive
38445,positive
38446,negative
38447,negative
38448,positive
38449,positive
38450,negative
38451,negative
38452,negative
38453,negative
38454,positive
38455,negative
38456,negative
38457,negative
38458,negative
38459,negative
38460,positive
38461,negative
38462,negative
38463,negative
38464,negative
38465,negative
38466,positive
38467,positive
38468,positive
38469,negative
38470,positive
38471,positive
38472,positive
38473,negative
38474,positive
38475,negative
38476,negative
38477,positive
38478,positive
38479,negative
38480,negative
38481,positive
38482,positive
38483,negative
38484,negative
38485,negative
38486,negative
38487,negative
38488,negative
38489,positive
38490,positive
38491,positive
38492,negative
38493,negative
38494,positive
38495,negative
38496,negative
38497,negative
38498,negative
38499,positive
38500,positive
38501,negative
38502,positive
38503,negative
38504,negative
38505,positive
38506,positive
38507,negative
38508,negative
38509,positive
38510,positive
38511,negative
38512,positive
38513,positive
38514,positive
38515,negative
38516,positive
38517,negative
38518,negative
38519,positive
38520,negative
38521,positive
38522,negative
38523,negative
38524,negative
38525,positive
38526,positive
38527,positive
38528,positive
38529,negative
38530,negative
38531,positive
38532,negative
38533,positive
38534,negative
38535,positive
38536,negative
38537,positive
38538,negative
38539,negative
38540,positive
38541,negative
38542,negative
38543,positive
38544,negative
38545,negative
38546,negative
38547,negative
38548,positive
38549,negative
38550,positive
38551,positive
38552,positive
38553,positive
38554,positive
38555,negative
38556,positive
38557,negative
38558,negative
38559,positive
38560,negative
38561,positive
38562,negative
38563,positive
38564,negative
38565,negative
38566,negative
38567,positive
38568,positive
38569,negative
38570,positive
38571,negative
38572,negative
38573,positive
38574,positive
38575,positive
38576,negative
38577,positive
38578,positive
38579,negative
38580,positive
38581,negative
38582,negative
38583,positive
38584,positive
38585,positive
38586,positive
38587,negative
38588,positive
38589,positive
38590,positive
38591,positive
38592,negative
38593,positive
38594,negative
38595,positive
38596,positive
38597,positive
38598,positive
38599,negative
38600,negative
38601,positive
38602,negative
38603,negative
38604,positive
38605,negative
38606,positive
38607,positive
38608,positive
38609,negative
38610,positive
38611,negative
38612,negative
38613,positive
38614,negative
38615,positive
38616,positive
38617,negative
38618,positive
38619,positive
38620,positive
38621,negative
38622,negative
38623,negative
38624,positive
38625,positive
38626,negative
38627,positive
38628,positive
38629,positive
38630,positive
38631,positive
38632,negative
38633,negative
38634,positive
38635,positive
38636,negative
38637,positive
38638,positive
38639,positive
38640,negative
38641,positive
38642,negative
38643,negative
38644,positive
38645,negative
38646,negative
38647,positive
38648,positive
38649,positive
38650,negative
38651,positive
38652,negative
38653,negative
38654,positive
38655,positive
38656,positive
38657,negative
38658,negative
38659,positive
38660,negative
38661,negative
38662,positive
38663,positive
38664,positive
38665,negative
38666,negative
38667,positive
38668,negative
38669,negative
38670,negative
38671,positive
38672,negative
38673,negative
38674,positive
38675,positive
38676,positive
38677,positive
38678,negative
38679,positive
38680,negative
38681,positive
38682,negative
38683,positive
38684,positive
38685,negative
38686,negative
38687,positive
38688,negative
38689,negative
38690,negative
38691,positive
38692,positive
38693,negative
38694,negative
38695,positive
38696,positive
38697,negative
38698,positive
38699,negative
38700,positive
38701,negative
38702,negative
38703,negative
38704,positive
38705,positive
38706,negative
38707,positive
38708,negative
38709,positive
38710,negative
38711,positive
38712,negative
38713,negative
38714,negative
38715,negative
38716,positive
38717,negative
38718,negative
38719,negative
38720,positive
38721,positive
38722,negative
38723,positive
38724,positive
38725,positive
38726,positive
38727,negative
38728,negative
38729,negative
38730,positive
38731,positive
38732,positive
38733,negative
38734,positive
38735,positive
38736,negative
38737,negative
38738,negative
38739,positive
38740,negative
38741,negative
38742,negative
38743,positive
38744,negative
38745,positive
38746,positive
38747,negative
38748,negative
38749,negative
38750,positive
38751,negative
38752,positive
38753,negative
38754,negative
38755,negative
38756,negative
38757,positive
38758,negative
38759,positive
38760,negative
38761,negative
38762,positive
38763,positive
38764,positive
38765,positive
38766,negative
38767,positive
38768,negative
38769,negative
38770,negative
38771,negative
38772,positive
38773,positive
38774,positive
38775,negative
38776,negative
38777,negative
38778,negative
38779,negative
38780,negative
38781,negative
38782,negative
38783,positive
38784,negative
38785,negative
38786,positive
38787,negative
38788,positive
38789,negative
38790,positive
38791,negative
38792,negative
38793,negative
38794,negative
38795,negative
38796,positive
38797,positive
38798,negative
38799,negative
38800,positive
38801,positive
38802,negative
38803,positive
38804,positive
38805,negative
38806,positive
38807,negative
38808,negative
38809,positive
38810,negative
38811,positive
38812,negative
38813,positive
38814,negative
38815,positive
38816,negative
38817,negative
38818,negative
38819,positive
38820,negative
38821,positive
38822,positive
38823,negative
38824,positive
38825,negative
38826,positive
38827,positive
38828,negative
38829,negative
38830,positive
38831,negative
38832,negative
38833,negative
38834,negative
38835,positive
38836,positive
38837,positive
38838,positive
38839,positive
38840,positive
38841,positive
38842,positive
38843,positive
38844,positive
38845,negative
38846,negative
38847,positive
38848,negative
38849,negative
38850,negative
38851,positive
38852,negative
38853,negative
38854,negative
38855,negative
38856,negative
38857,negative
38858,positive
38859,positive
38860,positive
38861,positive
38862,negative
38863,positive
38864,positive
38865,negative
38866,positive
38867,negative
38868,negative
38869,positive
38870,negative
38871,positive
38872,positive
38873,negative
38874,negative
38875,negative
38876,negative
38877,positive
38878,positive
38879,negative
38880,positive
38881,positive
38882,negative
38883,negative
38884,negative
38885,negative
38886,negative
38887,positive
38888,negative
38889,negative
38890,positive
38891,negative
38892,negative
38893,negative
38894,negative
38895,positive
38896,positive
38897,negative
38898,negative
38899,positive
38900,positive
38901,negative
38902,negative
38903,positive
38904,positive
38905,negative
38906,negative
38907,negative
38908,positive
38909,negative
38910,negative
38911,negative
38912,positive
38913,negative
38914,positive
38915,negative
38916,negative
38917,negative
38918,negative
38919,negative
38920,positive
38921,positive
38922,negative
38923,positive
38924,positive
38925,positive
38926,positive
38927,negative
38928,positive
38929,negative
38930,negative
38931,negative
38932,positive
38933,negative
38934,positive
38935,positive
38936,negative
38937,negative
38938,negative
38939,positive
38940,positive
38941,negative
38942,negative
38943,positive
38944,negative
38945,positive
38946,positive
38947,positive
38948,negative
38949,negative
38950,positive
38951,negative
38952,negative
38953,negative
38954,negative
38955,negative
38956,positive
38957,positive
38958,positive
38959,negative
38960,negative
38961,negative
38962,negative
38963,negative
38964,negative
38965,negative
38966,positive
38967,negative
38968,negative
38969,negative
38970,negative
38971,negative
38972,positive
38973,negative
38974,positive
38975,negative
38976,negative
38977,positive
38978,negative
38979,positive
38980,positive
38981,positive
38982,negative
38983,positive
38984,positive
38985,negative
38986,positive
38987,negative
38988,positive
38989,positive
38990,negative
38991,negative
38992,positive
38993,negative
38994,negative
38995,negative
38996,negative
38997,negative
38998,negative
38999,positive
39000,positive
39001,positive
39002,positive
39003,positive
39004,positive
39005,positive
39006,negative
39007,positive
39008,positive
39009,positive
39010,positive
39011,positive
39012,positive
39013,positive
39014,positive
39015,positive
39016,positive
39017,negative
39018,positive
39019,negative
39020,negative
39021,positive
39022,positive
39023,negative
39024,negative
39025,negative
39026,negative
39027,positive
39028,positive
39029,positive
39030,negative
39031,positive
39032,positive
39033,negative
39034,positive
39035,negative
39036,positive
39037,negative
39038,negative
39039,negative
39040,negative
39041,negative
39042,positive
39043,positive
39044,negative
39045,negative
39046,positive
39047,negative
39048,positive
39049,positive
39050,negative
39051,positive
39052,negative
39053,negative
39054,negative
39055,positive
39056,negative
39057,negative
39058,negative
39059,negative
39060,positive
39061,positive
39062,positive
39063,positive
39064,negative
39065,negative
39066,negative
39067,positive
39068,positive
39069,negative
39070,positive
39071,positive
39072,positive
39073,positive
39074,positive
39075,positive
39076,positive
39077,positive
39078,positive
39079,positive
39080,positive
39081,negative
39082,positive
39083,positive
39084,positive
39085,positive
39086,positive
39087,negative
39088,positive
39089,positive
39090,positive
39091,negative
39092,negative
39093,negative
39094,positive
39095,negative
39096,negative
39097,negative
39098,negative
39099,negative
39100,positive
39101,positive
39102,positive
39103,negative
39104,positive
39105,negative
39106,positive
39107,positive
39108,positive
39109,positive
39110,positive
39111,negative
39112,positive
39113,negative
39114,positive
39115,positive
39116,positive
39117,positive
39118,negative
39119,negative
39120,negative
39121,positive
39122,negative
39123,positive
39124,negative
39125,negative
39126,negative
39127,positive
39128,positive
39129,negative
39130,negative
39131,positive
39132,positive
39133,negative
39134,negative
39135,positive
39136,negative
39137,positive
39138,positive
39139,positive
39140,positive
39141,negative
39142,positive
39143,positive
39144,negative
39145,positive
39146,negative
39147,positive
39148,positive
39149,positive
39150,negative
39151,negative
39152,negative
39153,negative
39154,negative
39155,negative
39156,positive
39157,negative
39158,positive
39159,negative
39160,positive
39161,positive
39162,positive
39163,negative
39164,negative
39165,positive
39166,positive
39167,negative
39168,positive
39169,negative
39170,positive
39171,positive
39172,negative
39173,negative
39174,negative
39175,negative
39176,positive
39177,positive
39178,negative
39179,positive
39180,negative
39181,negative
39182,negative
39183,positive
39184,negative
39185,positive
39186,negative
39187,positive
39188,negative
39189,negative
39190,positive
39191,negative
39192,negative
39193,negative
39194,positive
39195,negative
39196,positive
39197,positive
39198,positive
39199,negative
39200,positive
39201,positive
39202,positive
39203,negative
39204,positive
39205,positive
39206,negative
39207,positive
39208,positive
39209,negative
39210,negative
39211,positive
39212,positive
39213,positive
39214,positive
39215,negative
39216,positive
39217,positive
39218,positive
39219,positive
39220,positive
39221,negative
39222,negative
39223,negative
39224,negative
39225,positive
39226,negative
39227,positive
39228,negative
39229,positive
39230,negative
39231,negative
39232,negative
39233,negative
39234,positive
39235,positive
39236,positive
39237,negative
39238,negative
39239,positive
39240,positive
39241,positive
39242,positive
39243,negative
39244,negative
39245,negative
39246,negative
39247,positive
39248,negative
39249,positive
39250,positive
39251,negative
39252,negative
39253,positive
39254,positive
39255,positive
39256,negative
39257,negative
39258,negative
39259,positive
39260,negative
39261,negative
39262,positive
39263,negative
39264,positive
39265,positive
39266,negative
39267,negative
39268,positive
39269,positive
39270,negative
39271,negative
39272,positive
39273,positive
39274,positive
39275,positive
39276,negative
39277,negative
39278,positive
39279,positive
39280,negative
39281,negative
39282,positive
39283,positive
39284,negative
39285,positive
39286,negative
39287,positive
39288,negative
39289,negative
39290,negative
39291,negative
39292,positive
39293,negative
39294,negative
39295,negative
39296,positive
39297,positive
39298,negative
39299,positive
39300,negative
39301,positive
39302,positive
39303,negative
39304,positive
39305,negative
39306,negative
39307,negative
39308,positive
39309,positive
39310,negative
39311,negative
39312,negative
39313,positive
39314,negative
39315,negative
39316,positive
39317,negative
39318,negative
39319,positive
39320,positive
39321,positive
39322,positive
39323,negative
39324,negative
39325,negative
39326,negative
39327,negative
39328,positive
39329,negative
39330,negative
39331,negative
39332,negative
39333,positive
39334,positive
39335,negative
39336,negative
39337,positive
39338,positive
39339,negative
39340,negative
39341,positive
39342,positive
39343,negative
39344,positive
39345,negative
39346,positive
39347,negative
39348,negative
39349,negative
39350,negative
39351,positive
39352,negative
39353,negative
39354,positive
39355,positive
39356,negative
39357,positive
39358,negative
39359,positive
39360,positive
39361,negative
39362,positive
39363,positive
39364,negative
39365,positive
39366,positive
39367,negative
39368,positive
39369,negative
39370,positive
39371,negative
39372,negative
39373,negative
39374,positive
39375,positive
39376,negative
39377,negative
39378,positive
39379,positive
39380,negative
39381,positive
39382,positive
39383,negative
39384,negative
39385,negative
39386,negative
39387,positive
39388,negative
39389,positive
39390,negative
39391,negative
39392,positive
39393,positive
39394,negative
39395,positive
39396,negative
39397,negative
39398,negative
39399,positive
39400,positive
39401,positive
39402,negative
39403,negative
39404,positive
39405,positive
39406,negative
39407,positive
39408,negative
39409,positive
39410,negative
39411,positive
39412,positive
39413,positive
39414,negative
39415,negative
39416,positive
39417,positive
39418,negative
39419,positive
39420,positive
39421,negative
39422,negative
39423,negative
39424,positive
39425,negative
39426,positive
39427,positive
39428,positive
39429,negative
39430,negative
39431,positive
39432,negative
39433,positive
39434,negative
39435,positive
39436,positive
39437,negative
39438,negative
39439,negative
39440,positive
39441,positive
39442,negative
39443,positive
39444,negative
39445,negative
39446,negative
39447,positive
39448,positive
39449,negative
39450,negative
39451,positive
39452,positive
39453,negative
39454,negative
39455,positive
39456,negative
39457,positive
39458,positive
39459,negative
39460,negative
39461,positive
39462,negative
39463,negative
39464,positive
39465,positive
39466,negative
39467,positive
39468,positive
39469,positive
39470,positive
39471,positive
39472,negative
39473,positive
39474,negative
39475,positive
39476,positive
39477,negative
39478,positive
39479,negative
39480,negative
39481,positive
39482,negative
39483,negative
39484,negative
39485,positive
39486,negative
39487,positive
39488,positive
39489,positive
39490,negative
39491,negative
39492,positive
39493,positive
39494,negative
39495,negative
39496,negative
39497,positive
39498,positive
39499,negative
39500,negative
39501,positive
39502,positive
39503,positive
39504,positive
39505,negative
39506,positive
39507,negative
39508,negative
39509,positive
39510,negative
39511,negative
39512,negative
39513,positive
39514,positive
39515,positive
39516,negative
39517,positive
39518,negative
39519,negative
39520,negative
39521,negative
39522,negative
39523,negative
39524,positive
39525,positive
39526,positive
39527,negative
39528,negative
39529,negative
39530,positive
39531,positive
39532,positive
39533,negative
39534,positive
39535,negative
39536,negative
39537,positive
39538,positive
39539,positive
39540,negative
39541,negative
39542,positive
39543,positive
39544,negative
39545,negative
39546,positive
39547,positive
39548,positive
39549,positive
39550,positive
39551,negative
39552,negative
39553,positive
39554,negative
39555,negative
39556,negative
39557,negative
39558,negative
39559,negative
39560,positive
39561,positive
39562,positive
39563,positive
39564,negative
39565,positive
39566,negative
39567,negative
39568,negative
39569,negative
39570,positive
39571,negative
39572,positive
39573,positive
39574,positive
39575,negative
39576,positive
39577,negative
39578,positive
39579,negative
39580,positive
39581,negative
39582,negative
39583,negative
39584,positive
39585,positive
39586,negative
39587,negative
39588,negative
39589,positive
39590,negative
39591,positive
39592,negative
39593,negative
39594,positive
39595,positive
39596,positive
39597,negative
39598,positive
39599,negative
39600,negative
39601,negative
39602,negative
39603,positive
39604,positive
39605,negative
39606,positive
39607,negative
39608,negative
39609,positive
39610,positive
39611,negative
39612,positive
39613,negative
39614,negative
39615,positive
39616,positive
39617,negative
39618,negative
39619,positive
39620,negative
39621,negative
39622,negative
39623,positive
39624,positive
39625,negative
39626,negative
39627,positive
39628,negative
39629,positive
39630,negative
39631,positive
39632,negative
39633,negative
39634,negative
39635,negative
39636,negative
39637,positive
39638,positive
39639,positive
39640,negative
39641,negative
39642,positive
39643,negative
39644,negative
39645,positive
39646,positive
39647,positive
39648,negative
39649,negative
39650,negative
39651,positive
39652,positive
39653,positive
39654,positive
39655,negative
39656,negative
39657,negative
39658,negative
39659,negative
39660,negative
39661,positive
39662,negative
39663,positive
39664,positive
39665,negative
39666,positive
39667,negative
39668,negative
39669,positive
39670,negative
39671,positive
39672,positive
39673,positive
39674,positive
39675,negative
39676,positive
39677,negative
39678,positive
39679,negative
39680,negative
39681,positive
39682,positive
39683,positive
39684,negative
39685,negative
39686,negative
39687,positive
39688,negative
39689,negative
39690,negative
39691,positive
39692,negative
39693,positive
39694,positive
39695,positive
39696,positive
39697,negative
39698,positive
39699,negative
39700,positive
39701,positive
39702,negative
39703,positive
39704,negative
39705,negative
39706,negative
39707,positive
39708,negative
39709,positive
39710,negative
39711,positive
39712,positive
39713,positive
39714,positive
39715,positive
39716,negative
39717,positive
39718,negative
39719,negative
39720,positive
39721,positive
39722,negative
39723,positive
39724,positive
39725,positive
39726,positive
39727,negative
39728,negative
39729,positive
39730,positive
39731,positive
39732,negative
39733,negative
39734,positive
39735,negative
39736,positive
39737,negative
39738,negative
39739,positive
39740,positive
39741,negative
39742,negative
39743,negative
39744,positive
39745,negative
39746,positive
39747,positive
39748,positive
39749,negative
39750,negative
39751,positive
39752,negative
39753,negative
39754,positive
39755,positive
39756,positive
39757,negative
39758,negative
39759,positive
39760,negative
39761,positive
39762,negative
39763,negative
39764,negative
39765,positive
39766,positive
39767,negative
39768,negative
39769,negative
39770,negative
39771,positive
39772,positive
39773,negative
39774,negative
39775,positive
39776,negative
39777,positive
39778,positive
39779,negative
39780,negative
39781,negative
39782,negative
39783,negative
39784,negative
39785,negative
39786,negative
39787,positive
39788,positive
39789,positive
39790,positive
39791,positive
39792,positive
39793,positive
39794,positive
39795,positive
39796,negative
39797,negative
39798,negative
39799,negative
39800,negative
39801,positive
39802,negative
39803,positive
39804,negative
39805,negative
39806,negative
39807,negative
39808,positive
39809,positive
39810,positive
39811,negative
39812,positive
39813,positive
39814,negative
39815,positive
39816,negative
39817,negative
39818,positive
39819,positive
39820,negative
39821,negative
39822,positive
39823,positive
39824,positive
39825,positive
39826,negative
39827,positive
39828,positive
39829,positive
39830,negative
39831,negative
39832,negative
39833,negative
39834,positive
39835,negative
39836,negative
39837,negative
39838,positive
39839,positive
39840,positive
39841,positive
39842,positive
39843,negative
39844,negative
39845,negative
39846,positive
39847,negative
39848,negative
39849,negative
39850,positive
39851,negative
39852,positive
39853,positive
39854,negative
39855,positive
39856,positive
39857,positive
39858,positive
39859,negative
39860,positive
39861,positive
39862,negative
39863,negative
39864,negative
39865,negative
39866,positive
39867,negative
39868,positive
39869,positive
39870,positive
39871,negative
39872,negative
39873,positive
39874,positive
39875,positive
39876,negative
39877,positive
39878,negative
39879,negative
39880,negative
39881,positive
39882,positive
39883,positive
39884,positive
39885,negative
39886,negative
39887,negative
39888,negative
39889,positive
39890,positive
39891,negative
39892,negative
39893,negative
39894,positive
39895,positive
39896,negative
39897,positive
39898,positive
39899,negative
39900,positive
39901,positive
39902,negative
39903,negative
39904,negative
39905,negative
39906,positive
39907,negative
39908,positive
39909,negative
39910,negative
39911,positive
39912,negative
39913,positive
39914,negative
39915,negative
39916,negative
39917,negative
39918,negative
39919,positive
39920,negative
39921,positive
39922,positive
39923,positive
39924,positive
39925,negative
39926,positive
39927,negative
39928,negative
39929,negative
39930,positive
39931,negative
39932,negative
39933,negative
39934,negative
39935,negative
39936,positive
39937,negative
39938,positive
39939,positive
39940,negative
39941,negative
39942,negative
39943,negative
39944,positive
39945,negative
39946,negative
39947,negative
39948,positive
39949,negative
39950,positive
39951,positive
39952,positive
39953,negative
39954,positive
39955,positive
39956,negative
39957,positive
39958,positive
39959,positive
39960,negative
39961,positive
39962,negative
39963,positive
39964,negative
39965,positive
39966,negative
39967,negative
39968,positive
39969,positive
39970,positive
39971,negative
39972,negative
39973,positive
39974,positive
39975,positive
39976,negative
39977,positive
39978,negative
39979,negative
39980,negative
39981,negative
39982,negative
39983,positive
39984,negative
39985,positive
39986,negative
39987,negative
39988,negative
39989,negative
39990,negative
39991,negative
39992,negative
39993,positive
39994,positive
39995,positive
39996,negative
39997,positive
39998,negative
39999,positive
40000,positive
40001,negative
40002,positive
40003,positive
40004,negative
40005,positive
40006,negative
40007,positive
40008,positive
40009,negative
40010,negative
40011,positive
40012,positive
40013,negative
40014,positive
40015,positive
40016,positive
40017,negative
40018,positive
40019,positive
40020,negative
40021,positive
40022,positive
40023,positive
40024,negative
40025,negative
40026,positive
40027,negative
40028,negative
40029,positive
40030,positive
40031,negative
40032,negative
40033,negative
40034,positive
40035,negative
40036,negative
40037,positive
40038,positive
40039,positive
40040,negative
40041,negative
40042,negative
40043,positive
40044,positive
40045,positive
40046,negative
40047,positive
40048,negative
40049,negative
40050,negative
40051,negative
40052,negative
40053,positive
40054,negative
40055,negative
40056,negative
40057,positive
40058,positive
40059,negative
40060,positive
40061,negative
40062,negative
40063,negative
40064,negative
40065,negative
40066,negative
40067,negative
40068,positive
40069,positive
40070,positive
40071,negative
40072,negative
40073,negative
40074,positive
40075,negative
40076,positive
40077,negative
40078,negative
40079,positive
40080,positive
40081,positive
40082,negative
40083,negative
40084,negative
40085,negative
40086,positive
40087,negative
40088,negative
40089,negative
40090,negative
40091,positive
40092,negative
40093,positive
40094,positive
40095,negative
40096,negative
40097,negative
40098,negative
40099,negative
40100,negative
40101,positive
40102,negative
40103,positive
40104,positive
40105,negative
40106,negative
40107,negative
40108,negative
40109,negative
40110,negative
40111,positive
40112,positive
40113,negative
40114,positive
40115,positive
40116,negative
40117,positive
40118,positive
40119,negative
40120,negative
40121,negative
40122,positive
40123,negative
40124,positive
40125,negative
40126,positive
40127,positive
40128,negative
40129,negative
40130,positive
40131,negative
40132,negative
40133,positive
40134,negative
40135,negative
40136,negative
40137,negative
40138,negative
40139,negative
40140,positive
40141,negative
40142,negative
40143,positive
40144,negative
40145,positive
40146,negative
40147,negative
40148,negative
40149,negative
40150,positive
40151,negative
40152,negative
40153,negative
40154,positive
40155,positive
40156,positive
40157,positive
40158,negative
40159,positive
40160,positive
40161,positive
40162,negative
40163,negative
40164,positive
40165,positive
40166,positive
40167,negative
40168,positive
40169,positive
40170,negative
40171,positive
40172,negative
40173,positive
40174,positive
40175,positive
40176,negative
40177,positive
40178,negative
40179,positive
40180,negative
40181,negative
40182,positive
40183,negative
40184,positive
40185,negative
40186,positive
40187,positive
40188,negative
40189,negative
40190,positive
40191,negative
40192,negative
40193,positive
40194,positive
40195,negative
40196,negative
40197,negative
40198,positive
40199,negative
40200,negative
40201,negative
40202,negative
40203,negative
40204,negative
40205,negative
40206,positive
40207,positive
40208,negative
40209,positive
40210,positive
40211,positive
40212,negative
40213,negative
40214,positive
40215,negative
40216,negative
40217,positive
40218,negative
40219,negative
40220,negative
40221,negative
40222,negative
40223,negative
40224,positive
40225,positive
40226,negative
40227,negative
40228,negative
40229,positive
40230,negative
40231,negative
40232,negative
40233,positive
40234,positive
40235,positive
40236,negative
40237,positive
40238,positive
40239,positive
40240,positive
40241,negative
40242,negative
40243,negative
40244,negative
40245,positive
40246,positive
40247,positive
40248,negative
40249,negative
40250,positive
40251,positive
40252,negative
40253,positive
40254,positive
40255,negative
40256,positive
40257,negative
40258,positive
40259,positive
40260,negative
40261,negative
40262,positive
40263,negative
40264,positive
40265,positive
40266,positive
40267,negative
40268,negative
40269,positive
40270,negative
40271,negative
40272,positive
40273,positive
40274,negative
40275,negative
40276,positive
40277,negative
40278,negative
40279,negative
40280,negative
40281,positive
40282,positive
40283,negative
40284,positive
40285,positive
40286,negative
40287,negative
40288,negative
40289,positive
40290,positive
40291,negative
40292,negative
40293,positive
40294,negative
40295,positive
40296,positive
40297,negative
40298,negative
40299,negative
40300,negative
40301,positive
40302,positive
40303,negative
40304,positive
40305,positive
40306,positive
40307,positive
40308,negative
40309,positive
40310,positive
40311,positive
40312,positive
40313,negative
40314,positive
40315,negative
40316,negative
40317,positive
40318,negative
40319,positive
40320,negative
40321,negative
40322,negative
40323,negative
40324,positive
40325,negative
40326,negative
40327,positive
40328,negative
40329,negative
40330,negative
40331,negative
40332,positive
40333,negative
40334,positive
40335,positive
40336,positive
40337,positive
40338,negative
40339,negative
40340,negative
40341,positive
40342,positive
40343,positive
40344,negative
40345,positive
40346,negative
40347,negative
40348,negative
40349,positive
40350,positive
40351,negative
40352,negative
40353,positive
40354,negative
40355,positive
40356,positive
40357,negative
40358,negative
40359,positive
40360,positive
40361,negative
40362,positive
40363,negative
40364,negative
40365,positive
40366,negative
40367,negative
40368,positive
40369,negative
40370,negative
40371,negative
40372,positive
40373,negative
40374,negative
40375,negative
40376,negative
40377,positive
40378,negative
40379,negative
40380,positive
40381,positive
40382,negative
40383,negative
40384,positive
40385,negative
40386,positive
40387,positive
40388,positive
40389,positive
40390,positive
40391,negative
40392,positive
40393,positive
40394,negative
40395,positive
40396,negative
40397,positive
40398,negative
40399,negative
40400,positive
40401,positive
40402,positive
40403,negative
40404,positive
40405,negative
40406,negative
40407,negative
40408,negative
40409,positive
40410,positive
40411,negative
40412,positive
40413,negative
40414,negative
40415,positive
40416,positive
40417,positive
40418,negative
40419,positive
40420,positive
40421,positive
40422,positive
40423,positive
40424,negative
40425,negative
40426,negative
40427,positive
40428,positive
40429,positive
40430,negative
40431,positive
40432,negative
40433,positive
40434,positive
40435,negative
40436,negative
40437,negative
40438,positive
40439,negative
40440,negative
40441,negative
40442,positive
40443,negative
40444,negative
40445,negative
40446,positive
40447,negative
40448,negative
40449,positive
40450,positive
40451,negative
40452,positive
40453,positive
40454,negative
40455,negative
40456,positive
40457,positive
40458,negative
40459,positive
40460,positive
40461,negative
40462,positive
40463,negative
40464,positive
40465,positive
40466,positive
40467,negative
40468,negative
40469,negative
40470,positive
40471,negative
40472,negative
40473,negative
40474,positive
40475,negative
40476,negative
40477,negative
40478,positive
40479,positive
40480,positive
40481,negative
40482,positive
40483,negative
40484,negative
40485,positive
40486,negative
40487,positive
40488,positive
40489,negative
40490,negative
40491,negative
40492,positive
40493,positive
40494,positive
40495,positive
40496,positive
40497,positive
40498,positive
40499,negative
40500,negative
40501,negative
40502,positive
40503,positive
40504,positive
40505,positive
40506,positive
40507,positive
40508,negative
40509,negative
40510,negative
40511,positive
40512,positive
40513,positive
40514,negative
40515,negative
40516,negative
40517,positive
40518,positive
40519,positive
40520,negative
40521,positive
40522,positive
40523,positive
40524,negative
40525,positive
40526,positive
40527,negative
40528,positive
40529,negative
40530,positive
40531,negative
40532,positive
40533,positive
40534,negative
40535,negative
40536,positive
40537,negative
40538,negative
40539,positive
40540,negative
40541,negative
40542,positive
40543,positive
40544,positive
40545,positive
40546,negative
40547,positive
40548,negative
40549,positive
40550,positive
40551,positive
40552,negative
40553,negative
40554,negative
40555,negative
40556,positive
40557,negative
40558,positive
40559,negative
40560,positive
40561,negative
40562,positive
40563,negative
40564,positive
40565,negative
40566,positive
40567,negative
40568,positive
40569,negative
40570,negative
40571,negative
40572,positive
40573,positive
40574,positive
40575,positive
40576,negative
40577,positive
40578,negative
40579,negative
40580,negative
40581,positive
40582,negative
40583,positive
40584,positive
40585,negative
40586,positive
40587,positive
40588,negative
40589,negative
40590,negative
40591,negative
40592,negative
40593,negative
40594,positive
40595,positive
40596,positive
40597,positive
40598,negative
40599,positive
40600,positive
40601,positive
40602,positive
40603,positive
40604,negative
40605,positive
40606,negative
40607,positive
40608,negative
40609,positive
40610,negative
40611,negative
40612,negative
40613,positive
40614,positive
40615,negative
40616,negative
40617,negative
40618,positive
40619,positive
40620,negative
40621,negative
40622,positive
40623,positive
40624,positive
40625,positive
40626,positive
40627,negative
40628,negative
40629,negative
40630,negative
40631,negative
40632,positive
40633,positive
40634,positive
40635,positive
40636,positive
40637,negative
40638,positive
40639,positive
40640,positive
40641,negative
40642,positive
40643,negative
40644,negative
40645,negative
40646,positive
40647,negative
40648,positive
40649,positive
40650,positive
40651,negative
40652,negative
40653,positive
40654,positive
40655,negative
40656,positive
40657,positive
40658,negative
40659,negative
40660,negative
40661,positive
40662,negative
40663,negative
40664,negative
40665,positive
40666,negative
40667,negative
40668,negative
40669,negative
40670,negative
40671,negative
40672,negative
40673,positive
40674,negative
40675,negative
40676,positive
40677,positive
40678,positive
40679,positive
40680,negative
40681,negative
40682,negative
40683,negative
40684,negative
40685,negative
40686,negative
40687,positive
40688,positive
40689,negative
40690,positive
40691,positive
40692,positive
40693,positive
40694,negative
40695,negative
40696,negative
40697,negative
40698,negative
40699,negative
40700,negative
40701,positive
40702,positive
40703,positive
40704,negative
40705,negative
40706,positive
40707,positive
40708,negative
40709,negative
40710,positive
40711,positive
40712,negative
40713,negative
40714,negative
40715,positive
40716,positive
40717,positive
40718,positive
40719,positive
40720,negative
40721,negative
40722,negative
40723,negative
40724,negative
40725,positive
40726,negative
40727,positive
40728,positive
40729,positive
40730,negative
40731,negative
40732,positive
40733,negative
40734,positive
40735,positive
40736,positive
40737,negative
40738,positive
40739,positive
40740,positive
40741,positive
40742,negative
40743,negative
40744,positive
40745,negative
40746,positive
40747,positive
40748,positive
40749,negative
40750,negative
40751,positive
40752,negative
40753,positive
40754,negative
40755,positive
40756,positive
40757,positive
40758,negative
40759,positive
40760,negative
40761,positive
40762,negative
40763,positive
40764,positive
40765,negative
40766,positive
40767,positive
40768,positive
40769,negative
40770,negative
40771,negative
40772,negative
40773,positive
40774,negative
40775,negative
40776,negative
40777,negative
40778,positive
40779,negative
40780,negative
40781,negative
40782,positive
40783,positive
40784,negative
40785,positive
40786,positive
40787,positive
40788,negative
40789,negative
40790,negative
40791,negative
40792,negative
40793,positive
40794,negative
40795,positive
40796,positive
40797,positive
40798,positive
40799,negative
40800,negative
40801,positive
40802,negative
40803,negative
40804,negative
40805,positive
40806,positive
40807,positive
40808,negative
40809,negative
40810,negative
40811,negative
40812,negative
40813,negative
40814,negative
40815,positive
40816,negative
40817,positive
40818,negative
40819,positive
40820,positive
40821,positive
40822,negative
40823,negative
40824,negative
40825,positive
40826,negative
40827,negative
40828,negative
40829,positive
40830,negative
40831,negative
40832,positive
40833,negative
40834,negative
40835,positive
40836,negative
40837,positive
40838,positive
40839,positive
40840,negative
40841,positive
40842,positive
40843,negative
40844,negative
40845,negative
40846,negative
40847,positive
40848,positive
40849,negative
40850,positive
40851,negative
40852,negative
40853,negative
40854,negative
40855,positive
40856,positive
40857,negative
40858,negative
40859,negative
40860,negative
40861,positive
40862,negative
40863,positive
40864,negative
40865,negative
40866,negative
40867,negative
40868,negative
40869,positive
40870,positive
40871,positive
40872,positive
40873,negative
40874,positive
40875,negative
40876,positive
40877,negative
40878,positive
40879,positive
40880,positive
40881,negative
40882,positive
40883,negative
40884,negative
40885,positive
40886,positive
40887,negative
40888,negative
40889,negative
40890,negative
40891,positive
40892,negative
40893,positive
40894,negative
40895,positive
40896,negative
40897,negative
40898,negative
40899,negative
40900,positive
40901,positive
40902,positive
40903,positive
40904,negative
40905,positive
40906,negative
40907,negative
40908,negative
40909,positive
40910,negative
40911,positive
40912,negative
40913,negative
40914,positive
40915,positive
40916,negative
40917,negative
40918,negative
40919,negative
40920,negative
40921,negative
40922,negative
40923,positive
40924,negative
40925,positive
40926,negative
40927,negative
40928,negative
40929,negative
40930,positive
40931,negative
40932,positive
40933,positive
40934,negative
40935,negative
40936,positive
40937,negative
40938,negative
40939,negative
40940,negative
40941,positive
40942,positive
40943,positive
40944,negative
40945,positive
40946,positive
40947,positive
40948,positive
40949,positive
40950,negative
40951,negative
40952,positive
40953,positive
40954,negative
40955,negative
40956,negative
40957,negative
40958,positive
40959,negative
40960,negative
40961,negative
40962,negative
40963,positive
40964,negative
40965,positive
40966,negative
40967,negative
40968,negative
40969,positive
40970,negative
40971,positive
40972,positive
40973,positive
40974,positive
40975,negative
40976,negative
40977,negative
40978,negative
40979,positive
40980,negative
40981,negative
40982,positive
40983,negative
40984,positive
40985,negative
40986,positive
40987,negative
40988,positive
40989,positive
40990,negative
40991,negative
40992,negative
40993,negative
40994,negative
40995,negative
40996,negative
40997,negative
40998,positive
40999,negative
41000,negative
41001,negative
41002,positive
41003,negative
41004,negative
41005,negative
41006,positive
41007,negative
41008,negative
41009,negative
41010,negative
41011,positive
41012,positive
41013,positive
41014,negative
41015,negative
41016,positive
41017,negative
41018,negative
41019,positive
41020,positive
41021,negative
41022,negative
41023,negative
41024,positive
41025,positive
41026,negative
41027,negative
41028,positive
41029,positive
41030,positive
41031,positive
41032,positive
41033,positive
41034,positive
41035,positive
41036,negative
41037,negative
41038,negative
41039,positive
41040,positive
41041,positive
41042,negative
41043,negative
41044,positive
41045,positive
41046,negative
41047,positive
41048,negative
41049,positive
41050,positive
41051,negative
41052,negative
41053,negative
41054,positive
41055,negative
41056,positive
41057,negative
41058,positive
41059,negative
41060,positive
41061,positive
41062,positive
41063,negative
41064,negative
41065,positive
41066,negative
41067,negative
41068,positive
41069,positive
41070,negative
41071,negative
41072,negative
41073,positive
41074,negative
41075,positive
41076,negative
41077,negative
41078,positive
41079,positive
41080,positive
41081,positive
41082,positive
41083,positive
41084,negative
41085,positive
41086,negative
41087,negative
41088,negative
41089,positive
41090,positive
41091,negative
41092,positive
41093,negative
41094,negative
41095,negative
41096,negative
41097,positive
41098,negative
41099,positive
41100,negative
41101,positive
41102,negative
41103,positive
41104,negative
41105,negative
41106,positive
41107,negative
41108,positive
41109,positive
41110,negative
41111,positive
41112,negative
41113,positive
41114,negative
41115,negative
41116,negative
41117,negative
41118,positive
41119,negative
41120,negative
41121,negative
41122,negative
41123,positive
41124,positive
41125,negative
41126,negative
41127,negative
41128,positive
41129,positive
41130,negative
41131,negative
41132,negative
41133,negative
41134,negative
41135,negative
41136,negative
41137,negative
41138,positive
41139,positive
41140,negative
41141,positive
41142,negative
41143,positive
41144,negative
41145,negative
41146,positive
41147,negative
41148,negative
41149,positive
41150,positive
41151,positive
41152,negative
41153,negative
41154,negative
41155,positive
41156,positive
41157,negative
41158,negative
41159,negative
41160,negative
41161,positive
41162,positive
41163,negative
41164,negative
41165,negative
41166,negative
41167,positive
41168,negative
41169,negative
41170,negative
41171,positive
41172,negative
41173,negative
41174,positive
41175,negative
41176,negative
41177,positive
41178,negative
41179,negative
41180,positive
41181,negative
41182,positive
41183,negative
41184,negative
41185,negative
41186,positive
41187,negative
41188,positive
41189,negative
41190,negative
41191,negative
41192,positive
41193,positive
41194,positive
41195,positive
41196,negative
41197,negative
41198,negative
41199,negative
41200,negative
41201,positive
41202,negative
41203,negative
41204,negative
41205,negative
41206,positive
41207,negative
41208,negative
41209,negative
41210,positive
41211,negative
41212,positive
41213,positive
41214,positive
41215,negative
41216,positive
41217,positive
41218,positive
41219,positive
41220,negative
41221,positive
41222,positive
41223,negative
41224,positive
41225,negative
41226,negative
41227,negative
41228,negative
41229,negative
41230,negative
41231,positive
41232,positive
41233,positive
41234,positive
41235,positive
41236,negative
41237,positive
41238,positive
41239,negative
41240,positive
41241,negative
41242,negative
41243,positive
41244,positive
41245,positive
41246,negative
41247,positive
41248,negative
41249,negative
41250,negative
41251,positive
41252,negative
41253,positive
41254,negative
41255,negative
41256,negative
41257,negative
41258,positive
41259,negative
41260,positive
41261,positive
41262,negative
41263,positive
41264,positive
41265,negative
41266,positive
41267,negative
41268,negative
41269,positive
41270,negative
41271,positive
41272,positive
41273,negative
41274,positive
41275,negative
41276,positive
41277,positive
41278,positive
41279,positive
41280,negative
41281,positive
41282,positive
41283,positive
41284,positive
41285,negative
41286,negative
41287,negative
41288,positive
41289,positive
41290,positive
41291,negative
41292,positive
41293,negative
41294,positive
41295,positive
41296,negative
41297,positive
41298,negative
41299,negative
41300,negative
41301,positive
41302,negative
41303,negative
41304,negative
41305,negative
41306,negative
41307,positive
41308,negative
41309,negative
41310,positive
41311,positive
41312,positive
41313,negative
41314,negative
41315,negative
41316,positive
41317,positive
41318,negative
41319,positive
41320,positive
41321,positive
41322,positive
41323,positive
41324,negative
41325,negative
41326,positive
41327,negative
41328,positive
41329,negative
41330,positive
41331,negative
41332,negative
41333,positive
41334,negative
41335,negative
41336,positive
41337,positive
41338,negative
41339,negative
41340,positive
41341,positive
41342,negative
41343,negative
41344,negative
41345,positive
41346,negative
41347,positive
41348,positive
41349,negative
41350,negative
41351,positive
41352,positive
41353,negative
41354,positive
41355,negative
41356,positive
41357,positive
41358,positive
41359,positive
41360,negative
41361,negative
41362,negative
41363,negative
41364,positive
41365,positive
41366,positive
41367,positive
41368,negative
41369,negative
41370,positive
41371,negative
41372,positive
41373,negative
41374,negative
41375,negative
41376,positive
41377,positive
41378,negative
41379,positive
41380,positive
41381,positive
41382,negative
41383,positive
41384,negative
41385,positive
41386,positive
41387,positive
41388,negative
41389,positive
41390,negative
41391,positive
41392,negative
41393,positive
41394,positive
41395,positive
41396,negative
41397,positive
41398,positive
41399,negative
41400,positive
41401,positive
41402,negative
41403,negative
41404,negative
41405,negative
41406,negative
41407,negative
41408,negative
41409,negative
41410,negative
41411,negative
41412,positive
41413,positive
41414,positive
41415,positive
41416,negative
41417,positive
41418,positive
41419,negative
41420,negative
41421,positive
41422,negative
41423,positive
41424,positive
41425,negative
41426,positive
41427,negative
41428,positive
41429,negative
41430,negative
41431,positive
41432,negative
41433,positive
41434,positive
41435,negative
41436,positive
41437,negative
41438,negative
41439,positive
41440,positive
41441,positive
41442,positive
41443,negative
41444,negative
41445,negative
41446,negative
41447,positive
41448,positive
41449,positive
41450,positive
41451,positive
41452,negative
41453,positive
41454,positive
41455,positive
41456,negative
41457,positive
41458,negative
41459,positive
41460,positive
41461,positive
41462,positive
41463,negative
41464,positive
41465,negative
41466,negative
41467,negative
41468,positive
41469,positive
41470,negative
41471,positive
41472,positive
41473,positive
41474,negative
41475,negative
41476,negative
41477,negative
41478,positive
41479,negative
41480,positive
41481,negative
41482,negative
41483,positive
41484,negative
41485,negative
41486,negative
41487,negative
41488,positive
41489,positive
41490,positive
41491,negative
41492,negative
41493,positive
41494,negative
41495,positive
41496,negative
41497,negative
41498,negative
41499,negative
41500,positive
41501,positive
41502,negative
41503,negative
41504,negative
41505,positive
41506,negative
41507,negative
41508,negative
41509,negative
41510,negative
41511,positive
41512,negative
41513,negative
41514,positive
41515,negative
41516,positive
41517,positive
41518,negative
41519,positive
41520,positive
41521,negative
41522,positive
41523,positive
41524,positive
41525,positive
41526,positive
41527,positive
41528,positive
41529,positive
41530,positive
41531,positive
41532,positive
41533,negative
41534,negative
41535,positive
41536,positive
41537,negative
41538,negative
41539,negative
41540,positive
41541,negative
41542,positive
41543,negative
41544,positive
41545,positive
41546,negative
41547,positive
41548,positive
41549,positive
41550,negative
41551,positive
41552,negative
41553,positive
41554,negative
41555,positive
41556,positive
41557,negative
41558,negative
41559,positive
41560,negative
41561,positive
41562,positive
41563,positive
41564,negative
41565,positive
41566,negative
41567,negative
41568,positive
41569,negative
41570,positive
41571,positive
41572,negative
41573,negative
41574,negative
41575,positive
41576,positive
41577,negative
41578,negative
41579,positive
41580,positive
41581,negative
41582,negative
41583,positive
41584,negative
41585,negative
41586,negative
41587,positive
41588,negative
41589,positive
41590,negative
41591,negative
41592,positive
41593,positive
41594,positive
41595,negative
41596,negative
41597,negative
41598,negative
41599,negative
41600,negative
41601,positive
41602,positive
41603,positive
41604,negative
41605,negative
41606,positive
41607,negative
41608,negative
41609,negative
41610,positive
41611,negative
41612,positive
41613,positive
41614,negative
41615,positive
41616,positive
41617,negative
41618,negative
41619,positive
41620,negative
41621,positive
41622,negative
41623,positive
41624,negative
41625,negative
41626,positive
41627,negative
41628,positive
41629,positive
41630,negative
41631,positive
41632,positive
41633,negative
41634,negative
41635,positive
41636,negative
41637,negative
41638,negative
41639,negative
41640,negative
41641,negative
41642,positive
41643,positive
41644,negative
41645,negative
41646,negative
41647,positive
41648,negative
41649,negative
41650,negative
41651,negative
41652,positive
41653,positive
41654,positive
41655,positive
41656,negative
41657,negative
41658,positive
41659,negative
41660,negative
41661,negative
41662,positive
41663,positive
41664,negative
41665,positive
41666,negative
41667,positive
41668,negative
41669,negative
41670,negative
41671,positive
41672,negative
41673,negative
41674,negative
41675,negative
41676,negative
41677,negative
41678,negative
41679,negative
41680,positive
41681,negative
41682,positive
41683,positive
41684,positive
41685,positive
41686,negative
41687,negative
41688,positive
41689,negative
41690,negative
41691,positive
41692,negative
41693,negative
41694,negative
41695,positive
41696,positive
41697,negative
41698,positive
41699,negative
41700,positive
41701,positive
41702,positive
41703,negative
41704,negative
41705,positive
41706,negative
41707,positive
41708,negative
41709,positive
41710,positive
41711,positive
41712,positive
41713,negative
41714,negative
41715,positive
41716,negative
41717,negative
41718,negative
41719,negative
41720,positive
41721,negative
41722,negative
41723,positive
41724,positive
41725,positive
41726,positive
41727,positive
41728,negative
41729,negative
41730,negative
41731,negative
41732,negative
41733,positive
41734,positive
41735,negative
41736,positive
41737,positive
41738,negative
41739,negative
41740,positive
41741,positive
41742,negative
41743,positive
41744,positive
41745,negative
41746,positive
41747,negative
41748,negative
41749,positive
41750,negative
41751,negative
41752,negative
41753,negative
41754,negative
41755,negative
41756,negative
41757,negative
41758,negative
41759,positive
41760,positive
41761,positive
41762,negative
41763,positive
41764,negative
41765,positive
41766,negative
41767,positive
41768,positive
41769,negative
41770,positive
41771,negative
41772,negative
41773,negative
41774,positive
41775,positive
41776,positive
41777,positive
41778,negative
41779,negative
41780,negative
41781,positive
41782,negative
41783,positive
41784,negative
41785,negative
41786,negative
41787,positive
41788,negative
41789,positive
41790,positive
41791,negative
41792,positive
41793,positive
41794,positive
41795,negative
41796,negative
41797,negative
41798,negative
41799,positive
41800,negative
41801,positive
41802,negative
41803,positive
41804,negative
41805,positive
41806,negative
41807,negative
41808,negative
41809,positive
41810,positive
41811,negative
41812,negative
41813,positive
41814,negative
41815,negative
41816,positive
41817,positive
41818,positive
41819,negative
41820,negative
41821,negative
41822,positive
41823,negative
41824,positive
41825,negative
41826,negative
41827,positive
41828,negative
41829,positive
41830,negative
41831,positive
41832,positive
41833,negative
41834,negative
41835,positive
41836,positive
41837,negative
41838,negative
41839,negative
41840,positive
41841,negative
41842,negative
41843,negative
41844,positive
41845,positive
41846,negative
41847,negative
41848,negative
41849,negative
41850,positive
41851,negative
41852,positive
41853,positive
41854,negative
41855,negative
41856,positive
41857,negative
41858,positive
41859,positive
41860,negative
41861,negative
41862,negative
41863,positive
41864,negative
41865,positive
41866,negative
41867,positive
41868,positive
41869,positive
41870,positive
41871,negative
41872,negative
41873,negative
41874,negative
41875,positive
41876,negative
41877,negative
41878,negative
41879,positive
41880,negative
41881,positive
41882,negative
41883,positive
41884,negative
41885,positive
41886,negative
41887,positive
41888,positive
41889,positive
41890,negative
41891,negative
41892,positive
41893,positive
41894,negative
41895,positive
41896,positive
41897,positive
41898,positive
41899,positive
41900,negative
41901,negative
41902,negative
41903,positive
41904,positive
41905,negative
41906,negative
41907,positive
41908,negative
41909,negative
41910,negative
41911,negative
41912,negative
41913,positive
41914,positive
41915,negative
41916,positive
41917,positive
41918,positive
41919,negative
41920,negative
41921,negative
41922,positive
41923,positive
41924,negative
41925,negative
41926,positive
41927,positive
41928,negative
41929,negative
41930,negative
41931,negative
41932,negative
41933,negative
41934,negative
41935,positive
41936,negative
41937,positive
41938,positive
41939,positive
41940,positive
41941,negative
41942,positive
41943,positive
41944,negative
41945,negative
41946,negative
41947,positive
41948,positive
41949,negative
41950,positive
41951,negative
41952,positive
41953,positive
41954,negative
41955,positive
41956,negative
41957,negative
41958,positive
41959,negative
41960,negative
41961,negative
41962,negative
41963,positive
41964,negative
41965,positive
41966,positive
41967,negative
41968,negative
41969,negative
41970,positive
41971,positive
41972,negative
41973,negative
41974,positive
41975,negative
41976,positive
41977,negative
41978,positive
41979,positive
41980,positive
41981,positive
41982,negative
41983,positive
41984,negative
41985,negative
41986,positive
41987,negative
41988,negative
41989,negative
41990,positive
41991,negative
41992,negative
41993,positive
41994,positive
41995,positive
41996,negative
41997,positive
41998,negative
41999,positive
42000,positive
42001,positive
42002,positive
42003,positive
42004,positive
42005,negative
42006,negative
42007,positive
42008,negative
42009,positive
42010,positive
42011,negative
42012,positive
42013,positive
42014,positive
42015,negative
42016,positive
42017,negative
42018,positive
42019,negative
42020,negative
42021,negative
42022,negative
42023,positive
42024,negative
42025,negative
42026,negative
42027,positive
42028,positive
42029,positive
42030,positive
42031,negative
42032,positive
42033,negative
42034,positive
42035,negative
42036,negative
42037,negative
42038,positive
42039,positive
42040,negative
42041,negative
42042,positive
42043,positive
42044,negative
42045,negative
42046,negative
42047,negative
42048,positive
42049,negative
42050,negative
42051,negative
42052,negative
42053,positive
42054,negative
42055,positive
42056,positive
42057,positive
42058,positive
42059,positive
42060,positive
42061,positive
42062,positive
42063,positive
42064,negative
42065,negative
42066,negative
42067,positive
42068,negative
42069,negative
42070,negative
42071,negative
42072,positive
42073,positive
42074,positive
42075,negative
42076,positive
42077,positive
42078,negative
42079,positive
42080,negative
42081,positive
42082,negative
42083,negative
42084,positive
42085,positive
42086,positive
42087,negative
42088,positive
42089,negative
42090,negative
42091,positive
42092,positive
42093,negative
42094,positive
42095,negative
42096,positive
42097,negative
42098,negative
42099,negative
42100,positive
42101,positive
42102,positive
42103,positive
42104,negative
42105,negative
42106,positive
42107,positive
42108,negative
42109,negative
42110,negative
42111,negative
42112,negative
42113,positive
42114,negative
42115,positive
42116,negative
42117,positive
42118,negative
42119,negative
42120,negative
42121,positive
42122,negative
42123,positive
42124,positive
42125,negative
42126,positive
42127,positive
42128,positive
42129,positive
42130,positive
42131,positive
42132,negative
42133,positive
42134,negative
42135,positive
42136,negative
42137,positive
42138,negative
42139,positive
42140,positive
42141,negative
42142,positive
42143,positive
42144,positive
42145,positive
42146,positive
42147,negative
42148,positive
42149,negative
42150,negative
42151,positive
42152,positive
42153,negative
42154,negative
42155,positive
42156,positive
42157,negative
42158,negative
42159,positive
42160,positive
42161,positive
42162,negative
42163,positive
42164,positive
42165,positive
42166,positive
42167,negative
42168,negative
42169,negative
42170,negative
42171,negative
42172,negative
42173,negative
42174,negative
42175,negative
42176,positive
42177,positive
42178,negative
42179,positive
42180,positive
42181,positive
42182,positive
42183,positive
42184,negative
42185,positive
42186,positive
42187,negative
42188,positive
42189,positive
42190,negative
42191,positive
42192,negative
42193,positive
42194,positive
42195,positive
42196,negative
42197,positive
42198,positive
42199,negative
42200,positive
42201,negative
42202,positive
42203,negative
42204,negative
42205,positive
42206,negative
42207,negative
42208,negative
42209,negative
42210,negative
42211,negative
42212,positive
42213,positive
42214,positive
42215,negative
42216,positive
42217,positive
42218,positive
42219,negative
42220,negative
42221,negative
42222,negative
42223,negative
42224,negative
42225,positive
42226,positive
42227,positive
42228,negative
42229,positive
42230,negative
42231,positive
42232,positive
42233,negative
42234,negative
42235,negative
42236,negative
42237,negative
42238,negative
42239,negative
42240,positive
42241,positive
42242,negative
42243,positive
42244,positive
42245,negative
42246,positive
42247,positive
42248,positive
42249,negative
42250,positive
42251,negative
42252,negative
42253,positive
42254,negative
42255,positive
42256,positive
42257,negative
42258,positive
42259,negative
42260,positive
42261,positive
42262,positive
42263,negative
42264,negative
42265,negative
42266,positive
42267,negative
42268,negative
42269,positive
42270,negative
42271,negative
42272,negative
42273,negative
42274,negative
42275,negative
42276,negative
42277,positive
42278,negative
42279,negative
42280,negative
42281,negative
42282,negative
42283,negative
42284,negative
42285,positive
42286,negative
42287,negative
42288,negative
42289,negative
42290,positive
42291,positive
42292,positive
42293,positive
42294,positive
42295,negative
42296,positive
42297,negative
42298,negative
42299,negative
42300,positive
42301,negative
42302,positive
42303,negative
42304,negative
42305,negative
42306,negative
42307,positive
42308,negative
42309,negative
42310,positive
42311,negative
42312,negative
42313,positive
42314,negative
42315,negative
42316,positive
42317,negative
42318,positive
42319,negative
42320,negative
42321,negative
42322,negative
42323,negative
42324,positive
42325,negative
42326,negative
42327,positive
42328,negative
42329,positive
42330,positive
42331,negative
42332,negative
42333,negative
42334,negative
42335,negative
42336,positive
42337,positive
42338,positive
42339,negative
42340,positive
42341,negative
42342,positive
42343,positive
42344,negative
42345,negative
42346,positive
42347,positive
42348,positive
42349,negative
42350,negative
42351,negative
42352,positive
42353,negative
42354,negative
42355,positive
42356,negative
42357,negative
42358,negative
42359,negative
42360,positive
42361,positive
42362,positive
42363,positive
42364,negative
42365,positive
42366,positive
42367,positive
42368,negative
42369,positive
42370,positive
42371,positive
42372,negative
42373,positive
42374,positive
42375,positive
42376,positive
42377,negative
42378,positive
42379,negative
42380,negative
42381,positive
42382,negative
42383,negative
42384,positive
42385,negative
42386,negative
42387,negative
42388,positive
42389,negative
42390,positive
42391,negative
42392,positive
42393,positive
42394,positive
42395,negative
42396,positive
42397,positive
42398,positive
42399,negative
42400,positive
42401,positive
42402,negative
42403,positive
42404,negative
42405,negative
42406,positive
42407,negative
42408,positive
42409,positive
42410,positive
42411,negative
42412,positive
42413,negative
42414,negative
42415,negative
42416,positive
42417,negative
42418,negative
42419,negative
42420,positive
42421,negative
42422,negative
42423,positive
42424,negative
42425,negative
42426,positive
42427,positive
42428,positive
42429,positive
42430,negative
42431,negative
42432,negative
42433,negative
42434,positive
42435,negative
42436,negative
42437,negative
42438,negative
42439,negative
42440,positive
42441,negative
42442,negative
42443,negative
42444,positive
42445,positive
42446,negative
42447,negative
42448,negative
42449,negative
42450,positive
42451,positive
42452,negative
42453,negative
42454,negative
42455,negative
42456,negative
42457,negative
42458,negative
42459,positive
42460,negative
42461,negative
42462,negative
42463,positive
42464,negative
42465,negative
42466,positive
42467,positive
42468,positive
42469,negative
42470,negative
42471,negative
42472,negative
42473,negative
42474,positive
42475,positive
42476,negative
42477,negative
42478,negative
42479,positive
42480,negative
42481,positive
42482,positive
42483,positive
42484,negative
42485,positive
42486,negative
42487,negative
42488,negative
42489,negative
42490,positive
42491,negative
42492,negative
42493,positive
42494,negative
42495,positive
42496,negative
42497,negative
42498,negative
42499,negative
42500,positive
42501,negative
42502,negative
42503,positive
42504,negative
42505,negative
42506,negative
42507,positive
42508,positive
42509,negative
42510,negative
42511,negative
42512,positive
42513,positive
42514,negative
42515,positive
42516,negative
42517,positive
42518,negative
42519,negative
42520,positive
42521,positive
42522,negative
42523,positive
42524,positive
42525,positive
42526,positive
42527,positive
42528,positive
42529,positive
42530,positive
42531,negative
42532,positive
42533,negative
42534,positive
42535,negative
42536,positive
42537,positive
42538,negative
42539,positive
42540,positive
42541,positive
42542,negative
42543,negative
42544,positive
42545,negative
42546,positive
42547,positive
42548,positive
42549,positive
42550,negative
42551,positive
42552,negative
42553,negative
42554,negative
42555,negative
42556,negative
42557,negative
42558,negative
42559,positive
42560,positive
42561,positive
42562,negative
42563,positive
42564,negative
42565,negative
42566,positive
42567,positive
42568,negative
42569,negative
42570,negative
42571,positive
42572,negative
42573,negative
42574,negative
42575,positive
42576,positive
42577,positive
42578,negative
42579,negative
42580,negative
42581,negative
42582,negative
42583,negative
42584,positive
42585,negative
42586,positive
42587,negative
42588,negative
42589,positive
42590,positive
42591,positive
42592,positive
42593,positive
42594,positive
42595,negative
42596,negative
42597,positive
42598,positive
42599,negative
42600,negative
42601,negative
42602,positive
42603,negative
42604,positive
42605,negative
42606,positive
42607,negative
42608,negative
42609,negative
42610,negative
42611,positive
42612,negative
42613,negative
42614,positive
42615,negative
42616,positive
42617,negative
42618,negative
42619,positive
42620,negative
42621,negative
42622,negative
42623,positive
42624,negative
42625,negative
42626,negative
42627,negative
42628,positive
42629,negative
42630,positive
42631,negative
42632,positive
42633,positive
42634,positive
42635,negative
42636,negative
42637,negative
42638,negative
42639,negative
42640,negative
42641,positive
42642,positive
42643,positive
42644,negative
42645,positive
42646,negative
42647,negative
42648,negative
42649,negative
42650,negative
42651,positive
42652,positive
42653,positive
42654,positive
42655,negative
42656,negative
42657,positive
42658,positive
42659,positive
42660,negative
42661,positive
42662,negative
42663,positive
42664,negative
42665,negative
42666,negative
42667,negative
42668,positive
42669,negative
42670,positive
42671,negative
42672,positive
42673,negative
42674,positive
42675,positive
42676,negative
42677,positive
42678,positive
42679,positive
42680,negative
42681,positive
42682,positive
42683,positive
42684,negative
42685,positive
42686,negative
42687,positive
42688,positive
42689,negative
42690,positive
42691,negative
42692,positive
42693,negative
42694,negative
42695,positive
42696,negative
42697,negative
42698,negative
42699,negative
42700,positive
42701,negative
42702,negative
42703,positive
42704,positive
42705,negative
42706,negative
42707,positive
42708,negative
42709,negative
42710,negative
42711,positive
42712,positive
42713,positive
42714,positive
42715,positive
42716,positive
42717,negative
42718,positive
42719,negative
42720,negative
42721,positive
42722,positive
42723,positive
42724,positive
42725,positive
42726,positive
42727,negative
42728,negative
42729,positive
42730,positive
42731,positive
42732,positive
42733,positive
42734,negative
42735,positive
42736,negative
42737,positive
42738,positive
42739,negative
42740,positive
42741,positive
42742,positive
42743,negative
42744,negative
42745,negative
42746,positive
42747,negative
42748,negative
42749,positive
42750,positive
42751,negative
42752,negative
42753,negative
42754,positive
42755,positive
42756,positive
42757,negative
42758,negative
42759,negative
42760,negative
42761,positive
42762,negative
42763,negative
42764,positive
42765,negative
42766,positive
42767,negative
42768,negative
42769,negative
42770,positive
42771,positive
42772,positive
42773,negative
42774,negative
42775,positive
42776,negative
42777,positive
42778,positive
42779,positive
42780,negative
42781,negative
42782,negative
42783,negative
42784,positive
42785,negative
42786,positive
42787,negative
42788,negative
42789,positive
42790,negative
42791,positive
42792,negative
42793,negative
42794,positive
42795,negative
42796,negative
42797,negative
42798,positive
42799,negative
42800,negative
42801,negative
42802,negative
42803,positive
42804,negative
42805,positive
42806,negative
42807,positive
42808,negative
42809,negative
42810,negative
42811,negative
42812,positive
42813,positive
42814,positive
42815,negative
42816,negative
42817,negative
42818,negative
42819,negative
42820,positive
42821,positive
42822,positive
42823,negative
42824,negative
42825,negative
42826,negative
42827,negative
42828,positive
42829,negative
42830,positive
42831,positive
42832,negative
42833,negative
42834,negative
42835,positive
42836,positive
42837,negative
42838,negative
42839,negative
42840,positive
42841,negative
42842,positive
42843,positive
42844,negative
42845,positive
42846,positive
42847,positive
42848,positive
42849,positive
42850,positive
42851,negative
42852,positive
42853,negative
42854,negative
42855,positive
42856,negative
42857,positive
42858,negative
42859,negative
42860,negative
42861,positive
42862,positive
42863,negative
42864,positive
42865,negative
42866,negative
42867,positive
42868,negative
42869,positive
42870,positive
42871,positive
42872,positive
42873,positive
42874,negative
42875,positive
42876,positive
42877,positive
42878,negative
42879,positive
42880,positive
42881,negative
42882,negative
42883,negative
42884,positive
42885,positive
42886,negative
42887,negative
42888,negative
42889,positive
42890,negative
42891,negative
42892,positive
42893,negative
42894,negative
42895,positive
42896,positive
42897,negative
42898,negative
42899,negative
42900,positive
42901,negative
42902,negative
42903,positive
42904,positive
42905,negative
42906,negative
42907,positive
42908,negative
42909,negative
42910,positive
42911,negative
42912,positive
42913,negative
42914,positive
42915,negative
42916,positive
42917,positive
42918,negative
42919,negative
42920,negative
42921,negative
42922,positive
42923,negative
42924,positive
42925,negative
42926,negative
42927,negative
42928,positive
42929,negative
42930,negative
42931,negative
42932,positive
42933,negative
42934,negative
42935,negative
42936,positive
42937,positive
42938,positive
42939,negative
42940,negative
42941,negative
42942,negative
42943,negative
42944,positive
42945,positive
42946,negative
42947,positive
42948,negative
42949,positive
42950,positive
42951,negative
42952,negative
42953,positive
42954,negative
42955,negative
42956,negative
42957,negative
42958,negative
42959,positive
42960,negative
42961,positive
42962,positive
42963,positive
42964,positive
42965,negative
42966,negative
42967,negative
42968,positive
42969,negative
42970,negative
42971,negative
42972,negative
42973,negative
42974,negative
42975,positive
42976,negative
42977,negative
42978,positive
42979,positive
42980,positive
42981,negative
42982,negative
42983,positive
42984,negative
42985,negative
42986,negative
42987,positive
42988,positive
42989,negative
42990,positive
42991,positive
42992,positive
42993,positive
42994,positive
42995,negative
42996,positive
42997,positive
42998,positive
42999,negative
43000,positive
43001,negative
43002,negative
43003,negative
43004,negative
43005,negative
43006,negative
43007,positive
43008,negative
43009,positive
43010,positive
43011,negative
43012,positive
43013,negative
43014,positive
43015,negative
43016,positive
43017,negative
43018,negative
43019,positive
43020,positive
43021,positive
43022,negative
43023,positive
43024,negative
43025,positive
43026,negative
43027,negative
43028,negative
43029,positive
43030,negative
43031,negative
43032,positive
43033,negative
43034,positive
43035,positive
43036,positive
43037,positive
43038,negative
43039,positive
43040,positive
43041,positive
43042,positive
43043,negative
43044,negative
43045,positive
43046,positive
43047,negative
43048,positive
43049,negative
43050,negative
43051,positive
43052,positive
43053,negative
43054,negative
43055,positive
43056,positive
43057,positive
43058,negative
43059,negative
43060,negative
43061,positive
43062,positive
43063,positive
43064,positive
43065,negative
43066,positive
43067,negative
43068,negative
43069,positive
43070,negative
43071,negative
43072,positive
43073,negative
43074,positive
43075,negative
43076,negative
43077,negative
43078,negative
43079,positive
43080,positive
43081,negative
43082,negative
43083,negative
43084,negative
43085,positive
43086,positive
43087,negative
43088,positive
43089,negative
43090,positive
43091,positive
43092,positive
43093,negative
43094,positive
43095,negative
43096,positive
43097,positive
43098,positive
43099,negative
43100,negative
43101,negative
43102,negative
43103,positive
43104,positive
43105,negative
43106,negative
43107,positive
43108,positive
43109,negative
43110,negative
43111,negative
43112,positive
43113,negative
43114,negative
43115,negative
43116,positive
43117,negative
43118,negative
43119,positive
43120,negative
43121,positive
43122,positive
43123,negative
43124,negative
43125,positive
43126,negative
43127,negative
43128,positive
43129,positive
43130,positive
43131,negative
43132,positive
43133,positive
43134,negative
43135,positive
43136,positive
43137,positive
43138,negative
43139,positive
43140,negative
43141,negative
43142,positive
43143,positive
43144,positive
43145,positive
43146,positive
43147,positive
43148,positive
43149,positive
43150,negative
43151,negative
43152,negative
43153,negative
43154,negative
43155,negative
43156,positive
43157,positive
43158,positive
43159,positive
43160,negative
43161,positive
43162,negative
43163,negative
43164,positive
43165,positive
43166,positive
43167,positive
43168,negative
43169,negative
43170,negative
43171,negative
43172,positive
43173,positive
43174,negative
43175,negative
43176,negative
43177,positive
43178,negative
43179,positive
43180,positive
43181,negative
43182,positive
43183,negative
43184,negative
43185,negative
43186,negative
43187,negative
43188,positive
43189,negative
43190,negative
43191,positive
43192,negative
43193,positive
43194,negative
43195,negative
43196,positive
43197,negative
43198,positive
43199,negative
43200,positive
43201,negative
43202,positive
43203,negative
43204,positive
43205,positive
43206,positive
43207,negative
43208,positive
43209,positive
43210,negative
43211,positive
43212,positive
43213,positive
43214,positive
43215,positive
43216,negative
43217,negative
43218,negative
43219,negative
43220,positive
43221,positive
43222,negative
43223,positive
43224,negative
43225,negative
43226,positive
43227,negative
43228,negative
43229,negative
43230,negative
43231,positive
43232,positive
43233,negative
43234,negative
43235,positive
43236,positive
43237,positive
43238,positive
43239,positive
43240,positive
43241,positive
43242,negative
43243,negative
43244,negative
43245,positive
43246,positive
43247,positive
43248,positive
43249,positive
43250,positive
43251,negative
43252,negative
43253,negative
43254,positive
43255,negative
43256,positive
43257,negative
43258,negative
43259,negative
43260,positive
43261,negative
43262,positive
43263,positive
43264,negative
43265,negative
43266,negative
43267,negative
43268,negative
43269,positive
43270,positive
43271,negative
43272,negative
43273,positive
43274,positive
43275,negative
43276,negative
43277,negative
43278,positive
43279,positive
43280,negative
43281,negative
43282,positive
43283,negative
43284,negative
43285,negative
43286,positive
43287,negative
43288,negative
43289,positive
43290,positive
43291,positive
43292,negative
43293,positive
43294,positive
43295,negative
43296,negative
43297,negative
43298,positive
43299,negative
43300,positive
43301,positive
43302,positive
43303,positive
43304,negative
43305,negative
43306,positive
43307,positive
43308,negative
43309,negative
43310,negative
43311,negative
43312,positive
43313,negative
43314,negative
43315,negative
43316,positive
43317,negative
43318,negative
43319,positive
43320,negative
43321,positive
43322,negative
43323,positive
43324,negative
43325,positive
43326,negative
43327,negative
43328,negative
43329,negative
43330,negative
43331,negative
43332,positive
43333,negative
43334,positive
43335,positive
43336,negative
43337,negative
43338,positive
43339,negative
43340,positive
43341,positive
43342,negative
43343,positive
43344,negative
43345,negative
43346,negative
43347,negative
43348,negative
43349,negative
43350,negative
43351,negative
43352,positive
43353,negative
43354,negative
43355,positive
43356,negative
43357,negative
43358,positive
43359,positive
43360,positive
43361,negative
43362,negative
43363,negative
43364,negative
43365,negative
43366,negative
43367,negative
43368,negative
43369,negative
43370,positive
43371,positive
43372,negative
43373,positive
43374,negative
43375,negative
43376,negative
43377,positive
43378,negative
43379,positive
43380,positive
43381,positive
43382,negative
43383,positive
43384,positive
43385,negative
43386,positive
43387,positive
43388,negative
43389,positive
43390,negative
43391,negative
43392,positive
43393,positive
43394,positive
43395,positive
43396,negative
43397,positive
43398,positive
43399,negative
43400,negative
43401,positive
43402,positive
43403,negative
43404,negative
43405,positive
43406,negative
43407,negative
43408,negative
43409,positive
43410,positive
43411,negative
43412,negative
43413,positive
43414,positive
43415,negative
43416,positive
43417,positive
43418,positive
43419,negative
43420,negative
43421,negative
43422,positive
43423,negative
43424,positive
43425,negative
43426,positive
43427,negative
43428,negative
43429,negative
43430,negative
43431,negative
43432,negative
43433,negative
43434,negative
43435,positive
43436,positive
43437,negative
43438,negative
43439,negative
43440,positive
43441,negative
43442,negative
43443,positive
43444,negative
43445,positive
43446,negative
43447,negative
43448,positive
43449,positive
43450,negative
43451,negative
43452,positive
43453,negative
43454,negative
43455,negative
43456,negative
43457,positive
43458,negative
43459,negative
43460,positive
43461,negative
43462,negative
43463,negative
43464,positive
43465,positive
43466,negative
43467,positive
43468,positive
43469,positive
43470,positive
43471,negative
43472,negative
43473,positive
43474,positive
43475,positive
43476,negative
43477,negative
43478,positive
43479,negative
43480,negative
43481,negative
43482,positive
43483,negative
43484,negative
43485,positive
43486,positive
43487,negative
43488,negative
43489,negative
43490,negative
43491,positive
43492,positive
43493,negative
43494,positive
43495,positive
43496,negative
43497,positive
43498,negative
43499,positive
43500,positive
43501,positive
43502,negative
43503,negative
43504,positive
43505,positive
43506,negative
43507,negative
43508,negative
43509,positive
43510,negative
43511,positive
43512,negative
43513,negative
43514,negative
43515,negative
43516,negative
43517,negative
43518,positive
43519,positive
43520,negative
43521,positive
43522,negative
43523,negative
43524,positive
43525,positive
43526,negative
43527,negative
43528,negative
43529,positive
43530,negative
43531,negative
43532,positive
43533,positive
43534,negative
43535,negative
43536,positive
43537,negative
43538,negative
43539,negative
43540,negative
43541,negative
43542,negative
43543,positive
43544,positive
43545,negative
43546,negative
43547,negative
43548,positive
43549,positive
43550,positive
43551,positive
43552,positive
43553,negative
43554,negative
43555,positive
43556,positive
43557,positive
43558,negative
43559,negative
43560,positive
43561,positive
43562,negative
43563,negative
43564,positive
43565,negative
43566,negative
43567,negative
43568,negative
43569,positive
43570,negative
43571,negative
43572,negative
43573,negative
43574,negative
43575,negative
43576,positive
43577,negative
43578,positive
43579,positive
43580,negative
43581,negative
43582,negative
43583,negative
43584,positive
43585,positive
43586,negative
43587,positive
43588,positive
43589,negative
43590,positive
43591,positive
43592,positive
43593,positive
43594,positive
43595,negative
43596,negative
43597,negative
43598,positive
43599,negative
43600,negative
43601,positive
43602,negative
43603,negative
43604,negative
43605,negative
43606,positive
43607,negative
43608,negative
43609,negative
43610,negative
43611,negative
43612,negative
43613,positive
43614,positive
43615,positive
43616,positive
43617,positive
43618,positive
43619,positive
43620,positive
43621,negative
43622,positive
43623,negative
43624,positive
43625,positive
43626,negative
43627,positive
43628,negative
43629,negative
43630,negative
43631,negative
43632,negative
43633,positive
43634,positive
43635,negative
43636,positive
43637,positive
43638,negative
43639,negative
43640,negative
43641,positive
43642,negative
43643,positive
43644,negative
43645,positive
43646,positive
43647,positive
43648,negative
43649,negative
43650,negative
43651,negative
43652,negative
43653,positive
43654,negative
43655,positive
43656,positive
43657,negative
43658,negative
43659,negative
43660,negative
43661,negative
43662,negative
43663,positive
43664,negative
43665,positive
43666,negative
43667,positive
43668,negative
43669,negative
43670,negative
43671,negative
43672,positive
43673,positive
43674,positive
43675,negative
43676,positive
43677,negative
43678,negative
43679,positive
43680,negative
43681,positive
43682,negative
43683,negative
43684,negative
43685,negative
43686,negative
43687,negative
43688,positive
43689,positive
43690,negative
43691,negative
43692,positive
43693,negative
43694,negative
43695,positive
43696,negative
43697,negative
43698,negative
43699,negative
43700,negative
43701,negative
43702,negative
43703,positive
43704,positive
43705,positive
43706,positive
43707,negative
43708,negative
43709,negative
43710,positive
43711,positive
43712,positive
43713,negative
43714,negative
43715,negative
43716,negative
43717,positive
43718,negative
43719,negative
43720,negative
43721,negative
43722,positive
43723,positive
43724,positive
43725,negative
43726,negative
43727,negative
43728,positive
43729,positive
43730,positive
43731,negative
43732,negative
43733,negative
43734,negative
43735,negative
43736,positive
43737,negative
43738,positive
43739,positive
43740,negative
43741,negative
43742,negative
43743,positive
43744,negative
43745,negative
43746,positive
43747,negative
43748,negative
43749,negative
43750,negative
43751,negative
43752,positive
43753,positive
43754,negative
43755,positive
43756,positive
43757,negative
43758,positive
43759,positive
43760,positive
43761,positive
43762,negative
43763,negative
43764,negative
43765,positive
43766,negative
43767,negative
43768,negative
43769,positive
43770,negative
43771,negative
43772,negative
43773,negative
43774,positive
43775,positive
43776,positive
43777,negative
43778,negative
43779,negative
43780,positive
43781,negative
43782,negative
43783,negative
43784,positive
43785,negative
43786,negative
43787,negative
43788,negative
43789,positive
43790,negative
43791,positive
43792,negative
43793,positive
43794,negative
43795,negative
43796,negative
43797,negative
43798,negative
43799,positive
43800,negative
43801,negative
43802,positive
43803,positive
43804,negative
43805,negative
43806,negative
43807,positive
43808,negative
43809,negative
43810,positive
43811,positive
43812,negative
43813,positive
43814,negative
43815,negative
43816,negative
43817,positive
43818,negative
43819,positive
43820,negative
43821,negative
43822,positive
43823,negative
43824,negative
43825,negative
43826,negative
43827,positive
43828,negative
43829,negative
43830,negative
43831,positive
43832,negative
43833,positive
43834,positive
43835,negative
43836,positive
43837,positive
43838,negative
43839,negative
43840,negative
43841,negative
43842,positive
43843,negative
43844,positive
43845,negative
43846,negative
43847,negative
43848,negative
43849,positive
43850,negative
43851,positive
43852,negative
43853,positive
43854,negative
43855,positive
43856,positive
43857,positive
43858,negative
43859,negative
43860,negative
43861,negative
43862,positive
43863,positive
43864,positive
43865,negative
43866,positive
43867,negative
43868,positive
43869,positive
43870,negative
43871,negative
43872,positive
43873,negative
43874,positive
43875,negative
43876,negative
43877,positive
43878,negative
43879,positive
43880,negative
43881,negative
43882,positive
43883,negative
43884,negative
43885,negative
43886,positive
43887,positive
43888,positive
43889,positive
43890,negative
43891,negative
43892,positive
43893,positive
43894,positive
43895,positive
43896,negative
43897,positive
43898,negative
43899,negative
43900,negative
43901,negative
43902,negative
43903,negative
43904,negative
43905,positive
43906,negative
43907,negative
43908,negative
43909,negative
43910,positive
43911,negative
43912,positive
43913,positive
43914,positive
43915,negative
43916,negative
43917,positive
43918,negative
43919,negative
43920,positive
43921,negative
43922,positive
43923,negative
43924,negative
43925,positive
43926,positive
43927,negative
43928,positive
43929,negative
43930,positive
43931,negative
43932,negative
43933,negative
43934,positive
43935,negative
43936,positive
43937,negative
43938,negative
43939,positive
43940,negative
43941,negative
43942,negative
43943,positive
43944,positive
43945,negative
43946,negative
43947,negative
43948,negative
43949,positive
43950,negative
43951,negative
43952,positive
43953,positive
43954,positive
43955,positive
43956,positive
43957,negative
43958,positive
43959,positive
43960,negative
43961,negative
43962,positive
43963,positive
43964,negative
43965,negative
43966,positive
43967,positive
43968,positive
43969,positive
43970,positive
43971,negative
43972,positive
43973,negative
43974,negative
43975,negative
43976,positive
43977,positive
43978,negative
43979,positive
43980,negative
43981,negative
43982,negative
43983,positive
43984,positive
43985,positive
43986,negative
43987,positive
43988,positive
43989,negative
43990,negative
43991,negative
43992,positive
43993,negative
43994,positive
43995,positive
43996,negative
43997,negative
43998,positive
43999,negative
44000,positive
44001,positive
44002,positive
44003,negative
44004,negative
44005,negative
44006,positive
44007,positive
44008,negative
44009,negative
44010,negative
44011,positive
44012,negative
44013,negative
44014,negative
44015,negative
44016,positive
44017,positive
44018,negative
44019,positive
44020,negative
44021,positive
44022,positive
44023,negative
44024,negative
44025,positive
44026,negative
44027,positive
44028,positive
44029,negative
44030,positive
44031,positive
44032,negative
44033,negative
44034,positive
44035,positive
44036,negative
44037,positive
44038,negative
44039,negative
44040,negative
44041,positive
44042,positive
44043,negative
44044,positive
44045,positive
44046,negative
44047,negative
44048,positive
44049,positive
44050,negative
44051,negative
44052,positive
44053,positive
44054,positive
44055,positive
44056,positive
44057,positive
44058,negative
44059,negative
44060,positive
44061,negative
44062,positive
44063,positive
44064,positive
44065,positive
44066,negative
44067,negative
44068,positive
44069,negative
44070,positive
44071,negative
44072,negative
44073,negative
44074,positive
44075,negative
44076,positive
44077,negative
44078,positive
44079,negative
44080,negative
44081,negative
44082,negative
44083,negative
44084,negative
44085,positive
44086,negative
44087,negative
44088,positive
44089,negative
44090,negative
44091,negative
44092,positive
44093,negative
44094,negative
44095,positive
44096,positive
44097,negative
44098,negative
44099,positive
44100,positive
44101,negative
44102,positive
44103,positive
44104,negative
44105,positive
44106,negative
44107,negative
44108,negative
44109,positive
44110,positive
44111,positive
44112,negative
44113,negative
44114,negative
44115,negative
44116,negative
44117,negative
44118,positive
44119,negative
44120,positive
44121,positive
44122,negative
44123,positive
44124,negative
44125,negative
44126,negative
44127,positive
44128,negative
44129,positive
44130,positive
44131,positive
44132,positive
44133,positive
44134,negative
44135,positive
44136,positive
44137,negative
44138,positive
44139,positive
44140,positive
44141,positive
44142,positive
44143,negative
44144,positive
44145,positive
44146,positive
44147,positive
44148,negative
44149,negative
44150,negative
44151,negative
44152,positive
44153,negative
44154,positive
44155,negative
44156,positive
44157,negative
44158,positive
44159,negative
44160,positive
44161,positive
44162,negative
44163,negative
44164,positive
44165,positive
44166,positive
44167,positive
44168,negative
44169,negative
44170,positive
44171,negative
44172,positive
44173,negative
44174,positive
44175,positive
44176,positive
44177,negative
44178,positive
44179,positive
44180,positive
44181,positive
44182,negative
44183,positive
44184,negative
44185,negative
44186,positive
44187,positive
44188,positive
44189,negative
44190,positive
44191,positive
44192,positive
44193,negative
44194,negative
44195,negative
44196,positive
44197,negative
44198,negative
44199,negative
44200,negative
44201,negative
44202,negative
44203,positive
44204,positive
44205,negative
44206,positive
44207,negative
44208,positive
44209,positive
44210,negative
44211,positive
44212,positive
44213,negative
44214,positive
44215,positive
44216,negative
44217,negative
44218,positive
44219,negative
44220,positive
44221,negative
44222,negative
44223,negative
44224,negative
44225,negative
44226,negative
44227,negative
44228,positive
44229,positive
44230,positive
44231,negative
44232,negative
44233,positive
44234,positive
44235,positive
44236,positive
44237,negative
44238,positive
44239,positive
44240,positive
44241,negative
44242,positive
44243,negative
44244,positive
44245,negative
44246,negative
44247,negative
44248,positive
44249,negative
44250,negative
44251,positive
44252,negative
44253,negative
44254,negative
44255,negative
44256,positive
44257,positive
44258,negative
44259,negative
44260,negative
44261,positive
44262,positive
44263,positive
44264,negative
44265,negative
44266,negative
44267,negative
44268,negative
44269,negative
44270,negative
44271,positive
44272,negative
44273,positive
44274,negative
44275,negative
44276,negative
44277,negative
44278,negative
44279,negative
44280,negative
44281,negative
44282,positive
44283,positive
44284,negative
44285,positive
44286,negative
44287,negative
44288,negative
44289,negative
44290,negative
44291,positive
44292,negative
44293,negative
44294,positive
44295,positive
44296,positive
44297,positive
44298,negative
44299,positive
44300,negative
44301,positive
44302,positive
44303,negative
44304,negative
44305,negative
44306,negative
44307,negative
44308,positive
44309,positive
44310,negative
44311,positive
44312,negative
44313,positive
44314,positive
44315,negative
44316,positive
44317,positive
44318,positive
44319,negative
44320,negative
44321,negative
44322,negative
44323,negative
44324,positive
44325,positive
44326,positive
44327,negative
44328,positive
44329,positive
44330,negative
44331,positive
44332,negative
44333,negative
44334,positive
44335,negative
44336,negative
44337,positive
44338,positive
44339,negative
44340,positive
44341,positive
44342,negative
44343,negative
44344,positive
44345,positive
44346,negative
44347,positive
44348,positive
44349,negative
44350,negative
44351,positive
44352,positive
44353,positive
44354,negative
44355,positive
44356,positive
44357,negative
44358,positive
44359,positive
44360,negative
44361,positive
44362,negative
44363,negative
44364,positive
44365,negative
44366,negative
44367,negative
44368,negative
44369,negative
44370,positive
44371,positive
44372,negative
44373,positive
44374,negative
44375,positive
44376,positive
44377,positive
44378,negative
44379,positive
44380,negative
44381,negative
44382,negative
44383,positive
44384,negative
44385,negative
44386,positive
44387,negative
44388,negative
44389,negative
44390,negative
44391,negative
44392,negative
44393,positive
44394,positive
44395,negative
44396,positive
44397,positive
44398,positive
44399,positive
44400,positive
44401,negative
44402,positive
44403,positive
44404,negative
44405,negative
44406,positive
44407,positive
44408,positive
44409,negative
44410,positive
44411,negative
44412,positive
44413,positive
44414,positive
44415,positive
44416,negative
44417,negative
44418,positive
44419,negative
44420,positive
44421,negative
44422,negative
44423,positive
44424,negative
44425,negative
44426,positive
44427,positive
44428,negative
44429,positive
44430,positive
44431,negative
44432,positive
44433,positive
44434,positive
44435,negative
44436,positive
44437,positive
44438,negative
44439,positive
44440,positive
44441,positive
44442,positive
44443,negative
44444,positive
44445,positive
44446,negative
44447,positive
44448,positive
44449,positive
44450,positive
44451,positive
44452,negative
44453,negative
44454,positive
44455,positive
44456,negative
44457,negative
44458,positive
44459,negative
44460,negative
44461,positive
44462,positive
44463,positive
44464,negative
44465,positive
44466,negative
44467,negative
44468,negative
44469,negative
44470,negative
44471,positive
44472,negative
44473,negative
44474,positive
44475,positive
44476,positive
44477,negative
44478,negative
44479,positive
44480,negative
44481,negative
44482,negative
44483,positive
44484,negative
44485,positive
44486,positive
44487,negative
44488,negative
44489,negative
44490,negative
44491,negative
44492,negative
44493,positive
44494,negative
44495,negative
44496,positive
44497,positive
44498,negative
44499,positive
44500,negative
44501,negative
44502,positive
44503,negative
44504,negative
44505,negative
44506,positive
44507,negative
44508,negative
44509,negative
44510,positive
44511,negative
44512,negative
44513,positive
44514,positive
44515,negative
44516,positive
44517,positive
44518,negative
44519,negative
44520,positive
44521,positive
44522,positive
44523,positive
44524,positive
44525,positive
44526,negative
44527,negative
44528,positive
44529,positive
44530,negative
44531,negative
44532,negative
44533,positive
44534,positive
44535,positive
44536,negative
44537,positive
44538,positive
44539,negative
44540,negative
44541,positive
44542,positive
44543,negative
44544,positive
44545,positive
44546,negative
44547,positive
44548,negative
44549,negative
44550,positive
44551,positive
44552,positive
44553,negative
44554,negative
44555,negative
44556,negative
44557,positive
44558,negative
44559,negative
44560,positive
44561,negative
44562,negative
44563,negative
44564,negative
44565,negative
44566,negative
44567,positive
44568,positive
44569,positive
44570,positive
44571,positive
44572,positive
44573,negative
44574,negative
44575,positive
44576,negative
44577,negative
44578,positive
44579,positive
44580,positive
44581,negative
44582,positive
44583,positive
44584,positive
44585,negative
44586,positive
44587,negative
44588,negative
44589,negative
44590,positive
44591,positive
44592,negative
44593,positive
44594,negative
44595,negative
44596,negative
44597,negative
44598,positive
44599,negative
44600,negative
44601,negative
44602,negative
44603,negative
44604,negative
44605,negative
44606,negative
44607,negative
44608,negative
44609,positive
44610,negative
44611,negative
44612,positive
44613,positive
44614,negative
44615,negative
44616,negative
44617,negative
44618,positive
44619,positive
44620,negative
44621,negative
44622,negative
44623,negative
44624,positive
44625,positive
44626,negative
44627,positive
44628,negative
44629,negative
44630,positive
44631,negative
44632,negative
44633,positive
44634,negative
44635,negative
44636,negative
44637,negative
44638,positive
44639,positive
44640,negative
44641,negative
44642,positive
44643,positive
44644,positive
44645,negative
44646,negative
44647,positive
44648,positive
44649,negative
44650,negative
44651,positive
44652,negative
44653,negative
44654,positive
44655,negative
44656,negative
44657,negative
44658,positive
44659,negative
44660,negative
44661,positive
44662,negative
44663,positive
44664,negative
44665,positive
44666,positive
44667,negative
44668,positive
44669,positive
44670,negative
44671,negative
44672,positive
44673,negative
44674,positive
44675,negative
44676,negative
44677,positive
44678,negative
44679,negative
44680,positive
44681,positive
44682,negative
44683,negative
44684,negative
44685,positive
44686,positive
44687,negative
44688,negative
44689,negative
44690,negative
44691,positive
44692,negative
44693,positive
44694,positive
44695,negative
44696,positive
44697,positive
44698,negative
44699,negative
44700,negative
44701,negative
44702,negative
44703,positive
44704,negative
44705,negative
44706,positive
44707,positive
44708,negative
44709,positive
44710,negative
44711,positive
44712,negative
44713,negative
44714,negative
44715,negative
44716,negative
44717,negative
44718,negative
44719,positive
44720,negative
44721,positive
44722,negative
44723,positive
44724,negative
44725,positive
44726,negative
44727,negative
44728,negative
44729,positive
44730,positive
44731,positive
44732,positive
44733,negative
44734,positive
44735,negative
44736,negative
44737,negative
44738,negative
44739,negative
44740,negative
44741,positive
44742,negative
44743,positive
44744,negative
44745,negative
44746,positive
44747,positive
44748,positive
44749,positive
44750,negative
44751,negative
44752,positive
44753,positive
44754,negative
44755,positive
44756,positive
44757,positive
44758,negative
44759,negative
44760,negative
44761,positive
44762,positive
44763,negative
44764,positive
44765,negative
44766,negative
44767,negative
44768,positive
44769,positive
44770,positive
44771,negative
44772,negative
44773,positive
44774,positive
44775,negative
44776,positive
44777,negative
44778,negative
44779,negative
44780,positive
44781,positive
44782,positive
44783,positive
44784,positive
44785,positive
44786,negative
44787,negative
44788,negative
44789,negative
44790,positive
44791,positive
44792,positive
44793,positive
44794,negative
44795,negative
44796,negative
44797,negative
44798,positive
44799,positive
44800,negative
44801,negative
44802,negative
44803,negative
44804,positive
44805,negative
44806,positive
44807,positive
44808,positive
44809,positive
44810,positive
44811,positive
44812,negative
44813,positive
44814,negative
44815,negative
44816,negative
44817,positive
44818,negative
44819,positive
44820,negative
44821,positive
44822,negative
44823,positive
44824,negative
44825,negative
44826,positive
44827,negative
44828,positive
44829,positive
44830,negative
44831,negative
44832,negative
44833,negative
44834,negative
44835,positive
44836,positive
44837,positive
44838,negative
44839,positive
44840,positive
44841,negative
44842,positive
44843,negative
44844,positive
44845,negative
44846,negative
44847,positive
44848,negative
44849,positive
44850,negative
44851,positive
44852,positive
44853,negative
44854,negative
44855,negative
44856,negative
44857,positive
44858,positive
44859,positive
44860,negative
44861,positive
44862,positive
44863,positive
44864,positive
44865,positive
44866,negative
44867,negative
44868,positive
44869,negative
44870,negative
44871,negative
44872,positive
44873,positive
44874,positive
44875,positive
44876,negative
44877,negative
44878,positive
44879,positive
44880,positive
44881,positive
44882,positive
44883,positive
44884,negative
44885,positive
44886,positive
44887,positive
44888,positive
44889,negative
44890,positive
44891,negative
44892,positive
44893,positive
44894,positive
44895,positive
44896,positive
44897,negative
44898,positive
44899,positive
44900,negative
44901,negative
44902,positive
44903,negative
44904,positive
44905,negative
44906,positive
44907,positive
44908,negative
44909,positive
44910,positive
44911,negative
44912,negative
44913,negative
44914,negative
44915,negative
44916,positive
44917,positive
44918,negative
44919,positive
44920,negative
44921,negative
44922,negative
44923,negative
44924,negative
44925,positive
44926,positive
44927,positive
44928,positive
44929,negative
44930,negative
44931,negative
44932,positive
44933,positive
44934,negative
44935,positive
44936,positive
44937,positive
44938,negative
44939,negative
44940,positive
44941,negative
44942,positive
44943,positive
44944,positive
44945,positive
44946,positive
44947,positive
44948,negative
44949,positive
44950,positive
44951,negative
44952,negative
44953,negative
44954,positive
44955,negative
44956,negative
44957,negative
44958,negative
44959,positive
44960,positive
44961,negative
44962,positive
44963,negative
44964,positive
44965,positive
44966,positive
44967,negative
44968,negative
44969,negative
44970,positive
44971,negative
44972,negative
44973,positive
44974,negative
44975,negative
44976,negative
44977,positive
44978,positive
44979,negative
44980,positive
44981,negative
44982,positive
44983,positive
44984,positive
44985,negative
44986,negative
44987,positive
44988,negative
44989,positive
44990,negative
44991,negative
44992,negative
44993,negative
44994,positive
44995,negative
44996,positive
44997,positive
44998,positive
44999,negative
45000,negative
45001,positive
45002,negative
45003,negative
45004,negative
45005,negative
45006,negative
45007,positive
45008,negative
45009,negative
45010,positive
45011,negative
45012,negative
45013,positive
45014,negative
45015,positive
45016,positive
45017,negative
45018,positive
45019,positive
45020,negative
45021,negative
45022,positive
45023,negative
45024,negative
45025,positive
45026,positive
45027,positive
45028,negative
45029,positive
45030,positive
45031,negative
45032,positive
45033,positive
45034,positive
45035,positive
45036,positive
45037,negative
45038,negative
45039,positive
45040,positive
45041,positive
45042,negative
45043,positive
45044,negative
45045,negative
45046,positive
45047,positive
45048,negative
45049,negative
45050,positive
45051,negative
45052,negative
45053,positive
45054,positive
45055,positive
45056,negative
45057,positive
45058,negative
45059,negative
45060,positive
45061,negative
45062,positive
45063,negative
45064,positive
45065,positive
45066,negative
45067,positive
45068,negative
45069,positive
45070,negative
45071,positive
45072,negative
45073,positive
45074,positive
45075,positive
45076,positive
45077,positive
45078,positive
45079,negative
45080,negative
45081,negative
45082,negative
45083,negative
45084,positive
45085,positive
45086,positive
45087,positive
45088,positive
45089,negative
45090,negative
45091,positive
45092,negative
45093,negative
45094,negative
45095,positive
45096,positive
45097,negative
45098,negative
45099,negative
45100,positive
45101,positive
45102,positive
45103,negative
45104,negative
45105,positive
45106,negative
45107,negative
45108,positive
45109,negative
45110,negative
45111,negative
45112,negative
45113,positive
45114,positive
45115,negative
45116,positive
45117,positive
45118,negative
45119,negative
45120,negative
45121,positive
45122,positive
45123,negative
45124,negative
45125,positive
45126,positive
45127,positive
45128,negative
45129,positive
45130,negative
45131,positive
45132,negative
45133,positive
45134,positive
45135,positive
45136,positive
45137,negative
45138,positive
45139,positive
45140,positive
45141,positive
45142,positive
45143,positive
45144,positive
45145,positive
45146,positive
45147,positive
45148,negative
45149,positive
45150,negative
45151,negative
45152,positive
45153,negative
45154,negative
45155,positive
45156,positive
45157,positive
45158,positive
45159,negative
45160,positive
45161,negative
45162,positive
45163,negative
45164,negative
45165,positive
45166,positive
45167,positive
45168,positive
45169,negative
45170,positive
45171,positive
45172,negative
45173,negative
45174,negative
45175,positive
45176,positive
45177,positive
45178,negative
45179,positive
45180,negative
45181,positive
45182,positive
45183,negative
45184,positive
45185,negative
45186,positive
45187,positive
45188,positive
45189,negative
45190,negative
45191,positive
45192,positive
45193,negative
45194,positive
45195,positive
45196,negative
45197,positive
45198,positive
45199,negative
45200,positive
45201,positive
45202,positive
45203,positive
45204,positive
45205,positive
45206,negative
45207,positive
45208,negative
45209,negative
45210,positive
45211,negative
45212,negative
45213,negative
45214,negative
45215,negative
45216,negative
45217,negative
45218,positive
45219,positive
45220,positive
45221,negative
45222,positive
45223,negative
45224,negative
45225,negative
45226,negative
45227,positive
45228,positive
45229,negative
45230,positive
45231,positive
45232,positive
45233,negative
45234,negative
45235,positive
45236,positive
45237,negative
45238,negative
45239,negative
45240,negative
45241,positive
45242,positive
45243,positive
45244,positive
45245,positive
45246,negative
45247,positive
45248,negative
45249,positive
45250,negative
45251,negative
45252,negative
45253,positive
45254,positive
45255,negative
45256,positive
45257,negative
45258,negative
45259,positive
45260,negative
45261,positive
45262,negative
45263,positive
45264,negative
45265,negative
45266,positive
45267,negative
45268,negative
45269,positive
45270,negative
45271,negative
45272,negative
45273,positive
45274,positive
45275,negative
45276,positive
45277,positive
45278,negative
45279,negative
45280,positive
45281,negative
45282,negative
45283,positive
45284,positive
45285,positive
45286,negative
45287,positive
45288,negative
45289,positive
45290,negative
45291,negative
45292,negative
45293,negative
45294,positive
45295,negative
45296,positive
45297,negative
45298,negative
45299,positive
45300,negative
45301,positive
45302,negative
45303,negative
45304,positive
45305,positive
45306,negative
45307,positive
45308,negative
45309,negative
45310,negative
45311,positive
45312,positive
45313,positive
45314,negative
45315,negative
45316,positive
45317,negative
45318,positive
45319,negative
45320,positive
45321,negative
45322,negative
45323,negative
45324,negative
45325,positive
45326,negative
45327,negative
45328,positive
45329,positive
45330,negative
45331,positive
45332,positive
45333,negative
45334,negative
45335,negative
45336,positive
45337,negative
45338,positive
45339,positive
45340,negative
45341,negative
45342,negative
45343,negative
45344,negative
45345,positive
45346,positive
45347,negative
45348,negative
45349,positive
45350,negative
45351,positive
45352,positive
45353,positive
45354,positive
45355,positive
45356,negative
45357,negative
45358,negative
45359,negative
45360,negative
45361,negative
45362,positive
45363,negative
45364,negative
45365,negative
45366,positive
45367,positive
45368,positive
45369,negative
45370,negative
45371,negative
45372,positive
45373,positive
45374,positive
45375,negative
45376,positive
45377,positive
45378,negative
45379,negative
45380,positive
45381,negative
45382,negative
45383,negative
45384,negative
45385,negative
45386,positive
45387,positive
45388,negative
45389,negative
45390,negative
45391,negative
45392,positive
45393,positive
45394,positive
45395,positive
45396,positive
45397,positive
45398,positive
45399,negative
45400,positive
45401,negative
45402,positive
45403,negative
45404,positive
45405,positive
45406,positive
45407,positive
45408,negative
45409,positive
45410,negative
45411,negative
45412,positive
45413,negative
45414,positive
45415,negative
45416,negative
45417,negative
45418,positive
45419,negative
45420,negative
45421,negative
45422,positive
45423,negative
45424,positive
45425,positive
45426,positive
45427,positive
45428,negative
45429,positive
45430,negative
45431,positive
45432,negative
45433,negative
45434,positive
45435,negative
45436,positive
45437,negative
45438,positive
45439,negative
45440,positive
45441,negative
45442,positive
45443,positive
45444,negative
45445,negative
45446,negative
45447,negative
45448,negative
45449,positive
45450,positive
45451,negative
45452,negative
45453,negative
45454,positive
45455,positive
45456,negative
45457,positive
45458,negative
45459,positive
45460,negative
45461,positive
45462,negative
45463,positive
45464,negative
45465,negative
45466,negative
45467,negative
45468,positive
45469,negative
45470,negative
45471,positive
45472,negative
45473,negative
45474,negative
45475,positive
45476,positive
45477,positive
45478,positive
45479,positive
45480,positive
45481,negative
45482,positive
45483,negative
45484,negative
45485,negative
45486,positive
45487,negative
45488,positive
45489,negative
45490,positive
45491,negative
45492,positive
45493,positive
45494,positive
45495,negative
45496,negative
45497,positive
45498,negative
45499,negative
45500,positive
45501,negative
45502,positive
45503,positive
45504,negative
45505,negative
45506,positive
45507,negative
45508,negative
45509,positive
45510,positive
45511,negative
45512,negative
45513,negative
45514,negative
45515,negative
45516,positive
45517,negative
45518,negative
45519,positive
45520,negative
45521,negative
45522,positive
45523,negative
45524,negative
45525,negative
45526,positive
45527,positive
45528,positive
45529,negative
45530,positive
45531,negative
45532,negative
45533,positive
45534,negative
45535,negative
45536,positive
45537,positive
45538,negative
45539,negative
45540,negative
45541,negative
45542,negative
45543,negative
45544,negative
45545,negative
45546,negative
45547,negative
45548,negative
45549,positive
45550,positive
45551,positive
45552,negative
45553,negative
45554,negative
45555,negative
45556,negative
45557,positive
45558,positive
45559,positive
45560,negative
45561,positive
45562,negative
45563,negative
45564,positive
45565,negative
45566,positive
45567,positive
45568,positive
45569,negative
45570,negative
45571,positive
45572,negative
45573,positive
45574,positive
45575,negative
45576,positive
45577,positive
45578,positive
45579,positive
45580,positive
45581,positive
45582,negative
45583,positive
45584,negative
45585,negative
45586,positive
45587,positive
45588,negative
45589,negative
45590,positive
45591,negative
45592,negative
45593,positive
45594,positive
45595,negative
45596,negative
45597,negative
45598,positive
45599,negative
45600,negative
45601,negative
45602,positive
45603,negative
45604,positive
45605,negative
45606,negative
45607,positive
45608,negative
45609,negative
45610,positive
45611,negative
45612,negative
45613,positive
45614,negative
45615,positive
45616,positive
45617,positive
45618,negative
45619,negative
45620,positive
45621,positive
45622,negative
45623,positive
45624,negative
45625,negative
45626,negative
45627,positive
45628,positive
45629,positive
45630,positive
45631,positive
45632,positive
45633,positive
45634,negative
45635,positive
45636,negative
45637,positive
45638,positive
45639,negative
45640,negative
45641,negative
45642,positive
45643,positive
45644,negative
45645,negative
45646,negative
45647,positive
45648,positive
45649,positive
45650,negative
45651,negative
45652,negative
45653,positive
45654,positive
45655,negative
45656,positive
45657,positive
45658,positive
45659,positive
45660,positive
45661,positive
45662,negative
45663,positive
45664,positive
45665,negative
45666,positive
45667,negative
45668,negative
45669,negative
45670,negative
45671,positive
45672,positive
45673,positive
45674,negative
45675,positive
45676,positive
45677,negative
45678,positive
45679,positive
45680,negative
45681,negative
45682,negative
45683,positive
45684,positive
45685,positive
45686,positive
45687,positive
45688,positive
45689,positive
45690,negative
45691,negative
45692,positive
45693,negative
45694,positive
45695,negative
45696,negative
45697,positive
45698,positive
45699,negative
45700,positive
45701,negative
45702,negative
45703,positive
45704,negative
45705,negative
45706,negative
45707,positive
45708,negative
45709,negative
45710,negative
45711,positive
45712,negative
45713,negative
45714,negative
45715,positive
45716,positive
45717,positive
45718,negative
45719,positive
45720,positive
45721,positive
45722,negative
45723,positive
45724,positive
45725,positive
45726,positive
45727,positive
45728,positive
45729,negative
45730,positive
45731,negative
45732,positive
45733,positive
45734,positive
45735,negative
45736,positive
45737,positive
45738,negative
45739,negative
45740,negative
45741,negative
45742,negative
45743,positive
45744,negative
45745,negative
45746,positive
45747,positive
45748,positive
45749,positive
45750,negative
45751,negative
45752,negative
45753,positive
45754,negative
45755,negative
45756,positive
45757,negative
45758,positive
45759,negative
45760,positive
45761,negative
45762,positive
45763,negative
45764,positive
45765,negative
45766,negative
45767,negative
45768,negative
45769,negative
45770,negative
45771,negative
45772,positive
45773,negative
45774,positive
45775,positive
45776,negative
45777,positive
45778,positive
45779,positive
45780,negative
45781,positive
45782,negative
45783,negative
45784,negative
45785,positive
45786,negative
45787,negative
45788,positive
45789,positive
45790,positive
45791,negative
45792,positive
45793,positive
45794,negative
45795,negative
45796,negative
45797,negative
45798,negative
45799,positive
45800,positive
45801,negative
45802,negative
45803,negative
45804,positive
45805,negative
45806,negative
45807,positive
45808,negative
45809,positive
45810,positive
45811,positive
45812,positive
45813,negative
45814,positive
45815,negative
45816,positive
45817,positive
45818,negative
45819,negative
45820,negative
45821,negative
45822,negative
45823,negative
45824,negative
45825,positive
45826,positive
45827,negative
45828,negative
45829,positive
45830,positive
45831,negative
45832,negative
45833,positive
45834,positive
45835,negative
45836,negative
45837,positive
45838,negative
45839,positive
45840,negative
45841,negative
45842,negative
45843,negative
45844,negative
45845,negative
45846,positive
45847,positive
45848,negative
45849,negative
45850,negative
45851,positive
45852,positive
45853,negative
45854,negative
45855,negative
45856,negative
45857,positive
45858,negative
45859,positive
45860,positive
45861,negative
45862,positive
45863,negative
45864,negative
45865,negative
45866,positive
45867,positive
45868,positive
45869,positive
45870,positive
45871,negative
45872,positive
45873,negative
45874,negative
45875,negative
45876,negative
45877,positive
45878,negative
45879,negative
45880,negative
45881,negative
45882,negative
45883,positive
45884,negative
45885,negative
45886,positive
45887,positive
45888,negative
45889,negative
45890,positive
45891,negative
45892,positive
45893,negative
45894,negative
45895,negative
45896,negative
45897,negative
45898,negative
45899,negative
45900,negative
45901,positive
45902,positive
45903,positive
45904,negative
45905,negative
45906,negative
45907,positive
45908,negative
45909,negative
45910,negative
45911,positive
45912,negative
45913,negative
45914,negative
45915,negative
45916,positive
45917,negative
45918,positive
45919,negative
45920,positive
45921,negative
45922,positive
45923,negative
45924,positive
45925,negative
45926,positive
45927,positive
45928,negative
45929,positive
45930,negative
45931,positive
45932,positive
45933,positive
45934,positive
45935,negative
45936,negative
45937,negative
45938,positive
45939,positive
45940,positive
45941,negative
45942,positive
45943,positive
45944,negative
45945,negative
45946,negative
45947,negative
45948,positive
45949,positive
45950,positive
45951,negative
45952,positive
45953,positive
45954,positive
45955,negative
45956,negative
45957,negative
45958,negative
45959,positive
45960,positive
45961,negative
45962,negative
45963,positive
45964,positive
45965,negative
45966,negative
45967,positive
45968,negative
45969,negative
45970,positive
45971,positive
45972,negative
45973,negative
45974,negative
45975,negative
45976,negative
45977,positive
45978,positive
45979,negative
45980,negative
45981,positive
45982,negative
45983,negative
45984,positive
45985,positive
45986,positive
45987,negative
45988,positive
45989,positive
45990,negative
45991,negative
45992,negative
45993,negative
45994,positive
45995,positive
45996,negative
45997,negative
45998,negative
45999,negative
46000,positive
46001,positive
46002,positive
46003,negative
46004,negative
46005,negative
46006,positive
46007,positive
46008,positive
46009,negative
46010,negative
46011,positive
46012,positive
46013,positive
46014,positive
46015,positive
46016,negative
46017,negative
46018,positive
46019,positive
46020,negative
46021,negative
46022,positive
46023,negative
46024,positive
46025,negative
46026,positive
46027,negative
46028,negative
46029,positive
46030,negative
46031,positive
46032,positive
46033,negative
46034,negative
46035,negative
46036,negative
46037,positive
46038,positive
46039,positive
46040,positive
46041,positive
46042,negative
46043,positive
46044,negative
46045,positive
46046,positive
46047,negative
46048,positive
46049,negative
46050,positive
46051,negative
46052,positive
46053,negative
46054,negative
46055,positive
46056,negative
46057,negative
46058,positive
46059,negative
46060,negative
46061,negative
46062,negative
46063,positive
46064,negative
46065,negative
46066,positive
46067,negative
46068,positive
46069,positive
46070,negative
46071,negative
46072,positive
46073,positive
46074,positive
46075,negative
46076,negative
46077,negative
46078,negative
46079,negative
46080,negative
46081,positive
46082,negative
46083,positive
46084,positive
46085,positive
46086,positive
46087,positive
46088,positive
46089,negative
46090,positive
46091,negative
46092,negative
46093,positive
46094,positive
46095,positive
46096,positive
46097,positive
46098,positive
46099,negative
46100,negative
46101,positive
46102,negative
46103,negative
46104,positive
46105,positive
46106,negative
46107,negative
46108,negative
46109,positive
46110,positive
46111,positive
46112,positive
46113,negative
46114,negative
46115,negative
46116,positive
46117,negative
46118,positive
46119,negative
46120,positive
46121,negative
46122,positive
46123,negative
46124,positive
46125,negative
46126,negative
46127,negative
46128,negative
46129,positive
46130,negative
46131,negative
46132,positive
46133,negative
46134,negative
46135,negative
46136,negative
46137,negative
46138,positive
46139,positive
46140,positive
46141,negative
46142,negative
46143,negative
46144,negative
46145,negative
46146,negative
46147,negative
46148,negative
46149,negative
46150,positive
46151,negative
46152,negative
46153,positive
46154,negative
46155,positive
46156,positive
46157,positive
46158,positive
46159,negative
46160,positive
46161,negative
46162,positive
46163,positive
46164,positive
46165,negative
46166,negative
46167,negative
46168,positive
46169,negative
46170,negative
46171,negative
46172,negative
46173,positive
46174,positive
46175,positive
46176,negative
46177,positive
46178,negative
46179,negative
46180,negative
46181,positive
46182,positive
46183,negative
46184,negative
46185,positive
46186,negative
46187,negative
46188,positive
46189,positive
46190,positive
46191,negative
46192,positive
46193,negative
46194,positive
46195,negative
46196,positive
46197,negative
46198,positive
46199,positive
46200,negative
46201,positive
46202,positive
46203,negative
46204,negative
46205,negative
46206,positive
46207,negative
46208,positive
46209,positive
46210,positive
46211,positive
46212,positive
46213,negative
46214,negative
46215,positive
46216,positive
46217,negative
46218,negative
46219,positive
46220,negative
46221,positive
46222,negative
46223,negative
46224,negative
46225,negative
46226,negative
46227,negative
46228,negative
46229,negative
46230,negative
46231,positive
46232,negative
46233,negative
46234,negative
46235,negative
46236,positive
46237,positive
46238,negative
46239,negative
46240,negative
46241,negative
46242,negative
46243,positive
46244,negative
46245,negative
46246,negative
46247,positive
46248,negative
46249,negative
46250,negative
46251,positive
46252,negative
46253,positive
46254,positive
46255,negative
46256,negative
46257,positive
46258,negative
46259,positive
46260,negative
46261,positive
46262,negative
46263,negative
46264,negative
46265,negative
46266,negative
46267,positive
46268,negative
46269,negative
46270,negative
46271,negative
46272,positive
46273,positive
46274,negative
46275,negative
46276,negative
46277,positive
46278,negative
46279,negative
46280,negative
46281,negative
46282,positive
46283,positive
46284,negative
46285,positive
46286,negative
46287,negative
46288,negative
46289,negative
46290,positive
46291,negative
46292,positive
46293,positive
46294,positive
46295,negative
46296,negative
46297,positive
46298,negative
46299,negative
46300,negative
46301,positive
46302,negative
46303,negative
46304,positive
46305,negative
46306,positive
46307,negative
46308,negative
46309,positive
46310,negative
46311,positive
46312,positive
46313,positive
46314,positive
46315,negative
46316,negative
46317,positive
46318,positive
46319,positive
46320,negative
46321,negative
46322,positive
46323,negative
46324,negative
46325,negative
46326,positive
46327,positive
46328,positive
46329,negative
46330,positive
46331,positive
46332,negative
46333,negative
46334,positive
46335,positive
46336,negative
46337,positive
46338,negative
46339,positive
46340,positive
46341,negative
46342,positive
46343,negative
46344,negative
46345,negative
46346,negative
46347,positive
46348,positive
46349,negative
46350,positive
46351,positive
46352,positive
46353,negative
46354,negative
46355,positive
46356,positive
46357,negative
46358,negative
46359,negative
46360,positive
46361,positive
46362,negative
46363,positive
46364,positive
46365,negative
46366,positive
46367,positive
46368,positive
46369,positive
46370,negative
46371,positive
46372,negative
46373,negative
46374,negative
46375,negative
46376,negative
46377,positive
46378,negative
46379,negative
46380,negative
46381,positive
46382,positive
46383,positive
46384,positive
46385,negative
46386,negative
46387,positive
46388,negative
46389,positive
46390,positive
46391,positive
46392,positive
46393,negative
46394,positive
46395,negative
46396,negative
46397,positive
46398,negative
46399,positive
46400,negative
46401,negative
46402,negative
46403,negative
46404,negative
46405,positive
46406,negative
46407,positive
46408,negative
46409,positive
46410,negative
46411,positive
46412,positive
46413,negative
46414,negative
46415,negative
46416,negative
46417,negative
46418,negative
46419,positive
46420,positive
46421,negative
46422,positive
46423,positive
46424,positive
46425,positive
46426,negative
46427,negative
46428,negative
46429,positive
46430,positive
46431,positive
46432,negative
46433,negative
46434,positive
46435,negative
46436,positive
46437,positive
46438,negative
46439,positive
46440,positive
46441,negative
46442,positive
46443,positive
46444,positive
46445,positive
46446,negative
46447,positive
46448,positive
46449,positive
46450,positive
46451,positive
46452,negative
46453,negative
46454,negative
46455,negative
46456,negative
46457,negative
46458,negative
46459,positive
46460,positive
46461,positive
46462,positive
46463,negative
46464,negative
46465,negative
46466,positive
46467,negative
46468,negative
46469,negative
46470,positive
46471,negative
46472,negative
46473,negative
46474,negative
46475,negative
46476,positive
46477,positive
46478,negative
46479,positive
46480,negative
46481,negative
46482,negative
46483,negative
46484,positive
46485,negative
46486,positive
46487,positive
46488,negative
46489,positive
46490,positive
46491,positive
46492,positive
46493,positive
46494,positive
46495,negative
46496,negative
46497,positive
46498,positive
46499,positive
46500,positive
46501,negative
46502,positive
46503,negative
46504,positive
46505,negative
46506,negative
46507,positive
46508,positive
46509,positive
46510,positive
46511,positive
46512,negative
46513,positive
46514,positive
46515,positive
46516,positive
46517,negative
46518,positive
46519,positive
46520,positive
46521,positive
46522,positive
46523,positive
46524,negative
46525,negative
46526,positive
46527,negative
46528,negative
46529,positive
46530,negative
46531,negative
46532,negative
46533,negative
46534,negative
46535,positive
46536,positive
46537,positive
46538,negative
46539,negative
46540,positive
46541,positive
46542,positive
46543,positive
46544,positive
46545,negative
46546,positive
46547,positive
46548,positive
46549,positive
46550,positive
46551,negative
46552,positive
46553,negative
46554,negative
46555,positive
46556,negative
46557,positive
46558,negative
46559,negative
46560,negative
46561,negative
46562,positive
46563,negative
46564,positive
46565,positive
46566,positive
46567,positive
46568,positive
46569,negative
46570,negative
46571,negative
46572,negative
46573,positive
46574,positive
46575,positive
46576,negative
46577,negative
46578,positive
46579,negative
46580,positive
46581,positive
46582,negative
46583,positive
46584,positive
46585,positive
46586,negative
46587,negative
46588,negative
46589,positive
46590,negative
46591,negative
46592,positive
46593,positive
46594,positive
46595,negative
46596,positive
46597,negative
46598,positive
46599,negative
46600,negative
46601,negative
46602,positive
46603,positive
46604,negative
46605,positive
46606,positive
46607,positive
46608,negative
46609,positive
46610,negative
46611,positive
46612,positive
46613,positive
46614,positive
46615,negative
46616,negative
46617,positive
46618,negative
46619,negative
46620,negative
46621,negative
46622,positive
46623,negative
46624,positive
46625,positive
46626,positive
46627,negative
46628,positive
46629,positive
46630,positive
46631,negative
46632,negative
46633,negative
46634,positive
46635,positive
46636,negative
46637,negative
46638,negative
46639,positive
46640,negative
46641,negative
46642,negative
46643,positive
46644,negative
46645,positive
46646,positive
46647,positive
46648,positive
46649,negative
46650,positive
46651,negative
46652,positive
46653,negative
46654,negative
46655,negative
46656,negative
46657,positive
46658,negative
46659,negative
46660,negative
46661,negative
46662,positive
46663,positive
46664,positive
46665,positive
46666,negative
46667,positive
46668,negative
46669,positive
46670,negative
46671,positive
46672,positive
46673,negative
46674,positive
46675,negative
46676,positive
46677,negative
46678,negative
46679,negative
46680,negative
46681,negative
46682,positive
46683,positive
46684,positive
46685,positive
46686,negative
46687,positive
46688,positive
46689,negative
46690,negative
46691,positive
46692,positive
46693,negative
46694,negative
46695,positive
46696,negative
46697,positive
46698,positive
46699,positive
46700,negative
46701,positive
46702,positive
46703,positive
46704,negative
46705,positive
46706,negative
46707,negative
46708,positive
46709,negative
46710,negative
46711,positive
46712,negative
46713,negative
46714,positive
46715,positive
46716,negative
46717,positive
46718,negative
46719,positive
46720,positive
46721,negative
46722,negative
46723,negative
46724,negative
46725,positive
46726,negative
46727,negative
46728,positive
46729,negative
46730,negative
46731,negative
46732,negative
46733,negative
46734,positive
46735,negative
46736,negative
46737,negative
46738,negative
46739,negative
46740,negative
46741,positive
46742,positive
46743,positive
46744,negative
46745,negative
46746,negative
46747,positive
46748,positive
46749,positive
46750,negative
46751,negative
46752,positive
46753,negative
46754,negative
46755,positive
46756,positive
46757,negative
46758,negative
46759,negative
46760,positive
46761,positive
46762,negative
46763,positive
46764,negative
46765,positive
46766,negative
46767,positive
46768,positive
46769,positive
46770,positive
46771,negative
46772,positive
46773,positive
46774,negative
46775,negative
46776,negative
46777,negative
46778,positive
46779,positive
46780,negative
46781,positive
46782,negative
46783,negative
46784,negative
46785,negative
46786,negative
46787,negative
46788,positive
46789,negative
46790,positive
46791,negative
46792,negative
46793,negative
46794,negative
46795,positive
46796,positive
46797,positive
46798,negative
46799,positive
46800,negative
46801,negative
46802,positive
46803,negative
46804,positive
46805,positive
46806,positive
46807,negative
46808,negative
46809,positive
46810,negative
46811,negative
46812,negative
46813,negative
46814,negative
46815,positive
46816,positive
46817,negative
46818,negative
46819,negative
46820,negative
46821,positive
46822,positive
46823,positive
46824,negative
46825,negative
46826,negative
46827,negative
46828,negative
46829,negative
46830,positive
46831,negative
46832,positive
46833,positive
46834,positive
46835,negative
46836,negative
46837,negative
46838,negative
46839,negative
46840,positive
46841,positive
46842,negative
46843,negative
46844,positive
46845,positive
46846,negative
46847,positive
46848,negative
46849,negative
46850,negative
46851,negative
46852,positive
46853,negative
46854,positive
46855,negative
46856,negative
46857,negative
46858,negative
46859,positive
46860,negative
46861,negative
46862,negative
46863,positive
46864,positive
46865,positive
46866,negative
46867,negative
46868,negative
46869,negative
46870,negative
46871,negative
46872,positive
46873,negative
46874,positive
46875,negative
46876,positive
46877,negative
46878,positive
46879,negative
46880,positive
46881,negative
46882,positive
46883,positive
46884,positive
46885,positive
46886,negative
46887,positive
46888,negative
46889,negative
46890,negative
46891,negative
46892,negative
46893,positive
46894,positive
46895,negative
46896,positive
46897,negative
46898,positive
46899,negative
46900,negative
46901,positive
46902,negative
46903,negative
46904,negative
46905,negative
46906,positive
46907,negative
46908,positive
46909,negative
46910,positive
46911,negative
46912,negative
46913,negative
46914,negative
46915,negative
46916,negative
46917,negative
46918,negative
46919,positive
46920,positive
46921,positive
46922,positive
46923,negative
46924,positive
46925,negative
46926,positive
46927,negative
46928,positive
46929,positive
46930,positive
46931,positive
46932,positive
46933,positive
46934,positive
46935,negative
46936,negative
46937,negative
46938,negative
46939,positive
46940,positive
46941,positive
46942,positive
46943,negative
46944,negative
46945,positive
46946,negative
46947,negative
46948,positive
46949,positive
46950,negative
46951,negative
46952,negative
46953,negative
46954,negative
46955,negative
46956,negative
46957,positive
46958,positive
46959,negative
46960,positive
46961,negative
46962,negative
46963,positive
46964,positive
46965,negative
46966,negative
46967,positive
46968,negative
46969,negative
46970,negative
46971,positive
46972,negative
46973,negative
46974,positive
46975,negative
46976,positive
46977,positive
46978,negative
46979,positive
46980,negative
46981,positive
46982,positive
46983,positive
46984,positive
46985,positive
46986,negative
46987,negative
46988,negative
46989,negative
46990,positive
46991,positive
46992,positive
46993,negative
46994,positive
46995,negative
46996,positive
46997,positive
46998,negative
46999,negative
47000,positive
47001,negative
47002,negative
47003,positive
47004,positive
47005,negative
47006,positive
47007,positive
47008,positive
47009,negative
47010,positive
47011,negative
47012,negative
47013,negative
47014,negative
47015,positive
47016,positive
47017,negative
47018,negative
47019,positive
47020,negative
47021,negative
47022,negative
47023,positive
47024,negative
47025,positive
47026,negative
47027,positive
47028,negative
47029,positive
47030,positive
47031,negative
47032,negative
47033,positive
47034,negative
47035,negative
47036,positive
47037,negative
47038,negative
47039,negative
47040,positive
47041,negative
47042,positive
47043,positive
47044,positive
47045,negative
47046,positive
47047,negative
47048,negative
47049,negative
47050,negative
47051,positive
47052,positive
47053,positive
47054,negative
47055,positive
47056,negative
47057,negative
47058,positive
47059,positive
47060,positive
47061,negative
47062,positive
47063,positive
47064,negative
47065,positive
47066,positive
47067,positive
47068,negative
47069,negative
47070,negative
47071,positive
47072,positive
47073,negative
47074,negative
47075,negative
47076,positive
47077,negative
47078,positive
47079,negative
47080,negative
47081,negative
47082,positive
47083,negative
47084,positive
47085,negative
47086,positive
47087,positive
47088,negative
47089,negative
47090,positive
47091,negative
47092,positive
47093,negative
47094,positive
47095,positive
47096,negative
47097,positive
47098,negative
47099,positive
47100,positive
47101,negative
47102,positive
47103,negative
47104,negative
47105,negative
47106,positive
47107,positive
47108,positive
47109,positive
47110,positive
47111,negative
47112,positive
47113,negative
47114,positive
47115,negative
47116,negative
47117,negative
47118,negative
47119,positive
47120,positive
47121,positive
47122,positive
47123,positive
47124,positive
47125,positive
47126,positive
47127,negative
47128,positive
47129,positive
47130,negative
47131,positive
47132,negative
47133,negative
47134,negative
47135,negative
47136,positive
47137,negative
47138,negative
47139,negative
47140,positive
47141,negative
47142,positive
47143,negative
47144,negative
47145,negative
47146,negative
47147,positive
47148,negative
47149,positive
47150,positive
47151,negative
47152,positive
47153,negative
47154,positive
47155,negative
47156,negative
47157,negative
47158,negative
47159,negative
47160,positive
47161,negative
47162,negative
47163,negative
47164,negative
47165,negative
47166,positive
47167,positive
47168,positive
47169,negative
47170,negative
47171,positive
47172,positive
47173,negative
47174,negative
47175,negative
47176,negative
47177,positive
47178,negative
47179,negative
47180,positive
47181,positive
47182,negative
47183,positive
47184,negative
47185,negative
47186,negative
47187,negative
47188,positive
47189,positive
47190,positive
47191,negative
47192,negative
47193,negative
47194,negative
47195,negative
47196,positive
47197,positive
47198,negative
47199,positive
47200,positive
47201,positive
47202,negative
47203,positive
47204,positive
47205,negative
47206,negative
47207,positive
47208,negative
47209,negative
47210,negative
47211,negative
47212,negative
47213,positive
47214,negative
47215,negative
47216,negative
47217,negative
47218,negative
47219,positive
47220,positive
47221,negative
47222,negative
47223,positive
47224,negative
47225,positive
47226,positive
47227,negative
47228,positive
47229,positive
47230,negative
47231,negative
47232,positive
47233,positive
47234,positive
47235,negative
47236,negative
47237,negative
47238,positive
47239,positive
47240,positive
47241,negative
47242,positive
47243,positive
47244,negative
47245,negative
47246,positive
47247,positive
47248,negative
47249,positive
47250,negative
47251,negative
47252,positive
47253,negative
47254,negative
47255,positive
47256,positive
47257,positive
47258,positive
47259,negative
47260,negative
47261,negative
47262,positive
47263,negative
47264,negative
47265,positive
47266,negative
47267,positive
47268,positive
47269,positive
47270,negative
47271,negative
47272,negative
47273,negative
47274,negative
47275,positive
47276,positive
47277,positive
47278,positive
47279,negative
47280,positive
47281,positive
47282,negative
47283,positive
47284,negative
47285,negative
47286,positive
47287,negative
47288,negative
47289,positive
47290,positive
47291,positive
47292,negative
47293,negative
47294,positive
47295,negative
47296,positive
47297,positive
47298,negative
47299,positive
47300,positive
47301,negative
47302,negative
47303,positive
47304,negative
47305,negative
47306,positive
47307,positive
47308,positive
47309,positive
47310,positive
47311,positive
47312,negative
47313,positive
47314,negative
47315,positive
47316,positive
47317,negative
47318,negative
47319,negative
47320,positive
47321,positive
47322,positive
47323,positive
47324,negative
47325,positive
47326,positive
47327,positive
47328,negative
47329,positive
47330,positive
47331,positive
47332,positive
47333,negative
47334,positive
47335,positive
47336,negative
47337,negative
47338,negative
47339,negative
47340,negative
47341,positive
47342,positive
47343,negative
47344,negative
47345,negative
47346,positive
47347,positive
47348,positive
47349,positive
47350,positive
47351,positive
47352,negative
47353,negative
47354,positive
47355,negative
47356,positive
47357,positive
47358,negative
47359,positive
47360,positive
47361,negative
47362,positive
47363,positive
47364,negative
47365,positive
47366,negative
47367,negative
47368,positive
47369,negative
47370,negative
47371,negative
47372,positive
47373,positive
47374,negative
47375,negative
47376,positive
47377,positive
47378,positive
47379,negative
47380,positive
47381,negative
47382,positive
47383,negative
47384,positive
47385,positive
47386,positive
47387,negative
47388,positive
47389,negative
47390,negative
47391,positive
47392,negative
47393,positive
47394,negative
47395,negative
47396,negative
47397,negative
47398,negative
47399,negative
47400,negative
47401,negative
47402,negative
47403,positive
47404,negative
47405,positive
47406,negative
47407,positive
47408,positive
47409,positive
47410,positive
47411,positive
47412,negative
47413,positive
47414,positive
47415,positive
47416,positive
47417,negative
47418,negative
47419,negative
47420,negative
47421,positive
47422,positive
47423,negative
47424,negative
47425,negative
47426,positive
47427,negative
47428,negative
47429,negative
47430,positive
47431,positive
47432,negative
47433,negative
47434,positive
47435,positive
47436,negative
47437,positive
47438,positive
47439,positive
47440,positive
47441,positive
47442,positive
47443,positive
47444,positive
47445,positive
47446,negative
47447,positive
47448,positive
47449,negative
47450,positive
47451,negative
47452,positive
47453,positive
47454,negative
47455,negative
47456,negative
47457,negative
47458,positive
47459,positive
47460,negative
47461,positive
47462,negative
47463,negative
47464,positive
47465,negative
47466,negative
47467,negative
47468,negative
47469,positive
47470,negative
47471,negative
47472,positive
47473,negative
47474,positive
47475,positive
47476,positive
47477,negative
47478,negative
47479,negative
47480,negative
47481,negative
47482,negative
47483,negative
47484,negative
47485,positive
47486,negative
47487,positive
47488,negative
47489,negative
47490,negative
47491,positive
47492,negative
47493,negative
47494,positive
47495,positive
47496,negative
47497,positive
47498,positive
47499,negative
47500,negative
47501,negative
47502,positive
47503,positive
47504,negative
47505,positive
47506,negative
47507,negative
47508,negative
47509,positive
47510,negative
47511,positive
47512,negative
47513,positive
47514,positive
47515,negative
47516,negative
47517,positive
47518,positive
47519,negative
47520,negative
47521,negative
47522,positive
47523,negative
47524,negative
47525,negative
47526,negative
47527,positive
47528,negative
47529,positive
47530,positive
47531,positive
47532,negative
47533,positive
47534,positive
47535,positive
47536,negative
47537,negative
47538,positive
47539,positive
47540,positive
47541,positive
47542,positive
47543,positive
47544,negative
47545,negative
47546,negative
47547,negative
47548,positive
47549,negative
47550,negative
47551,negative
47552,positive
47553,positive
47554,negative
47555,positive
47556,negative
47557,negative
47558,negative
47559,positive
47560,negative
47561,negative
47562,positive
47563,positive
47564,negative
47565,negative
47566,positive
47567,positive
47568,positive
47569,negative
47570,negative
47571,negative
47572,negative
47573,negative
47574,negative
47575,positive
47576,negative
47577,negative
47578,positive
47579,positive
47580,positive
47581,negative
47582,positive
47583,negative
47584,negative
47585,negative
47586,positive
47587,negative
47588,negative
47589,negative
47590,negative
47591,negative
47592,positive
47593,negative
47594,positive
47595,negative
47596,positive
47597,positive
47598,negative
47599,negative
47600,negative
47601,positive
47602,positive
47603,negative
47604,positive
47605,positive
47606,negative
47607,negative
47608,negative
47609,negative
47610,positive
47611,negative
47612,positive
47613,positive
47614,negative
47615,positive
47616,negative
47617,positive
47618,negative
47619,positive
47620,negative
47621,negative
47622,positive
47623,negative
47624,negative
47625,negative
47626,positive
47627,negative
47628,negative
47629,positive
47630,positive
47631,negative
47632,positive
47633,positive
47634,negative
47635,positive
47636,positive
47637,negative
47638,negative
47639,negative
47640,positive
47641,positive
47642,negative
47643,negative
47644,negative
47645,negative
47646,positive
47647,positive
47648,positive
47649,positive
47650,negative
47651,negative
47652,positive
47653,negative
47654,negative
47655,positive
47656,positive
47657,negative
47658,positive
47659,positive
47660,negative
47661,positive
47662,positive
47663,positive
47664,negative
47665,positive
47666,negative
47667,positive
47668,negative
47669,negative
47670,negative
47671,negative
47672,positive
47673,negative
47674,positive
47675,negative
47676,positive
47677,negative
47678,negative
47679,negative
47680,negative
47681,positive
47682,negative
47683,negative
47684,positive
47685,negative
47686,positive
47687,positive
47688,negative
47689,positive
47690,negative
47691,negative
47692,negative
47693,negative
47694,positive
47695,negative
47696,negative
47697,negative
47698,negative
47699,negative
47700,negative
47701,positive
47702,positive
47703,negative
47704,negative
47705,negative
47706,positive
47707,positive
47708,negative
47709,positive
47710,positive
47711,positive
47712,positive
47713,positive
47714,negative
47715,positive
47716,negative
47717,negative
47718,positive
47719,negative
47720,positive
47721,negative
47722,negative
47723,negative
47724,negative
47725,positive
47726,negative
47727,positive
47728,positive
47729,negative
47730,negative
47731,positive
47732,negative
47733,positive
47734,positive
47735,positive
47736,positive
47737,positive
47738,negative
47739,negative
47740,positive
47741,negative
47742,positive
47743,positive
47744,negative
47745,positive
47746,negative
47747,positive
47748,positive
47749,positive
47750,negative
47751,negative
47752,positive
47753,positive
47754,positive
47755,positive
47756,negative
47757,positive
47758,negative
47759,positive
47760,positive
47761,positive
47762,negative
47763,positive
47764,negative
47765,negative
47766,positive
47767,negative
47768,negative
47769,negative
47770,positive
47771,negative
47772,negative
47773,positive
47774,negative
47775,negative
47776,positive
47777,negative
47778,negative
47779,positive
47780,positive
47781,negative
47782,positive
47783,positive
47784,negative
47785,positive
47786,positive
47787,negative
47788,positive
47789,negative
47790,positive
47791,positive
47792,positive
47793,negative
47794,negative
47795,positive
47796,positive
47797,positive
47798,negative
47799,negative
47800,positive
47801,negative
47802,negative
47803,negative
47804,negative
47805,positive
47806,positive
47807,negative
47808,negative
47809,negative
47810,positive
47811,positive
47812,positive
47813,positive
47814,positive
47815,negative
47816,negative
47817,positive
47818,negative
47819,negative
47820,negative
47821,positive
47822,positive
47823,negative
47824,positive
47825,negative
47826,negative
47827,negative
47828,negative
47829,negative
47830,positive
47831,negative
47832,positive
47833,positive
47834,negative
47835,positive
47836,positive
47837,negative
47838,positive
47839,negative
47840,positive
47841,positive
47842,negative
47843,negative
47844,negative
47845,negative
47846,positive
47847,negative
47848,negative
47849,negative
47850,negative
47851,negative
47852,negative
47853,negative
47854,negative
47855,positive
47856,positive
47857,negative
47858,negative
47859,negative
47860,negative
47861,negative
47862,negative
47863,negative
47864,negative
47865,negative
47866,negative
47867,positive
47868,positive
47869,positive
47870,positive
47871,positive
47872,positive
47873,negative
47874,negative
47875,positive
47876,negative
47877,positive
47878,negative
47879,negative
47880,negative
47881,negative
47882,negative
47883,positive
47884,negative
47885,positive
47886,positive
47887,positive
47888,negative
47889,positive
47890,negative
47891,negative
47892,negative
47893,positive
47894,negative
47895,negative
47896,negative
47897,positive
47898,negative
47899,negative
47900,negative
47901,negative
47902,positive
47903,negative
47904,negative
47905,positive
47906,negative
47907,negative
47908,negative
47909,positive
47910,negative
47911,positive
47912,positive
47913,negative
47914,negative
47915,negative
47916,negative
47917,negative
47918,negative
47919,negative
47920,negative
47921,positive
47922,negative
47923,positive
47924,positive
47925,positive
47926,negative
47927,positive
47928,positive
47929,positive
47930,positive
47931,positive
47932,negative
47933,negative
47934,negative
47935,positive
47936,positive
47937,negative
47938,negative
47939,positive
47940,positive
47941,positive
47942,negative
47943,positive
47944,negative
47945,positive
47946,positive
47947,positive
47948,positive
47949,positive
47950,negative
47951,negative
47952,negative
47953,positive
47954,positive
47955,negative
47956,negative
47957,positive
47958,negative
47959,negative
47960,positive
47961,negative
47962,negative
47963,negative
47964,positive
47965,negative
47966,positive
47967,negative
47968,positive
47969,negative
47970,positive
47971,negative
47972,negative
47973,negative
47974,positive
47975,negative
47976,positive
47977,negative
47978,negative
47979,negative
47980,positive
47981,positive
47982,positive
47983,negative
47984,positive
47985,negative
47986,positive
47987,negative
47988,positive
47989,positive
47990,positive
47991,positive
47992,negative
47993,positive
47994,positive
47995,positive
47996,negative
47997,negative
47998,negative
47999,negative
48000,negative
48001,negative
48002,negative
48003,positive
48004,positive
48005,negative
48006,positive
48007,positive
48008,negative
48009,negative
48010,negative
48011,positive
48012,negative
48013,positive
48014,negative
48015,positive
48016,negative
48017,positive
48018,negative
48019,positive
48020,negative
48021,positive
48022,negative
48023,negative
48024,negative
48025,positive
48026,positive
48027,positive
48028,negative
48029,negative
48030,negative
48031,positive
48032,positive
48033,negative
48034,positive
48035,negative
48036,positive
48037,negative
48038,negative
48039,positive
48040,positive
48041,negative
48042,positive
48043,negative
48044,positive
48045,positive
48046,positive
48047,positive
48048,negative
48049,positive
48050,negative
48051,negative
48052,negative
48053,positive
48054,negative
48055,negative
48056,negative
48057,positive
48058,negative
48059,negative
48060,positive
48061,negative
48062,positive
48063,negative
48064,positive
48065,negative
48066,negative
48067,positive
48068,positive
48069,negative
48070,negative
48071,positive
48072,negative
48073,positive
48074,positive
48075,positive
48076,negative
48077,negative
48078,positive
48079,positive
48080,positive
48081,negative
48082,positive
48083,positive
48084,negative
48085,positive
48086,positive
48087,positive
48088,negative
48089,positive
48090,negative
48091,positive
48092,positive
48093,positive
48094,negative
48095,positive
48096,negative
48097,negative
48098,negative
48099,negative
48100,negative
48101,positive
48102,negative
48103,positive
48104,negative
48105,positive
48106,positive
48107,negative
48108,positive
48109,positive
48110,positive
48111,negative
48112,negative
48113,negative
48114,positive
48115,positive
48116,negative
48117,positive
48118,negative
48119,negative
48120,positive
48121,negative
48122,positive
48123,negative
48124,negative
48125,negative
48126,positive
48127,positive
48128,positive
48129,negative
48130,positive
48131,negative
48132,positive
48133,negative
48134,positive
48135,negative
48136,negative
48137,positive
48138,negative
48139,negative
48140,positive
48141,negative
48142,negative
48143,negative
48144,negative
48145,negative
48146,negative
48147,positive
48148,negative
48149,positive
48150,negative
48151,negative
48152,positive
48153,negative
48154,positive
48155,positive
48156,positive
48157,negative
48158,positive
48159,negative
48160,negative
48161,positive
48162,negative
48163,positive
48164,negative
48165,positive
48166,negative
48167,negative
48168,positive
48169,negative
48170,positive
48171,positive
48172,negative
48173,negative
48174,negative
48175,negative
48176,negative
48177,positive
48178,negative
48179,positive
48180,positive
48181,positive
48182,positive
48183,positive
48184,positive
48185,negative
48186,positive
48187,positive
48188,negative
48189,negative
48190,negative
48191,negative
48192,negative
48193,negative
48194,negative
48195,positive
48196,positive
48197,positive
48198,negative
48199,negative
48200,positive
48201,negative
48202,positive
48203,negative
48204,negative
48205,positive
48206,positive
48207,positive
48208,positive
48209,negative
48210,negative
48211,negative
48212,negative
48213,negative
48214,positive
48215,positive
48216,positive
48217,positive
48218,negative
48219,negative
48220,negative
48221,positive
48222,negative
48223,negative
48224,negative
48225,negative
48226,negative
48227,negative
48228,negative
48229,negative
48230,positive
48231,positive
48232,negative
48233,positive
48234,negative
48235,positive
48236,negative
48237,positive
48238,positive
48239,negative
48240,positive
48241,positive
48242,negative
48243,negative
48244,negative
48245,positive
48246,positive
48247,negative
48248,negative
48249,positive
48250,negative
48251,negative
48252,negative
48253,negative
48254,negative
48255,negative
48256,positive
48257,negative
48258,positive
48259,negative
48260,negative
48261,negative
48262,positive
48263,negative
48264,negative
48265,negative
48266,positive
48267,positive
48268,positive
48269,positive
48270,positive
48271,negative
48272,positive
48273,positive
48274,negative
48275,negative
48276,positive
48277,positive
48278,negative
48279,negative
48280,positive
48281,positive
48282,positive
48283,negative
48284,positive
48285,positive
48286,positive
48287,positive
48288,negative
48289,negative
48290,positive
48291,positive
48292,negative
48293,negative
48294,negative
48295,positive
48296,positive
48297,positive
48298,negative
48299,positive
48300,negative
48301,positive
48302,positive
48303,positive
48304,negative
48305,positive
48306,positive
48307,negative
48308,negative
48309,negative
48310,negative
48311,positive
48312,positive
48313,positive
48314,positive
48315,negative
48316,positive
48317,negative
48318,positive
48319,negative
48320,positive
48321,positive
48322,positive
48323,negative
48324,negative
48325,negative
48326,positive
48327,negative
48328,negative
48329,negative
48330,positive
48331,positive
48332,negative
48333,negative
48334,negative
48335,positive
48336,positive
48337,negative
48338,negative
48339,positive
48340,positive
48341,positive
48342,negative
48343,positive
48344,positive
48345,positive
48346,positive
48347,negative
48348,positive
48349,negative
48350,positive
48351,positive
48352,negative
48353,positive
48354,positive
48355,negative
48356,negative
48357,negative
48358,negative
48359,positive
48360,negative
48361,negative
48362,positive
48363,negative
48364,negative
48365,positive
48366,positive
48367,negative
48368,positive
48369,positive
48370,positive
48371,positive
48372,negative
48373,positive
48374,negative
48375,negative
48376,negative
48377,negative
48378,negative
48379,negative
48380,negative
48381,positive
48382,negative
48383,negative
48384,negative
48385,negative
48386,negative
48387,negative
48388,positive
48389,positive
48390,positive
48391,positive
48392,positive
48393,negative
48394,positive
48395,negative
48396,negative
48397,negative
48398,negative
48399,negative
48400,positive
48401,negative
48402,negative
48403,positive
48404,negative
48405,negative
48406,negative
48407,positive
48408,positive
48409,negative
48410,negative
48411,positive
48412,negative
48413,negative
48414,negative
48415,positive
48416,negative
48417,positive
48418,negative
48419,negative
48420,negative
48421,negative
48422,positive
48423,positive
48424,positive
48425,negative
48426,positive
48427,negative
48428,negative
48429,negative
48430,negative
48431,negative
48432,negative
48433,positive
48434,positive
48435,positive
48436,negative
48437,negative
48438,positive
48439,negative
48440,negative
48441,negative
48442,negative
48443,negative
48444,negative
48445,negative
48446,negative
48447,positive
48448,positive
48449,positive
48450,negative
48451,positive
48452,negative
48453,positive
48454,negative
48455,negative
48456,positive
48457,positive
48458,positive
48459,negative
48460,negative
48461,negative
48462,negative
48463,negative
48464,negative
48465,positive
48466,negative
48467,positive
48468,positive
48469,positive
48470,negative
48471,positive
48472,negative
48473,positive
48474,negative
48475,positive
48476,negative
48477,positive
48478,positive
48479,positive
48480,positive
48481,negative
48482,negative
48483,positive
48484,negative
48485,negative
48486,positive
48487,positive
48488,negative
48489,negative
48490,negative
48491,negative
48492,positive
48493,positive
48494,positive
48495,positive
48496,negative
48497,negative
48498,positive
48499,positive
48500,negative
48501,negative
48502,negative
48503,negative
48504,positive
48505,negative
48506,negative
48507,negative
48508,negative
48509,negative
48510,negative
48511,negative
48512,negative
48513,negative
48514,positive
48515,negative
48516,positive
48517,negative
48518,negative
48519,positive
48520,negative
48521,negative
48522,negative
48523,negative
48524,positive
48525,positive
48526,negative
48527,positive
48528,negative
48529,negative
48530,positive
48531,positive
48532,negative
48533,positive
48534,positive
48535,negative
48536,negative
48537,positive
48538,negative
48539,negative
48540,negative
48541,positive
48542,positive
48543,positive
48544,negative
48545,positive
48546,positive
48547,negative
48548,negative
48549,positive
48550,positive
48551,negative
48552,negative
48553,positive
48554,positive
48555,negative
48556,negative
48557,positive
48558,positive
48559,positive
48560,negative
48561,negative
48562,negative
48563,negative
48564,positive
48565,negative
48566,positive
48567,positive
48568,negative
48569,positive
48570,positive
48571,negative
48572,negative
48573,negative
48574,positive
48575,positive
48576,positive
48577,positive
48578,negative
48579,negative
48580,negative
48581,positive
48582,negative
48583,negative
48584,negative
48585,negative
48586,negative
48587,positive
48588,positive
48589,positive
48590,negative
48591,negative
48592,negative
48593,positive
48594,negative
48595,negative
48596,negative
48597,negative
48598,positive
48599,positive
48600,negative
48601,positive
48602,positive
48603,positive
48604,negative
48605,positive
48606,positive
48607,negative
48608,negative
48609,negative
48610,positive
48611,negative
48612,negative
48613,negative
48614,negative
48615,negative
48616,positive
48617,negative
48618,negative
48619,positive
48620,negative
48621,negative
48622,positive
48623,negative
48624,positive
48625,positive
48626,negative
48627,negative
48628,negative
48629,negative
48630,negative
48631,negative
48632,positive
48633,negative
48634,positive
48635,positive
48636,positive
48637,negative
48638,negative
48639,positive
48640,positive
48641,negative
48642,negative
48643,positive
48644,negative
48645,positive
48646,negative
48647,negative
48648,negative
48649,positive
48650,negative
48651,positive
48652,negative
48653,negative
48654,negative
48655,negative
48656,positive
48657,negative
48658,negative
48659,positive
48660,negative
48661,positive
48662,positive
48663,negative
48664,positive
48665,negative
48666,negative
48667,positive
48668,negative
48669,negative
48670,negative
48671,positive
48672,positive
48673,negative
48674,negative
48675,negative
48676,negative
48677,negative
48678,positive
48679,negative
48680,negative
48681,positive
48682,negative
48683,negative
48684,negative
48685,positive
48686,negative
48687,positive
48688,negative
48689,positive
48690,positive
48691,negative
48692,negative
48693,positive
48694,positive
48695,positive
48696,positive
48697,positive
48698,negative
48699,positive
48700,negative
48701,negative
48702,negative
48703,negative
48704,negative
48705,negative
48706,positive
48707,positive
48708,positive
48709,positive
48710,positive
48711,positive
48712,negative
48713,positive
48714,positive
48715,negative
48716,negative
48717,positive
48718,positive
48719,negative
48720,positive
48721,negative
48722,negative
48723,negative
48724,negative
48725,positive
48726,positive
48727,negative
48728,positive
48729,positive
48730,positive
48731,negative
48732,negative
48733,positive
48734,negative
48735,positive
48736,positive
48737,negative
48738,negative
48739,negative
48740,positive
48741,positive
48742,positive
48743,positive
48744,positive
48745,negative
48746,positive
48747,negative
48748,negative
48749,negative
48750,negative
48751,positive
48752,positive
48753,negative
48754,positive
48755,positive
48756,negative
48757,positive
48758,positive
48759,negative
48760,negative
48761,negative
48762,negative
48763,positive
48764,positive
48765,negative
48766,negative
48767,positive
48768,negative
48769,positive
48770,positive
48771,negative
48772,negative
48773,positive
48774,negative
48775,positive
48776,negative
48777,negative
48778,positive
48779,negative
48780,positive
48781,positive
48782,positive
48783,negative
48784,positive
48785,negative
48786,negative
48787,positive
48788,positive
48789,negative
48790,negative
48791,positive
48792,positive
48793,negative
48794,negative
48795,negative
48796,negative
48797,positive
48798,positive
48799,negative
48800,positive
48801,positive
48802,positive
48803,positive
48804,negative
48805,positive
48806,negative
48807,positive
48808,negative
48809,negative
48810,positive
48811,positive
48812,positive
48813,positive
48814,positive
48815,negative
48816,positive
48817,negative
48818,negative
48819,positive
48820,positive
48821,positive
48822,positive
48823,negative
48824,negative
48825,negative
48826,negative
48827,negative
48828,negative
48829,positive
48830,negative
48831,positive
48832,negative
48833,positive
48834,negative
48835,positive
48836,negative
48837,positive
48838,negative
48839,negative
48840,positive
48841,negative
48842,negative
48843,negative
48844,positive
48845,negative
48846,positive
48847,positive
48848,negative
48849,negative
48850,negative
48851,positive
48852,positive
48853,negative
48854,negative
48855,positive
48856,negative
48857,negative
48858,positive
48859,positive
48860,negative
48861,negative
48862,negative
48863,positive
48864,positive
48865,positive
48866,negative
48867,positive
48868,positive
48869,positive
48870,negative
48871,negative
48872,negative
48873,negative
48874,negative
48875,positive
48876,positive
48877,negative
48878,positive
48879,positive
48880,positive
48881,negative
48882,positive
48883,positive
48884,positive
48885,negative
48886,negative
48887,positive
48888,negative
48889,positive
48890,positive
48891,negative
48892,negative
48893,positive
48894,positive
48895,positive
48896,positive
48897,positive
48898,positive
48899,positive
48900,negative
48901,negative
48902,negative
48903,positive
48904,negative
48905,positive
48906,negative
48907,positive
48908,negative
48909,negative
48910,positive
48911,negative
48912,positive
48913,negative
48914,positive
48915,negative
48916,negative
48917,positive
48918,negative
48919,negative
48920,positive
48921,positive
48922,positive
48923,negative
48924,positive
48925,positive
48926,negative
48927,negative
48928,negative
48929,positive
48930,negative
48931,negative
48932,negative
48933,negative
48934,positive
48935,positive
48936,positive
48937,negative
48938,negative
48939,positive
48940,negative
48941,positive
48942,positive
48943,negative
48944,negative
48945,positive
48946,positive
48947,positive
48948,negative
48949,negative
48950,positive
48951,positive
48952,negative
48953,negative
48954,negative
48955,positive
48956,positive
48957,positive
48958,positive
48959,negative
48960,negative
48961,negative
48962,negative
48963,positive
48964,negative
48965,positive
48966,positive
48967,negative
48968,negative
48969,negative
48970,positive
48971,negative
48972,positive
48973,negative
48974,positive
48975,positive
48976,positive
48977,positive
48978,negative
48979,positive
48980,negative
48981,negative
48982,negative
48983,negative
48984,negative
48985,negative
48986,positive
48987,negative
48988,negative
48989,negative
48990,positive
48991,negative
48992,negative
48993,positive
48994,positive
48995,negative
48996,positive
48997,positive
48998,negative
48999,positive
49000,negative
49001,negative
49002,positive
49003,positive
49004,negative
49005,negative
49006,positive
49007,negative
49008,negative
49009,negative
49010,positive
49011,positive
49012,positive
49013,positive
49014,negative
49015,positive
49016,positive
49017,negative
49018,positive
49019,positive
49020,negative
49021,positive
49022,negative
49023,negative
49024,positive
49025,positive
49026,negative
49027,positive
49028,negative
49029,positive
49030,positive
49031,positive
49032,negative
49033,positive
49034,negative
49035,negative
49036,negative
49037,negative
49038,negative
49039,positive
49040,negative
49041,positive
49042,positive
49043,negative
49044,positive
49045,positive
49046,negative
49047,negative
49048,positive
49049,positive
49050,negative
49051,negative
49052,negative
49053,negative
49054,negative
49055,positive
49056,positive
49057,negative
49058,negative
49059,positive
49060,negative
49061,positive
49062,negative
49063,positive
49064,positive
49065,negative
49066,positive
49067,negative
49068,negative
49069,positive
49070,positive
49071,negative
49072,negative
49073,negative
49074,positive
49075,positive
49076,positive
49077,negative
49078,negative
49079,negative
49080,negative
49081,negative
49082,positive
49083,positive
49084,positive
49085,negative
49086,negative
49087,negative
49088,negative
49089,negative
49090,positive
49091,negative
49092,positive
49093,negative
49094,positive
49095,negative
49096,negative
49097,negative
49098,negative
49099,negative
49100,negative
49101,negative
49102,negative
49103,positive
49104,negative
49105,negative
49106,positive
49107,positive
49108,negative
49109,negative
49110,positive
49111,negative
49112,negative
49113,negative
49114,positive
49115,positive
49116,negative
49117,negative
49118,positive
49119,negative
49120,negative
49121,negative
49122,negative
49123,positive
49124,negative
49125,negative
49126,negative
49127,positive
49128,negative
49129,negative
49130,negative
49131,positive
49132,positive
49133,negative
49134,negative
49135,positive
49136,negative
49137,negative
49138,positive
49139,negative
49140,positive
49141,negative
49142,negative
49143,negative
49144,negative
49145,negative
49146,negative
49147,positive
49148,negative
49149,negative
49150,positive
49151,negative
49152,positive
49153,negative
49154,positive
49155,negative
49156,negative
49157,positive
49158,positive
49159,negative
49160,positive
49161,positive
49162,positive
49163,negative
49164,positive
49165,negative
49166,positive
49167,positive
49168,negative
49169,negative
49170,positive
49171,positive
49172,negative
49173,positive
49174,positive
49175,positive
49176,negative
49177,negative
49178,positive
49179,negative
49180,negative
49181,positive
49182,negative
49183,negative
49184,negative
49185,positive
49186,negative
49187,positive
49188,negative
49189,positive
49190,negative
49191,negative
49192,positive
49193,positive
49194,negative
49195,positive
49196,positive
49197,negative
49198,negative
49199,negative
49200,negative
49201,positive
49202,negative
49203,negative
49204,negative
49205,positive
49206,negative
49207,positive
49208,positive
49209,negative
49210,positive
49211,positive
49212,positive
49213,positive
49214,negative
49215,negative
49216,positive
49217,negative
49218,negative
49219,positive
49220,positive
49221,negative
49222,positive
49223,positive
49224,positive
49225,positive
49226,negative
49227,negative
49228,negative
49229,positive
49230,negative
49231,negative
49232,negative
49233,negative
49234,positive
49235,negative
49236,negative
49237,positive
49238,negative
49239,positive
49240,positive
49241,positive
49242,positive
49243,positive
49244,positive
49245,positive
49246,negative
49247,positive
49248,positive
49249,positive
49250,negative
49251,negative
49252,negative
49253,negative
49254,negative
49255,negative
49256,positive
49257,negative
49258,positive
49259,positive
49260,negative
49261,negative
49262,positive
49263,negative
49264,negative
49265,positive
49266,negative
49267,positive
49268,positive
49269,negative
49270,negative
49271,positive
49272,negative
49273,negative
49274,negative
49275,negative
49276,negative
49277,negative
49278,positive
49279,positive
49280,negative
49281,positive
49282,negative
49283,positive
49284,positive
49285,positive
49286,positive
49287,positive
49288,negative
49289,negative
49290,positive
49291,negative
49292,positive
49293,negative
49294,negative
49295,positive
49296,negative
49297,negative
49298,negative
49299,negative
49300,positive
49301,positive
49302,negative
49303,positive
49304,positive
49305,positive
49306,positive
49307,positive
49308,negative
49309,negative
49310,positive
49311,positive
49312,negative
49313,positive
49314,positive
49315,positive
49316,negative
49317,negative
49318,negative
49319,positive
49320,negative
49321,positive
49322,negative
49323,positive
49324,positive
49325,positive
49326,positive
49327,positive
49328,negative
49329,negative
49330,negative
49331,positive
49332,positive
49333,positive
49334,negative
49335,positive
49336,positive
49337,negative
49338,negative
49339,positive
49340,positive
49341,positive
49342,negative
49343,positive
49344,positive
49345,negative
49346,negative
49347,positive
49348,negative
49349,negative
49350,negative
49351,negative
49352,negative
49353,negative
49354,negative
49355,positive
49356,negative
49357,positive
49358,negative
49359,negative
49360,negative
49361,positive
49362,positive
49363,negative
49364,negative
49365,positive
49366,positive
49367,negative
49368,negative
49369,negative
49370,negative
49371,positive
49372,negative
49373,positive
49374,negative
49375,positive
49376,negative
49377,positive
49378,negative
49379,negative
49380,negative
49381,positive
49382,positive
49383,positive
49384,negative
49385,positive
49386,negative
49387,negative
49388,positive
49389,positive
49390,negative
49391,positive
49392,negative
49393,negative
49394,positive
49395,negative
49396,negative
49397,positive
49398,negative
49399,negative
49400,positive
49401,positive
49402,positive
49403,positive
49404,positive
49405,positive
49406,negative
49407,positive
49408,negative
49409,negative
49410,negative
49411,positive
49412,positive
49413,negative
49414,positive
49415,positive
49416,positive
49417,positive
49418,negative
49419,positive
49420,negative
49421,positive
49422,negative
49423,negative
49424,positive
49425,negative
49426,negative
49427,negative
49428,negative
49429,negative
49430,positive
49431,positive
49432,positive
49433,negative
49434,negative
49435,negative
49436,negative
49437,negative
49438,positive
49439,positive
49440,positive
49441,negative
49442,positive
49443,positive
49444,positive
49445,negative
49446,positive
49447,positive
49448,positive
49449,positive
49450,negative
49451,positive
49452,negative
49453,negative
49454,negative
49455,negative
49456,positive
49457,negative
49458,positive
49459,positive
49460,positive
49461,negative
49462,negative
49463,positive
49464,negative
49465,negative
49466,negative
49467,positive
49468,negative
49469,negative
49470,negative
49471,negative
49472,negative
49473,negative
49474,negative
49475,negative
49476,positive
49477,negative
49478,positive
49479,negative
49480,negative
49481,negative
49482,negative
49483,negative
49484,negative
49485,negative
49486,positive
49487,positive
49488,positive
49489,positive
49490,negative
49491,negative
49492,positive
49493,positive
49494,positive
49495,negative
49496,positive
49497,negative
49498,negative
49499,positive
49500,positive
49501,negative
49502,negative
49503,positive
49504,negative
49505,negative
49506,negative
49507,negative
49508,positive
49509,positive
49510,negative
49511,positive
49512,positive
49513,positive
49514,positive
49515,positive
49516,negative
49517,negative
49518,negative
49519,positive
49520,negative
49521,positive
49522,positive
49523,positive
49524,positive
49525,positive
49526,positive
49527,negative
49528,positive
49529,positive
49530,positive
49531,positive
49532,positive
49533,negative
49534,positive
49535,negative
49536,negative
49537,positive
49538,positive
49539,negative
49540,positive
49541,negative
49542,negative
49543,negative
49544,positive
49545,positive
49546,positive
49547,negative
49548,negative
49549,positive
49550,positive
49551,positive
49552,negative
49553,positive
49554,positive
49555,negative
49556,negative
49557,negative
49558,positive
49559,negative
49560,positive
49561,negative
49562,positive
49563,positive
49564,negative
49565,negative
49566,negative
49567,positive
49568,positive
49569,positive
49570,negative
49571,positive
49572,negative
49573,negative
49574,negative
49575,negative
49576,positive
49577,positive
49578,positive
49579,positive
49580,positive
49581,positive
49582,positive
49583,positive
49584,positive
49585,negative
49586,positive
49587,negative
49588,positive
49589,negative
49590,negative
49591,negative
49592,negative
49593,positive
49594,positive
49595,positive
49596,positive
49597,positive
49598,positive
49599,negative
49600,negative
49601,negative
49602,positive
49603,positive
49604,positive
49605,negative
49606,negative
49607,positive
49608,positive
49609,positive
49610,positive
49611,negative
49612,negative
49613,positive
49614,positive
49615,negative
49616,positive
49617,positive
49618,negative
49619,positive
49620,negative
49621,positive
49622,negative
49623,negative
49624,negative
49625,negative
49626,negative
49627,negative
49628,negative
49629,negative
49630,negative
49631,negative
49632,positive
49633,positive
49634,negative
49635,positive
49636,negative
49637,positive
49638,negative
49639,negative
49640,negative
49641,negative
49642,negative
49643,positive
49644,positive
49645,positive
49646,positive
49647,negative
49648,negative
49649,negative
49650,negative
49651,positive
49652,negative
49653,negative
49654,negative
49655,negative
49656,negative
49657,positive
49658,positive
49659,negative
49660,negative
49661,positive
49662,negative
49663,positive
49664,negative
49665,positive
49666,negative
49667,negative
49668,positive
49669,positive
49670,positive
49671,positive
49672,negative
49673,positive
49674,positive
49675,positive
49676,positive
49677,negative
49678,negative
49679,positive
49680,positive
49681,negative
49682,positive
49683,negative
49684,negative
49685,positive
49686,positive
49687,positive
49688,negative
49689,negative
49690,positive
49691,positive
49692,negative
49693,negative
49694,positive
49695,negative
49696,negative
49697,negative
49698,negative
49699,negative
49700,positive
49701,negative
49702,positive
49703,positive
49704,negative
49705,positive
49706,positive
49707,negative
49708,negative
49709,positive
49710,positive
49711,positive
49712,negative
49713,positive
49714,positive
49715,positive
49716,positive
49717,negative
49718,positive
49719,negative
49720,positive
49721,positive
49722,positive
49723,positive
49724,positive
49725,negative
49726,negative
49727,positive
49728,negative
49729,positive
49730,negative
49731,negative
49732,positive
49733,positive
49734,negative
49735,positive
49736,positive
49737,negative
49738,negative
49739,negative
49740,negative
49741,positive
49742,positive
49743,negative
49744,negative
49745,negative
49746,negative
49747,positive
49748,positive
49749,negative
49750,positive
49751,positive
49752,positive
49753,negative
49754,positive
49755,positive
49756,negative
49757,negative
49758,positive
49759,positive
49760,negative
49761,positive
49762,positive
49763,negative
49764,negative
49765,negative
49766,negative
49767,negative
49768,negative
49769,negative
49770,negative
49771,negative
49772,negative
49773,negative
49774,positive
49775,negative
49776,positive
49777,positive
49778,positive
49779,positive
49780,negative
49781,negative
49782,negative
49783,negative
49784,negative
49785,positive
49786,negative
49787,negative
49788,positive
49789,positive
49790,negative
49791,positive
49792,positive
49793,positive
49794,positive
49795,positive
49796,negative
49797,negative
49798,positive
49799,positive
49800,negative
49801,negative
49802,positive
49803,negative
49804,positive
49805,positive
49806,positive
49807,negative
49808,negative
49809,negative
49810,positive
49811,positive
49812,negative
49813,positive
49814,negative
49815,positive
49816,negative
49817,negative
49818,positive
49819,positive
49820,positive
49821,positive
49822,positive
49823,negative
49824,negative
49825,negative
49826,negative
49827,positive
49828,negative
49829,negative
49830,negative
49831,negative
49832,negative
49833,positive
49834,negative
49835,negative
49836,negative
49837,positive
49838,negative
49839,negative
49840,positive
49841,negative
49842,positive
49843,positive
49844,positive
49845,positive
49846,negative
49847,negative
49848,positive
49849,positive
49850,negative
49851,negative
49852,positive
49853,negative
49854,positive
49855,positive
49856,negative
49857,negative
49858,positive
49859,positive
49860,negative
49861,negative
49862,negative
49863,negative
49864,positive
49865,positive
49866,positive
49867,positive
49868,positive
49869,negative
49870,positive
49871,negative
49872,negative
49873,negative
49874,negative
49875,positive
49876,positive
49877,negative
49878,negative
49879,negative
49880,negative
49881,negative
49882,negative
49883,negative
49884,negative
49885,negative
49886,negative
49887,negative
49888,positive
49889,positive
49890,positive
49891,positive
49892,negative
49893,negative
49894,positive
49895,negative
49896,positive
49897,negative
49898,positive
49899,negative
49900,negative
49901,positive
49902,positive
49903,positive
49904,negative
49905,positive
49906,negative
49907,positive
49908,positive
49909,positive
49910,negative
49911,positive
49912,negative
49913,negative
49914,positive
49915,negative
49916,negative
49917,positive
49918,negative
49919,positive
49920,negative
49921,negative
49922,negative
49923,positive
49924,positive
49925,negative
49926,negative
49927,positive
49928,negative
49929,negative
49930,negative
49931,negative
49932,negative
49933,negative
49934,negative
49935,negative
49936,positive
49937,positive
49938,positive
49939,negative
49940,positive
49941,positive
49942,positive
49943,positive
49944,positive
49945,positive
49946,negative
49947,negative
49948,positive
49949,negative
49950,positive
49951,negative
49952,negative
49953,positive
49954,negative
49955,positive
49956,negative
49957,positive
49958,negative
49959,negative
49960,negative
49961,positive
49962,positive
49963,negative
49964,positive
49965,negative
49966,positive
49967,positive
49968,positive
49969,positive
49970,negative
49971,negative
49972,negative
49973,negative
49974,negative
49975,positive
49976,positive
49977,positive
49978,negative
49979,negative
49980,positive
49981,positive
49982,negative
49983,negative
49984,positive
49985,positive
49986,negative
49987,positive
49988,negative
49989,positive
49990,positive
49991,negative
49992,negative
49993,negative
49994,positive
49995,negative
49996,positive
49997,positive
49998,negative
49999,negative
50000,positive
